output_stem,output_path,label,status,method,actor_id,sentence_key,video_emotion,audio_emotion,processed
FAKE_T3_1001_DFA_HAP_XX__AUDIO_1001_DFA_NEU_XX_sadtalker,data\synthetic\track3_fakes\videos\FAKE_T3_1001_DFA_HAP_XX__AUDIO_1001_DFA_NEU_XX_sadtalker.mp4,1,done,sadtalker,1001,DFA,happy,neutral,yes
FAKE_T3_1001_IEO_ANG_HI__AUDIO_1001_IEO_DIS_HI_sadtalker,data\synthetic\track3_fakes\videos\FAKE_T3_1001_IEO_ANG_HI__AUDIO_1001_IEO_DIS_HI_sadtalker.mp4,1,done,sadtalker,1001,IEO,angry,disgust,yes
FAKE_T3_1001_IEO_ANG_MD__AUDIO_1001_IEO_DIS_MD_sadtalker,data\synthetic\track3_fakes\videos\FAKE_T3_1001_IEO_ANG_MD__AUDIO_1001_IEO_DIS_MD_sadtalker.mp4,1,done,sadtalker,1001,IEO,angry,disgust,yes
FAKE_T3_1001_IEO_DIS_HI__AUDIO_1001_IEO_FEA_HI_sadtalker,data\synthetic\track3_fakes\videos\FAKE_T3_1001_IEO_DIS_HI__AUDIO_1001_IEO_FEA_HI_sadtalker.mp4,1,done,sadtalker,1001,IEO,disgust,fear,yes
FAKE_T3_1001_IEO_DIS_LO__AUDIO_1001_IEO_FEA_LO_sadtalker,data\synthetic\track3_fakes\videos\FAKE_T3_1001_IEO_DIS_LO__AUDIO_1001_IEO_FEA_LO_sadtalker.mp4,1,done,sadtalker,1001,IEO,disgust,fear,yes
FAKE_T3_1001_IEO_DIS_MD__AUDIO_1001_IEO_FEA_MD_sadtalker,data\synthetic\track3_fakes\videos\FAKE_T3_1001_IEO_DIS_MD__AUDIO_1001_IEO_FEA_MD_sadtalker.mp4,1,done,sadtalker,1001,IEO,disgust,fear,yes
FAKE_T3_1001_IEO_FEA_HI__AUDIO_1001_IEO_HAP_HI_sadtalker,data\synthetic\track3_fakes\videos\FAKE_T3_1001_IEO_FEA_HI__AUDIO_1001_IEO_HAP_HI_sadtalker.mp4,1,done,sadtalker,1001,IEO,fear,happy,yes
FAKE_T3_1001_IEO_FEA_LO__AUDIO_1001_IEO_HAP_LO_sadtalker,data\synthetic\track3_fakes\videos\FAKE_T3_1001_IEO_FEA_LO__AUDIO_1001_IEO_HAP_LO_sadtalker.mp4,1,done,sadtalker,1001,IEO,fear,happy,yes
FAKE_T3_1001_IEO_FEA_MD__AUDIO_1001_IEO_HAP_MD_sadtalker,data\synthetic\track3_fakes\videos\FAKE_T3_1001_IEO_FEA_MD__AUDIO_1001_IEO_HAP_MD_sadtalker.mp4,1,done,sadtalker,1001,IEO,fear,happy,yes
FAKE_T3_1001_IEO_HAP_HI__AUDIO_1001_IEO_NEU_XX_sadtalker,data\synthetic\track3_fakes\videos\FAKE_T3_1001_IEO_HAP_HI__AUDIO_1001_IEO_NEU_XX_sadtalker.mp4,1,done,sadtalker,1001,IEO,happy,neutral,yes
FAKE_T3_1001_IEO_HAP_LO__AUDIO_1001_IEO_NEU_XX_sadtalker,data\synthetic\track3_fakes\videos\FAKE_T3_1001_IEO_HAP_LO__AUDIO_1001_IEO_NEU_XX_sadtalker.mp4,1,done,sadtalker,1001,IEO,happy,neutral,yes
FAKE_T3_1001_IEO_SAD_HI__AUDIO_1001_IEO_ANG_HI_sadtalker,data\synthetic\track3_fakes\videos\FAKE_T3_1001_IEO_SAD_HI__AUDIO_1001_IEO_ANG_HI_sadtalker.mp4,1,done,sadtalker,1001,IEO,sad,angry,yes
FAKE_T3_1001_IOM_ANG_XX__AUDIO_1001_IOM_DIS_XX_sadtalker,data\synthetic\track3_fakes\videos\FAKE_T3_1001_IOM_ANG_XX__AUDIO_1001_IOM_DIS_XX_sadtalker.mp4,1,done,sadtalker,1001,IOM,angry,disgust,yes
FAKE_T3_1001_IOM_DIS_XX__AUDIO_1001_IOM_FEA_XX_sadtalker,data\synthetic\track3_fakes\videos\FAKE_T3_1001_IOM_DIS_XX__AUDIO_1001_IOM_FEA_XX_sadtalker.mp4,1,done,sadtalker,1001,IOM,disgust,fear,yes
FAKE_T3_1001_ITH_FEA_XX__AUDIO_1001_ITH_HAP_XX_sadtalker,data\synthetic\track3_fakes\videos\FAKE_T3_1001_ITH_FEA_XX__AUDIO_1001_ITH_HAP_XX_sadtalker.mp4,1,done,sadtalker,1001,ITH,fear,happy,yes
FAKE_T3_1001_ITH_HAP_XX__AUDIO_1001_ITH_NEU_XX_sadtalker,data\synthetic\track3_fakes\videos\FAKE_T3_1001_ITH_HAP_XX__AUDIO_1001_ITH_NEU_XX_sadtalker.mp4,1,done,sadtalker,1001,ITH,happy,neutral,yes
FAKE_T3_1001_ITS_ANG_XX__AUDIO_1001_ITS_DIS_XX_sadtalker,data\synthetic\track3_fakes\videos\FAKE_T3_1001_ITS_ANG_XX__AUDIO_1001_ITS_DIS_XX_sadtalker.mp4,1,done,sadtalker,1001,ITS,angry,disgust,yes
FAKE_T3_1001_ITS_DIS_XX__AUDIO_1001_ITS_FEA_XX_sadtalker,data\synthetic\track3_fakes\videos\FAKE_T3_1001_ITS_DIS_XX__AUDIO_1001_ITS_FEA_XX_sadtalker.mp4,1,done,sadtalker,1001,ITS,disgust,fear,yes
FAKE_T3_1001_ITS_FEA_XX__AUDIO_1001_ITS_HAP_XX_sadtalker,data\synthetic\track3_fakes\videos\FAKE_T3_1001_ITS_FEA_XX__AUDIO_1001_ITS_HAP_XX_sadtalker.mp4,1,done,sadtalker,1001,ITS,fear,happy,yes
FAKE_T3_1001_ITS_NEU_XX__AUDIO_1001_ITS_SAD_XX_sadtalker,data\synthetic\track3_fakes\videos\FAKE_T3_1001_ITS_NEU_XX__AUDIO_1001_ITS_SAD_XX_sadtalker.mp4,1,done,sadtalker,1001,ITS,neutral,sad,yes
FAKE_T3_1001_IWL_DIS_XX__AUDIO_1001_IWL_FEA_XX_sadtalker,data\synthetic\track3_fakes\videos\FAKE_T3_1001_IWL_DIS_XX__AUDIO_1001_IWL_FEA_XX_sadtalker.mp4,1,done,sadtalker,1001,IWL,disgust,fear,yes
FAKE_T3_1001_IWL_NEU_XX__AUDIO_1001_IWL_SAD_XX_sadtalker,data\synthetic\track3_fakes\videos\FAKE_T3_1001_IWL_NEU_XX__AUDIO_1001_IWL_SAD_XX_sadtalker.mp4,1,done,sadtalker,1001,IWL,neutral,sad,yes
FAKE_T3_1001_IWW_ANG_XX__AUDIO_1001_IWW_DIS_XX_sadtalker,data\synthetic\track3_fakes\videos\FAKE_T3_1001_IWW_ANG_XX__AUDIO_1001_IWW_DIS_XX_sadtalker.mp4,1,done,sadtalker,1001,IWW,angry,disgust,yes
FAKE_T3_1001_IWW_DIS_XX__AUDIO_1001_IWW_FEA_XX_sadtalker,data\synthetic\track3_fakes\videos\FAKE_T3_1001_IWW_DIS_XX__AUDIO_1001_IWW_FEA_XX_sadtalker.mp4,1,done,sadtalker,1001,IWW,disgust,fear,yes
FAKE_T3_1001_IWW_FEA_XX__AUDIO_1001_IWW_HAP_XX_sadtalker,data\synthetic\track3_fakes\videos\FAKE_T3_1001_IWW_FEA_XX__AUDIO_1001_IWW_HAP_XX_sadtalker.mp4,1,done,sadtalker,1001,IWW,fear,happy,yes
FAKE_T3_1001_IWW_HAP_XX__AUDIO_1001_IWW_NEU_XX_sadtalker,data\synthetic\track3_fakes\videos\FAKE_T3_1001_IWW_HAP_XX__AUDIO_1001_IWW_NEU_XX_sadtalker.mp4,1,done,sadtalker,1001,IWW,happy,neutral,yes
FAKE_T3_1001_IWW_NEU_XX__AUDIO_1001_IWW_SAD_XX_sadtalker,data\synthetic\track3_fakes\videos\FAKE_T3_1001_IWW_NEU_XX__AUDIO_1001_IWW_SAD_XX_sadtalker.mp4,1,done,sadtalker,1001,IWW,neutral,sad,yes
FAKE_T3_1001_MTI_DIS_XX__AUDIO_1001_MTI_FEA_XX_sadtalker,data\synthetic\track3_fakes\videos\FAKE_T3_1001_MTI_DIS_XX__AUDIO_1001_MTI_FEA_XX_sadtalker.mp4,1,done,sadtalker,1001,MTI,disgust,fear,yes
FAKE_T3_1001_MTI_FEA_XX__AUDIO_1001_MTI_HAP_XX_sadtalker,data\synthetic\track3_fakes\videos\FAKE_T3_1001_MTI_FEA_XX__AUDIO_1001_MTI_HAP_XX_sadtalker.mp4,1,done,sadtalker,1001,MTI,fear,happy,yes
FAKE_T3_1001_TAI_ANG_XX__AUDIO_1001_TAI_DIS_XX_sadtalker,data\synthetic\track3_fakes\videos\FAKE_T3_1001_TAI_ANG_XX__AUDIO_1001_TAI_DIS_XX_sadtalker.mp4,1,done,sadtalker,1001,TAI,angry,disgust,yes
FAKE_T3_1001_TAI_FEA_XX__AUDIO_1001_TAI_HAP_XX_sadtalker,data\synthetic\track3_fakes\videos\FAKE_T3_1001_TAI_FEA_XX__AUDIO_1001_TAI_HAP_XX_sadtalker.mp4,1,done,sadtalker,1001,TAI,fear,happy,yes
FAKE_T3_1001_TIE_ANG_XX__AUDIO_1001_TIE_DIS_XX_sadtalker,data\synthetic\track3_fakes\videos\FAKE_T3_1001_TIE_ANG_XX__AUDIO_1001_TIE_DIS_XX_sadtalker.mp4,1,done,sadtalker,1001,TIE,angry,disgust,yes
FAKE_T3_1001_TIE_DIS_XX__AUDIO_1001_TIE_FEA_XX_sadtalker,data\synthetic\track3_fakes\videos\FAKE_T3_1001_TIE_DIS_XX__AUDIO_1001_TIE_FEA_XX_sadtalker.mp4,1,done,sadtalker,1001,TIE,disgust,fear,yes
FAKE_T3_1001_TIE_FEA_XX__AUDIO_1001_TIE_HAP_XX_sadtalker,data\synthetic\track3_fakes\videos\FAKE_T3_1001_TIE_FEA_XX__AUDIO_1001_TIE_HAP_XX_sadtalker.mp4,1,done,sadtalker,1001,TIE,fear,happy,yes
FAKE_T3_1001_TIE_HAP_XX__AUDIO_1001_TIE_NEU_XX_sadtalker,data\synthetic\track3_fakes\videos\FAKE_T3_1001_TIE_HAP_XX__AUDIO_1001_TIE_NEU_XX_sadtalker.mp4,1,done,sadtalker,1001,TIE,happy,neutral,yes
FAKE_T3_1001_TSI_ANG_XX__AUDIO_1001_TSI_DIS_XX_sadtalker,data\synthetic\track3_fakes\videos\FAKE_T3_1001_TSI_ANG_XX__AUDIO_1001_TSI_DIS_XX_sadtalker.mp4,1,done,sadtalker,1001,TSI,angry,disgust,yes
FAKE_T3_1001_TSI_DIS_XX__AUDIO_1001_TSI_FEA_XX_sadtalker,data\synthetic\track3_fakes\videos\FAKE_T3_1001_TSI_DIS_XX__AUDIO_1001_TSI_FEA_XX_sadtalker.mp4,1,done,sadtalker,1001,TSI,disgust,fear,yes
FAKE_T3_1001_TSI_FEA_XX__AUDIO_1001_TSI_HAP_XX_sadtalker,data\synthetic\track3_fakes\videos\FAKE_T3_1001_TSI_FEA_XX__AUDIO_1001_TSI_HAP_XX_sadtalker.mp4,1,done,sadtalker,1001,TSI,fear,happy,yes
FAKE_T3_1001_WSI_ANG_XX__AUDIO_1001_WSI_DIS_XX_sadtalker,data\synthetic\track3_fakes\videos\FAKE_T3_1001_WSI_ANG_XX__AUDIO_1001_WSI_DIS_XX_sadtalker.mp4,1,done,sadtalker,1001,WSI,angry,disgust,yes
FAKE_T3_1001_WSI_DIS_XX__AUDIO_1001_WSI_FEA_XX_sadtalker,data\synthetic\track3_fakes\videos\FAKE_T3_1001_WSI_DIS_XX__AUDIO_1001_WSI_FEA_XX_sadtalker.mp4,1,done,sadtalker,1001,WSI,disgust,fear,yes
FAKE_T3_1001_WSI_FEA_XX__AUDIO_1001_WSI_HAP_XX_sadtalker,data\synthetic\track3_fakes\videos\FAKE_T3_1001_WSI_FEA_XX__AUDIO_1001_WSI_HAP_XX_sadtalker.mp4,1,done,sadtalker,1001,WSI,fear,happy,yes
FAKE_T3_1002_DFA_ANG_XX__AUDIO_1002_DFA_DIS_XX_sadtalker,data\synthetic\track3_fakes\videos\FAKE_T3_1002_DFA_ANG_XX__AUDIO_1002_DFA_DIS_XX_sadtalker.mp4,1,done,sadtalker,1002,DFA,angry,disgust,yes
FAKE_T3_1002_DFA_DIS_XX__AUDIO_1002_DFA_FEA_XX_sadtalker,data\synthetic\track3_fakes\videos\FAKE_T3_1002_DFA_DIS_XX__AUDIO_1002_DFA_FEA_XX_sadtalker.mp4,1,done,sadtalker,1002,DFA,disgust,fear,yes
FAKE_T3_1002_DFA_SAD_XX__AUDIO_1002_DFA_ANG_XX_sadtalker,data\synthetic\track3_fakes\videos\FAKE_T3_1002_DFA_SAD_XX__AUDIO_1002_DFA_ANG_XX_sadtalker.mp4,1,done,sadtalker,1002,DFA,sad,angry,yes
FAKE_T3_1002_IEO_DIS_LO__AUDIO_1002_IEO_FEA_LO_sadtalker,data\synthetic\track3_fakes\videos\FAKE_T3_1002_IEO_DIS_LO__AUDIO_1002_IEO_FEA_LO_sadtalker.mp4,1,done,sadtalker,1002,IEO,disgust,fear,yes
FAKE_T3_1002_IEO_DIS_MD__AUDIO_1002_IEO_FEA_MD_sadtalker,data\synthetic\track3_fakes\videos\FAKE_T3_1002_IEO_DIS_MD__AUDIO_1002_IEO_FEA_MD_sadtalker.mp4,1,done,sadtalker,1002,IEO,disgust,fear,yes
FAKE_T3_1002_IEO_FEA_HI__AUDIO_1002_IEO_HAP_HI_sadtalker,data\synthetic\track3_fakes\videos\FAKE_T3_1002_IEO_FEA_HI__AUDIO_1002_IEO_HAP_HI_sadtalker.mp4,1,done,sadtalker,1002,IEO,fear,happy,yes
FAKE_T3_1002_IEO_FEA_LO__AUDIO_1002_IEO_HAP_LO_sadtalker,data\synthetic\track3_fakes\videos\FAKE_T3_1002_IEO_FEA_LO__AUDIO_1002_IEO_HAP_LO_sadtalker.mp4,1,done,sadtalker,1002,IEO,fear,happy,yes
FAKE_T3_1002_IEO_FEA_MD__AUDIO_1002_IEO_HAP_MD_sadtalker,data\synthetic\track3_fakes\videos\FAKE_T3_1002_IEO_FEA_MD__AUDIO_1002_IEO_HAP_MD_sadtalker.mp4,1,done,sadtalker,1002,IEO,fear,happy,yes
FAKE_T3_1002_IEO_HAP_MD__AUDIO_1002_IEO_NEU_XX_sadtalker,data\synthetic\track3_fakes\videos\FAKE_T3_1002_IEO_HAP_MD__AUDIO_1002_IEO_NEU_XX_sadtalker.mp4,1,done,sadtalker,1002,IEO,happy,neutral,yes
FAKE_T3_1002_IEO_NEU_XX__AUDIO_1002_IEO_SAD_HI_sadtalker,data\synthetic\track3_fakes\videos\FAKE_T3_1002_IEO_NEU_XX__AUDIO_1002_IEO_SAD_HI_sadtalker.mp4,1,done,sadtalker,1002,IEO,neutral,sad,yes
FAKE_T3_1002_IEO_SAD_HI__AUDIO_1002_IEO_ANG_HI_sadtalker,data\synthetic\track3_fakes\videos\FAKE_T3_1002_IEO_SAD_HI__AUDIO_1002_IEO_ANG_HI_sadtalker.mp4,1,done,sadtalker,1002,IEO,sad,angry,yes
FAKE_T3_1002_IEO_SAD_MD__AUDIO_1002_IEO_ANG_MD_sadtalker,data\synthetic\track3_fakes\videos\FAKE_T3_1002_IEO_SAD_MD__AUDIO_1002_IEO_ANG_MD_sadtalker.mp4,1,done,sadtalker,1002,IEO,sad,angry,yes
FAKE_T3_1002_IOM_ANG_XX__AUDIO_1002_IOM_DIS_XX_sadtalker,data\synthetic\track3_fakes\videos\FAKE_T3_1002_IOM_ANG_XX__AUDIO_1002_IOM_DIS_XX_sadtalker.mp4,1,done,sadtalker,1002,IOM,angry,disgust,yes
FAKE_T3_1002_IOM_DIS_XX__AUDIO_1002_IOM_FEA_XX_sadtalker,data\synthetic\track3_fakes\videos\FAKE_T3_1002_IOM_DIS_XX__AUDIO_1002_IOM_FEA_XX_sadtalker.mp4,1,done,sadtalker,1002,IOM,disgust,fear,yes
FAKE_T3_1002_IOM_NEU_XX__AUDIO_1002_IOM_SAD_XX_sadtalker,data\synthetic\track3_fakes\videos\FAKE_T3_1002_IOM_NEU_XX__AUDIO_1002_IOM_SAD_XX_sadtalker.mp4,1,done,sadtalker,1002,IOM,neutral,sad,yes
FAKE_T3_1002_IOM_SAD_XX__AUDIO_1002_IOM_ANG_XX_sadtalker,data\synthetic\track3_fakes\videos\FAKE_T3_1002_IOM_SAD_XX__AUDIO_1002_IOM_ANG_XX_sadtalker.mp4,1,done,sadtalker,1002,IOM,sad,angry,yes
FAKE_T3_1002_ITH_ANG_XX__AUDIO_1002_ITH_DIS_XX_sadtalker,data\synthetic\track3_fakes\videos\FAKE_T3_1002_ITH_ANG_XX__AUDIO_1002_ITH_DIS_XX_sadtalker.mp4,1,done,sadtalker,1002,ITH,angry,disgust,yes
FAKE_T3_1002_ITS_DIS_XX__AUDIO_1002_ITS_FEA_XX_sadtalker,data\synthetic\track3_fakes\videos\FAKE_T3_1002_ITS_DIS_XX__AUDIO_1002_ITS_FEA_XX_sadtalker.mp4,1,done,sadtalker,1002,ITS,disgust,fear,yes
FAKE_T3_1002_ITS_SAD_XX__AUDIO_1002_ITS_ANG_XX_sadtalker,data\synthetic\track3_fakes\videos\FAKE_T3_1002_ITS_SAD_XX__AUDIO_1002_ITS_ANG_XX_sadtalker.mp4,1,done,sadtalker,1002,ITS,sad,angry,yes
FAKE_T3_1002_IWL_DIS_XX__AUDIO_1002_IWL_FEA_XX_sadtalker,data\synthetic\track3_fakes\videos\FAKE_T3_1002_IWL_DIS_XX__AUDIO_1002_IWL_FEA_XX_sadtalker.mp4,1,done,sadtalker,1002,IWL,disgust,fear,yes
FAKE_T3_1002_IWL_FEA_XX__AUDIO_1002_IWL_HAP_XX_sadtalker,data\synthetic\track3_fakes\videos\FAKE_T3_1002_IWL_FEA_XX__AUDIO_1002_IWL_HAP_XX_sadtalker.mp4,1,done,sadtalker,1002,IWL,fear,happy,yes
FAKE_T3_1002_IWL_NEU_XX__AUDIO_1002_IWL_SAD_XX_sadtalker,data\synthetic\track3_fakes\videos\FAKE_T3_1002_IWL_NEU_XX__AUDIO_1002_IWL_SAD_XX_sadtalker.mp4,1,done,sadtalker,1002,IWL,neutral,sad,yes
FAKE_T3_1002_IWL_SAD_XX__AUDIO_1002_IWL_ANG_XX_sadtalker,data\synthetic\track3_fakes\videos\FAKE_T3_1002_IWL_SAD_XX__AUDIO_1002_IWL_ANG_XX_sadtalker.mp4,1,done,sadtalker,1002,IWL,sad,angry,yes
FAKE_T3_1002_IWW_FEA_XX__AUDIO_1002_IWW_HAP_XX_sadtalker,data\synthetic\track3_fakes\videos\FAKE_T3_1002_IWW_FEA_XX__AUDIO_1002_IWW_HAP_XX_sadtalker.mp4,1,done,sadtalker,1002,IWW,fear,happy,yes
FAKE_T3_1002_IWW_HAP_XX__AUDIO_1002_IWW_NEU_XX_sadtalker,data\synthetic\track3_fakes\videos\FAKE_T3_1002_IWW_HAP_XX__AUDIO_1002_IWW_NEU_XX_sadtalker.mp4,1,done,sadtalker,1002,IWW,happy,neutral,yes
FAKE_T3_1002_MTI_ANG_XX__AUDIO_1002_MTI_DIS_XX_sadtalker,data\synthetic\track3_fakes\videos\FAKE_T3_1002_MTI_ANG_XX__AUDIO_1002_MTI_DIS_XX_sadtalker.mp4,1,done,sadtalker,1002,MTI,angry,disgust,yes
FAKE_T3_1002_MTI_HAP_XX__AUDIO_1002_MTI_NEU_XX_sadtalker,data\synthetic\track3_fakes\videos\FAKE_T3_1002_MTI_HAP_XX__AUDIO_1002_MTI_NEU_XX_sadtalker.mp4,1,done,sadtalker,1002,MTI,happy,neutral,yes
FAKE_T3_1002_TAI_ANG_XX__AUDIO_1002_TAI_DIS_XX_sadtalker,data\synthetic\track3_fakes\videos\FAKE_T3_1002_TAI_ANG_XX__AUDIO_1002_TAI_DIS_XX_sadtalker.mp4,1,done,sadtalker,1002,TAI,angry,disgust,yes
FAKE_T3_1002_TAI_DIS_XX__AUDIO_1002_TAI_FEA_XX_sadtalker,data\synthetic\track3_fakes\videos\FAKE_T3_1002_TAI_DIS_XX__AUDIO_1002_TAI_FEA_XX_sadtalker.mp4,1,done,sadtalker,1002,TAI,disgust,fear,yes
FAKE_T3_1002_TAI_NEU_XX__AUDIO_1002_TAI_SAD_XX_sadtalker,data\synthetic\track3_fakes\videos\FAKE_T3_1002_TAI_NEU_XX__AUDIO_1002_TAI_SAD_XX_sadtalker.mp4,1,done,sadtalker,1002,TAI,neutral,sad,yes
FAKE_T3_1002_TAI_SAD_XX__AUDIO_1002_TAI_ANG_XX_sadtalker,data\synthetic\track3_fakes\videos\FAKE_T3_1002_TAI_SAD_XX__AUDIO_1002_TAI_ANG_XX_sadtalker.mp4,1,done,sadtalker,1002,TAI,sad,angry,yes
FAKE_T3_1002_TIE_HAP_XX__AUDIO_1002_TIE_ANG_XX_sadtalker,data\synthetic\track3_fakes\videos\FAKE_T3_1002_TIE_HAP_XX__AUDIO_1002_TIE_ANG_XX_sadtalker.mp4,1,done,sadtalker,1002,TIE,happy,angry,yes
FAKE_T3_1002_TSI_ANG_XX__AUDIO_1002_TSI_DIS_XX_sadtalker,data\synthetic\track3_fakes\videos\FAKE_T3_1002_TSI_ANG_XX__AUDIO_1002_TSI_DIS_XX_sadtalker.mp4,1,done,sadtalker,1002,TSI,angry,disgust,yes
FAKE_T3_1002_TSI_FEA_XX__AUDIO_1002_TSI_HAP_XX_sadtalker,data\synthetic\track3_fakes\videos\FAKE_T3_1002_TSI_FEA_XX__AUDIO_1002_TSI_HAP_XX_sadtalker.mp4,1,done,sadtalker,1002,TSI,fear,happy,yes
FAKE_T3_1002_TSI_HAP_XX__AUDIO_1002_TSI_NEU_XX_sadtalker,data\synthetic\track3_fakes\videos\FAKE_T3_1002_TSI_HAP_XX__AUDIO_1002_TSI_NEU_XX_sadtalker.mp4,1,done,sadtalker,1002,TSI,happy,neutral,yes
FAKE_T3_1002_TSI_NEU_XX__AUDIO_1002_TSI_SAD_XX_sadtalker,data\synthetic\track3_fakes\videos\FAKE_T3_1002_TSI_NEU_XX__AUDIO_1002_TSI_SAD_XX_sadtalker.mp4,1,done,sadtalker,1002,TSI,neutral,sad,yes
FAKE_T3_1002_WSI_DIS_XX__AUDIO_1002_WSI_FEA_XX_sadtalker,data\synthetic\track3_fakes\videos\FAKE_T3_1002_WSI_DIS_XX__AUDIO_1002_WSI_FEA_XX_sadtalker.mp4,1,done,sadtalker,1002,WSI,disgust,fear,yes
FAKE_T3_1002_WSI_FEA_XX__AUDIO_1002_WSI_HAP_XX_sadtalker,data\synthetic\track3_fakes\videos\FAKE_T3_1002_WSI_FEA_XX__AUDIO_1002_WSI_HAP_XX_sadtalker.mp4,1,done,sadtalker,1002,WSI,fear,happy,yes
FAKE_T3_1002_WSI_HAP_XX__AUDIO_1002_WSI_NEU_XX_sadtalker,data\synthetic\track3_fakes\videos\FAKE_T3_1002_WSI_HAP_XX__AUDIO_1002_WSI_NEU_XX_sadtalker.mp4,1,done,sadtalker,1002,WSI,happy,neutral,yes
FAKE_T3_1002_WSI_NEU_XX__AUDIO_1002_WSI_SAD_XX_sadtalker,data\synthetic\track3_fakes\videos\FAKE_T3_1002_WSI_NEU_XX__AUDIO_1002_WSI_SAD_XX_sadtalker.mp4,1,done,sadtalker,1002,WSI,neutral,sad,yes
FAKE_T3_1002_WSI_SAD_XX__AUDIO_1002_WSI_ANG_XX_sadtalker,data\synthetic\track3_fakes\videos\FAKE_T3_1002_WSI_SAD_XX__AUDIO_1002_WSI_ANG_XX_sadtalker.mp4,1,done,sadtalker,1002,WSI,sad,angry,yes
FAKE_T3_1003_DFA_DIS_XX__AUDIO_1003_DFA_FEA_XX_sadtalker,data\synthetic\track3_fakes\videos\FAKE_T3_1003_DFA_DIS_XX__AUDIO_1003_DFA_FEA_XX_sadtalker.mp4,1,done,sadtalker,1003,DFA,disgust,fear,yes
FAKE_T3_1003_IEO_ANG_LO__AUDIO_1003_IEO_DIS_LO_sadtalker,data\synthetic\track3_fakes\videos\FAKE_T3_1003_IEO_ANG_LO__AUDIO_1003_IEO_DIS_LO_sadtalker.mp4,1,done,sadtalker,1003,IEO,angry,disgust,yes
FAKE_T3_1003_IEO_ANG_MD__AUDIO_1003_IEO_DIS_MD_sadtalker,data\synthetic\track3_fakes\videos\FAKE_T3_1003_IEO_ANG_MD__AUDIO_1003_IEO_DIS_MD_sadtalker.mp4,1,done,sadtalker,1003,IEO,angry,disgust,yes
FAKE_T3_1003_IEO_DIS_MD__AUDIO_1003_IEO_FEA_MD_sadtalker,data\synthetic\track3_fakes\videos\FAKE_T3_1003_IEO_DIS_MD__AUDIO_1003_IEO_FEA_MD_sadtalker.mp4,1,done,sadtalker,1003,IEO,disgust,fear,yes
FAKE_T3_1003_IEO_FEA_HI__AUDIO_1003_IEO_HAP_HI_sadtalker,data\synthetic\track3_fakes\videos\FAKE_T3_1003_IEO_FEA_HI__AUDIO_1003_IEO_HAP_HI_sadtalker.mp4,1,done,sadtalker,1003,IEO,fear,happy,yes
FAKE_T3_1003_IEO_FEA_LO__AUDIO_1003_IEO_HAP_LO_sadtalker,data\synthetic\track3_fakes\videos\FAKE_T3_1003_IEO_FEA_LO__AUDIO_1003_IEO_HAP_LO_sadtalker.mp4,1,done,sadtalker,1003,IEO,fear,happy,yes
FAKE_T3_1003_IEO_FEA_MD__AUDIO_1003_IEO_HAP_MD_sadtalker,data\synthetic\track3_fakes\videos\FAKE_T3_1003_IEO_FEA_MD__AUDIO_1003_IEO_HAP_MD_sadtalker.mp4,1,done,sadtalker,1003,IEO,fear,happy,yes
FAKE_T3_1003_IEO_HAP_MD__AUDIO_1003_IEO_NEU_XX_sadtalker,data\synthetic\track3_fakes\videos\FAKE_T3_1003_IEO_HAP_MD__AUDIO_1003_IEO_NEU_XX_sadtalker.mp4,1,done,sadtalker,1003,IEO,happy,neutral,yes
FAKE_T3_1003_IEO_NEU_XX__AUDIO_1003_IEO_SAD_HI_sadtalker,data\synthetic\track3_fakes\videos\FAKE_T3_1003_IEO_NEU_XX__AUDIO_1003_IEO_SAD_HI_sadtalker.mp4,1,done,sadtalker,1003,IEO,neutral,sad,yes
FAKE_T3_1003_IEO_SAD_LO__AUDIO_1003_IEO_ANG_LO_sadtalker,data\synthetic\track3_fakes\videos\FAKE_T3_1003_IEO_SAD_LO__AUDIO_1003_IEO_ANG_LO_sadtalker.mp4,1,done,sadtalker,1003,IEO,sad,angry,yes
FAKE_T3_1003_IEO_SAD_MD__AUDIO_1003_IEO_ANG_MD_sadtalker,data\synthetic\track3_fakes\videos\FAKE_T3_1003_IEO_SAD_MD__AUDIO_1003_IEO_ANG_MD_sadtalker.mp4,1,done,sadtalker,1003,IEO,sad,angry,yes
FAKE_T3_1003_IOM_ANG_XX__AUDIO_1003_IOM_DIS_XX_sadtalker,data\synthetic\track3_fakes\videos\FAKE_T3_1003_IOM_ANG_XX__AUDIO_1003_IOM_DIS_XX_sadtalker.mp4,1,done,sadtalker,1003,IOM,angry,disgust,yes
FAKE_T3_1003_IOM_DIS_XX__AUDIO_1003_IOM_FEA_XX_sadtalker,data\synthetic\track3_fakes\videos\FAKE_T3_1003_IOM_DIS_XX__AUDIO_1003_IOM_FEA_XX_sadtalker.mp4,1,done,sadtalker,1003,IOM,disgust,fear,yes
FAKE_T3_1003_IOM_FEA_XX__AUDIO_1003_IOM_HAP_XX_sadtalker,data\synthetic\track3_fakes\videos\FAKE_T3_1003_IOM_FEA_XX__AUDIO_1003_IOM_HAP_XX_sadtalker.mp4,1,done,sadtalker,1003,IOM,fear,happy,yes
FAKE_T3_1003_IOM_HAP_XX__AUDIO_1003_IOM_NEU_XX_sadtalker,data\synthetic\track3_fakes\videos\FAKE_T3_1003_IOM_HAP_XX__AUDIO_1003_IOM_NEU_XX_sadtalker.mp4,1,done,sadtalker,1003,IOM,happy,neutral,yes
FAKE_T3_1003_IOM_SAD_XX__AUDIO_1003_IOM_ANG_XX_sadtalker,data\synthetic\track3_fakes\videos\FAKE_T3_1003_IOM_SAD_XX__AUDIO_1003_IOM_ANG_XX_sadtalker.mp4,1,done,sadtalker,1003,IOM,sad,angry,yes
FAKE_T3_1003_ITH_ANG_XX__AUDIO_1003_ITH_DIS_XX_sadtalker,data\synthetic\track3_fakes\videos\FAKE_T3_1003_ITH_ANG_XX__AUDIO_1003_ITH_DIS_XX_sadtalker.mp4,1,done,sadtalker,1003,ITH,angry,disgust,yes
FAKE_T3_1003_ITH_DIS_XX__AUDIO_1003_ITH_FEA_XX_sadtalker,data\synthetic\track3_fakes\videos\FAKE_T3_1003_ITH_DIS_XX__AUDIO_1003_ITH_FEA_XX_sadtalker.mp4,1,done,sadtalker,1003,ITH,disgust,fear,yes
FAKE_T3_1003_ITH_HAP_XX__AUDIO_1003_ITH_NEU_XX_sadtalker,data\synthetic\track3_fakes\videos\FAKE_T3_1003_ITH_HAP_XX__AUDIO_1003_ITH_NEU_XX_sadtalker.mp4,1,done,sadtalker,1003,ITH,happy,neutral,yes
FAKE_T3_1003_ITH_NEU_XX__AUDIO_1003_ITH_SAD_XX_sadtalker,data\synthetic\track3_fakes\videos\FAKE_T3_1003_ITH_NEU_XX__AUDIO_1003_ITH_SAD_XX_sadtalker.mp4,1,done,sadtalker,1003,ITH,neutral,sad,yes
FAKE_T3_1003_ITH_SAD_XX__AUDIO_1003_ITH_ANG_XX_sadtalker,data\synthetic\track3_fakes\videos\FAKE_T3_1003_ITH_SAD_XX__AUDIO_1003_ITH_ANG_XX_sadtalker.mp4,1,done,sadtalker,1003,ITH,sad,angry,yes
FAKE_T3_1003_ITS_ANG_XX__AUDIO_1003_ITS_DIS_XX_sadtalker,data\synthetic\track3_fakes\videos\FAKE_T3_1003_ITS_ANG_XX__AUDIO_1003_ITS_DIS_XX_sadtalker.mp4,1,done,sadtalker,1003,ITS,angry,disgust,yes
FAKE_T3_1003_ITS_HAP_XX__AUDIO_1003_ITS_NEU_XX_sadtalker,data\synthetic\track3_fakes\videos\FAKE_T3_1003_ITS_HAP_XX__AUDIO_1003_ITS_NEU_XX_sadtalker.mp4,1,done,sadtalker,1003,ITS,happy,neutral,yes
FAKE_T3_1003_ITS_SAD_XX__AUDIO_1003_ITS_ANG_XX_sadtalker,data\synthetic\track3_fakes\videos\FAKE_T3_1003_ITS_SAD_XX__AUDIO_1003_ITS_ANG_XX_sadtalker.mp4,1,done,sadtalker,1003,ITS,sad,angry,yes
FAKE_T3_1003_IWL_SAD_XX__AUDIO_1003_IWL_ANG_XX_sadtalker,data\synthetic\track3_fakes\videos\FAKE_T3_1003_IWL_SAD_XX__AUDIO_1003_IWL_ANG_XX_sadtalker.mp4,1,done,sadtalker,1003,IWL,sad,angry,yes
FAKE_T3_1003_IWW_DIS_XX__AUDIO_1003_IWW_FEA_XX_sadtalker,data\synthetic\track3_fakes\videos\FAKE_T3_1003_IWW_DIS_XX__AUDIO_1003_IWW_FEA_XX_sadtalker.mp4,1,done,sadtalker,1003,IWW,disgust,fear,yes
FAKE_T3_1003_IWW_FEA_XX__AUDIO_1003_IWW_HAP_XX_sadtalker,data\synthetic\track3_fakes\videos\FAKE_T3_1003_IWW_FEA_XX__AUDIO_1003_IWW_HAP_XX_sadtalker.mp4,1,done,sadtalker,1003,IWW,fear,happy,yes
FAKE_T3_1003_MTI_DIS_XX__AUDIO_1003_MTI_FEA_XX_sadtalker,data\synthetic\track3_fakes\videos\FAKE_T3_1003_MTI_DIS_XX__AUDIO_1003_MTI_FEA_XX_sadtalker.mp4,1,done,sadtalker,1003,MTI,disgust,fear,yes
FAKE_T3_1003_MTI_HAP_XX__AUDIO_1003_MTI_NEU_XX_sadtalker,data\synthetic\track3_fakes\videos\FAKE_T3_1003_MTI_HAP_XX__AUDIO_1003_MTI_NEU_XX_sadtalker.mp4,1,done,sadtalker,1003,MTI,happy,neutral,yes
FAKE_T3_1003_MTI_NEU_XX__AUDIO_1003_MTI_SAD_XX_sadtalker,data\synthetic\track3_fakes\videos\FAKE_T3_1003_MTI_NEU_XX__AUDIO_1003_MTI_SAD_XX_sadtalker.mp4,1,done,sadtalker,1003,MTI,neutral,sad,yes
FAKE_T3_1003_TAI_FEA_XX__AUDIO_1003_TAI_HAP_XX_sadtalker,data\synthetic\track3_fakes\videos\FAKE_T3_1003_TAI_FEA_XX__AUDIO_1003_TAI_HAP_XX_sadtalker.mp4,1,done,sadtalker,1003,TAI,fear,happy,yes
FAKE_T3_1003_TAI_HAP_XX__AUDIO_1003_TAI_NEU_XX_sadtalker,data\synthetic\track3_fakes\videos\FAKE_T3_1003_TAI_HAP_XX__AUDIO_1003_TAI_NEU_XX_sadtalker.mp4,1,done,sadtalker,1003,TAI,happy,neutral,yes
FAKE_T3_1003_TAI_SAD_XX__AUDIO_1003_TAI_ANG_XX_sadtalker,data\synthetic\track3_fakes\videos\FAKE_T3_1003_TAI_SAD_XX__AUDIO_1003_TAI_ANG_XX_sadtalker.mp4,1,done,sadtalker,1003,TAI,sad,angry,yes
FAKE_T3_1003_TIE_DIS_XX__AUDIO_1003_TIE_FEA_XX_sadtalker,data\synthetic\track3_fakes\videos\FAKE_T3_1003_TIE_DIS_XX__AUDIO_1003_TIE_FEA_XX_sadtalker.mp4,1,done,sadtalker,1003,TIE,disgust,fear,yes
FAKE_T3_1003_TIE_HAP_XX__AUDIO_1003_TIE_NEU_XX_sadtalker,data\synthetic\track3_fakes\videos\FAKE_T3_1003_TIE_HAP_XX__AUDIO_1003_TIE_NEU_XX_sadtalker.mp4,1,done,sadtalker,1003,TIE,happy,neutral,yes
FAKE_T3_1003_TIE_SAD_XX__AUDIO_1003_TIE_ANG_XX_sadtalker,data\synthetic\track3_fakes\videos\FAKE_T3_1003_TIE_SAD_XX__AUDIO_1003_TIE_ANG_XX_sadtalker.mp4,1,done,sadtalker,1003,TIE,sad,angry,yes
FAKE_T3_1003_TSI_ANG_XX__AUDIO_1003_TSI_DIS_XX_sadtalker,data\synthetic\track3_fakes\videos\FAKE_T3_1003_TSI_ANG_XX__AUDIO_1003_TSI_DIS_XX_sadtalker.mp4,1,done,sadtalker,1003,TSI,angry,disgust,yes
FAKE_T3_1003_TSI_NEU_XX__AUDIO_1003_TSI_SAD_XX_sadtalker,data\synthetic\track3_fakes\videos\FAKE_T3_1003_TSI_NEU_XX__AUDIO_1003_TSI_SAD_XX_sadtalker.mp4,1,done,sadtalker,1003,TSI,neutral,sad,yes
FAKE_T3_1003_WSI_DIS_XX__AUDIO_1003_WSI_FEA_XX_sadtalker,data\synthetic\track3_fakes\videos\FAKE_T3_1003_WSI_DIS_XX__AUDIO_1003_WSI_FEA_XX_sadtalker.mp4,1,done,sadtalker,1003,WSI,disgust,fear,yes
FAKE_T3_1003_WSI_FEA_XX__AUDIO_1003_WSI_HAP_XX_sadtalker,data\synthetic\track3_fakes\videos\FAKE_T3_1003_WSI_FEA_XX__AUDIO_1003_WSI_HAP_XX_sadtalker.mp4,1,done,sadtalker,1003,WSI,fear,happy,yes
FAKE_T3_1003_WSI_HAP_XX__AUDIO_1003_WSI_NEU_XX_sadtalker,data\synthetic\track3_fakes\videos\FAKE_T3_1003_WSI_HAP_XX__AUDIO_1003_WSI_NEU_XX_sadtalker.mp4,1,done,sadtalker,1003,WSI,happy,neutral,yes
FAKE_T3_1004_DFA_FEA_XX__AUDIO_1004_DFA_HAP_XX_sadtalker,data\synthetic\track3_fakes\videos\FAKE_T3_1004_DFA_FEA_XX__AUDIO_1004_DFA_HAP_XX_sadtalker.mp4,1,done,sadtalker,1004,DFA,fear,happy,yes
FAKE_T3_1004_DFA_HAP_XX__AUDIO_1004_DFA_NEU_XX_sadtalker,data\synthetic\track3_fakes\videos\FAKE_T3_1004_DFA_HAP_XX__AUDIO_1004_DFA_NEU_XX_sadtalker.mp4,1,done,sadtalker,1004,DFA,happy,neutral,yes
FAKE_T3_1004_IEO_ANG_HI__AUDIO_1004_IEO_DIS_HI_sadtalker,data\synthetic\track3_fakes\videos\FAKE_T3_1004_IEO_ANG_HI__AUDIO_1004_IEO_DIS_HI_sadtalker.mp4,1,done,sadtalker,1004,IEO,angry,disgust,yes
FAKE_T3_1004_IEO_ANG_LO__AUDIO_1004_IEO_DIS_LO_sadtalker,data\synthetic\track3_fakes\videos\FAKE_T3_1004_IEO_ANG_LO__AUDIO_1004_IEO_DIS_LO_sadtalker.mp4,1,done,sadtalker,1004,IEO,angry,disgust,yes
FAKE_T3_1004_IEO_ANG_MD__AUDIO_1004_IEO_DIS_MD_sadtalker,data\synthetic\track3_fakes\videos\FAKE_T3_1004_IEO_ANG_MD__AUDIO_1004_IEO_DIS_MD_sadtalker.mp4,1,done,sadtalker,1004,IEO,angry,disgust,yes
FAKE_T3_1004_IEO_DIS_HI__AUDIO_1004_IEO_FEA_HI_sadtalker,data\synthetic\track3_fakes\videos\FAKE_T3_1004_IEO_DIS_HI__AUDIO_1004_IEO_FEA_HI_sadtalker.mp4,1,done,sadtalker,1004,IEO,disgust,fear,yes
FAKE_T3_1004_IEO_DIS_LO__AUDIO_1004_IEO_FEA_LO_sadtalker,data\synthetic\track3_fakes\videos\FAKE_T3_1004_IEO_DIS_LO__AUDIO_1004_IEO_FEA_LO_sadtalker.mp4,1,done,sadtalker,1004,IEO,disgust,fear,yes
FAKE_T3_1004_IEO_FEA_HI__AUDIO_1004_IEO_HAP_HI_sadtalker,data\synthetic\track3_fakes\videos\FAKE_T3_1004_IEO_FEA_HI__AUDIO_1004_IEO_HAP_HI_sadtalker.mp4,1,done,sadtalker,1004,IEO,fear,happy,yes
FAKE_T3_1004_IEO_HAP_HI__AUDIO_1004_IEO_NEU_XX_sadtalker,data\synthetic\track3_fakes\videos\FAKE_T3_1004_IEO_HAP_HI__AUDIO_1004_IEO_NEU_XX_sadtalker.mp4,1,done,sadtalker,1004,IEO,happy,neutral,yes
FAKE_T3_1004_IEO_HAP_MD__AUDIO_1004_IEO_NEU_XX_sadtalker,data\synthetic\track3_fakes\videos\FAKE_T3_1004_IEO_HAP_MD__AUDIO_1004_IEO_NEU_XX_sadtalker.mp4,1,done,sadtalker,1004,IEO,happy,neutral,yes
FAKE_T3_1004_IEO_NEU_XX__AUDIO_1004_IEO_SAD_HI_sadtalker,data\synthetic\track3_fakes\videos\FAKE_T3_1004_IEO_NEU_XX__AUDIO_1004_IEO_SAD_HI_sadtalker.mp4,1,done,sadtalker,1004,IEO,neutral,sad,yes
FAKE_T3_1004_IEO_SAD_LO__AUDIO_1004_IEO_ANG_LO_sadtalker,data\synthetic\track3_fakes\videos\FAKE_T3_1004_IEO_SAD_LO__AUDIO_1004_IEO_ANG_LO_sadtalker.mp4,1,done,sadtalker,1004,IEO,sad,angry,yes
FAKE_T3_1004_IEO_SAD_MD__AUDIO_1004_IEO_ANG_MD_sadtalker,data\synthetic\track3_fakes\videos\FAKE_T3_1004_IEO_SAD_MD__AUDIO_1004_IEO_ANG_MD_sadtalker.mp4,1,done,sadtalker,1004,IEO,sad,angry,yes
FAKE_T3_1004_IOM_ANG_XX__AUDIO_1004_IOM_DIS_XX_sadtalker,data\synthetic\track3_fakes\videos\FAKE_T3_1004_IOM_ANG_XX__AUDIO_1004_IOM_DIS_XX_sadtalker.mp4,1,done,sadtalker,1004,IOM,angry,disgust,yes
FAKE_T3_1004_IOM_HAP_XX__AUDIO_1004_IOM_NEU_XX_sadtalker,data\synthetic\track3_fakes\videos\FAKE_T3_1004_IOM_HAP_XX__AUDIO_1004_IOM_NEU_XX_sadtalker.mp4,1,done,sadtalker,1004,IOM,happy,neutral,yes
FAKE_T3_1004_IOM_SAD_XX__AUDIO_1004_IOM_ANG_XX_sadtalker,data\synthetic\track3_fakes\videos\FAKE_T3_1004_IOM_SAD_XX__AUDIO_1004_IOM_ANG_XX_sadtalker.mp4,1,done,sadtalker,1004,IOM,sad,angry,yes
FAKE_T3_1004_ITH_DIS_XX__AUDIO_1004_ITH_FEA_XX_sadtalker,data\synthetic\track3_fakes\videos\FAKE_T3_1004_ITH_DIS_XX__AUDIO_1004_ITH_FEA_XX_sadtalker.mp4,1,done,sadtalker,1004,ITH,disgust,fear,yes
FAKE_T3_1004_ITH_FEA_XX__AUDIO_1004_ITH_HAP_XX_sadtalker,data\synthetic\track3_fakes\videos\FAKE_T3_1004_ITH_FEA_XX__AUDIO_1004_ITH_HAP_XX_sadtalker.mp4,1,done,sadtalker,1004,ITH,fear,happy,yes
FAKE_T3_1004_ITH_NEU_XX__AUDIO_1004_ITH_SAD_XX_sadtalker,data\synthetic\track3_fakes\videos\FAKE_T3_1004_ITH_NEU_XX__AUDIO_1004_ITH_SAD_XX_sadtalker.mp4,1,done,sadtalker,1004,ITH,neutral,sad,yes
FAKE_T3_1004_ITH_SAD_XX__AUDIO_1004_ITH_ANG_XX_sadtalker,data\synthetic\track3_fakes\videos\FAKE_T3_1004_ITH_SAD_XX__AUDIO_1004_ITH_ANG_XX_sadtalker.mp4,1,done,sadtalker,1004,ITH,sad,angry,yes
FAKE_T3_1004_ITS_DIS_XX__AUDIO_1004_ITS_FEA_XX_sadtalker,data\synthetic\track3_fakes\videos\FAKE_T3_1004_ITS_DIS_XX__AUDIO_1004_ITS_FEA_XX_sadtalker.mp4,1,done,sadtalker,1004,ITS,disgust,fear,yes
FAKE_T3_1004_ITS_FEA_XX__AUDIO_1004_ITS_HAP_XX_sadtalker,data\synthetic\track3_fakes\videos\FAKE_T3_1004_ITS_FEA_XX__AUDIO_1004_ITS_HAP_XX_sadtalker.mp4,1,done,sadtalker,1004,ITS,fear,happy,yes
FAKE_T3_1004_ITS_NEU_XX__AUDIO_1004_ITS_SAD_XX_sadtalker,data\synthetic\track3_fakes\videos\FAKE_T3_1004_ITS_NEU_XX__AUDIO_1004_ITS_SAD_XX_sadtalker.mp4,1,done,sadtalker,1004,ITS,neutral,sad,yes
FAKE_T3_1004_IWL_DIS_XX__AUDIO_1004_IWL_FEA_XX_sadtalker,data\synthetic\track3_fakes\videos\FAKE_T3_1004_IWL_DIS_XX__AUDIO_1004_IWL_FEA_XX_sadtalker.mp4,1,done,sadtalker,1004,IWL,disgust,fear,yes
FAKE_T3_1004_IWL_FEA_XX__AUDIO_1004_IWL_HAP_XX_sadtalker,data\synthetic\track3_fakes\videos\FAKE_T3_1004_IWL_FEA_XX__AUDIO_1004_IWL_HAP_XX_sadtalker.mp4,1,done,sadtalker,1004,IWL,fear,happy,yes
FAKE_T3_1004_IWL_NEU_XX__AUDIO_1004_IWL_SAD_XX_sadtalker,data\synthetic\track3_fakes\videos\FAKE_T3_1004_IWL_NEU_XX__AUDIO_1004_IWL_SAD_XX_sadtalker.mp4,1,done,sadtalker,1004,IWL,neutral,sad,yes
FAKE_T3_1004_IWL_SAD_XX__AUDIO_1004_IWL_ANG_XX_sadtalker,data\synthetic\track3_fakes\videos\FAKE_T3_1004_IWL_SAD_XX__AUDIO_1004_IWL_ANG_XX_sadtalker.mp4,1,done,sadtalker,1004,IWL,sad,angry,yes
FAKE_T3_1004_IWW_FEA_XX__AUDIO_1004_IWW_HAP_XX_sadtalker,data\synthetic\track3_fakes\videos\FAKE_T3_1004_IWW_FEA_XX__AUDIO_1004_IWW_HAP_XX_sadtalker.mp4,1,done,sadtalker,1004,IWW,fear,happy,yes
FAKE_T3_1004_IWW_HAP_XX__AUDIO_1004_IWW_NEU_XX_sadtalker,data\synthetic\track3_fakes\videos\FAKE_T3_1004_IWW_HAP_XX__AUDIO_1004_IWW_NEU_XX_sadtalker.mp4,1,done,sadtalker,1004,IWW,happy,neutral,yes
FAKE_T3_1004_MTI_DIS_XX__AUDIO_1004_MTI_FEA_XX_sadtalker,data\synthetic\track3_fakes\videos\FAKE_T3_1004_MTI_DIS_XX__AUDIO_1004_MTI_FEA_XX_sadtalker.mp4,1,done,sadtalker,1004,MTI,disgust,fear,yes
FAKE_T3_1004_MTI_FEA_XX__AUDIO_1004_MTI_HAP_XX_sadtalker,data\synthetic\track3_fakes\videos\FAKE_T3_1004_MTI_FEA_XX__AUDIO_1004_MTI_HAP_XX_sadtalker.mp4,1,done,sadtalker,1004,MTI,fear,happy,yes
FAKE_T3_1004_MTI_NEU_XX__AUDIO_1004_MTI_SAD_XX_sadtalker,data\synthetic\track3_fakes\videos\FAKE_T3_1004_MTI_NEU_XX__AUDIO_1004_MTI_SAD_XX_sadtalker.mp4,1,done,sadtalker,1004,MTI,neutral,sad,yes
FAKE_T3_1004_TIE_ANG_XX__AUDIO_1004_TIE_DIS_XX_sadtalker,data\synthetic\track3_fakes\videos\FAKE_T3_1004_TIE_ANG_XX__AUDIO_1004_TIE_DIS_XX_sadtalker.mp4,1,done,sadtalker,1004,TIE,angry,disgust,yes
FAKE_T3_1004_TIE_DIS_XX__AUDIO_1004_TIE_FEA_XX_sadtalker,data\synthetic\track3_fakes\videos\FAKE_T3_1004_TIE_DIS_XX__AUDIO_1004_TIE_FEA_XX_sadtalker.mp4,1,done,sadtalker,1004,TIE,disgust,fear,yes
FAKE_T3_1004_TIE_FEA_XX__AUDIO_1004_TIE_HAP_XX_sadtalker,data\synthetic\track3_fakes\videos\FAKE_T3_1004_TIE_FEA_XX__AUDIO_1004_TIE_HAP_XX_sadtalker.mp4,1,done,sadtalker,1004,TIE,fear,happy,yes
FAKE_T3_1004_TIE_HAP_XX__AUDIO_1004_TIE_NEU_XX_sadtalker,data\synthetic\track3_fakes\videos\FAKE_T3_1004_TIE_HAP_XX__AUDIO_1004_TIE_NEU_XX_sadtalker.mp4,1,done,sadtalker,1004,TIE,happy,neutral,yes
FAKE_T3_1004_TIE_NEU_XX__AUDIO_1004_TIE_SAD_XX_sadtalker,data\synthetic\track3_fakes\videos\FAKE_T3_1004_TIE_NEU_XX__AUDIO_1004_TIE_SAD_XX_sadtalker.mp4,1,done,sadtalker,1004,TIE,neutral,sad,yes
FAKE_T3_1004_TSI_FEA_XX__AUDIO_1004_TSI_HAP_XX_sadtalker,data\synthetic\track3_fakes\videos\FAKE_T3_1004_TSI_FEA_XX__AUDIO_1004_TSI_HAP_XX_sadtalker.mp4,1,done,sadtalker,1004,TSI,fear,happy,yes
FAKE_T3_1004_TSI_HAP_XX__AUDIO_1004_TSI_NEU_XX_sadtalker,data\synthetic\track3_fakes\videos\FAKE_T3_1004_TSI_HAP_XX__AUDIO_1004_TSI_NEU_XX_sadtalker.mp4,1,done,sadtalker,1004,TSI,happy,neutral,yes
FAKE_T3_1004_TSI_NEU_XX__AUDIO_1004_TSI_SAD_XX_sadtalker,data\synthetic\track3_fakes\videos\FAKE_T3_1004_TSI_NEU_XX__AUDIO_1004_TSI_SAD_XX_sadtalker.mp4,1,done,sadtalker,1004,TSI,neutral,sad,yes
FAKE_T3_1004_WSI_FEA_XX__AUDIO_1004_WSI_HAP_XX_sadtalker,data\synthetic\track3_fakes\videos\FAKE_T3_1004_WSI_FEA_XX__AUDIO_1004_WSI_HAP_XX_sadtalker.mp4,1,done,sadtalker,1004,WSI,fear,happy,yes
FAKE_T3_1005_DFA_ANG_XX__AUDIO_1005_DFA_DIS_XX_sadtalker,data\synthetic\track3_fakes\videos\FAKE_T3_1005_DFA_ANG_XX__AUDIO_1005_DFA_DIS_XX_sadtalker.mp4,1,done,sadtalker,1005,DFA,angry,disgust,yes
FAKE_T3_1005_DFA_FEA_XX__AUDIO_1005_DFA_HAP_XX_sadtalker,data\synthetic\track3_fakes\videos\FAKE_T3_1005_DFA_FEA_XX__AUDIO_1005_DFA_HAP_XX_sadtalker.mp4,1,done,sadtalker,1005,DFA,fear,happy,yes
FAKE_T3_1005_DFA_HAP_XX__AUDIO_1005_DFA_NEU_XX_sadtalker,data\synthetic\track3_fakes\videos\FAKE_T3_1005_DFA_HAP_XX__AUDIO_1005_DFA_NEU_XX_sadtalker.mp4,1,done,sadtalker,1005,DFA,happy,neutral,yes
FAKE_T3_1005_DFA_SAD_XX__AUDIO_1005_DFA_ANG_XX_sadtalker,data\synthetic\track3_fakes\videos\FAKE_T3_1005_DFA_SAD_XX__AUDIO_1005_DFA_ANG_XX_sadtalker.mp4,1,done,sadtalker,1005,DFA,sad,angry,yes
FAKE_T3_1005_IEO_ANG_HI__AUDIO_1005_IEO_DIS_HI_sadtalker,data\synthetic\track3_fakes\videos\FAKE_T3_1005_IEO_ANG_HI__AUDIO_1005_IEO_DIS_HI_sadtalker.mp4,1,done,sadtalker,1005,IEO,angry,disgust,yes
FAKE_T3_1005_IEO_ANG_LO__AUDIO_1005_IEO_DIS_LO_sadtalker,data\synthetic\track3_fakes\videos\FAKE_T3_1005_IEO_ANG_LO__AUDIO_1005_IEO_DIS_LO_sadtalker.mp4,1,done,sadtalker,1005,IEO,angry,disgust,yes
FAKE_T3_1005_IEO_ANG_MD__AUDIO_1005_IEO_DIS_MD_sadtalker,data\synthetic\track3_fakes\videos\FAKE_T3_1005_IEO_ANG_MD__AUDIO_1005_IEO_DIS_MD_sadtalker.mp4,1,done,sadtalker,1005,IEO,angry,disgust,yes
FAKE_T3_1005_IEO_DIS_HI__AUDIO_1005_IEO_FEA_HI_sadtalker,data\synthetic\track3_fakes\videos\FAKE_T3_1005_IEO_DIS_HI__AUDIO_1005_IEO_FEA_HI_sadtalker.mp4,1,done,sadtalker,1005,IEO,disgust,fear,yes
FAKE_T3_1005_IEO_DIS_MD__AUDIO_1005_IEO_FEA_MD_sadtalker,data\synthetic\track3_fakes\videos\FAKE_T3_1005_IEO_DIS_MD__AUDIO_1005_IEO_FEA_MD_sadtalker.mp4,1,done,sadtalker,1005,IEO,disgust,fear,yes
FAKE_T3_1005_IEO_FEA_HI__AUDIO_1005_IEO_HAP_HI_sadtalker,data\synthetic\track3_fakes\videos\FAKE_T3_1005_IEO_FEA_HI__AUDIO_1005_IEO_HAP_HI_sadtalker.mp4,1,done,sadtalker,1005,IEO,fear,happy,yes
FAKE_T3_1005_IEO_FEA_LO__AUDIO_1005_IEO_HAP_LO_sadtalker,data\synthetic\track3_fakes\videos\FAKE_T3_1005_IEO_FEA_LO__AUDIO_1005_IEO_HAP_LO_sadtalker.mp4,1,done,sadtalker,1005,IEO,fear,happy,yes
FAKE_T3_1005_IEO_FEA_MD__AUDIO_1005_IEO_HAP_MD_sadtalker,data\synthetic\track3_fakes\videos\FAKE_T3_1005_IEO_FEA_MD__AUDIO_1005_IEO_HAP_MD_sadtalker.mp4,1,done,sadtalker,1005,IEO,fear,happy,yes
FAKE_T3_1005_IEO_HAP_MD__AUDIO_1005_IEO_NEU_XX_sadtalker,data\synthetic\track3_fakes\videos\FAKE_T3_1005_IEO_HAP_MD__AUDIO_1005_IEO_NEU_XX_sadtalker.mp4,1,done,sadtalker,1005,IEO,happy,neutral,yes
FAKE_T3_1005_IEO_NEU_XX__AUDIO_1005_IEO_SAD_HI_sadtalker,data\synthetic\track3_fakes\videos\FAKE_T3_1005_IEO_NEU_XX__AUDIO_1005_IEO_SAD_HI_sadtalker.mp4,1,done,sadtalker,1005,IEO,neutral,sad,yes
FAKE_T3_1005_IEO_SAD_HI__AUDIO_1005_IEO_ANG_HI_sadtalker,data\synthetic\track3_fakes\videos\FAKE_T3_1005_IEO_SAD_HI__AUDIO_1005_IEO_ANG_HI_sadtalker.mp4,1,done,sadtalker,1005,IEO,sad,angry,yes
FAKE_T3_1005_IEO_SAD_MD__AUDIO_1005_IEO_ANG_MD_sadtalker,data\synthetic\track3_fakes\videos\FAKE_T3_1005_IEO_SAD_MD__AUDIO_1005_IEO_ANG_MD_sadtalker.mp4,1,done,sadtalker,1005,IEO,sad,angry,yes
FAKE_T3_1005_IOM_ANG_XX__AUDIO_1005_IOM_DIS_XX_sadtalker,data\synthetic\track3_fakes\videos\FAKE_T3_1005_IOM_ANG_XX__AUDIO_1005_IOM_DIS_XX_sadtalker.mp4,1,done,sadtalker,1005,IOM,angry,disgust,yes
FAKE_T3_1005_IOM_DIS_XX__AUDIO_1005_IOM_FEA_XX_sadtalker,data\synthetic\track3_fakes\videos\FAKE_T3_1005_IOM_DIS_XX__AUDIO_1005_IOM_FEA_XX_sadtalker.mp4,1,done,sadtalker,1005,IOM,disgust,fear,yes
FAKE_T3_1005_IOM_SAD_XX__AUDIO_1005_IOM_ANG_XX_sadtalker,data\synthetic\track3_fakes\videos\FAKE_T3_1005_IOM_SAD_XX__AUDIO_1005_IOM_ANG_XX_sadtalker.mp4,1,done,sadtalker,1005,IOM,sad,angry,yes
FAKE_T3_1005_ITH_ANG_XX__AUDIO_1005_ITH_DIS_XX_sadtalker,data\synthetic\track3_fakes\videos\FAKE_T3_1005_ITH_ANG_XX__AUDIO_1005_ITH_DIS_XX_sadtalker.mp4,1,done,sadtalker,1005,ITH,angry,disgust,yes
FAKE_T3_1005_ITH_FEA_XX__AUDIO_1005_ITH_HAP_XX_sadtalker,data\synthetic\track3_fakes\videos\FAKE_T3_1005_ITH_FEA_XX__AUDIO_1005_ITH_HAP_XX_sadtalker.mp4,1,done,sadtalker,1005,ITH,fear,happy,yes
FAKE_T3_1005_ITH_NEU_XX__AUDIO_1005_ITH_SAD_XX_sadtalker,data\synthetic\track3_fakes\videos\FAKE_T3_1005_ITH_NEU_XX__AUDIO_1005_ITH_SAD_XX_sadtalker.mp4,1,done,sadtalker,1005,ITH,neutral,sad,yes
FAKE_T3_1005_ITS_ANG_XX__AUDIO_1005_ITS_DIS_XX_sadtalker,data\synthetic\track3_fakes\videos\FAKE_T3_1005_ITS_ANG_XX__AUDIO_1005_ITS_DIS_XX_sadtalker.mp4,1,done,sadtalker,1005,ITS,angry,disgust,yes
FAKE_T3_1005_ITS_DIS_XX__AUDIO_1005_ITS_FEA_XX_sadtalker,data\synthetic\track3_fakes\videos\FAKE_T3_1005_ITS_DIS_XX__AUDIO_1005_ITS_FEA_XX_sadtalker.mp4,1,done,sadtalker,1005,ITS,disgust,fear,yes
FAKE_T3_1005_ITS_HAP_XX__AUDIO_1005_ITS_NEU_XX_sadtalker,data\synthetic\track3_fakes\videos\FAKE_T3_1005_ITS_HAP_XX__AUDIO_1005_ITS_NEU_XX_sadtalker.mp4,1,done,sadtalker,1005,ITS,happy,neutral,yes
FAKE_T3_1005_ITS_NEU_XX__AUDIO_1005_ITS_SAD_XX_sadtalker,data\synthetic\track3_fakes\videos\FAKE_T3_1005_ITS_NEU_XX__AUDIO_1005_ITS_SAD_XX_sadtalker.mp4,1,done,sadtalker,1005,ITS,neutral,sad,yes
FAKE_T3_1005_IWL_SAD_XX__AUDIO_1005_IWL_ANG_XX_sadtalker,data\synthetic\track3_fakes\videos\FAKE_T3_1005_IWL_SAD_XX__AUDIO_1005_IWL_ANG_XX_sadtalker.mp4,1,done,sadtalker,1005,IWL,sad,angry,yes
FAKE_T3_1005_IWW_ANG_XX__AUDIO_1005_IWW_DIS_XX_sadtalker,data\synthetic\track3_fakes\videos\FAKE_T3_1005_IWW_ANG_XX__AUDIO_1005_IWW_DIS_XX_sadtalker.mp4,1,done,sadtalker,1005,IWW,angry,disgust,yes
FAKE_T3_1005_IWW_SAD_XX__AUDIO_1005_IWW_ANG_XX_sadtalker,data\synthetic\track3_fakes\videos\FAKE_T3_1005_IWW_SAD_XX__AUDIO_1005_IWW_ANG_XX_sadtalker.mp4,1,done,sadtalker,1005,IWW,sad,angry,yes
FAKE_T3_1005_MTI_ANG_XX__AUDIO_1005_MTI_DIS_XX_sadtalker,data\synthetic\track3_fakes\videos\FAKE_T3_1005_MTI_ANG_XX__AUDIO_1005_MTI_DIS_XX_sadtalker.mp4,1,done,sadtalker,1005,MTI,angry,disgust,yes
FAKE_T3_1005_MTI_FEA_XX__AUDIO_1005_MTI_HAP_XX_sadtalker,data\synthetic\track3_fakes\videos\FAKE_T3_1005_MTI_FEA_XX__AUDIO_1005_MTI_HAP_XX_sadtalker.mp4,1,done,sadtalker,1005,MTI,fear,happy,yes
FAKE_T3_1005_MTI_HAP_XX__AUDIO_1005_MTI_NEU_XX_sadtalker,data\synthetic\track3_fakes\videos\FAKE_T3_1005_MTI_HAP_XX__AUDIO_1005_MTI_NEU_XX_sadtalker.mp4,1,done,sadtalker,1005,MTI,happy,neutral,yes
FAKE_T3_1005_TAI_DIS_XX__AUDIO_1005_TAI_FEA_XX_sadtalker,data\synthetic\track3_fakes\videos\FAKE_T3_1005_TAI_DIS_XX__AUDIO_1005_TAI_FEA_XX_sadtalker.mp4,1,done,sadtalker,1005,TAI,disgust,fear,yes
FAKE_T3_1005_TAI_SAD_XX__AUDIO_1005_TAI_ANG_XX_sadtalker,data\synthetic\track3_fakes\videos\FAKE_T3_1005_TAI_SAD_XX__AUDIO_1005_TAI_ANG_XX_sadtalker.mp4,1,done,sadtalker,1005,TAI,sad,angry,yes
FAKE_T3_1005_TIE_ANG_XX__AUDIO_1005_TIE_DIS_XX_sadtalker,data\synthetic\track3_fakes\videos\FAKE_T3_1005_TIE_ANG_XX__AUDIO_1005_TIE_DIS_XX_sadtalker.mp4,1,done,sadtalker,1005,TIE,angry,disgust,yes
FAKE_T3_1005_TIE_DIS_XX__AUDIO_1005_TIE_FEA_XX_sadtalker,data\synthetic\track3_fakes\videos\FAKE_T3_1005_TIE_DIS_XX__AUDIO_1005_TIE_FEA_XX_sadtalker.mp4,1,done,sadtalker,1005,TIE,disgust,fear,yes
FAKE_T3_1005_TSI_ANG_XX__AUDIO_1005_TSI_DIS_XX_sadtalker,data\synthetic\track3_fakes\videos\FAKE_T3_1005_TSI_ANG_XX__AUDIO_1005_TSI_DIS_XX_sadtalker.mp4,1,done,sadtalker,1005,TSI,angry,disgust,yes
FAKE_T3_1005_TSI_DIS_XX__AUDIO_1005_TSI_FEA_XX_sadtalker,data\synthetic\track3_fakes\videos\FAKE_T3_1005_TSI_DIS_XX__AUDIO_1005_TSI_FEA_XX_sadtalker.mp4,1,done,sadtalker,1005,TSI,disgust,fear,yes
FAKE_T3_1005_WSI_ANG_XX__AUDIO_1005_WSI_DIS_XX_sadtalker,data\synthetic\track3_fakes\videos\FAKE_T3_1005_WSI_ANG_XX__AUDIO_1005_WSI_DIS_XX_sadtalker.mp4,1,done,sadtalker,1005,WSI,angry,disgust,yes
FAKE_T3_1005_WSI_DIS_XX__AUDIO_1005_WSI_FEA_XX_sadtalker,data\synthetic\track3_fakes\videos\FAKE_T3_1005_WSI_DIS_XX__AUDIO_1005_WSI_FEA_XX_sadtalker.mp4,1,done,sadtalker,1005,WSI,disgust,fear,yes
FAKE_T3_1005_WSI_NEU_XX__AUDIO_1005_WSI_SAD_XX_sadtalker,data\synthetic\track3_fakes\videos\FAKE_T3_1005_WSI_NEU_XX__AUDIO_1005_WSI_SAD_XX_sadtalker.mp4,1,done,sadtalker,1005,WSI,neutral,sad,yes
FAKE_T3_1006_DFA_FEA_XX__AUDIO_1006_DFA_HAP_XX_sadtalker,data\synthetic\track3_fakes\videos\FAKE_T3_1006_DFA_FEA_XX__AUDIO_1006_DFA_HAP_XX_sadtalker.mp4,1,done,sadtalker,1006,DFA,fear,happy,yes
FAKE_T3_1006_DFA_NEU_XX__AUDIO_1006_DFA_SAD_XX_sadtalker,data\synthetic\track3_fakes\videos\FAKE_T3_1006_DFA_NEU_XX__AUDIO_1006_DFA_SAD_XX_sadtalker.mp4,1,done,sadtalker,1006,DFA,neutral,sad,yes
FAKE_T3_1006_DFA_SAD_XX__AUDIO_1006_DFA_ANG_XX_sadtalker,data\synthetic\track3_fakes\videos\FAKE_T3_1006_DFA_SAD_XX__AUDIO_1006_DFA_ANG_XX_sadtalker.mp4,1,done,sadtalker,1006,DFA,sad,angry,yes
FAKE_T3_1006_IEO_ANG_HI__AUDIO_1006_IEO_DIS_HI_sadtalker,data\synthetic\track3_fakes\videos\FAKE_T3_1006_IEO_ANG_HI__AUDIO_1006_IEO_DIS_HI_sadtalker.mp4,1,done,sadtalker,1006,IEO,angry,disgust,yes
FAKE_T3_1006_IEO_DIS_LO__AUDIO_1006_IEO_FEA_LO_sadtalker,data\synthetic\track3_fakes\videos\FAKE_T3_1006_IEO_DIS_LO__AUDIO_1006_IEO_FEA_LO_sadtalker.mp4,1,done,sadtalker,1006,IEO,disgust,fear,yes
FAKE_T3_1006_IEO_FEA_MD__AUDIO_1006_IEO_HAP_MD_sadtalker,data\synthetic\track3_fakes\videos\FAKE_T3_1006_IEO_FEA_MD__AUDIO_1006_IEO_HAP_MD_sadtalker.mp4,1,done,sadtalker,1006,IEO,fear,happy,yes
FAKE_T3_1006_IEO_HAP_MD__AUDIO_1006_IEO_NEU_XX_sadtalker,data\synthetic\track3_fakes\videos\FAKE_T3_1006_IEO_HAP_MD__AUDIO_1006_IEO_NEU_XX_sadtalker.mp4,1,done,sadtalker,1006,IEO,happy,neutral,yes
FAKE_T3_1006_IEO_NEU_XX__AUDIO_1006_IEO_SAD_HI_sadtalker,data\synthetic\track3_fakes\videos\FAKE_T3_1006_IEO_NEU_XX__AUDIO_1006_IEO_SAD_HI_sadtalker.mp4,1,done,sadtalker,1006,IEO,neutral,sad,yes
FAKE_T3_1006_IEO_SAD_LO__AUDIO_1006_IEO_ANG_LO_sadtalker,data\synthetic\track3_fakes\videos\FAKE_T3_1006_IEO_SAD_LO__AUDIO_1006_IEO_ANG_LO_sadtalker.mp4,1,done,sadtalker,1006,IEO,sad,angry,yes
FAKE_T3_1006_IOM_FEA_XX__AUDIO_1006_IOM_HAP_XX_sadtalker,data\synthetic\track3_fakes\videos\FAKE_T3_1006_IOM_FEA_XX__AUDIO_1006_IOM_HAP_XX_sadtalker.mp4,1,done,sadtalker,1006,IOM,fear,happy,yes
FAKE_T3_1006_IOM_HAP_XX__AUDIO_1006_IOM_NEU_XX_sadtalker,data\synthetic\track3_fakes\videos\FAKE_T3_1006_IOM_HAP_XX__AUDIO_1006_IOM_NEU_XX_sadtalker.mp4,1,done,sadtalker,1006,IOM,happy,neutral,yes
FAKE_T3_1006_IOM_NEU_XX__AUDIO_1006_IOM_SAD_XX_sadtalker,data\synthetic\track3_fakes\videos\FAKE_T3_1006_IOM_NEU_XX__AUDIO_1006_IOM_SAD_XX_sadtalker.mp4,1,done,sadtalker,1006,IOM,neutral,sad,yes
FAKE_T3_1006_IOM_SAD_XX__AUDIO_1006_IOM_ANG_XX_sadtalker,data\synthetic\track3_fakes\videos\FAKE_T3_1006_IOM_SAD_XX__AUDIO_1006_IOM_ANG_XX_sadtalker.mp4,1,done,sadtalker,1006,IOM,sad,angry,yes
FAKE_T3_1006_ITH_ANG_XX__AUDIO_1006_ITH_DIS_XX_sadtalker,data\synthetic\track3_fakes\videos\FAKE_T3_1006_ITH_ANG_XX__AUDIO_1006_ITH_DIS_XX_sadtalker.mp4,1,done,sadtalker,1006,ITH,angry,disgust,yes
FAKE_T3_1006_ITH_HAP_XX__AUDIO_1006_ITH_NEU_XX_sadtalker,data\synthetic\track3_fakes\videos\FAKE_T3_1006_ITH_HAP_XX__AUDIO_1006_ITH_NEU_XX_sadtalker.mp4,1,done,sadtalker,1006,ITH,happy,neutral,yes
FAKE_T3_1006_ITH_NEU_XX__AUDIO_1006_ITH_SAD_XX_sadtalker,data\synthetic\track3_fakes\videos\FAKE_T3_1006_ITH_NEU_XX__AUDIO_1006_ITH_SAD_XX_sadtalker.mp4,1,done,sadtalker,1006,ITH,neutral,sad,yes
FAKE_T3_1006_ITH_SAD_XX__AUDIO_1006_ITH_ANG_XX_sadtalker,data\synthetic\track3_fakes\videos\FAKE_T3_1006_ITH_SAD_XX__AUDIO_1006_ITH_ANG_XX_sadtalker.mp4,1,done,sadtalker,1006,ITH,sad,angry,yes
FAKE_T3_1006_ITS_ANG_XX__AUDIO_1006_ITS_DIS_XX_sadtalker,data\synthetic\track3_fakes\videos\FAKE_T3_1006_ITS_ANG_XX__AUDIO_1006_ITS_DIS_XX_sadtalker.mp4,1,done,sadtalker,1006,ITS,angry,disgust,yes
FAKE_T3_1006_ITS_DIS_XX__AUDIO_1006_ITS_FEA_XX_sadtalker,data\synthetic\track3_fakes\videos\FAKE_T3_1006_ITS_DIS_XX__AUDIO_1006_ITS_FEA_XX_sadtalker.mp4,1,done,sadtalker,1006,ITS,disgust,fear,yes
FAKE_T3_1006_ITS_HAP_XX__AUDIO_1006_ITS_NEU_XX_sadtalker,data\synthetic\track3_fakes\videos\FAKE_T3_1006_ITS_HAP_XX__AUDIO_1006_ITS_NEU_XX_sadtalker.mp4,1,done,sadtalker,1006,ITS,happy,neutral,yes
FAKE_T3_1006_ITS_SAD_XX__AUDIO_1006_ITS_ANG_XX_sadtalker,data\synthetic\track3_fakes\videos\FAKE_T3_1006_ITS_SAD_XX__AUDIO_1006_ITS_ANG_XX_sadtalker.mp4,1,done,sadtalker,1006,ITS,sad,angry,yes
FAKE_T3_1006_IWL_FEA_XX__AUDIO_1006_IWL_HAP_XX_sadtalker,data\synthetic\track3_fakes\videos\FAKE_T3_1006_IWL_FEA_XX__AUDIO_1006_IWL_HAP_XX_sadtalker.mp4,1,done,sadtalker,1006,IWL,fear,happy,yes
FAKE_T3_1006_IWL_HAP_XX__AUDIO_1006_IWL_NEU_XX_sadtalker,data\synthetic\track3_fakes\videos\FAKE_T3_1006_IWL_HAP_XX__AUDIO_1006_IWL_NEU_XX_sadtalker.mp4,1,done,sadtalker,1006,IWL,happy,neutral,yes
FAKE_T3_1006_IWW_DIS_XX__AUDIO_1006_IWW_FEA_XX_sadtalker,data\synthetic\track3_fakes\videos\FAKE_T3_1006_IWW_DIS_XX__AUDIO_1006_IWW_FEA_XX_sadtalker.mp4,1,done,sadtalker,1006,IWW,disgust,fear,yes
FAKE_T3_1006_IWW_HAP_XX__AUDIO_1006_IWW_NEU_XX_sadtalker,data\synthetic\track3_fakes\videos\FAKE_T3_1006_IWW_HAP_XX__AUDIO_1006_IWW_NEU_XX_sadtalker.mp4,1,done,sadtalker,1006,IWW,happy,neutral,yes
FAKE_T3_1006_MTI_DIS_XX__AUDIO_1006_MTI_FEA_XX_sadtalker,data\synthetic\track3_fakes\videos\FAKE_T3_1006_MTI_DIS_XX__AUDIO_1006_MTI_FEA_XX_sadtalker.mp4,1,done,sadtalker,1006,MTI,disgust,fear,yes
FAKE_T3_1006_MTI_HAP_XX__AUDIO_1006_MTI_NEU_XX_sadtalker,data\synthetic\track3_fakes\videos\FAKE_T3_1006_MTI_HAP_XX__AUDIO_1006_MTI_NEU_XX_sadtalker.mp4,1,done,sadtalker,1006,MTI,happy,neutral,yes
FAKE_T3_1006_TAI_ANG_XX__AUDIO_1006_TAI_DIS_XX_sadtalker,data\synthetic\track3_fakes\videos\FAKE_T3_1006_TAI_ANG_XX__AUDIO_1006_TAI_DIS_XX_sadtalker.mp4,1,done,sadtalker,1006,TAI,angry,disgust,yes
FAKE_T3_1006_TAI_FEA_XX__AUDIO_1006_TAI_HAP_XX_sadtalker,data\synthetic\track3_fakes\videos\FAKE_T3_1006_TAI_FEA_XX__AUDIO_1006_TAI_HAP_XX_sadtalker.mp4,1,done,sadtalker,1006,TAI,fear,happy,yes
FAKE_T3_1006_TAI_NEU_XX__AUDIO_1006_TAI_SAD_XX_sadtalker,data\synthetic\track3_fakes\videos\FAKE_T3_1006_TAI_NEU_XX__AUDIO_1006_TAI_SAD_XX_sadtalker.mp4,1,done,sadtalker,1006,TAI,neutral,sad,yes
FAKE_T3_1006_TAI_SAD_XX__AUDIO_1006_TAI_ANG_XX_sadtalker,data\synthetic\track3_fakes\videos\FAKE_T3_1006_TAI_SAD_XX__AUDIO_1006_TAI_ANG_XX_sadtalker.mp4,1,done,sadtalker,1006,TAI,sad,angry,yes
FAKE_T3_1006_TIE_HAP_XX__AUDIO_1006_TIE_NEU_XX_sadtalker,data\synthetic\track3_fakes\videos\FAKE_T3_1006_TIE_HAP_XX__AUDIO_1006_TIE_NEU_XX_sadtalker.mp4,1,done,sadtalker,1006,TIE,happy,neutral,yes
FAKE_T3_1006_TIE_NEU_XX__AUDIO_1006_TIE_SAD_XX_sadtalker,data\synthetic\track3_fakes\videos\FAKE_T3_1006_TIE_NEU_XX__AUDIO_1006_TIE_SAD_XX_sadtalker.mp4,1,done,sadtalker,1006,TIE,neutral,sad,yes
FAKE_T3_1006_TIE_SAD_XX__AUDIO_1006_TIE_ANG_XX_sadtalker,data\synthetic\track3_fakes\videos\FAKE_T3_1006_TIE_SAD_XX__AUDIO_1006_TIE_ANG_XX_sadtalker.mp4,1,done,sadtalker,1006,TIE,sad,angry,yes
FAKE_T3_1006_TSI_DIS_XX__AUDIO_1006_TSI_FEA_XX_sadtalker,data\synthetic\track3_fakes\videos\FAKE_T3_1006_TSI_DIS_XX__AUDIO_1006_TSI_FEA_XX_sadtalker.mp4,1,done,sadtalker,1006,TSI,disgust,fear,yes
FAKE_T3_1006_TSI_FEA_XX__AUDIO_1006_TSI_HAP_XX_sadtalker,data\synthetic\track3_fakes\videos\FAKE_T3_1006_TSI_FEA_XX__AUDIO_1006_TSI_HAP_XX_sadtalker.mp4,1,done,sadtalker,1006,TSI,fear,happy,yes
FAKE_T3_1006_TSI_SAD_XX__AUDIO_1006_TSI_ANG_XX_sadtalker,data\synthetic\track3_fakes\videos\FAKE_T3_1006_TSI_SAD_XX__AUDIO_1006_TSI_ANG_XX_sadtalker.mp4,1,done,sadtalker,1006,TSI,sad,angry,yes
FAKE_T3_1006_WSI_ANG_XX__AUDIO_1006_WSI_DIS_XX_sadtalker,data\synthetic\track3_fakes\videos\FAKE_T3_1006_WSI_ANG_XX__AUDIO_1006_WSI_DIS_XX_sadtalker.mp4,1,done,sadtalker,1006,WSI,angry,disgust,yes
FAKE_T3_1006_WSI_HAP_XX__AUDIO_1006_WSI_NEU_XX_sadtalker,data\synthetic\track3_fakes\videos\FAKE_T3_1006_WSI_HAP_XX__AUDIO_1006_WSI_NEU_XX_sadtalker.mp4,1,done,sadtalker,1006,WSI,happy,neutral,yes
FAKE_T3_1006_WSI_NEU_XX__AUDIO_1006_WSI_SAD_XX_sadtalker,data\synthetic\track3_fakes\videos\FAKE_T3_1006_WSI_NEU_XX__AUDIO_1006_WSI_SAD_XX_sadtalker.mp4,1,done,sadtalker,1006,WSI,neutral,sad,yes
FAKE_T3_1006_WSI_SAD_XX__AUDIO_1006_WSI_ANG_XX_sadtalker,data\synthetic\track3_fakes\videos\FAKE_T3_1006_WSI_SAD_XX__AUDIO_1006_WSI_ANG_XX_sadtalker.mp4,1,done,sadtalker,1006,WSI,sad,angry,yes
FAKE_T3_1007_DFA_ANG_XX__AUDIO_1007_DFA_DIS_XX_sadtalker,data\synthetic\track3_fakes\videos\FAKE_T3_1007_DFA_ANG_XX__AUDIO_1007_DFA_DIS_XX_sadtalker.mp4,1,done,sadtalker,1007,DFA,angry,disgust,yes
FAKE_T3_1007_DFA_FEA_XX__AUDIO_1007_DFA_HAP_XX_sadtalker,data\synthetic\track3_fakes\videos\FAKE_T3_1007_DFA_FEA_XX__AUDIO_1007_DFA_HAP_XX_sadtalker.mp4,1,done,sadtalker,1007,DFA,fear,happy,yes
FAKE_T3_1007_DFA_HAP_XX__AUDIO_1007_DFA_NEU_XX_sadtalker,data\synthetic\track3_fakes\videos\FAKE_T3_1007_DFA_HAP_XX__AUDIO_1007_DFA_NEU_XX_sadtalker.mp4,1,done,sadtalker,1007,DFA,happy,neutral,yes
FAKE_T3_1007_DFA_NEU_XX__AUDIO_1007_DFA_SAD_XX_sadtalker,data\synthetic\track3_fakes\videos\FAKE_T3_1007_DFA_NEU_XX__AUDIO_1007_DFA_SAD_XX_sadtalker.mp4,1,done,sadtalker,1007,DFA,neutral,sad,yes
FAKE_T3_1007_IEO_ANG_MD__AUDIO_1007_IEO_DIS_MD_sadtalker,data\synthetic\track3_fakes\videos\FAKE_T3_1007_IEO_ANG_MD__AUDIO_1007_IEO_DIS_MD_sadtalker.mp4,1,done,sadtalker,1007,IEO,angry,disgust,yes
FAKE_T3_1007_IEO_DIS_HI__AUDIO_1007_IEO_FEA_HI_sadtalker,data\synthetic\track3_fakes\videos\FAKE_T3_1007_IEO_DIS_HI__AUDIO_1007_IEO_FEA_HI_sadtalker.mp4,1,done,sadtalker,1007,IEO,disgust,fear,yes
FAKE_T3_1007_IEO_DIS_LO__AUDIO_1007_IEO_FEA_LO_sadtalker,data\synthetic\track3_fakes\videos\FAKE_T3_1007_IEO_DIS_LO__AUDIO_1007_IEO_FEA_LO_sadtalker.mp4,1,done,sadtalker,1007,IEO,disgust,fear,yes
FAKE_T3_1007_IEO_FEA_LO__AUDIO_1007_IEO_HAP_LO_sadtalker,data\synthetic\track3_fakes\videos\FAKE_T3_1007_IEO_FEA_LO__AUDIO_1007_IEO_HAP_LO_sadtalker.mp4,1,done,sadtalker,1007,IEO,fear,happy,yes
FAKE_T3_1007_IEO_HAP_HI__AUDIO_1007_IEO_NEU_XX_sadtalker,data\synthetic\track3_fakes\videos\FAKE_T3_1007_IEO_HAP_HI__AUDIO_1007_IEO_NEU_XX_sadtalker.mp4,1,done,sadtalker,1007,IEO,happy,neutral,yes
FAKE_T3_1007_IEO_HAP_LO__AUDIO_1007_IEO_NEU_XX_sadtalker,data\synthetic\track3_fakes\videos\FAKE_T3_1007_IEO_HAP_LO__AUDIO_1007_IEO_NEU_XX_sadtalker.mp4,1,done,sadtalker,1007,IEO,happy,neutral,yes
FAKE_T3_1007_IEO_SAD_MD__AUDIO_1007_IEO_ANG_MD_sadtalker,data\synthetic\track3_fakes\videos\FAKE_T3_1007_IEO_SAD_MD__AUDIO_1007_IEO_ANG_MD_sadtalker.mp4,1,done,sadtalker,1007,IEO,sad,angry,yes
FAKE_T3_1007_IOM_ANG_XX__AUDIO_1007_IOM_DIS_XX_sadtalker,data\synthetic\track3_fakes\videos\FAKE_T3_1007_IOM_ANG_XX__AUDIO_1007_IOM_DIS_XX_sadtalker.mp4,1,done,sadtalker,1007,IOM,angry,disgust,yes
FAKE_T3_1007_IOM_NEU_XX__AUDIO_1007_IOM_SAD_XX_sadtalker,data\synthetic\track3_fakes\videos\FAKE_T3_1007_IOM_NEU_XX__AUDIO_1007_IOM_SAD_XX_sadtalker.mp4,1,done,sadtalker,1007,IOM,neutral,sad,yes
FAKE_T3_1007_ITH_ANG_XX__AUDIO_1007_ITH_DIS_XX_sadtalker,data\synthetic\track3_fakes\videos\FAKE_T3_1007_ITH_ANG_XX__AUDIO_1007_ITH_DIS_XX_sadtalker.mp4,1,done,sadtalker,1007,ITH,angry,disgust,yes
FAKE_T3_1007_ITH_FEA_XX__AUDIO_1007_ITH_HAP_XX_sadtalker,data\synthetic\track3_fakes\videos\FAKE_T3_1007_ITH_FEA_XX__AUDIO_1007_ITH_HAP_XX_sadtalker.mp4,1,done,sadtalker,1007,ITH,fear,happy,yes
FAKE_T3_1007_ITH_HAP_XX__AUDIO_1007_ITH_NEU_XX_sadtalker,data\synthetic\track3_fakes\videos\FAKE_T3_1007_ITH_HAP_XX__AUDIO_1007_ITH_NEU_XX_sadtalker.mp4,1,done,sadtalker,1007,ITH,happy,neutral,yes
FAKE_T3_1007_ITH_SAD_XX__AUDIO_1007_ITH_ANG_XX_sadtalker,data\synthetic\track3_fakes\videos\FAKE_T3_1007_ITH_SAD_XX__AUDIO_1007_ITH_ANG_XX_sadtalker.mp4,1,done,sadtalker,1007,ITH,sad,angry,yes
FAKE_T3_1007_ITS_DIS_XX__AUDIO_1007_ITS_FEA_XX_sadtalker,data\synthetic\track3_fakes\videos\FAKE_T3_1007_ITS_DIS_XX__AUDIO_1007_ITS_FEA_XX_sadtalker.mp4,1,done,sadtalker,1007,ITS,disgust,fear,yes
FAKE_T3_1007_ITS_HAP_XX__AUDIO_1007_ITS_NEU_XX_sadtalker,data\synthetic\track3_fakes\videos\FAKE_T3_1007_ITS_HAP_XX__AUDIO_1007_ITS_NEU_XX_sadtalker.mp4,1,done,sadtalker,1007,ITS,happy,neutral,yes
FAKE_T3_1007_ITS_NEU_XX__AUDIO_1007_ITS_SAD_XX_sadtalker,data\synthetic\track3_fakes\videos\FAKE_T3_1007_ITS_NEU_XX__AUDIO_1007_ITS_SAD_XX_sadtalker.mp4,1,done,sadtalker,1007,ITS,neutral,sad,yes
FAKE_T3_1007_IWL_ANG_XX__AUDIO_1007_IWL_DIS_XX_sadtalker,data\synthetic\track3_fakes\videos\FAKE_T3_1007_IWL_ANG_XX__AUDIO_1007_IWL_DIS_XX_sadtalker.mp4,1,done,sadtalker,1007,IWL,angry,disgust,yes
FAKE_T3_1007_IWL_DIS_XX__AUDIO_1007_IWL_FEA_XX_sadtalker,data\synthetic\track3_fakes\videos\FAKE_T3_1007_IWL_DIS_XX__AUDIO_1007_IWL_FEA_XX_sadtalker.mp4,1,done,sadtalker,1007,IWL,disgust,fear,yes
FAKE_T3_1007_IWL_NEU_XX__AUDIO_1007_IWL_SAD_XX_sadtalker,data\synthetic\track3_fakes\videos\FAKE_T3_1007_IWL_NEU_XX__AUDIO_1007_IWL_SAD_XX_sadtalker.mp4,1,done,sadtalker,1007,IWL,neutral,sad,yes
FAKE_T3_1007_IWL_SAD_XX__AUDIO_1007_IWL_ANG_XX_sadtalker,data\synthetic\track3_fakes\videos\FAKE_T3_1007_IWL_SAD_XX__AUDIO_1007_IWL_ANG_XX_sadtalker.mp4,1,done,sadtalker,1007,IWL,sad,angry,yes
FAKE_T3_1007_IWW_ANG_XX__AUDIO_1007_IWW_DIS_XX_sadtalker,data\synthetic\track3_fakes\videos\FAKE_T3_1007_IWW_ANG_XX__AUDIO_1007_IWW_DIS_XX_sadtalker.mp4,1,done,sadtalker,1007,IWW,angry,disgust,yes
FAKE_T3_1007_IWW_DIS_XX__AUDIO_1007_IWW_FEA_XX_sadtalker,data\synthetic\track3_fakes\videos\FAKE_T3_1007_IWW_DIS_XX__AUDIO_1007_IWW_FEA_XX_sadtalker.mp4,1,done,sadtalker,1007,IWW,disgust,fear,yes
FAKE_T3_1007_IWW_FEA_XX__AUDIO_1007_IWW_HAP_XX_sadtalker,data\synthetic\track3_fakes\videos\FAKE_T3_1007_IWW_FEA_XX__AUDIO_1007_IWW_HAP_XX_sadtalker.mp4,1,done,sadtalker,1007,IWW,fear,happy,yes
FAKE_T3_1007_IWW_HAP_XX__AUDIO_1007_IWW_NEU_XX_sadtalker,data\synthetic\track3_fakes\videos\FAKE_T3_1007_IWW_HAP_XX__AUDIO_1007_IWW_NEU_XX_sadtalker.mp4,1,done,sadtalker,1007,IWW,happy,neutral,yes
FAKE_T3_1007_MTI_FEA_XX__AUDIO_1007_MTI_HAP_XX_sadtalker,data\synthetic\track3_fakes\videos\FAKE_T3_1007_MTI_FEA_XX__AUDIO_1007_MTI_HAP_XX_sadtalker.mp4,1,done,sadtalker,1007,MTI,fear,happy,yes
FAKE_T3_1007_MTI_HAP_XX__AUDIO_1007_MTI_NEU_XX_sadtalker,data\synthetic\track3_fakes\videos\FAKE_T3_1007_MTI_HAP_XX__AUDIO_1007_MTI_NEU_XX_sadtalker.mp4,1,done,sadtalker,1007,MTI,happy,neutral,yes
FAKE_T3_1007_TAI_DIS_XX__AUDIO_1007_TAI_FEA_XX_sadtalker,data\synthetic\track3_fakes\videos\FAKE_T3_1007_TAI_DIS_XX__AUDIO_1007_TAI_FEA_XX_sadtalker.mp4,1,done,sadtalker,1007,TAI,disgust,fear,yes
FAKE_T3_1007_TAI_FEA_XX__AUDIO_1007_TAI_HAP_XX_sadtalker,data\synthetic\track3_fakes\videos\FAKE_T3_1007_TAI_FEA_XX__AUDIO_1007_TAI_HAP_XX_sadtalker.mp4,1,done,sadtalker,1007,TAI,fear,happy,yes
FAKE_T3_1007_TAI_SAD_XX__AUDIO_1007_TAI_ANG_XX_sadtalker,data\synthetic\track3_fakes\videos\FAKE_T3_1007_TAI_SAD_XX__AUDIO_1007_TAI_ANG_XX_sadtalker.mp4,1,done,sadtalker,1007,TAI,sad,angry,yes
FAKE_T3_1007_TIE_DIS_XX__AUDIO_1007_TIE_FEA_XX_sadtalker,data\synthetic\track3_fakes\videos\FAKE_T3_1007_TIE_DIS_XX__AUDIO_1007_TIE_FEA_XX_sadtalker.mp4,1,done,sadtalker,1007,TIE,disgust,fear,yes
FAKE_T3_1007_TIE_FEA_XX__AUDIO_1007_TIE_HAP_XX_sadtalker,data\synthetic\track3_fakes\videos\FAKE_T3_1007_TIE_FEA_XX__AUDIO_1007_TIE_HAP_XX_sadtalker.mp4,1,done,sadtalker,1007,TIE,fear,happy,yes
FAKE_T3_1007_TSI_ANG_XX__AUDIO_1007_TSI_DIS_XX_sadtalker,data\synthetic\track3_fakes\videos\FAKE_T3_1007_TSI_ANG_XX__AUDIO_1007_TSI_DIS_XX_sadtalker.mp4,1,done,sadtalker,1007,TSI,angry,disgust,yes
FAKE_T3_1007_TSI_FEA_XX__AUDIO_1007_TSI_HAP_XX_sadtalker,data\synthetic\track3_fakes\videos\FAKE_T3_1007_TSI_FEA_XX__AUDIO_1007_TSI_HAP_XX_sadtalker.mp4,1,done,sadtalker,1007,TSI,fear,happy,yes
FAKE_T3_1007_TSI_NEU_XX__AUDIO_1007_TSI_SAD_XX_sadtalker,data\synthetic\track3_fakes\videos\FAKE_T3_1007_TSI_NEU_XX__AUDIO_1007_TSI_SAD_XX_sadtalker.mp4,1,done,sadtalker,1007,TSI,neutral,sad,yes
FAKE_T3_1007_WSI_ANG_XX__AUDIO_1007_WSI_DIS_XX_sadtalker,data\synthetic\track3_fakes\videos\FAKE_T3_1007_WSI_ANG_XX__AUDIO_1007_WSI_DIS_XX_sadtalker.mp4,1,done,sadtalker,1007,WSI,angry,disgust,yes
FAKE_T3_1007_WSI_NEU_XX__AUDIO_1007_WSI_SAD_XX_sadtalker,data\synthetic\track3_fakes\videos\FAKE_T3_1007_WSI_NEU_XX__AUDIO_1007_WSI_SAD_XX_sadtalker.mp4,1,done,sadtalker,1007,WSI,neutral,sad,yes
FAKE_T3_1007_WSI_SAD_XX__AUDIO_1007_WSI_ANG_XX_sadtalker,data\synthetic\track3_fakes\videos\FAKE_T3_1007_WSI_SAD_XX__AUDIO_1007_WSI_ANG_XX_sadtalker.mp4,1,done,sadtalker,1007,WSI,sad,angry,yes
FAKE_T3_1008_DFA_ANG_XX__AUDIO_1008_DFA_DIS_XX_sadtalker,data\synthetic\track3_fakes\videos\FAKE_T3_1008_DFA_ANG_XX__AUDIO_1008_DFA_DIS_XX_sadtalker.mp4,1,done,sadtalker,1008,DFA,angry,disgust,yes
FAKE_T3_1008_DFA_DIS_XX__AUDIO_1008_DFA_FEA_XX_sadtalker,data\synthetic\track3_fakes\videos\FAKE_T3_1008_DFA_DIS_XX__AUDIO_1008_DFA_FEA_XX_sadtalker.mp4,1,done,sadtalker,1008,DFA,disgust,fear,yes
FAKE_T3_1008_DFA_HAP_XX__AUDIO_1008_DFA_NEU_XX_sadtalker,data\synthetic\track3_fakes\videos\FAKE_T3_1008_DFA_HAP_XX__AUDIO_1008_DFA_NEU_XX_sadtalker.mp4,1,done,sadtalker,1008,DFA,happy,neutral,yes
FAKE_T3_1008_DFA_SAD_XX__AUDIO_1008_DFA_ANG_XX_sadtalker,data\synthetic\track3_fakes\videos\FAKE_T3_1008_DFA_SAD_XX__AUDIO_1008_DFA_ANG_XX_sadtalker.mp4,1,done,sadtalker,1008,DFA,sad,angry,yes
FAKE_T3_1008_IEO_ANG_HI__AUDIO_1008_IEO_DIS_HI_sadtalker,data\synthetic\track3_fakes\videos\FAKE_T3_1008_IEO_ANG_HI__AUDIO_1008_IEO_DIS_HI_sadtalker.mp4,1,done,sadtalker,1008,IEO,angry,disgust,yes
FAKE_T3_1008_IEO_ANG_MD__AUDIO_1008_IEO_DIS_MD_sadtalker,data\synthetic\track3_fakes\videos\FAKE_T3_1008_IEO_ANG_MD__AUDIO_1008_IEO_DIS_MD_sadtalker.mp4,1,done,sadtalker,1008,IEO,angry,disgust,yes
FAKE_T3_1008_IEO_FEA_HI__AUDIO_1008_IEO_HAP_HI_sadtalker,data\synthetic\track3_fakes\videos\FAKE_T3_1008_IEO_FEA_HI__AUDIO_1008_IEO_HAP_HI_sadtalker.mp4,1,done,sadtalker,1008,IEO,fear,happy,yes
FAKE_T3_1008_IEO_FEA_LO__AUDIO_1008_IEO_HAP_LO_sadtalker,data\synthetic\track3_fakes\videos\FAKE_T3_1008_IEO_FEA_LO__AUDIO_1008_IEO_HAP_LO_sadtalker.mp4,1,done,sadtalker,1008,IEO,fear,happy,yes
FAKE_T3_1008_IEO_FEA_MD__AUDIO_1008_IEO_HAP_MD_sadtalker,data\synthetic\track3_fakes\videos\FAKE_T3_1008_IEO_FEA_MD__AUDIO_1008_IEO_HAP_MD_sadtalker.mp4,1,done,sadtalker,1008,IEO,fear,happy,yes
FAKE_T3_1008_IEO_SAD_HI__AUDIO_1008_IEO_ANG_HI_sadtalker,data\synthetic\track3_fakes\videos\FAKE_T3_1008_IEO_SAD_HI__AUDIO_1008_IEO_ANG_HI_sadtalker.mp4,1,done,sadtalker,1008,IEO,sad,angry,yes
FAKE_T3_1008_IEO_SAD_LO__AUDIO_1008_IEO_ANG_LO_sadtalker,data\synthetic\track3_fakes\videos\FAKE_T3_1008_IEO_SAD_LO__AUDIO_1008_IEO_ANG_LO_sadtalker.mp4,1,done,sadtalker,1008,IEO,sad,angry,yes
FAKE_T3_1008_IEO_SAD_MD__AUDIO_1008_IEO_ANG_MD_sadtalker,data\synthetic\track3_fakes\videos\FAKE_T3_1008_IEO_SAD_MD__AUDIO_1008_IEO_ANG_MD_sadtalker.mp4,1,done,sadtalker,1008,IEO,sad,angry,yes
FAKE_T3_1008_IOM_ANG_XX__AUDIO_1008_IOM_DIS_XX_sadtalker,data\synthetic\track3_fakes\videos\FAKE_T3_1008_IOM_ANG_XX__AUDIO_1008_IOM_DIS_XX_sadtalker.mp4,1,done,sadtalker,1008,IOM,angry,disgust,yes
FAKE_T3_1008_IOM_HAP_XX__AUDIO_1008_IOM_NEU_XX_sadtalker,data\synthetic\track3_fakes\videos\FAKE_T3_1008_IOM_HAP_XX__AUDIO_1008_IOM_NEU_XX_sadtalker.mp4,1,done,sadtalker,1008,IOM,happy,neutral,yes
FAKE_T3_1008_IOM_NEU_XX__AUDIO_1008_IOM_SAD_XX_sadtalker,data\synthetic\track3_fakes\videos\FAKE_T3_1008_IOM_NEU_XX__AUDIO_1008_IOM_SAD_XX_sadtalker.mp4,1,done,sadtalker,1008,IOM,neutral,sad,yes
FAKE_T3_1008_ITH_HAP_XX__AUDIO_1008_ITH_NEU_XX_sadtalker,data\synthetic\track3_fakes\videos\FAKE_T3_1008_ITH_HAP_XX__AUDIO_1008_ITH_NEU_XX_sadtalker.mp4,1,done,sadtalker,1008,ITH,happy,neutral,yes
FAKE_T3_1008_ITH_SAD_XX__AUDIO_1008_ITH_ANG_XX_sadtalker,data\synthetic\track3_fakes\videos\FAKE_T3_1008_ITH_SAD_XX__AUDIO_1008_ITH_ANG_XX_sadtalker.mp4,1,done,sadtalker,1008,ITH,sad,angry,yes
FAKE_T3_1008_ITS_DIS_XX__AUDIO_1008_ITS_FEA_XX_sadtalker,data\synthetic\track3_fakes\videos\FAKE_T3_1008_ITS_DIS_XX__AUDIO_1008_ITS_FEA_XX_sadtalker.mp4,1,done,sadtalker,1008,ITS,disgust,fear,yes
FAKE_T3_1008_ITS_FEA_XX__AUDIO_1008_ITS_HAP_XX_sadtalker,data\synthetic\track3_fakes\videos\FAKE_T3_1008_ITS_FEA_XX__AUDIO_1008_ITS_HAP_XX_sadtalker.mp4,1,done,sadtalker,1008,ITS,fear,happy,yes
FAKE_T3_1008_ITS_NEU_XX__AUDIO_1008_ITS_SAD_XX_sadtalker,data\synthetic\track3_fakes\videos\FAKE_T3_1008_ITS_NEU_XX__AUDIO_1008_ITS_SAD_XX_sadtalker.mp4,1,done,sadtalker,1008,ITS,neutral,sad,yes
FAKE_T3_1008_IWL_FEA_XX__AUDIO_1008_IWL_HAP_XX_sadtalker,data\synthetic\track3_fakes\videos\FAKE_T3_1008_IWL_FEA_XX__AUDIO_1008_IWL_HAP_XX_sadtalker.mp4,1,done,sadtalker,1008,IWL,fear,happy,yes
FAKE_T3_1008_IWL_HAP_XX__AUDIO_1008_IWL_NEU_XX_sadtalker,data\synthetic\track3_fakes\videos\FAKE_T3_1008_IWL_HAP_XX__AUDIO_1008_IWL_NEU_XX_sadtalker.mp4,1,done,sadtalker,1008,IWL,happy,neutral,yes
FAKE_T3_1008_IWL_SAD_XX__AUDIO_1008_IWL_ANG_XX_sadtalker,data\synthetic\track3_fakes\videos\FAKE_T3_1008_IWL_SAD_XX__AUDIO_1008_IWL_ANG_XX_sadtalker.mp4,1,done,sadtalker,1008,IWL,sad,angry,yes
FAKE_T3_1008_IWW_ANG_XX__AUDIO_1008_IWW_DIS_XX_sadtalker,data\synthetic\track3_fakes\videos\FAKE_T3_1008_IWW_ANG_XX__AUDIO_1008_IWW_DIS_XX_sadtalker.mp4,1,done,sadtalker,1008,IWW,angry,disgust,yes
FAKE_T3_1008_IWW_DIS_XX__AUDIO_1008_IWW_FEA_XX_sadtalker,data\synthetic\track3_fakes\videos\FAKE_T3_1008_IWW_DIS_XX__AUDIO_1008_IWW_FEA_XX_sadtalker.mp4,1,done,sadtalker,1008,IWW,disgust,fear,yes
FAKE_T3_1008_IWW_FEA_XX__AUDIO_1008_IWW_HAP_XX_sadtalker,data\synthetic\track3_fakes\videos\FAKE_T3_1008_IWW_FEA_XX__AUDIO_1008_IWW_HAP_XX_sadtalker.mp4,1,done,sadtalker,1008,IWW,fear,happy,yes
FAKE_T3_1008_IWW_NEU_XX__AUDIO_1008_IWW_SAD_XX_sadtalker,data\synthetic\track3_fakes\videos\FAKE_T3_1008_IWW_NEU_XX__AUDIO_1008_IWW_SAD_XX_sadtalker.mp4,1,done,sadtalker,1008,IWW,neutral,sad,yes
FAKE_T3_1008_MTI_DIS_XX__AUDIO_1008_MTI_FEA_XX_sadtalker,data\synthetic\track3_fakes\videos\FAKE_T3_1008_MTI_DIS_XX__AUDIO_1008_MTI_FEA_XX_sadtalker.mp4,1,done,sadtalker,1008,MTI,disgust,fear,yes
FAKE_T3_1008_MTI_HAP_XX__AUDIO_1008_MTI_NEU_XX_sadtalker,data\synthetic\track3_fakes\videos\FAKE_T3_1008_MTI_HAP_XX__AUDIO_1008_MTI_NEU_XX_sadtalker.mp4,1,done,sadtalker,1008,MTI,happy,neutral,yes
FAKE_T3_1008_MTI_NEU_XX__AUDIO_1008_MTI_SAD_XX_sadtalker,data\synthetic\track3_fakes\videos\FAKE_T3_1008_MTI_NEU_XX__AUDIO_1008_MTI_SAD_XX_sadtalker.mp4,1,done,sadtalker,1008,MTI,neutral,sad,yes
FAKE_T3_1008_TAI_FEA_XX__AUDIO_1008_TAI_HAP_XX_sadtalker,data\synthetic\track3_fakes\videos\FAKE_T3_1008_TAI_FEA_XX__AUDIO_1008_TAI_HAP_XX_sadtalker.mp4,1,done,sadtalker,1008,TAI,fear,happy,yes
FAKE_T3_1008_TAI_NEU_XX__AUDIO_1008_TAI_SAD_XX_sadtalker,data\synthetic\track3_fakes\videos\FAKE_T3_1008_TAI_NEU_XX__AUDIO_1008_TAI_SAD_XX_sadtalker.mp4,1,done,sadtalker,1008,TAI,neutral,sad,yes
FAKE_T3_1008_TIE_DIS_XX__AUDIO_1008_TIE_FEA_XX_sadtalker,data\synthetic\track3_fakes\videos\FAKE_T3_1008_TIE_DIS_XX__AUDIO_1008_TIE_FEA_XX_sadtalker.mp4,1,done,sadtalker,1008,TIE,disgust,fear,yes
FAKE_T3_1008_TIE_FEA_XX__AUDIO_1008_TIE_HAP_XX_sadtalker,data\synthetic\track3_fakes\videos\FAKE_T3_1008_TIE_FEA_XX__AUDIO_1008_TIE_HAP_XX_sadtalker.mp4,1,done,sadtalker,1008,TIE,fear,happy,yes
FAKE_T3_1008_TIE_NEU_XX__AUDIO_1008_TIE_SAD_XX_sadtalker,data\synthetic\track3_fakes\videos\FAKE_T3_1008_TIE_NEU_XX__AUDIO_1008_TIE_SAD_XX_sadtalker.mp4,1,done,sadtalker,1008,TIE,neutral,sad,yes
FAKE_T3_1008_TSI_ANG_XX__AUDIO_1008_TSI_DIS_XX_sadtalker,data\synthetic\track3_fakes\videos\FAKE_T3_1008_TSI_ANG_XX__AUDIO_1008_TSI_DIS_XX_sadtalker.mp4,1,done,sadtalker,1008,TSI,angry,disgust,yes
FAKE_T3_1008_TSI_DIS_XX__AUDIO_1008_TSI_FEA_XX_sadtalker,data\synthetic\track3_fakes\videos\FAKE_T3_1008_TSI_DIS_XX__AUDIO_1008_TSI_FEA_XX_sadtalker.mp4,1,done,sadtalker,1008,TSI,disgust,fear,yes
FAKE_T3_1008_TSI_NEU_XX__AUDIO_1008_TSI_SAD_XX_sadtalker,data\synthetic\track3_fakes\videos\FAKE_T3_1008_TSI_NEU_XX__AUDIO_1008_TSI_SAD_XX_sadtalker.mp4,1,done,sadtalker,1008,TSI,neutral,sad,yes
FAKE_T3_1009_DFA_ANG_XX__AUDIO_1009_DFA_DIS_XX_sadtalker,data\synthetic\track3_fakes\videos\FAKE_T3_1009_DFA_ANG_XX__AUDIO_1009_DFA_DIS_XX_sadtalker.mp4,1,done,sadtalker,1009,DFA,angry,disgust,yes
FAKE_T3_1009_DFA_HAP_XX__AUDIO_1009_DFA_NEU_XX_sadtalker,data\synthetic\track3_fakes\videos\FAKE_T3_1009_DFA_HAP_XX__AUDIO_1009_DFA_NEU_XX_sadtalker.mp4,1,done,sadtalker,1009,DFA,happy,neutral,yes
FAKE_T3_1009_DFA_NEU_XX__AUDIO_1009_DFA_SAD_XX_sadtalker,data\synthetic\track3_fakes\videos\FAKE_T3_1009_DFA_NEU_XX__AUDIO_1009_DFA_SAD_XX_sadtalker.mp4,1,done,sadtalker,1009,DFA,neutral,sad,yes
FAKE_T3_1009_IEO_ANG_HI__AUDIO_1009_IEO_DIS_HI_sadtalker,data\synthetic\track3_fakes\videos\FAKE_T3_1009_IEO_ANG_HI__AUDIO_1009_IEO_DIS_HI_sadtalker.mp4,1,done,sadtalker,1009,IEO,angry,disgust,yes
FAKE_T3_1009_IEO_ANG_LO__AUDIO_1009_IEO_DIS_LO_sadtalker,data\synthetic\track3_fakes\videos\FAKE_T3_1009_IEO_ANG_LO__AUDIO_1009_IEO_DIS_LO_sadtalker.mp4,1,done,sadtalker,1009,IEO,angry,disgust,yes
FAKE_T3_1009_IEO_ANG_MD__AUDIO_1009_IEO_DIS_MD_sadtalker,data\synthetic\track3_fakes\videos\FAKE_T3_1009_IEO_ANG_MD__AUDIO_1009_IEO_DIS_MD_sadtalker.mp4,1,done,sadtalker,1009,IEO,angry,disgust,yes
FAKE_T3_1009_IEO_FEA_HI__AUDIO_1009_IEO_HAP_HI_sadtalker,data\synthetic\track3_fakes\videos\FAKE_T3_1009_IEO_FEA_HI__AUDIO_1009_IEO_HAP_HI_sadtalker.mp4,1,done,sadtalker,1009,IEO,fear,happy,yes
FAKE_T3_1009_IEO_FEA_LO__AUDIO_1009_IEO_HAP_LO_sadtalker,data\synthetic\track3_fakes\videos\FAKE_T3_1009_IEO_FEA_LO__AUDIO_1009_IEO_HAP_LO_sadtalker.mp4,1,done,sadtalker,1009,IEO,fear,happy,yes
FAKE_T3_1009_IEO_NEU_XX__AUDIO_1009_IEO_SAD_HI_sadtalker,data\synthetic\track3_fakes\videos\FAKE_T3_1009_IEO_NEU_XX__AUDIO_1009_IEO_SAD_HI_sadtalker.mp4,1,done,sadtalker,1009,IEO,neutral,sad,yes
FAKE_T3_1009_IEO_SAD_LO__AUDIO_1009_IEO_ANG_LO_sadtalker,data\synthetic\track3_fakes\videos\FAKE_T3_1009_IEO_SAD_LO__AUDIO_1009_IEO_ANG_LO_sadtalker.mp4,1,done,sadtalker,1009,IEO,sad,angry,yes
FAKE_T3_1009_IOM_ANG_XX__AUDIO_1009_IOM_DIS_XX_sadtalker,data\synthetic\track3_fakes\videos\FAKE_T3_1009_IOM_ANG_XX__AUDIO_1009_IOM_DIS_XX_sadtalker.mp4,1,done,sadtalker,1009,IOM,angry,disgust,yes
FAKE_T3_1009_IOM_HAP_XX__AUDIO_1009_IOM_NEU_XX_sadtalker,data\synthetic\track3_fakes\videos\FAKE_T3_1009_IOM_HAP_XX__AUDIO_1009_IOM_NEU_XX_sadtalker.mp4,1,done,sadtalker,1009,IOM,happy,neutral,yes
FAKE_T3_1009_ITH_ANG_XX__AUDIO_1009_ITH_DIS_XX_sadtalker,data\synthetic\track3_fakes\videos\FAKE_T3_1009_ITH_ANG_XX__AUDIO_1009_ITH_DIS_XX_sadtalker.mp4,1,done,sadtalker,1009,ITH,angry,disgust,yes
FAKE_T3_1009_ITH_NEU_XX__AUDIO_1009_ITH_SAD_XX_sadtalker,data\synthetic\track3_fakes\videos\FAKE_T3_1009_ITH_NEU_XX__AUDIO_1009_ITH_SAD_XX_sadtalker.mp4,1,done,sadtalker,1009,ITH,neutral,sad,yes
FAKE_T3_1009_ITS_ANG_XX__AUDIO_1009_ITS_DIS_XX_sadtalker,data\synthetic\track3_fakes\videos\FAKE_T3_1009_ITS_ANG_XX__AUDIO_1009_ITS_DIS_XX_sadtalker.mp4,1,done,sadtalker,1009,ITS,angry,disgust,yes
FAKE_T3_1009_ITS_DIS_XX__AUDIO_1009_ITS_FEA_XX_sadtalker,data\synthetic\track3_fakes\videos\FAKE_T3_1009_ITS_DIS_XX__AUDIO_1009_ITS_FEA_XX_sadtalker.mp4,1,done,sadtalker,1009,ITS,disgust,fear,yes
FAKE_T3_1009_ITS_FEA_XX__AUDIO_1009_ITS_HAP_XX_sadtalker,data\synthetic\track3_fakes\videos\FAKE_T3_1009_ITS_FEA_XX__AUDIO_1009_ITS_HAP_XX_sadtalker.mp4,1,done,sadtalker,1009,ITS,fear,happy,yes
FAKE_T3_1009_ITS_HAP_XX__AUDIO_1009_ITS_NEU_XX_sadtalker,data\synthetic\track3_fakes\videos\FAKE_T3_1009_ITS_HAP_XX__AUDIO_1009_ITS_NEU_XX_sadtalker.mp4,1,done,sadtalker,1009,ITS,happy,neutral,yes
FAKE_T3_1009_IWL_ANG_XX__AUDIO_1009_IWL_DIS_XX_sadtalker,data\synthetic\track3_fakes\videos\FAKE_T3_1009_IWL_ANG_XX__AUDIO_1009_IWL_DIS_XX_sadtalker.mp4,1,done,sadtalker,1009,IWL,angry,disgust,yes
FAKE_T3_1009_IWL_FEA_XX__AUDIO_1009_IWL_HAP_XX_sadtalker,data\synthetic\track3_fakes\videos\FAKE_T3_1009_IWL_FEA_XX__AUDIO_1009_IWL_HAP_XX_sadtalker.mp4,1,done,sadtalker,1009,IWL,fear,happy,yes
FAKE_T3_1009_IWL_NEU_XX__AUDIO_1009_IWL_SAD_XX_sadtalker,data\synthetic\track3_fakes\videos\FAKE_T3_1009_IWL_NEU_XX__AUDIO_1009_IWL_SAD_XX_sadtalker.mp4,1,done,sadtalker,1009,IWL,neutral,sad,yes
FAKE_T3_1009_IWW_ANG_XX__AUDIO_1009_IWW_DIS_XX_sadtalker,data\synthetic\track3_fakes\videos\FAKE_T3_1009_IWW_ANG_XX__AUDIO_1009_IWW_DIS_XX_sadtalker.mp4,1,done,sadtalker,1009,IWW,angry,disgust,yes
FAKE_T3_1009_IWW_FEA_XX__AUDIO_1009_IWW_HAP_XX_sadtalker,data\synthetic\track3_fakes\videos\FAKE_T3_1009_IWW_FEA_XX__AUDIO_1009_IWW_HAP_XX_sadtalker.mp4,1,done,sadtalker,1009,IWW,fear,happy,yes
FAKE_T3_1009_IWW_HAP_XX__AUDIO_1009_IWW_NEU_XX_sadtalker,data\synthetic\track3_fakes\videos\FAKE_T3_1009_IWW_HAP_XX__AUDIO_1009_IWW_NEU_XX_sadtalker.mp4,1,done,sadtalker,1009,IWW,happy,neutral,yes
FAKE_T3_1009_IWW_NEU_XX__AUDIO_1009_IWW_SAD_XX_sadtalker,data\synthetic\track3_fakes\videos\FAKE_T3_1009_IWW_NEU_XX__AUDIO_1009_IWW_SAD_XX_sadtalker.mp4,1,done,sadtalker,1009,IWW,neutral,sad,yes
FAKE_T3_1009_TAI_ANG_XX__AUDIO_1009_TAI_DIS_XX_sadtalker,data\synthetic\track3_fakes\videos\FAKE_T3_1009_TAI_ANG_XX__AUDIO_1009_TAI_DIS_XX_sadtalker.mp4,1,done,sadtalker,1009,TAI,angry,disgust,yes
FAKE_T3_1009_TAI_DIS_XX__AUDIO_1009_TAI_FEA_XX_sadtalker,data\synthetic\track3_fakes\videos\FAKE_T3_1009_TAI_DIS_XX__AUDIO_1009_TAI_FEA_XX_sadtalker.mp4,1,done,sadtalker,1009,TAI,disgust,fear,yes
FAKE_T3_1009_TAI_HAP_XX__AUDIO_1009_TAI_NEU_XX_sadtalker,data\synthetic\track3_fakes\videos\FAKE_T3_1009_TAI_HAP_XX__AUDIO_1009_TAI_NEU_XX_sadtalker.mp4,1,done,sadtalker,1009,TAI,happy,neutral,yes
FAKE_T3_1009_TAI_SAD_XX__AUDIO_1009_TAI_ANG_XX_sadtalker,data\synthetic\track3_fakes\videos\FAKE_T3_1009_TAI_SAD_XX__AUDIO_1009_TAI_ANG_XX_sadtalker.mp4,1,done,sadtalker,1009,TAI,sad,angry,yes
FAKE_T3_1009_TIE_DIS_XX__AUDIO_1009_TIE_FEA_XX_sadtalker,data\synthetic\track3_fakes\videos\FAKE_T3_1009_TIE_DIS_XX__AUDIO_1009_TIE_FEA_XX_sadtalker.mp4,1,done,sadtalker,1009,TIE,disgust,fear,yes
FAKE_T3_1009_TIE_FEA_XX__AUDIO_1009_TIE_HAP_XX_sadtalker,data\synthetic\track3_fakes\videos\FAKE_T3_1009_TIE_FEA_XX__AUDIO_1009_TIE_HAP_XX_sadtalker.mp4,1,done,sadtalker,1009,TIE,fear,happy,yes
FAKE_T3_1009_TIE_HAP_XX__AUDIO_1009_TIE_NEU_XX_sadtalker,data\synthetic\track3_fakes\videos\FAKE_T3_1009_TIE_HAP_XX__AUDIO_1009_TIE_NEU_XX_sadtalker.mp4,1,done,sadtalker,1009,TIE,happy,neutral,yes
FAKE_T3_1009_TIE_NEU_XX__AUDIO_1009_TIE_SAD_XX_sadtalker,data\synthetic\track3_fakes\videos\FAKE_T3_1009_TIE_NEU_XX__AUDIO_1009_TIE_SAD_XX_sadtalker.mp4,1,done,sadtalker,1009,TIE,neutral,sad,yes
FAKE_T3_1009_TSI_FEA_XX__AUDIO_1009_TSI_HAP_XX_sadtalker,data\synthetic\track3_fakes\videos\FAKE_T3_1009_TSI_FEA_XX__AUDIO_1009_TSI_HAP_XX_sadtalker.mp4,1,done,sadtalker,1009,TSI,fear,happy,yes
FAKE_T3_1009_TSI_SAD_XX__AUDIO_1009_TSI_ANG_XX_sadtalker,data\synthetic\track3_fakes\videos\FAKE_T3_1009_TSI_SAD_XX__AUDIO_1009_TSI_ANG_XX_sadtalker.mp4,1,done,sadtalker,1009,TSI,sad,angry,yes
FAKE_T3_1009_WSI_FEA_XX__AUDIO_1009_WSI_HAP_XX_sadtalker,data\synthetic\track3_fakes\videos\FAKE_T3_1009_WSI_FEA_XX__AUDIO_1009_WSI_HAP_XX_sadtalker.mp4,1,done,sadtalker,1009,WSI,fear,happy,yes
FAKE_T3_1009_WSI_NEU_XX__AUDIO_1009_WSI_SAD_XX_sadtalker,data\synthetic\track3_fakes\videos\FAKE_T3_1009_WSI_NEU_XX__AUDIO_1009_WSI_SAD_XX_sadtalker.mp4,1,done,sadtalker,1009,WSI,neutral,sad,yes
FAKE_T3_1009_WSI_SAD_XX__AUDIO_1009_WSI_ANG_XX_sadtalker,data\synthetic\track3_fakes\videos\FAKE_T3_1009_WSI_SAD_XX__AUDIO_1009_WSI_ANG_XX_sadtalker.mp4,1,done,sadtalker,1009,WSI,sad,angry,yes
FAKE_T3_1010_DFA_ANG_XX__AUDIO_1010_DFA_DIS_XX_sadtalker,data\synthetic\track3_fakes\videos\FAKE_T3_1010_DFA_ANG_XX__AUDIO_1010_DFA_DIS_XX_sadtalker.mp4,1,done,sadtalker,1010,DFA,angry,disgust,yes
FAKE_T3_1010_DFA_NEU_XX__AUDIO_1010_DFA_SAD_XX_sadtalker,data\synthetic\track3_fakes\videos\FAKE_T3_1010_DFA_NEU_XX__AUDIO_1010_DFA_SAD_XX_sadtalker.mp4,1,done,sadtalker,1010,DFA,neutral,sad,yes
FAKE_T3_1010_DFA_SAD_XX__AUDIO_1010_DFA_ANG_XX_sadtalker,data\synthetic\track3_fakes\videos\FAKE_T3_1010_DFA_SAD_XX__AUDIO_1010_DFA_ANG_XX_sadtalker.mp4,1,done,sadtalker,1010,DFA,sad,angry,yes
FAKE_T3_1010_IEO_ANG_MD__AUDIO_1010_IEO_DIS_MD_sadtalker,data\synthetic\track3_fakes\videos\FAKE_T3_1010_IEO_ANG_MD__AUDIO_1010_IEO_DIS_MD_sadtalker.mp4,1,done,sadtalker,1010,IEO,angry,disgust,yes
FAKE_T3_1010_IEO_DIS_HI__AUDIO_1010_IEO_FEA_HI_sadtalker,data\synthetic\track3_fakes\videos\FAKE_T3_1010_IEO_DIS_HI__AUDIO_1010_IEO_FEA_HI_sadtalker.mp4,1,done,sadtalker,1010,IEO,disgust,fear,yes
FAKE_T3_1010_IEO_DIS_MD__AUDIO_1010_IEO_FEA_MD_sadtalker,data\synthetic\track3_fakes\videos\FAKE_T3_1010_IEO_DIS_MD__AUDIO_1010_IEO_FEA_MD_sadtalker.mp4,1,done,sadtalker,1010,IEO,disgust,fear,yes
FAKE_T3_1010_IEO_FEA_LO__AUDIO_1010_IEO_HAP_LO_sadtalker,data\synthetic\track3_fakes\videos\FAKE_T3_1010_IEO_FEA_LO__AUDIO_1010_IEO_HAP_LO_sadtalker.mp4,1,done,sadtalker,1010,IEO,fear,happy,yes
FAKE_T3_1010_IEO_FEA_MD__AUDIO_1010_IEO_HAP_MD_sadtalker,data\synthetic\track3_fakes\videos\FAKE_T3_1010_IEO_FEA_MD__AUDIO_1010_IEO_HAP_MD_sadtalker.mp4,1,done,sadtalker,1010,IEO,fear,happy,yes
FAKE_T3_1010_IEO_HAP_LO__AUDIO_1010_IEO_NEU_XX_sadtalker,data\synthetic\track3_fakes\videos\FAKE_T3_1010_IEO_HAP_LO__AUDIO_1010_IEO_NEU_XX_sadtalker.mp4,1,done,sadtalker,1010,IEO,happy,neutral,yes
FAKE_T3_1010_IEO_SAD_MD__AUDIO_1010_IEO_ANG_MD_sadtalker,data\synthetic\track3_fakes\videos\FAKE_T3_1010_IEO_SAD_MD__AUDIO_1010_IEO_ANG_MD_sadtalker.mp4,1,done,sadtalker,1010,IEO,sad,angry,yes
FAKE_T3_1010_IOM_DIS_XX__AUDIO_1010_IOM_FEA_XX_sadtalker,data\synthetic\track3_fakes\videos\FAKE_T3_1010_IOM_DIS_XX__AUDIO_1010_IOM_FEA_XX_sadtalker.mp4,1,done,sadtalker,1010,IOM,disgust,fear,yes
FAKE_T3_1010_IOM_HAP_XX__AUDIO_1010_IOM_NEU_XX_sadtalker,data\synthetic\track3_fakes\videos\FAKE_T3_1010_IOM_HAP_XX__AUDIO_1010_IOM_NEU_XX_sadtalker.mp4,1,done,sadtalker,1010,IOM,happy,neutral,yes
FAKE_T3_1010_IOM_NEU_XX__AUDIO_1010_IOM_SAD_XX_sadtalker,data\synthetic\track3_fakes\videos\FAKE_T3_1010_IOM_NEU_XX__AUDIO_1010_IOM_SAD_XX_sadtalker.mp4,1,done,sadtalker,1010,IOM,neutral,sad,yes
FAKE_T3_1010_IOM_SAD_XX__AUDIO_1010_IOM_ANG_XX_sadtalker,data\synthetic\track3_fakes\videos\FAKE_T3_1010_IOM_SAD_XX__AUDIO_1010_IOM_ANG_XX_sadtalker.mp4,1,done,sadtalker,1010,IOM,sad,angry,yes
FAKE_T3_1010_ITH_ANG_XX__AUDIO_1010_ITH_DIS_XX_sadtalker,data\synthetic\track3_fakes\videos\FAKE_T3_1010_ITH_ANG_XX__AUDIO_1010_ITH_DIS_XX_sadtalker.mp4,1,done,sadtalker,1010,ITH,angry,disgust,yes
FAKE_T3_1010_ITH_DIS_XX__AUDIO_1010_ITH_FEA_XX_sadtalker,data\synthetic\track3_fakes\videos\FAKE_T3_1010_ITH_DIS_XX__AUDIO_1010_ITH_FEA_XX_sadtalker.mp4,1,done,sadtalker,1010,ITH,disgust,fear,yes
FAKE_T3_1010_ITH_FEA_XX__AUDIO_1010_ITH_HAP_XX_sadtalker,data\synthetic\track3_fakes\videos\FAKE_T3_1010_ITH_FEA_XX__AUDIO_1010_ITH_HAP_XX_sadtalker.mp4,1,done,sadtalker,1010,ITH,fear,happy,yes
FAKE_T3_1010_ITH_HAP_XX__AUDIO_1010_ITH_NEU_XX_sadtalker,data\synthetic\track3_fakes\videos\FAKE_T3_1010_ITH_HAP_XX__AUDIO_1010_ITH_NEU_XX_sadtalker.mp4,1,done,sadtalker,1010,ITH,happy,neutral,yes
FAKE_T3_1010_ITH_NEU_XX__AUDIO_1010_ITH_SAD_XX_sadtalker,data\synthetic\track3_fakes\videos\FAKE_T3_1010_ITH_NEU_XX__AUDIO_1010_ITH_SAD_XX_sadtalker.mp4,1,done,sadtalker,1010,ITH,neutral,sad,yes
FAKE_T3_1010_ITS_DIS_XX__AUDIO_1010_ITS_FEA_XX_sadtalker,data\synthetic\track3_fakes\videos\FAKE_T3_1010_ITS_DIS_XX__AUDIO_1010_ITS_FEA_XX_sadtalker.mp4,1,done,sadtalker,1010,ITS,disgust,fear,yes
FAKE_T3_1010_ITS_SAD_XX__AUDIO_1010_ITS_ANG_XX_sadtalker,data\synthetic\track3_fakes\videos\FAKE_T3_1010_ITS_SAD_XX__AUDIO_1010_ITS_ANG_XX_sadtalker.mp4,1,done,sadtalker,1010,ITS,sad,angry,yes
FAKE_T3_1010_IWL_DIS_XX__AUDIO_1010_IWL_FEA_XX_sadtalker,data\synthetic\track3_fakes\videos\FAKE_T3_1010_IWL_DIS_XX__AUDIO_1010_IWL_FEA_XX_sadtalker.mp4,1,done,sadtalker,1010,IWL,disgust,fear,yes
FAKE_T3_1010_IWL_HAP_XX__AUDIO_1010_IWL_NEU_XX_sadtalker,data\synthetic\track3_fakes\videos\FAKE_T3_1010_IWL_HAP_XX__AUDIO_1010_IWL_NEU_XX_sadtalker.mp4,1,done,sadtalker,1010,IWL,happy,neutral,yes
FAKE_T3_1010_IWL_NEU_XX__AUDIO_1010_IWL_SAD_XX_sadtalker,data\synthetic\track3_fakes\videos\FAKE_T3_1010_IWL_NEU_XX__AUDIO_1010_IWL_SAD_XX_sadtalker.mp4,1,done,sadtalker,1010,IWL,neutral,sad,yes
FAKE_T3_1010_IWW_ANG_XX__AUDIO_1010_IWW_DIS_XX_sadtalker,data\synthetic\track3_fakes\videos\FAKE_T3_1010_IWW_ANG_XX__AUDIO_1010_IWW_DIS_XX_sadtalker.mp4,1,done,sadtalker,1010,IWW,angry,disgust,yes
FAKE_T3_1010_IWW_SAD_XX__AUDIO_1010_IWW_ANG_XX_sadtalker,data\synthetic\track3_fakes\videos\FAKE_T3_1010_IWW_SAD_XX__AUDIO_1010_IWW_ANG_XX_sadtalker.mp4,1,done,sadtalker,1010,IWW,sad,angry,yes
FAKE_T3_1010_MTI_ANG_XX__AUDIO_1010_MTI_DIS_XX_sadtalker,data\synthetic\track3_fakes\videos\FAKE_T3_1010_MTI_ANG_XX__AUDIO_1010_MTI_DIS_XX_sadtalker.mp4,1,done,sadtalker,1010,MTI,angry,disgust,yes
FAKE_T3_1010_MTI_FEA_XX__AUDIO_1010_MTI_HAP_XX_sadtalker,data\synthetic\track3_fakes\videos\FAKE_T3_1010_MTI_FEA_XX__AUDIO_1010_MTI_HAP_XX_sadtalker.mp4,1,done,sadtalker,1010,MTI,fear,happy,yes
FAKE_T3_1010_MTI_HAP_XX__AUDIO_1010_MTI_NEU_XX_sadtalker,data\synthetic\track3_fakes\videos\FAKE_T3_1010_MTI_HAP_XX__AUDIO_1010_MTI_NEU_XX_sadtalker.mp4,1,done,sadtalker,1010,MTI,happy,neutral,yes
FAKE_T3_1010_TAI_DIS_XX__AUDIO_1010_TAI_FEA_XX_sadtalker,data\synthetic\track3_fakes\videos\FAKE_T3_1010_TAI_DIS_XX__AUDIO_1010_TAI_FEA_XX_sadtalker.mp4,1,done,sadtalker,1010,TAI,disgust,fear,yes
FAKE_T3_1010_TAI_FEA_XX__AUDIO_1010_TAI_HAP_XX_sadtalker,data\synthetic\track3_fakes\videos\FAKE_T3_1010_TAI_FEA_XX__AUDIO_1010_TAI_HAP_XX_sadtalker.mp4,1,done,sadtalker,1010,TAI,fear,happy,yes
FAKE_T3_1010_TAI_HAP_XX__AUDIO_1010_TAI_NEU_XX_sadtalker,data\synthetic\track3_fakes\videos\FAKE_T3_1010_TAI_HAP_XX__AUDIO_1010_TAI_NEU_XX_sadtalker.mp4,1,done,sadtalker,1010,TAI,happy,neutral,yes
FAKE_T3_1010_TIE_ANG_XX__AUDIO_1010_TIE_DIS_XX_sadtalker,data\synthetic\track3_fakes\videos\FAKE_T3_1010_TIE_ANG_XX__AUDIO_1010_TIE_DIS_XX_sadtalker.mp4,1,done,sadtalker,1010,TIE,angry,disgust,yes
FAKE_T3_1010_TIE_NEU_XX__AUDIO_1010_TIE_SAD_XX_sadtalker,data\synthetic\track3_fakes\videos\FAKE_T3_1010_TIE_NEU_XX__AUDIO_1010_TIE_SAD_XX_sadtalker.mp4,1,done,sadtalker,1010,TIE,neutral,sad,yes
FAKE_T3_1010_TIE_SAD_XX__AUDIO_1010_TIE_ANG_XX_sadtalker,data\synthetic\track3_fakes\videos\FAKE_T3_1010_TIE_SAD_XX__AUDIO_1010_TIE_ANG_XX_sadtalker.mp4,1,done,sadtalker,1010,TIE,sad,angry,yes
FAKE_T3_1010_TSI_ANG_XX__AUDIO_1010_TSI_DIS_XX_sadtalker,data\synthetic\track3_fakes\videos\FAKE_T3_1010_TSI_ANG_XX__AUDIO_1010_TSI_DIS_XX_sadtalker.mp4,1,done,sadtalker,1010,TSI,angry,disgust,yes
FAKE_T3_1010_TSI_FEA_XX__AUDIO_1010_TSI_HAP_XX_sadtalker,data\synthetic\track3_fakes\videos\FAKE_T3_1010_TSI_FEA_XX__AUDIO_1010_TSI_HAP_XX_sadtalker.mp4,1,done,sadtalker,1010,TSI,fear,happy,yes
FAKE_T3_1010_TSI_HAP_XX__AUDIO_1010_TSI_NEU_XX_sadtalker,data\synthetic\track3_fakes\videos\FAKE_T3_1010_TSI_HAP_XX__AUDIO_1010_TSI_NEU_XX_sadtalker.mp4,1,done,sadtalker,1010,TSI,happy,neutral,yes
FAKE_T3_1010_TSI_NEU_XX__AUDIO_1010_TSI_SAD_XX_sadtalker,data\synthetic\track3_fakes\videos\FAKE_T3_1010_TSI_NEU_XX__AUDIO_1010_TSI_SAD_XX_sadtalker.mp4,1,done,sadtalker,1010,TSI,neutral,sad,yes
FAKE_T3_1010_TSI_SAD_XX__AUDIO_1010_TSI_ANG_XX_sadtalker,data\synthetic\track3_fakes\videos\FAKE_T3_1010_TSI_SAD_XX__AUDIO_1010_TSI_ANG_XX_sadtalker.mp4,1,done,sadtalker,1010,TSI,sad,angry,yes
FAKE_T3_1010_WSI_DIS_XX__AUDIO_1010_WSI_FEA_XX_sadtalker,data\synthetic\track3_fakes\videos\FAKE_T3_1010_WSI_DIS_XX__AUDIO_1010_WSI_FEA_XX_sadtalker.mp4,1,done,sadtalker,1010,WSI,disgust,fear,yes
FAKE_T3_1011_DFA_ANG_XX__AUDIO_1011_DFA_DIS_XX_sadtalker,data\synthetic\track3_fakes\videos\FAKE_T3_1011_DFA_ANG_XX__AUDIO_1011_DFA_DIS_XX_sadtalker.mp4,1,done,sadtalker,1011,DFA,angry,disgust,yes
FAKE_T3_1011_DFA_HAP_XX__AUDIO_1011_DFA_NEU_XX_sadtalker,data\synthetic\track3_fakes\videos\FAKE_T3_1011_DFA_HAP_XX__AUDIO_1011_DFA_NEU_XX_sadtalker.mp4,1,done,sadtalker,1011,DFA,happy,neutral,yes
FAKE_T3_1011_DFA_NEU_XX__AUDIO_1011_DFA_SAD_XX_sadtalker,data\synthetic\track3_fakes\videos\FAKE_T3_1011_DFA_NEU_XX__AUDIO_1011_DFA_SAD_XX_sadtalker.mp4,1,done,sadtalker,1011,DFA,neutral,sad,yes
FAKE_T3_1011_DFA_SAD_XX__AUDIO_1011_DFA_ANG_XX_sadtalker,data\synthetic\track3_fakes\videos\FAKE_T3_1011_DFA_SAD_XX__AUDIO_1011_DFA_ANG_XX_sadtalker.mp4,1,done,sadtalker,1011,DFA,sad,angry,yes
FAKE_T3_1011_IEO_DIS_HI__AUDIO_1011_IEO_FEA_HI_sadtalker,data\synthetic\track3_fakes\videos\FAKE_T3_1011_IEO_DIS_HI__AUDIO_1011_IEO_FEA_HI_sadtalker.mp4,1,done,sadtalker,1011,IEO,disgust,fear,yes
FAKE_T3_1011_IEO_DIS_LO__AUDIO_1011_IEO_FEA_LO_sadtalker,data\synthetic\track3_fakes\videos\FAKE_T3_1011_IEO_DIS_LO__AUDIO_1011_IEO_FEA_LO_sadtalker.mp4,1,done,sadtalker,1011,IEO,disgust,fear,yes
FAKE_T3_1011_IEO_DIS_MD__AUDIO_1011_IEO_FEA_MD_sadtalker,data\synthetic\track3_fakes\videos\FAKE_T3_1011_IEO_DIS_MD__AUDIO_1011_IEO_FEA_MD_sadtalker.mp4,1,done,sadtalker,1011,IEO,disgust,fear,yes
FAKE_T3_1011_IEO_HAP_HI__AUDIO_1011_IEO_NEU_XX_sadtalker,data\synthetic\track3_fakes\videos\FAKE_T3_1011_IEO_HAP_HI__AUDIO_1011_IEO_NEU_XX_sadtalker.mp4,1,done,sadtalker,1011,IEO,happy,neutral,yes
FAKE_T3_1011_IEO_HAP_MD__AUDIO_1011_IEO_NEU_XX_sadtalker,data\synthetic\track3_fakes\videos\FAKE_T3_1011_IEO_HAP_MD__AUDIO_1011_IEO_NEU_XX_sadtalker.mp4,1,done,sadtalker,1011,IEO,happy,neutral,yes
FAKE_T3_1011_IEO_NEU_XX__AUDIO_1011_IEO_SAD_HI_sadtalker,data\synthetic\track3_fakes\videos\FAKE_T3_1011_IEO_NEU_XX__AUDIO_1011_IEO_SAD_HI_sadtalker.mp4,1,done,sadtalker,1011,IEO,neutral,sad,yes
FAKE_T3_1011_IEO_SAD_HI__AUDIO_1011_IEO_ANG_HI_sadtalker,data\synthetic\track3_fakes\videos\FAKE_T3_1011_IEO_SAD_HI__AUDIO_1011_IEO_ANG_HI_sadtalker.mp4,1,done,sadtalker,1011,IEO,sad,angry,yes
FAKE_T3_1011_IEO_SAD_LO__AUDIO_1011_IEO_ANG_LO_sadtalker,data\synthetic\track3_fakes\videos\FAKE_T3_1011_IEO_SAD_LO__AUDIO_1011_IEO_ANG_LO_sadtalker.mp4,1,done,sadtalker,1011,IEO,sad,angry,yes
FAKE_T3_1011_IOM_ANG_XX__AUDIO_1011_IOM_DIS_XX_sadtalker,data\synthetic\track3_fakes\videos\FAKE_T3_1011_IOM_ANG_XX__AUDIO_1011_IOM_DIS_XX_sadtalker.mp4,1,done,sadtalker,1011,IOM,angry,disgust,yes
FAKE_T3_1011_IOM_FEA_XX__AUDIO_1011_IOM_HAP_XX_sadtalker,data\synthetic\track3_fakes\videos\FAKE_T3_1011_IOM_FEA_XX__AUDIO_1011_IOM_HAP_XX_sadtalker.mp4,1,done,sadtalker,1011,IOM,fear,happy,yes
FAKE_T3_1011_IOM_NEU_XX__AUDIO_1011_IOM_SAD_XX_sadtalker,data\synthetic\track3_fakes\videos\FAKE_T3_1011_IOM_NEU_XX__AUDIO_1011_IOM_SAD_XX_sadtalker.mp4,1,done,sadtalker,1011,IOM,neutral,sad,yes
FAKE_T3_1011_ITH_DIS_XX__AUDIO_1011_ITH_FEA_XX_sadtalker,data\synthetic\track3_fakes\videos\FAKE_T3_1011_ITH_DIS_XX__AUDIO_1011_ITH_FEA_XX_sadtalker.mp4,1,done,sadtalker,1011,ITH,disgust,fear,yes
FAKE_T3_1011_ITH_FEA_XX__AUDIO_1011_ITH_HAP_XX_sadtalker,data\synthetic\track3_fakes\videos\FAKE_T3_1011_ITH_FEA_XX__AUDIO_1011_ITH_HAP_XX_sadtalker.mp4,1,done,sadtalker,1011,ITH,fear,happy,yes
FAKE_T3_1011_ITH_NEU_XX__AUDIO_1011_ITH_SAD_XX_sadtalker,data\synthetic\track3_fakes\videos\FAKE_T3_1011_ITH_NEU_XX__AUDIO_1011_ITH_SAD_XX_sadtalker.mp4,1,done,sadtalker,1011,ITH,neutral,sad,yes
FAKE_T3_1011_IWL_ANG_XX__AUDIO_1011_IWL_DIS_XX_sadtalker,data\synthetic\track3_fakes\videos\FAKE_T3_1011_IWL_ANG_XX__AUDIO_1011_IWL_DIS_XX_sadtalker.mp4,1,done,sadtalker,1011,IWL,angry,disgust,yes
FAKE_T3_1011_IWL_FEA_XX__AUDIO_1011_IWL_HAP_XX_sadtalker,data\synthetic\track3_fakes\videos\FAKE_T3_1011_IWL_FEA_XX__AUDIO_1011_IWL_HAP_XX_sadtalker.mp4,1,done,sadtalker,1011,IWL,fear,happy,yes
FAKE_T3_1011_IWL_NEU_XX__AUDIO_1011_IWL_SAD_XX_sadtalker,data\synthetic\track3_fakes\videos\FAKE_T3_1011_IWL_NEU_XX__AUDIO_1011_IWL_SAD_XX_sadtalker.mp4,1,done,sadtalker,1011,IWL,neutral,sad,yes
FAKE_T3_1011_IWW_ANG_XX__AUDIO_1011_IWW_DIS_XX_sadtalker,data\synthetic\track3_fakes\videos\FAKE_T3_1011_IWW_ANG_XX__AUDIO_1011_IWW_DIS_XX_sadtalker.mp4,1,done,sadtalker,1011,IWW,angry,disgust,yes
FAKE_T3_1011_IWW_DIS_XX__AUDIO_1011_IWW_FEA_XX_sadtalker,data\synthetic\track3_fakes\videos\FAKE_T3_1011_IWW_DIS_XX__AUDIO_1011_IWW_FEA_XX_sadtalker.mp4,1,done,sadtalker,1011,IWW,disgust,fear,yes
FAKE_T3_1011_IWW_FEA_XX__AUDIO_1011_IWW_HAP_XX_sadtalker,data\synthetic\track3_fakes\videos\FAKE_T3_1011_IWW_FEA_XX__AUDIO_1011_IWW_HAP_XX_sadtalker.mp4,1,done,sadtalker,1011,IWW,fear,happy,yes
FAKE_T3_1011_IWW_HAP_XX__AUDIO_1011_IWW_NEU_XX_sadtalker,data\synthetic\track3_fakes\videos\FAKE_T3_1011_IWW_HAP_XX__AUDIO_1011_IWW_NEU_XX_sadtalker.mp4,1,done,sadtalker,1011,IWW,happy,neutral,yes
FAKE_T3_1011_IWW_NEU_XX__AUDIO_1011_IWW_SAD_XX_sadtalker,data\synthetic\track3_fakes\videos\FAKE_T3_1011_IWW_NEU_XX__AUDIO_1011_IWW_SAD_XX_sadtalker.mp4,1,done,sadtalker,1011,IWW,neutral,sad,yes
FAKE_T3_1011_MTI_ANG_XX__AUDIO_1011_MTI_DIS_XX_sadtalker,data\synthetic\track3_fakes\videos\FAKE_T3_1011_MTI_ANG_XX__AUDIO_1011_MTI_DIS_XX_sadtalker.mp4,1,done,sadtalker,1011,MTI,angry,disgust,yes
FAKE_T3_1011_MTI_DIS_XX__AUDIO_1011_MTI_FEA_XX_sadtalker,data\synthetic\track3_fakes\videos\FAKE_T3_1011_MTI_DIS_XX__AUDIO_1011_MTI_FEA_XX_sadtalker.mp4,1,done,sadtalker,1011,MTI,disgust,fear,yes
FAKE_T3_1011_MTI_FEA_XX__AUDIO_1011_MTI_HAP_XX_sadtalker,data\synthetic\track3_fakes\videos\FAKE_T3_1011_MTI_FEA_XX__AUDIO_1011_MTI_HAP_XX_sadtalker.mp4,1,done,sadtalker,1011,MTI,fear,happy,yes
FAKE_T3_1011_MTI_NEU_XX__AUDIO_1011_MTI_SAD_XX_sadtalker,data\synthetic\track3_fakes\videos\FAKE_T3_1011_MTI_NEU_XX__AUDIO_1011_MTI_SAD_XX_sadtalker.mp4,1,done,sadtalker,1011,MTI,neutral,sad,yes
FAKE_T3_1011_TAI_DIS_XX__AUDIO_1011_TAI_FEA_XX_sadtalker,data\synthetic\track3_fakes\videos\FAKE_T3_1011_TAI_DIS_XX__AUDIO_1011_TAI_FEA_XX_sadtalker.mp4,1,done,sadtalker,1011,TAI,disgust,fear,yes
FAKE_T3_1011_TAI_FEA_XX__AUDIO_1011_TAI_HAP_XX_sadtalker,data\synthetic\track3_fakes\videos\FAKE_T3_1011_TAI_FEA_XX__AUDIO_1011_TAI_HAP_XX_sadtalker.mp4,1,done,sadtalker,1011,TAI,fear,happy,yes
FAKE_T3_1011_TIE_ANG_XX__AUDIO_1011_TIE_DIS_XX_sadtalker,data\synthetic\track3_fakes\videos\FAKE_T3_1011_TIE_ANG_XX__AUDIO_1011_TIE_DIS_XX_sadtalker.mp4,1,done,sadtalker,1011,TIE,angry,disgust,yes
FAKE_T3_1011_TIE_DIS_XX__AUDIO_1011_TIE_FEA_XX_sadtalker,data\synthetic\track3_fakes\videos\FAKE_T3_1011_TIE_DIS_XX__AUDIO_1011_TIE_FEA_XX_sadtalker.mp4,1,done,sadtalker,1011,TIE,disgust,fear,yes
FAKE_T3_1011_TIE_FEA_XX__AUDIO_1011_TIE_HAP_XX_sadtalker,data\synthetic\track3_fakes\videos\FAKE_T3_1011_TIE_FEA_XX__AUDIO_1011_TIE_HAP_XX_sadtalker.mp4,1,done,sadtalker,1011,TIE,fear,happy,yes
FAKE_T3_1011_TIE_NEU_XX__AUDIO_1011_TIE_SAD_XX_sadtalker,data\synthetic\track3_fakes\videos\FAKE_T3_1011_TIE_NEU_XX__AUDIO_1011_TIE_SAD_XX_sadtalker.mp4,1,done,sadtalker,1011,TIE,neutral,sad,yes
FAKE_T3_1011_TSI_ANG_XX__AUDIO_1011_TSI_DIS_XX_sadtalker,data\synthetic\track3_fakes\videos\FAKE_T3_1011_TSI_ANG_XX__AUDIO_1011_TSI_DIS_XX_sadtalker.mp4,1,done,sadtalker,1011,TSI,angry,disgust,yes
FAKE_T3_1011_TSI_DIS_XX__AUDIO_1011_TSI_FEA_XX_sadtalker,data\synthetic\track3_fakes\videos\FAKE_T3_1011_TSI_DIS_XX__AUDIO_1011_TSI_FEA_XX_sadtalker.mp4,1,done,sadtalker,1011,TSI,disgust,fear,yes
FAKE_T3_1011_TSI_NEU_XX__AUDIO_1011_TSI_SAD_XX_sadtalker,data\synthetic\track3_fakes\videos\FAKE_T3_1011_TSI_NEU_XX__AUDIO_1011_TSI_SAD_XX_sadtalker.mp4,1,done,sadtalker,1011,TSI,neutral,sad,yes
FAKE_T3_1011_TSI_SAD_XX__AUDIO_1011_TSI_ANG_XX_sadtalker,data\synthetic\track3_fakes\videos\FAKE_T3_1011_TSI_SAD_XX__AUDIO_1011_TSI_ANG_XX_sadtalker.mp4,1,done,sadtalker,1011,TSI,sad,angry,yes
FAKE_T3_1011_WSI_HAP_XX__AUDIO_1011_WSI_NEU_XX_sadtalker,data\synthetic\track3_fakes\videos\FAKE_T3_1011_WSI_HAP_XX__AUDIO_1011_WSI_NEU_XX_sadtalker.mp4,1,done,sadtalker,1011,WSI,happy,neutral,yes
FAKE_T3_1012_DFA_DIS_XX__AUDIO_1012_DFA_FEA_XX_sadtalker,data\synthetic\track3_fakes\videos\FAKE_T3_1012_DFA_DIS_XX__AUDIO_1012_DFA_FEA_XX_sadtalker.mp4,1,done,sadtalker,1012,DFA,disgust,fear,yes
FAKE_T3_1012_DFA_HAP_XX__AUDIO_1012_DFA_NEU_XX_sadtalker,data\synthetic\track3_fakes\videos\FAKE_T3_1012_DFA_HAP_XX__AUDIO_1012_DFA_NEU_XX_sadtalker.mp4,1,done,sadtalker,1012,DFA,happy,neutral,yes
FAKE_T3_1012_DFA_NEU_XX__AUDIO_1012_DFA_SAD_XX_sadtalker,data\synthetic\track3_fakes\videos\FAKE_T3_1012_DFA_NEU_XX__AUDIO_1012_DFA_SAD_XX_sadtalker.mp4,1,done,sadtalker,1012,DFA,neutral,sad,yes
FAKE_T3_1012_IEO_ANG_MD__AUDIO_1012_IEO_DIS_MD_sadtalker,data\synthetic\track3_fakes\videos\FAKE_T3_1012_IEO_ANG_MD__AUDIO_1012_IEO_DIS_MD_sadtalker.mp4,1,done,sadtalker,1012,IEO,angry,disgust,yes
FAKE_T3_1012_IEO_DIS_HI__AUDIO_1012_IEO_FEA_HI_sadtalker,data\synthetic\track3_fakes\videos\FAKE_T3_1012_IEO_DIS_HI__AUDIO_1012_IEO_FEA_HI_sadtalker.mp4,1,done,sadtalker,1012,IEO,disgust,fear,yes
FAKE_T3_1012_IEO_FEA_LO__AUDIO_1012_IEO_HAP_LO_sadtalker,data\synthetic\track3_fakes\videos\FAKE_T3_1012_IEO_FEA_LO__AUDIO_1012_IEO_HAP_LO_sadtalker.mp4,1,done,sadtalker,1012,IEO,fear,happy,yes
FAKE_T3_1012_IEO_HAP_HI__AUDIO_1012_IEO_NEU_XX_sadtalker,data\synthetic\track3_fakes\videos\FAKE_T3_1012_IEO_HAP_HI__AUDIO_1012_IEO_NEU_XX_sadtalker.mp4,1,done,sadtalker,1012,IEO,happy,neutral,yes
FAKE_T3_1012_IEO_HAP_MD__AUDIO_1012_IEO_NEU_XX_sadtalker,data\synthetic\track3_fakes\videos\FAKE_T3_1012_IEO_HAP_MD__AUDIO_1012_IEO_NEU_XX_sadtalker.mp4,1,done,sadtalker,1012,IEO,happy,neutral,yes
FAKE_T3_1012_IEO_SAD_HI__AUDIO_1012_IEO_ANG_HI_sadtalker,data\synthetic\track3_fakes\videos\FAKE_T3_1012_IEO_SAD_HI__AUDIO_1012_IEO_ANG_HI_sadtalker.mp4,1,done,sadtalker,1012,IEO,sad,angry,yes
FAKE_T3_1012_IEO_SAD_MD__AUDIO_1012_IEO_ANG_MD_sadtalker,data\synthetic\track3_fakes\videos\FAKE_T3_1012_IEO_SAD_MD__AUDIO_1012_IEO_ANG_MD_sadtalker.mp4,1,done,sadtalker,1012,IEO,sad,angry,yes
FAKE_T3_1012_IOM_ANG_XX__AUDIO_1012_IOM_DIS_XX_sadtalker,data\synthetic\track3_fakes\videos\FAKE_T3_1012_IOM_ANG_XX__AUDIO_1012_IOM_DIS_XX_sadtalker.mp4,1,done,sadtalker,1012,IOM,angry,disgust,yes
FAKE_T3_1012_IOM_DIS_XX__AUDIO_1012_IOM_FEA_XX_sadtalker,data\synthetic\track3_fakes\videos\FAKE_T3_1012_IOM_DIS_XX__AUDIO_1012_IOM_FEA_XX_sadtalker.mp4,1,done,sadtalker,1012,IOM,disgust,fear,yes
FAKE_T3_1012_IOM_NEU_XX__AUDIO_1012_IOM_SAD_XX_sadtalker,data\synthetic\track3_fakes\videos\FAKE_T3_1012_IOM_NEU_XX__AUDIO_1012_IOM_SAD_XX_sadtalker.mp4,1,done,sadtalker,1012,IOM,neutral,sad,yes
FAKE_T3_1012_IOM_SAD_XX__AUDIO_1012_IOM_ANG_XX_sadtalker,data\synthetic\track3_fakes\videos\FAKE_T3_1012_IOM_SAD_XX__AUDIO_1012_IOM_ANG_XX_sadtalker.mp4,1,done,sadtalker,1012,IOM,sad,angry,yes
FAKE_T3_1012_ITH_ANG_XX__AUDIO_1012_ITH_DIS_XX_sadtalker,data\synthetic\track3_fakes\videos\FAKE_T3_1012_ITH_ANG_XX__AUDIO_1012_ITH_DIS_XX_sadtalker.mp4,1,done,sadtalker,1012,ITH,angry,disgust,yes
FAKE_T3_1012_ITH_DIS_XX__AUDIO_1012_ITH_FEA_XX_sadtalker,data\synthetic\track3_fakes\videos\FAKE_T3_1012_ITH_DIS_XX__AUDIO_1012_ITH_FEA_XX_sadtalker.mp4,1,done,sadtalker,1012,ITH,disgust,fear,yes
FAKE_T3_1012_ITH_FEA_XX__AUDIO_1012_ITH_HAP_XX_sadtalker,data\synthetic\track3_fakes\videos\FAKE_T3_1012_ITH_FEA_XX__AUDIO_1012_ITH_HAP_XX_sadtalker.mp4,1,done,sadtalker,1012,ITH,fear,happy,yes
FAKE_T3_1012_ITH_HAP_XX__AUDIO_1012_ITH_NEU_XX_sadtalker,data\synthetic\track3_fakes\videos\FAKE_T3_1012_ITH_HAP_XX__AUDIO_1012_ITH_NEU_XX_sadtalker.mp4,1,done,sadtalker,1012,ITH,happy,neutral,yes
FAKE_T3_1012_ITH_SAD_XX__AUDIO_1012_ITH_ANG_XX_sadtalker,data\synthetic\track3_fakes\videos\FAKE_T3_1012_ITH_SAD_XX__AUDIO_1012_ITH_ANG_XX_sadtalker.mp4,1,done,sadtalker,1012,ITH,sad,angry,yes
FAKE_T3_1012_ITS_ANG_XX__AUDIO_1012_ITS_DIS_XX_sadtalker,data\synthetic\track3_fakes\videos\FAKE_T3_1012_ITS_ANG_XX__AUDIO_1012_ITS_DIS_XX_sadtalker.mp4,1,done,sadtalker,1012,ITS,angry,disgust,yes
FAKE_T3_1012_ITS_DIS_XX__AUDIO_1012_ITS_FEA_XX_sadtalker,data\synthetic\track3_fakes\videos\FAKE_T3_1012_ITS_DIS_XX__AUDIO_1012_ITS_FEA_XX_sadtalker.mp4,1,done,sadtalker,1012,ITS,disgust,fear,yes
FAKE_T3_1012_ITS_HAP_XX__AUDIO_1012_ITS_NEU_XX_sadtalker,data\synthetic\track3_fakes\videos\FAKE_T3_1012_ITS_HAP_XX__AUDIO_1012_ITS_NEU_XX_sadtalker.mp4,1,done,sadtalker,1012,ITS,happy,neutral,yes
FAKE_T3_1012_ITS_NEU_XX__AUDIO_1012_ITS_SAD_XX_sadtalker,data\synthetic\track3_fakes\videos\FAKE_T3_1012_ITS_NEU_XX__AUDIO_1012_ITS_SAD_XX_sadtalker.mp4,1,done,sadtalker,1012,ITS,neutral,sad,yes
FAKE_T3_1012_ITS_SAD_XX__AUDIO_1012_ITS_ANG_XX_sadtalker,data\synthetic\track3_fakes\videos\FAKE_T3_1012_ITS_SAD_XX__AUDIO_1012_ITS_ANG_XX_sadtalker.mp4,1,done,sadtalker,1012,ITS,sad,angry,yes
FAKE_T3_1012_IWL_ANG_XX__AUDIO_1012_IWL_DIS_XX_sadtalker,data\synthetic\track3_fakes\videos\FAKE_T3_1012_IWL_ANG_XX__AUDIO_1012_IWL_DIS_XX_sadtalker.mp4,1,done,sadtalker,1012,IWL,angry,disgust,yes
FAKE_T3_1012_IWL_DIS_XX__AUDIO_1012_IWL_FEA_XX_sadtalker,data\synthetic\track3_fakes\videos\FAKE_T3_1012_IWL_DIS_XX__AUDIO_1012_IWL_FEA_XX_sadtalker.mp4,1,done,sadtalker,1012,IWL,disgust,fear,yes
FAKE_T3_1012_IWW_DIS_XX__AUDIO_1012_IWW_FEA_XX_sadtalker,data\synthetic\track3_fakes\videos\FAKE_T3_1012_IWW_DIS_XX__AUDIO_1012_IWW_FEA_XX_sadtalker.mp4,1,done,sadtalker,1012,IWW,disgust,fear,yes
FAKE_T3_1012_IWW_FEA_XX__AUDIO_1012_IWW_HAP_XX_sadtalker,data\synthetic\track3_fakes\videos\FAKE_T3_1012_IWW_FEA_XX__AUDIO_1012_IWW_HAP_XX_sadtalker.mp4,1,done,sadtalker,1012,IWW,fear,happy,yes
FAKE_T3_1012_IWW_NEU_XX__AUDIO_1012_IWW_SAD_XX_sadtalker,data\synthetic\track3_fakes\videos\FAKE_T3_1012_IWW_NEU_XX__AUDIO_1012_IWW_SAD_XX_sadtalker.mp4,1,done,sadtalker,1012,IWW,neutral,sad,yes
FAKE_T3_1012_MTI_DIS_XX__AUDIO_1012_MTI_FEA_XX_sadtalker,data\synthetic\track3_fakes\videos\FAKE_T3_1012_MTI_DIS_XX__AUDIO_1012_MTI_FEA_XX_sadtalker.mp4,1,done,sadtalker,1012,MTI,disgust,fear,yes
FAKE_T3_1012_MTI_FEA_XX__AUDIO_1012_MTI_HAP_XX_sadtalker,data\synthetic\track3_fakes\videos\FAKE_T3_1012_MTI_FEA_XX__AUDIO_1012_MTI_HAP_XX_sadtalker.mp4,1,done,sadtalker,1012,MTI,fear,happy,yes
FAKE_T3_1012_MTI_HAP_XX__AUDIO_1012_MTI_NEU_XX_sadtalker,data\synthetic\track3_fakes\videos\FAKE_T3_1012_MTI_HAP_XX__AUDIO_1012_MTI_NEU_XX_sadtalker.mp4,1,done,sadtalker,1012,MTI,happy,neutral,yes
FAKE_T3_1012_TAI_FEA_XX__AUDIO_1012_TAI_HAP_XX_sadtalker,data\synthetic\track3_fakes\videos\FAKE_T3_1012_TAI_FEA_XX__AUDIO_1012_TAI_HAP_XX_sadtalker.mp4,1,done,sadtalker,1012,TAI,fear,happy,yes
FAKE_T3_1012_TAI_HAP_XX__AUDIO_1012_TAI_NEU_XX_sadtalker,data\synthetic\track3_fakes\videos\FAKE_T3_1012_TAI_HAP_XX__AUDIO_1012_TAI_NEU_XX_sadtalker.mp4,1,done,sadtalker,1012,TAI,happy,neutral,yes
FAKE_T3_1012_TAI_SAD_XX__AUDIO_1012_TAI_ANG_XX_sadtalker,data\synthetic\track3_fakes\videos\FAKE_T3_1012_TAI_SAD_XX__AUDIO_1012_TAI_ANG_XX_sadtalker.mp4,1,done,sadtalker,1012,TAI,sad,angry,yes
FAKE_T3_1012_TIE_DIS_XX__AUDIO_1012_TIE_FEA_XX_sadtalker,data\synthetic\track3_fakes\videos\FAKE_T3_1012_TIE_DIS_XX__AUDIO_1012_TIE_FEA_XX_sadtalker.mp4,1,done,sadtalker,1012,TIE,disgust,fear,yes
FAKE_T3_1012_TSI_ANG_XX__AUDIO_1012_TSI_DIS_XX_sadtalker,data\synthetic\track3_fakes\videos\FAKE_T3_1012_TSI_ANG_XX__AUDIO_1012_TSI_DIS_XX_sadtalker.mp4,1,done,sadtalker,1012,TSI,angry,disgust,yes
FAKE_T3_1012_TSI_FEA_XX__AUDIO_1012_TSI_HAP_XX_sadtalker,data\synthetic\track3_fakes\videos\FAKE_T3_1012_TSI_FEA_XX__AUDIO_1012_TSI_HAP_XX_sadtalker.mp4,1,done,sadtalker,1012,TSI,fear,happy,yes
FAKE_T3_1012_WSI_ANG_XX__AUDIO_1012_WSI_DIS_XX_sadtalker,data\synthetic\track3_fakes\videos\FAKE_T3_1012_WSI_ANG_XX__AUDIO_1012_WSI_DIS_XX_sadtalker.mp4,1,done,sadtalker,1012,WSI,angry,disgust,yes
FAKE_T3_1012_WSI_FEA_XX__AUDIO_1012_WSI_HAP_XX_sadtalker,data\synthetic\track3_fakes\videos\FAKE_T3_1012_WSI_FEA_XX__AUDIO_1012_WSI_HAP_XX_sadtalker.mp4,1,done,sadtalker,1012,WSI,fear,happy,yes
FAKE_T3_1012_WSI_NEU_XX__AUDIO_1012_WSI_SAD_XX_sadtalker,data\synthetic\track3_fakes\videos\FAKE_T3_1012_WSI_NEU_XX__AUDIO_1012_WSI_SAD_XX_sadtalker.mp4,1,done,sadtalker,1012,WSI,neutral,sad,yes
FAKE_T3_1013_DFA_DIS_XX__AUDIO_1013_DFA_FEA_XX_sadtalker,data\synthetic\track3_fakes\videos\FAKE_T3_1013_DFA_DIS_XX__AUDIO_1013_DFA_FEA_XX_sadtalker.mp4,1,done,sadtalker,1013,DFA,disgust,fear,yes
FAKE_T3_1013_DFA_HAP_XX__AUDIO_1013_DFA_NEU_XX_sadtalker,data\synthetic\track3_fakes\videos\FAKE_T3_1013_DFA_HAP_XX__AUDIO_1013_DFA_NEU_XX_sadtalker.mp4,1,done,sadtalker,1013,DFA,happy,neutral,yes
FAKE_T3_1013_IEO_ANG_LO__AUDIO_1013_IEO_DIS_LO_sadtalker,data\synthetic\track3_fakes\videos\FAKE_T3_1013_IEO_ANG_LO__AUDIO_1013_IEO_DIS_LO_sadtalker.mp4,1,done,sadtalker,1013,IEO,angry,disgust,yes
FAKE_T3_1013_IEO_ANG_MD__AUDIO_1013_IEO_DIS_MD_sadtalker,data\synthetic\track3_fakes\videos\FAKE_T3_1013_IEO_ANG_MD__AUDIO_1013_IEO_DIS_MD_sadtalker.mp4,1,done,sadtalker,1013,IEO,angry,disgust,yes
FAKE_T3_1013_IEO_DIS_HI__AUDIO_1013_IEO_FEA_HI_sadtalker,data\synthetic\track3_fakes\videos\FAKE_T3_1013_IEO_DIS_HI__AUDIO_1013_IEO_FEA_HI_sadtalker.mp4,1,done,sadtalker,1013,IEO,disgust,fear,yes
FAKE_T3_1013_IEO_DIS_LO__AUDIO_1013_IEO_FEA_LO_sadtalker,data\synthetic\track3_fakes\videos\FAKE_T3_1013_IEO_DIS_LO__AUDIO_1013_IEO_FEA_LO_sadtalker.mp4,1,done,sadtalker,1013,IEO,disgust,fear,yes
FAKE_T3_1013_IEO_DIS_MD__AUDIO_1013_IEO_FEA_MD_sadtalker,data\synthetic\track3_fakes\videos\FAKE_T3_1013_IEO_DIS_MD__AUDIO_1013_IEO_FEA_MD_sadtalker.mp4,1,done,sadtalker,1013,IEO,disgust,fear,yes
FAKE_T3_1013_IEO_FEA_HI__AUDIO_1013_IEO_HAP_HI_sadtalker,data\synthetic\track3_fakes\videos\FAKE_T3_1013_IEO_FEA_HI__AUDIO_1013_IEO_HAP_HI_sadtalker.mp4,1,done,sadtalker,1013,IEO,fear,happy,yes
FAKE_T3_1013_IEO_FEA_LO__AUDIO_1013_IEO_HAP_LO_sadtalker,data\synthetic\track3_fakes\videos\FAKE_T3_1013_IEO_FEA_LO__AUDIO_1013_IEO_HAP_LO_sadtalker.mp4,1,done,sadtalker,1013,IEO,fear,happy,yes
FAKE_T3_1013_IEO_HAP_HI__AUDIO_1013_IEO_NEU_XX_sadtalker,data\synthetic\track3_fakes\videos\FAKE_T3_1013_IEO_HAP_HI__AUDIO_1013_IEO_NEU_XX_sadtalker.mp4,1,done,sadtalker,1013,IEO,happy,neutral,yes
FAKE_T3_1013_IEO_NEU_XX__AUDIO_1013_IEO_SAD_HI_sadtalker,data\synthetic\track3_fakes\videos\FAKE_T3_1013_IEO_NEU_XX__AUDIO_1013_IEO_SAD_HI_sadtalker.mp4,1,done,sadtalker,1013,IEO,neutral,sad,yes
FAKE_T3_1013_IEO_SAD_HI__AUDIO_1013_IEO_ANG_HI_sadtalker,data\synthetic\track3_fakes\videos\FAKE_T3_1013_IEO_SAD_HI__AUDIO_1013_IEO_ANG_HI_sadtalker.mp4,1,done,sadtalker,1013,IEO,sad,angry,yes
FAKE_T3_1013_IEO_SAD_LO__AUDIO_1013_IEO_ANG_LO_sadtalker,data\synthetic\track3_fakes\videos\FAKE_T3_1013_IEO_SAD_LO__AUDIO_1013_IEO_ANG_LO_sadtalker.mp4,1,done,sadtalker,1013,IEO,sad,angry,yes
FAKE_T3_1013_IEO_SAD_MD__AUDIO_1013_IEO_ANG_MD_sadtalker,data\synthetic\track3_fakes\videos\FAKE_T3_1013_IEO_SAD_MD__AUDIO_1013_IEO_ANG_MD_sadtalker.mp4,1,done,sadtalker,1013,IEO,sad,angry,yes
FAKE_T3_1013_IOM_DIS_XX__AUDIO_1013_IOM_FEA_XX_sadtalker,data\synthetic\track3_fakes\videos\FAKE_T3_1013_IOM_DIS_XX__AUDIO_1013_IOM_FEA_XX_sadtalker.mp4,1,done,sadtalker,1013,IOM,disgust,fear,yes
FAKE_T3_1013_IOM_FEA_XX__AUDIO_1013_IOM_HAP_XX_sadtalker,data\synthetic\track3_fakes\videos\FAKE_T3_1013_IOM_FEA_XX__AUDIO_1013_IOM_HAP_XX_sadtalker.mp4,1,done,sadtalker,1013,IOM,fear,happy,yes
FAKE_T3_1013_IOM_SAD_XX__AUDIO_1013_IOM_ANG_XX_sadtalker,data\synthetic\track3_fakes\videos\FAKE_T3_1013_IOM_SAD_XX__AUDIO_1013_IOM_ANG_XX_sadtalker.mp4,1,done,sadtalker,1013,IOM,sad,angry,yes
FAKE_T3_1013_ITH_FEA_XX__AUDIO_1013_ITH_HAP_XX_sadtalker,data\synthetic\track3_fakes\videos\FAKE_T3_1013_ITH_FEA_XX__AUDIO_1013_ITH_HAP_XX_sadtalker.mp4,1,done,sadtalker,1013,ITH,fear,happy,yes
FAKE_T3_1013_ITH_HAP_XX__AUDIO_1013_ITH_NEU_XX_sadtalker,data\synthetic\track3_fakes\videos\FAKE_T3_1013_ITH_HAP_XX__AUDIO_1013_ITH_NEU_XX_sadtalker.mp4,1,done,sadtalker,1013,ITH,happy,neutral,yes
FAKE_T3_1013_ITH_SAD_XX__AUDIO_1013_ITH_ANG_XX_sadtalker,data\synthetic\track3_fakes\videos\FAKE_T3_1013_ITH_SAD_XX__AUDIO_1013_ITH_ANG_XX_sadtalker.mp4,1,done,sadtalker,1013,ITH,sad,angry,yes
FAKE_T3_1013_ITS_DIS_XX__AUDIO_1013_ITS_FEA_XX_sadtalker,data\synthetic\track3_fakes\videos\FAKE_T3_1013_ITS_DIS_XX__AUDIO_1013_ITS_FEA_XX_sadtalker.mp4,1,done,sadtalker,1013,ITS,disgust,fear,yes
FAKE_T3_1013_ITS_FEA_XX__AUDIO_1013_ITS_HAP_XX_sadtalker,data\synthetic\track3_fakes\videos\FAKE_T3_1013_ITS_FEA_XX__AUDIO_1013_ITS_HAP_XX_sadtalker.mp4,1,done,sadtalker,1013,ITS,fear,happy,yes
FAKE_T3_1013_ITS_NEU_XX__AUDIO_1013_ITS_SAD_XX_sadtalker,data\synthetic\track3_fakes\videos\FAKE_T3_1013_ITS_NEU_XX__AUDIO_1013_ITS_SAD_XX_sadtalker.mp4,1,done,sadtalker,1013,ITS,neutral,sad,yes
FAKE_T3_1013_IWL_FEA_XX__AUDIO_1013_IWL_HAP_XX_sadtalker,data\synthetic\track3_fakes\videos\FAKE_T3_1013_IWL_FEA_XX__AUDIO_1013_IWL_HAP_XX_sadtalker.mp4,1,done,sadtalker,1013,IWL,fear,happy,yes
FAKE_T3_1013_IWW_NEU_XX__AUDIO_1013_IWW_SAD_XX_sadtalker,data\synthetic\track3_fakes\videos\FAKE_T3_1013_IWW_NEU_XX__AUDIO_1013_IWW_SAD_XX_sadtalker.mp4,1,done,sadtalker,1013,IWW,neutral,sad,yes
FAKE_T3_1013_IWW_SAD_XX__AUDIO_1013_IWW_ANG_XX_sadtalker,data\synthetic\track3_fakes\videos\FAKE_T3_1013_IWW_SAD_XX__AUDIO_1013_IWW_ANG_XX_sadtalker.mp4,1,done,sadtalker,1013,IWW,sad,angry,yes
FAKE_T3_1013_MTI_DIS_XX__AUDIO_1013_MTI_FEA_XX_sadtalker,data\synthetic\track3_fakes\videos\FAKE_T3_1013_MTI_DIS_XX__AUDIO_1013_MTI_FEA_XX_sadtalker.mp4,1,done,sadtalker,1013,MTI,disgust,fear,yes
FAKE_T3_1013_MTI_FEA_XX__AUDIO_1013_MTI_HAP_XX_sadtalker,data\synthetic\track3_fakes\videos\FAKE_T3_1013_MTI_FEA_XX__AUDIO_1013_MTI_HAP_XX_sadtalker.mp4,1,done,sadtalker,1013,MTI,fear,happy,yes
FAKE_T3_1013_MTI_SAD_XX__AUDIO_1013_MTI_ANG_XX_sadtalker,data\synthetic\track3_fakes\videos\FAKE_T3_1013_MTI_SAD_XX__AUDIO_1013_MTI_ANG_XX_sadtalker.mp4,1,done,sadtalker,1013,MTI,sad,angry,yes
FAKE_T3_1013_TAI_DIS_XX__AUDIO_1013_TAI_FEA_XX_sadtalker,data\synthetic\track3_fakes\videos\FAKE_T3_1013_TAI_DIS_XX__AUDIO_1013_TAI_FEA_XX_sadtalker.mp4,1,done,sadtalker,1013,TAI,disgust,fear,yes
FAKE_T3_1013_TAI_FEA_XX__AUDIO_1013_TAI_HAP_XX_sadtalker,data\synthetic\track3_fakes\videos\FAKE_T3_1013_TAI_FEA_XX__AUDIO_1013_TAI_HAP_XX_sadtalker.mp4,1,done,sadtalker,1013,TAI,fear,happy,yes
FAKE_T3_1013_TAI_NEU_XX__AUDIO_1013_TAI_SAD_XX_sadtalker,data\synthetic\track3_fakes\videos\FAKE_T3_1013_TAI_NEU_XX__AUDIO_1013_TAI_SAD_XX_sadtalker.mp4,1,done,sadtalker,1013,TAI,neutral,sad,yes
FAKE_T3_1013_TAI_SAD_XX__AUDIO_1013_TAI_ANG_XX_sadtalker,data\synthetic\track3_fakes\videos\FAKE_T3_1013_TAI_SAD_XX__AUDIO_1013_TAI_ANG_XX_sadtalker.mp4,1,done,sadtalker,1013,TAI,sad,angry,yes
FAKE_T3_1013_TIE_ANG_XX__AUDIO_1013_TIE_DIS_XX_sadtalker,data\synthetic\track3_fakes\videos\FAKE_T3_1013_TIE_ANG_XX__AUDIO_1013_TIE_DIS_XX_sadtalker.mp4,1,done,sadtalker,1013,TIE,angry,disgust,yes
FAKE_T3_1013_TIE_DIS_XX__AUDIO_1013_TIE_FEA_XX_sadtalker,data\synthetic\track3_fakes\videos\FAKE_T3_1013_TIE_DIS_XX__AUDIO_1013_TIE_FEA_XX_sadtalker.mp4,1,done,sadtalker,1013,TIE,disgust,fear,yes
FAKE_T3_1013_TIE_HAP_XX__AUDIO_1013_TIE_NEU_XX_sadtalker,data\synthetic\track3_fakes\videos\FAKE_T3_1013_TIE_HAP_XX__AUDIO_1013_TIE_NEU_XX_sadtalker.mp4,1,done,sadtalker,1013,TIE,happy,neutral,yes
FAKE_T3_1013_TIE_NEU_XX__AUDIO_1013_TIE_SAD_XX_sadtalker,data\synthetic\track3_fakes\videos\FAKE_T3_1013_TIE_NEU_XX__AUDIO_1013_TIE_SAD_XX_sadtalker.mp4,1,done,sadtalker,1013,TIE,neutral,sad,yes
FAKE_T3_1013_TSI_NEU_XX__AUDIO_1013_TSI_SAD_XX_sadtalker,data\synthetic\track3_fakes\videos\FAKE_T3_1013_TSI_NEU_XX__AUDIO_1013_TSI_SAD_XX_sadtalker.mp4,1,done,sadtalker,1013,TSI,neutral,sad,yes
FAKE_T3_1013_WSI_ANG_XX__AUDIO_1013_WSI_DIS_XX_sadtalker,data\synthetic\track3_fakes\videos\FAKE_T3_1013_WSI_ANG_XX__AUDIO_1013_WSI_DIS_XX_sadtalker.mp4,1,done,sadtalker,1013,WSI,angry,disgust,yes
FAKE_T3_1013_WSI_DIS_XX__AUDIO_1013_WSI_FEA_XX_sadtalker,data\synthetic\track3_fakes\videos\FAKE_T3_1013_WSI_DIS_XX__AUDIO_1013_WSI_FEA_XX_sadtalker.mp4,1,done,sadtalker,1013,WSI,disgust,fear,yes
FAKE_T3_1013_WSI_HAP_XX__AUDIO_1013_WSI_NEU_XX_sadtalker,data\synthetic\track3_fakes\videos\FAKE_T3_1013_WSI_HAP_XX__AUDIO_1013_WSI_NEU_XX_sadtalker.mp4,1,done,sadtalker,1013,WSI,happy,neutral,yes
FAKE_T3_1014_DFA_ANG_XX__AUDIO_1014_DFA_DIS_XX_sadtalker,data\synthetic\track3_fakes\videos\FAKE_T3_1014_DFA_ANG_XX__AUDIO_1014_DFA_DIS_XX_sadtalker.mp4,1,done,sadtalker,1014,DFA,angry,disgust,yes
FAKE_T3_1014_DFA_FEA_XX__AUDIO_1014_DFA_HAP_XX_sadtalker,data\synthetic\track3_fakes\videos\FAKE_T3_1014_DFA_FEA_XX__AUDIO_1014_DFA_HAP_XX_sadtalker.mp4,1,done,sadtalker,1014,DFA,fear,happy,yes
FAKE_T3_1014_DFA_HAP_XX__AUDIO_1014_DFA_NEU_XX_sadtalker,data\synthetic\track3_fakes\videos\FAKE_T3_1014_DFA_HAP_XX__AUDIO_1014_DFA_NEU_XX_sadtalker.mp4,1,done,sadtalker,1014,DFA,happy,neutral,yes
FAKE_T3_1014_DFA_NEU_XX__AUDIO_1014_DFA_SAD_XX_sadtalker,data\synthetic\track3_fakes\videos\FAKE_T3_1014_DFA_NEU_XX__AUDIO_1014_DFA_SAD_XX_sadtalker.mp4,1,done,sadtalker,1014,DFA,neutral,sad,yes
FAKE_T3_1014_DFA_SAD_XX__AUDIO_1014_DFA_ANG_XX_sadtalker,data\synthetic\track3_fakes\videos\FAKE_T3_1014_DFA_SAD_XX__AUDIO_1014_DFA_ANG_XX_sadtalker.mp4,1,done,sadtalker,1014,DFA,sad,angry,yes
FAKE_T3_1014_IEO_ANG_HI__AUDIO_1014_IEO_DIS_HI_sadtalker,data\synthetic\track3_fakes\videos\FAKE_T3_1014_IEO_ANG_HI__AUDIO_1014_IEO_DIS_HI_sadtalker.mp4,1,done,sadtalker,1014,IEO,angry,disgust,yes
FAKE_T3_1014_IEO_ANG_MD__AUDIO_1014_IEO_DIS_MD_sadtalker,data\synthetic\track3_fakes\videos\FAKE_T3_1014_IEO_ANG_MD__AUDIO_1014_IEO_DIS_MD_sadtalker.mp4,1,done,sadtalker,1014,IEO,angry,disgust,yes
FAKE_T3_1014_IEO_FEA_HI__AUDIO_1014_IEO_HAP_HI_sadtalker,data\synthetic\track3_fakes\videos\FAKE_T3_1014_IEO_FEA_HI__AUDIO_1014_IEO_HAP_HI_sadtalker.mp4,1,done,sadtalker,1014,IEO,fear,happy,yes
FAKE_T3_1014_IEO_FEA_MD__AUDIO_1014_IEO_HAP_MD_sadtalker,data\synthetic\track3_fakes\videos\FAKE_T3_1014_IEO_FEA_MD__AUDIO_1014_IEO_HAP_MD_sadtalker.mp4,1,done,sadtalker,1014,IEO,fear,happy,yes
FAKE_T3_1014_IEO_HAP_HI__AUDIO_1014_IEO_NEU_XX_sadtalker,data\synthetic\track3_fakes\videos\FAKE_T3_1014_IEO_HAP_HI__AUDIO_1014_IEO_NEU_XX_sadtalker.mp4,1,done,sadtalker,1014,IEO,happy,neutral,yes
FAKE_T3_1014_IEO_HAP_MD__AUDIO_1014_IEO_NEU_XX_sadtalker,data\synthetic\track3_fakes\videos\FAKE_T3_1014_IEO_HAP_MD__AUDIO_1014_IEO_NEU_XX_sadtalker.mp4,1,done,sadtalker,1014,IEO,happy,neutral,yes
FAKE_T3_1014_IOM_HAP_XX__AUDIO_1014_IOM_NEU_XX_sadtalker,data\synthetic\track3_fakes\videos\FAKE_T3_1014_IOM_HAP_XX__AUDIO_1014_IOM_NEU_XX_sadtalker.mp4,1,done,sadtalker,1014,IOM,happy,neutral,yes
FAKE_T3_1014_ITH_ANG_XX__AUDIO_1014_ITH_DIS_XX_sadtalker,data\synthetic\track3_fakes\videos\FAKE_T3_1014_ITH_ANG_XX__AUDIO_1014_ITH_DIS_XX_sadtalker.mp4,1,done,sadtalker,1014,ITH,angry,disgust,yes
FAKE_T3_1014_ITH_DIS_XX__AUDIO_1014_ITH_FEA_XX_sadtalker,data\synthetic\track3_fakes\videos\FAKE_T3_1014_ITH_DIS_XX__AUDIO_1014_ITH_FEA_XX_sadtalker.mp4,1,done,sadtalker,1014,ITH,disgust,fear,yes
FAKE_T3_1014_ITH_FEA_XX__AUDIO_1014_ITH_HAP_XX_sadtalker,data\synthetic\track3_fakes\videos\FAKE_T3_1014_ITH_FEA_XX__AUDIO_1014_ITH_HAP_XX_sadtalker.mp4,1,done,sadtalker,1014,ITH,fear,happy,yes
FAKE_T3_1014_ITH_HAP_XX__AUDIO_1014_ITH_NEU_XX_sadtalker,data\synthetic\track3_fakes\videos\FAKE_T3_1014_ITH_HAP_XX__AUDIO_1014_ITH_NEU_XX_sadtalker.mp4,1,done,sadtalker,1014,ITH,happy,neutral,yes
FAKE_T3_1014_ITH_SAD_XX__AUDIO_1014_ITH_ANG_XX_sadtalker,data\synthetic\track3_fakes\videos\FAKE_T3_1014_ITH_SAD_XX__AUDIO_1014_ITH_ANG_XX_sadtalker.mp4,1,done,sadtalker,1014,ITH,sad,angry,yes
FAKE_T3_1014_ITS_ANG_XX__AUDIO_1014_ITS_DIS_XX_sadtalker,data\synthetic\track3_fakes\videos\FAKE_T3_1014_ITS_ANG_XX__AUDIO_1014_ITS_DIS_XX_sadtalker.mp4,1,done,sadtalker,1014,ITS,angry,disgust,yes
FAKE_T3_1014_ITS_DIS_XX__AUDIO_1014_ITS_FEA_XX_sadtalker,data\synthetic\track3_fakes\videos\FAKE_T3_1014_ITS_DIS_XX__AUDIO_1014_ITS_FEA_XX_sadtalker.mp4,1,done,sadtalker,1014,ITS,disgust,fear,yes
FAKE_T3_1014_ITS_FEA_XX__AUDIO_1014_ITS_HAP_XX_sadtalker,data\synthetic\track3_fakes\videos\FAKE_T3_1014_ITS_FEA_XX__AUDIO_1014_ITS_HAP_XX_sadtalker.mp4,1,done,sadtalker,1014,ITS,fear,happy,yes
FAKE_T3_1014_IWL_DIS_XX__AUDIO_1014_IWL_FEA_XX_sadtalker,data\synthetic\track3_fakes\videos\FAKE_T3_1014_IWL_DIS_XX__AUDIO_1014_IWL_FEA_XX_sadtalker.mp4,1,done,sadtalker,1014,IWL,disgust,fear,yes
FAKE_T3_1014_IWL_FEA_XX__AUDIO_1014_IWL_HAP_XX_sadtalker,data\synthetic\track3_fakes\videos\FAKE_T3_1014_IWL_FEA_XX__AUDIO_1014_IWL_HAP_XX_sadtalker.mp4,1,done,sadtalker,1014,IWL,fear,happy,yes
FAKE_T3_1014_IWL_HAP_XX__AUDIO_1014_IWL_NEU_XX_sadtalker,data\synthetic\track3_fakes\videos\FAKE_T3_1014_IWL_HAP_XX__AUDIO_1014_IWL_NEU_XX_sadtalker.mp4,1,done,sadtalker,1014,IWL,happy,neutral,yes
FAKE_T3_1014_IWL_NEU_XX__AUDIO_1014_IWL_SAD_XX_sadtalker,data\synthetic\track3_fakes\videos\FAKE_T3_1014_IWL_NEU_XX__AUDIO_1014_IWL_SAD_XX_sadtalker.mp4,1,done,sadtalker,1014,IWL,neutral,sad,yes
FAKE_T3_1014_IWW_ANG_XX__AUDIO_1014_IWW_DIS_XX_sadtalker,data\synthetic\track3_fakes\videos\FAKE_T3_1014_IWW_ANG_XX__AUDIO_1014_IWW_DIS_XX_sadtalker.mp4,1,done,sadtalker,1014,IWW,angry,disgust,yes
FAKE_T3_1014_IWW_DIS_XX__AUDIO_1014_IWW_FEA_XX_sadtalker,data\synthetic\track3_fakes\videos\FAKE_T3_1014_IWW_DIS_XX__AUDIO_1014_IWW_FEA_XX_sadtalker.mp4,1,done,sadtalker,1014,IWW,disgust,fear,yes
FAKE_T3_1014_IWW_HAP_XX__AUDIO_1014_IWW_NEU_XX_sadtalker,data\synthetic\track3_fakes\videos\FAKE_T3_1014_IWW_HAP_XX__AUDIO_1014_IWW_NEU_XX_sadtalker.mp4,1,done,sadtalker,1014,IWW,happy,neutral,yes
FAKE_T3_1014_IWW_NEU_XX__AUDIO_1014_IWW_SAD_XX_sadtalker,data\synthetic\track3_fakes\videos\FAKE_T3_1014_IWW_NEU_XX__AUDIO_1014_IWW_SAD_XX_sadtalker.mp4,1,done,sadtalker,1014,IWW,neutral,sad,yes
FAKE_T3_1014_IWW_SAD_XX__AUDIO_1014_IWW_ANG_XX_sadtalker,data\synthetic\track3_fakes\videos\FAKE_T3_1014_IWW_SAD_XX__AUDIO_1014_IWW_ANG_XX_sadtalker.mp4,1,done,sadtalker,1014,IWW,sad,angry,yes
FAKE_T3_1014_MTI_SAD_XX__AUDIO_1014_MTI_ANG_XX_sadtalker,data\synthetic\track3_fakes\videos\FAKE_T3_1014_MTI_SAD_XX__AUDIO_1014_MTI_ANG_XX_sadtalker.mp4,1,done,sadtalker,1014,MTI,sad,angry,yes
FAKE_T3_1014_TAI_ANG_XX__AUDIO_1014_TAI_DIS_XX_sadtalker,data\synthetic\track3_fakes\videos\FAKE_T3_1014_TAI_ANG_XX__AUDIO_1014_TAI_DIS_XX_sadtalker.mp4,1,done,sadtalker,1014,TAI,angry,disgust,yes
FAKE_T3_1014_TAI_DIS_XX__AUDIO_1014_TAI_FEA_XX_sadtalker,data\synthetic\track3_fakes\videos\FAKE_T3_1014_TAI_DIS_XX__AUDIO_1014_TAI_FEA_XX_sadtalker.mp4,1,done,sadtalker,1014,TAI,disgust,fear,yes
FAKE_T3_1014_TAI_FEA_XX__AUDIO_1014_TAI_HAP_XX_sadtalker,data\synthetic\track3_fakes\videos\FAKE_T3_1014_TAI_FEA_XX__AUDIO_1014_TAI_HAP_XX_sadtalker.mp4,1,done,sadtalker,1014,TAI,fear,happy,yes
FAKE_T3_1014_TAI_HAP_XX__AUDIO_1014_TAI_NEU_XX_sadtalker,data\synthetic\track3_fakes\videos\FAKE_T3_1014_TAI_HAP_XX__AUDIO_1014_TAI_NEU_XX_sadtalker.mp4,1,done,sadtalker,1014,TAI,happy,neutral,yes
FAKE_T3_1014_TIE_ANG_XX__AUDIO_1014_TIE_DIS_XX_sadtalker,data\synthetic\track3_fakes\videos\FAKE_T3_1014_TIE_ANG_XX__AUDIO_1014_TIE_DIS_XX_sadtalker.mp4,1,done,sadtalker,1014,TIE,angry,disgust,yes
FAKE_T3_1014_TIE_NEU_XX__AUDIO_1014_TIE_SAD_XX_sadtalker,data\synthetic\track3_fakes\videos\FAKE_T3_1014_TIE_NEU_XX__AUDIO_1014_TIE_SAD_XX_sadtalker.mp4,1,done,sadtalker,1014,TIE,neutral,sad,yes
FAKE_T3_1014_TSI_HAP_XX__AUDIO_1014_TSI_NEU_XX_sadtalker,data\synthetic\track3_fakes\videos\FAKE_T3_1014_TSI_HAP_XX__AUDIO_1014_TSI_NEU_XX_sadtalker.mp4,1,done,sadtalker,1014,TSI,happy,neutral,yes
FAKE_T3_1014_TSI_NEU_XX__AUDIO_1014_TSI_SAD_XX_sadtalker,data\synthetic\track3_fakes\videos\FAKE_T3_1014_TSI_NEU_XX__AUDIO_1014_TSI_SAD_XX_sadtalker.mp4,1,done,sadtalker,1014,TSI,neutral,sad,yes
FAKE_T3_1014_TSI_SAD_XX__AUDIO_1014_TSI_ANG_XX_sadtalker,data\synthetic\track3_fakes\videos\FAKE_T3_1014_TSI_SAD_XX__AUDIO_1014_TSI_ANG_XX_sadtalker.mp4,1,done,sadtalker,1014,TSI,sad,angry,yes
FAKE_T3_1014_WSI_DIS_XX__AUDIO_1014_WSI_FEA_XX_sadtalker,data\synthetic\track3_fakes\videos\FAKE_T3_1014_WSI_DIS_XX__AUDIO_1014_WSI_FEA_XX_sadtalker.mp4,1,done,sadtalker,1014,WSI,disgust,fear,yes
FAKE_T3_1014_WSI_FEA_XX__AUDIO_1014_WSI_HAP_XX_sadtalker,data\synthetic\track3_fakes\videos\FAKE_T3_1014_WSI_FEA_XX__AUDIO_1014_WSI_HAP_XX_sadtalker.mp4,1,done,sadtalker,1014,WSI,fear,happy,yes
FAKE_T3_1015_DFA_ANG_XX__AUDIO_1015_DFA_DIS_XX_sadtalker,data\synthetic\track3_fakes\videos\FAKE_T3_1015_DFA_ANG_XX__AUDIO_1015_DFA_DIS_XX_sadtalker.mp4,1,done,sadtalker,1015,DFA,angry,disgust,yes
FAKE_T3_1015_DFA_DIS_XX__AUDIO_1015_DFA_FEA_XX_sadtalker,data\synthetic\track3_fakes\videos\FAKE_T3_1015_DFA_DIS_XX__AUDIO_1015_DFA_FEA_XX_sadtalker.mp4,1,done,sadtalker,1015,DFA,disgust,fear,yes
FAKE_T3_1015_DFA_FEA_XX__AUDIO_1015_DFA_HAP_XX_sadtalker,data\synthetic\track3_fakes\videos\FAKE_T3_1015_DFA_FEA_XX__AUDIO_1015_DFA_HAP_XX_sadtalker.mp4,1,done,sadtalker,1015,DFA,fear,happy,yes
FAKE_T3_1015_DFA_HAP_XX__AUDIO_1015_DFA_NEU_XX_sadtalker,data\synthetic\track3_fakes\videos\FAKE_T3_1015_DFA_HAP_XX__AUDIO_1015_DFA_NEU_XX_sadtalker.mp4,1,done,sadtalker,1015,DFA,happy,neutral,yes
FAKE_T3_1015_DFA_SAD_XX__AUDIO_1015_DFA_ANG_XX_sadtalker,data\synthetic\track3_fakes\videos\FAKE_T3_1015_DFA_SAD_XX__AUDIO_1015_DFA_ANG_XX_sadtalker.mp4,1,done,sadtalker,1015,DFA,sad,angry,yes
FAKE_T3_1015_IEO_DIS_HI__AUDIO_1015_IEO_FEA_HI_sadtalker,data\synthetic\track3_fakes\videos\FAKE_T3_1015_IEO_DIS_HI__AUDIO_1015_IEO_FEA_HI_sadtalker.mp4,1,done,sadtalker,1015,IEO,disgust,fear,yes
FAKE_T3_1015_IEO_DIS_MD__AUDIO_1015_IEO_FEA_MD_sadtalker,data\synthetic\track3_fakes\videos\FAKE_T3_1015_IEO_DIS_MD__AUDIO_1015_IEO_FEA_MD_sadtalker.mp4,1,done,sadtalker,1015,IEO,disgust,fear,yes
FAKE_T3_1015_IEO_FEA_MD__AUDIO_1015_IEO_HAP_MD_sadtalker,data\synthetic\track3_fakes\videos\FAKE_T3_1015_IEO_FEA_MD__AUDIO_1015_IEO_HAP_MD_sadtalker.mp4,1,done,sadtalker,1015,IEO,fear,happy,yes
FAKE_T3_1015_IEO_HAP_MD__AUDIO_1015_IEO_NEU_XX_sadtalker,data\synthetic\track3_fakes\videos\FAKE_T3_1015_IEO_HAP_MD__AUDIO_1015_IEO_NEU_XX_sadtalker.mp4,1,done,sadtalker,1015,IEO,happy,neutral,yes
FAKE_T3_1015_IEO_NEU_XX__AUDIO_1015_IEO_SAD_HI_sadtalker,data\synthetic\track3_fakes\videos\FAKE_T3_1015_IEO_NEU_XX__AUDIO_1015_IEO_SAD_HI_sadtalker.mp4,1,done,sadtalker,1015,IEO,neutral,sad,yes
FAKE_T3_1015_IEO_SAD_MD__AUDIO_1015_IEO_ANG_MD_sadtalker,data\synthetic\track3_fakes\videos\FAKE_T3_1015_IEO_SAD_MD__AUDIO_1015_IEO_ANG_MD_sadtalker.mp4,1,done,sadtalker,1015,IEO,sad,angry,yes
FAKE_T3_1015_IOM_ANG_XX__AUDIO_1015_IOM_DIS_XX_sadtalker,data\synthetic\track3_fakes\videos\FAKE_T3_1015_IOM_ANG_XX__AUDIO_1015_IOM_DIS_XX_sadtalker.mp4,1,done,sadtalker,1015,IOM,angry,disgust,yes
FAKE_T3_1015_IOM_HAP_XX__AUDIO_1015_IOM_NEU_XX_sadtalker,data\synthetic\track3_fakes\videos\FAKE_T3_1015_IOM_HAP_XX__AUDIO_1015_IOM_NEU_XX_sadtalker.mp4,1,done,sadtalker,1015,IOM,happy,neutral,yes
FAKE_T3_1015_ITH_DIS_XX__AUDIO_1015_ITH_FEA_XX_sadtalker,data\synthetic\track3_fakes\videos\FAKE_T3_1015_ITH_DIS_XX__AUDIO_1015_ITH_FEA_XX_sadtalker.mp4,1,done,sadtalker,1015,ITH,disgust,fear,yes
FAKE_T3_1015_ITH_FEA_XX__AUDIO_1015_ITH_HAP_XX_sadtalker,data\synthetic\track3_fakes\videos\FAKE_T3_1015_ITH_FEA_XX__AUDIO_1015_ITH_HAP_XX_sadtalker.mp4,1,done,sadtalker,1015,ITH,fear,happy,yes
FAKE_T3_1015_ITH_HAP_XX__AUDIO_1015_ITH_NEU_XX_sadtalker,data\synthetic\track3_fakes\videos\FAKE_T3_1015_ITH_HAP_XX__AUDIO_1015_ITH_NEU_XX_sadtalker.mp4,1,done,sadtalker,1015,ITH,happy,neutral,yes
FAKE_T3_1015_ITH_SAD_XX__AUDIO_1015_ITH_ANG_XX_sadtalker,data\synthetic\track3_fakes\videos\FAKE_T3_1015_ITH_SAD_XX__AUDIO_1015_ITH_ANG_XX_sadtalker.mp4,1,done,sadtalker,1015,ITH,sad,angry,yes
FAKE_T3_1015_ITS_ANG_XX__AUDIO_1015_ITS_DIS_XX_sadtalker,data\synthetic\track3_fakes\videos\FAKE_T3_1015_ITS_ANG_XX__AUDIO_1015_ITS_DIS_XX_sadtalker.mp4,1,done,sadtalker,1015,ITS,angry,disgust,yes
FAKE_T3_1015_ITS_FEA_XX__AUDIO_1015_ITS_HAP_XX_sadtalker,data\synthetic\track3_fakes\videos\FAKE_T3_1015_ITS_FEA_XX__AUDIO_1015_ITS_HAP_XX_sadtalker.mp4,1,done,sadtalker,1015,ITS,fear,happy,yes
FAKE_T3_1015_ITS_NEU_XX__AUDIO_1015_ITS_SAD_XX_sadtalker,data\synthetic\track3_fakes\videos\FAKE_T3_1015_ITS_NEU_XX__AUDIO_1015_ITS_SAD_XX_sadtalker.mp4,1,done,sadtalker,1015,ITS,neutral,sad,yes
FAKE_T3_1015_IWL_ANG_XX__AUDIO_1015_IWL_DIS_XX_sadtalker,data\synthetic\track3_fakes\videos\FAKE_T3_1015_IWL_ANG_XX__AUDIO_1015_IWL_DIS_XX_sadtalker.mp4,1,done,sadtalker,1015,IWL,angry,disgust,yes
FAKE_T3_1015_IWL_FEA_XX__AUDIO_1015_IWL_HAP_XX_sadtalker,data\synthetic\track3_fakes\videos\FAKE_T3_1015_IWL_FEA_XX__AUDIO_1015_IWL_HAP_XX_sadtalker.mp4,1,done,sadtalker,1015,IWL,fear,happy,yes
FAKE_T3_1015_IWL_HAP_XX__AUDIO_1015_IWL_NEU_XX_sadtalker,data\synthetic\track3_fakes\videos\FAKE_T3_1015_IWL_HAP_XX__AUDIO_1015_IWL_NEU_XX_sadtalker.mp4,1,done,sadtalker,1015,IWL,happy,neutral,yes
FAKE_T3_1015_IWL_NEU_XX__AUDIO_1015_IWL_SAD_XX_sadtalker,data\synthetic\track3_fakes\videos\FAKE_T3_1015_IWL_NEU_XX__AUDIO_1015_IWL_SAD_XX_sadtalker.mp4,1,done,sadtalker,1015,IWL,neutral,sad,yes
FAKE_T3_1015_IWL_SAD_XX__AUDIO_1015_IWL_ANG_XX_sadtalker,data\synthetic\track3_fakes\videos\FAKE_T3_1015_IWL_SAD_XX__AUDIO_1015_IWL_ANG_XX_sadtalker.mp4,1,done,sadtalker,1015,IWL,sad,angry,yes
FAKE_T3_1015_IWW_ANG_XX__AUDIO_1015_IWW_DIS_XX_sadtalker,data\synthetic\track3_fakes\videos\FAKE_T3_1015_IWW_ANG_XX__AUDIO_1015_IWW_DIS_XX_sadtalker.mp4,1,done,sadtalker,1015,IWW,angry,disgust,yes
FAKE_T3_1015_IWW_FEA_XX__AUDIO_1015_IWW_HAP_XX_sadtalker,data\synthetic\track3_fakes\videos\FAKE_T3_1015_IWW_FEA_XX__AUDIO_1015_IWW_HAP_XX_sadtalker.mp4,1,done,sadtalker,1015,IWW,fear,happy,yes
FAKE_T3_1015_IWW_HAP_XX__AUDIO_1015_IWW_NEU_XX_sadtalker,data\synthetic\track3_fakes\videos\FAKE_T3_1015_IWW_HAP_XX__AUDIO_1015_IWW_NEU_XX_sadtalker.mp4,1,done,sadtalker,1015,IWW,happy,neutral,yes
FAKE_T3_1015_IWW_NEU_XX__AUDIO_1015_IWW_SAD_XX_sadtalker,data\synthetic\track3_fakes\videos\FAKE_T3_1015_IWW_NEU_XX__AUDIO_1015_IWW_SAD_XX_sadtalker.mp4,1,done,sadtalker,1015,IWW,neutral,sad,yes
FAKE_T3_1015_IWW_SAD_XX__AUDIO_1015_IWW_ANG_XX_sadtalker,data\synthetic\track3_fakes\videos\FAKE_T3_1015_IWW_SAD_XX__AUDIO_1015_IWW_ANG_XX_sadtalker.mp4,1,done,sadtalker,1015,IWW,sad,angry,yes
FAKE_T3_1015_MTI_ANG_XX__AUDIO_1015_MTI_DIS_XX_sadtalker,data\synthetic\track3_fakes\videos\FAKE_T3_1015_MTI_ANG_XX__AUDIO_1015_MTI_DIS_XX_sadtalker.mp4,1,done,sadtalker,1015,MTI,angry,disgust,yes
FAKE_T3_1015_MTI_DIS_XX__AUDIO_1015_MTI_FEA_XX_sadtalker,data\synthetic\track3_fakes\videos\FAKE_T3_1015_MTI_DIS_XX__AUDIO_1015_MTI_FEA_XX_sadtalker.mp4,1,done,sadtalker,1015,MTI,disgust,fear,yes
FAKE_T3_1015_MTI_HAP_XX__AUDIO_1015_MTI_NEU_XX_sadtalker,data\synthetic\track3_fakes\videos\FAKE_T3_1015_MTI_HAP_XX__AUDIO_1015_MTI_NEU_XX_sadtalker.mp4,1,done,sadtalker,1015,MTI,happy,neutral,yes
FAKE_T3_1015_TIE_FEA_XX__AUDIO_1015_TIE_HAP_XX_sadtalker,data\synthetic\track3_fakes\videos\FAKE_T3_1015_TIE_FEA_XX__AUDIO_1015_TIE_HAP_XX_sadtalker.mp4,1,done,sadtalker,1015,TIE,fear,happy,yes
FAKE_T3_1015_TIE_NEU_XX__AUDIO_1015_TIE_SAD_XX_sadtalker,data\synthetic\track3_fakes\videos\FAKE_T3_1015_TIE_NEU_XX__AUDIO_1015_TIE_SAD_XX_sadtalker.mp4,1,done,sadtalker,1015,TIE,neutral,sad,yes
FAKE_T3_1015_TSI_DIS_XX__AUDIO_1015_TSI_FEA_XX_sadtalker,data\synthetic\track3_fakes\videos\FAKE_T3_1015_TSI_DIS_XX__AUDIO_1015_TSI_FEA_XX_sadtalker.mp4,1,done,sadtalker,1015,TSI,disgust,fear,yes
FAKE_T3_1015_TSI_FEA_XX__AUDIO_1015_TSI_HAP_XX_sadtalker,data\synthetic\track3_fakes\videos\FAKE_T3_1015_TSI_FEA_XX__AUDIO_1015_TSI_HAP_XX_sadtalker.mp4,1,done,sadtalker,1015,TSI,fear,happy,yes
FAKE_T3_1015_TSI_NEU_XX__AUDIO_1015_TSI_SAD_XX_sadtalker,data\synthetic\track3_fakes\videos\FAKE_T3_1015_TSI_NEU_XX__AUDIO_1015_TSI_SAD_XX_sadtalker.mp4,1,done,sadtalker,1015,TSI,neutral,sad,yes
FAKE_T3_1015_WSI_ANG_XX__AUDIO_1015_WSI_DIS_XX_sadtalker,data\synthetic\track3_fakes\videos\FAKE_T3_1015_WSI_ANG_XX__AUDIO_1015_WSI_DIS_XX_sadtalker.mp4,1,done,sadtalker,1015,WSI,angry,disgust,yes
FAKE_T3_1015_WSI_DIS_XX__AUDIO_1015_WSI_FEA_XX_sadtalker,data\synthetic\track3_fakes\videos\FAKE_T3_1015_WSI_DIS_XX__AUDIO_1015_WSI_FEA_XX_sadtalker.mp4,1,done,sadtalker,1015,WSI,disgust,fear,yes
FAKE_T3_1015_WSI_HAP_XX__AUDIO_1015_WSI_NEU_XX_sadtalker,data\synthetic\track3_fakes\videos\FAKE_T3_1015_WSI_HAP_XX__AUDIO_1015_WSI_NEU_XX_sadtalker.mp4,1,done,sadtalker,1015,WSI,happy,neutral,yes
FAKE_T3_1016_DFA_ANG_XX__AUDIO_1016_DFA_DIS_XX_sadtalker,data\synthetic\track3_fakes\videos\FAKE_T3_1016_DFA_ANG_XX__AUDIO_1016_DFA_DIS_XX_sadtalker.mp4,1,done,sadtalker,1016,DFA,angry,disgust,yes
FAKE_T3_1016_DFA_FEA_XX__AUDIO_1016_DFA_HAP_XX_sadtalker,data\synthetic\track3_fakes\videos\FAKE_T3_1016_DFA_FEA_XX__AUDIO_1016_DFA_HAP_XX_sadtalker.mp4,1,done,sadtalker,1016,DFA,fear,happy,yes
FAKE_T3_1016_DFA_SAD_XX__AUDIO_1016_DFA_ANG_XX_sadtalker,data\synthetic\track3_fakes\videos\FAKE_T3_1016_DFA_SAD_XX__AUDIO_1016_DFA_ANG_XX_sadtalker.mp4,1,done,sadtalker,1016,DFA,sad,angry,yes
FAKE_T3_1016_IEO_ANG_HI__AUDIO_1016_IEO_DIS_HI_sadtalker,data\synthetic\track3_fakes\videos\FAKE_T3_1016_IEO_ANG_HI__AUDIO_1016_IEO_DIS_HI_sadtalker.mp4,1,done,sadtalker,1016,IEO,angry,disgust,yes
FAKE_T3_1016_IEO_ANG_LO__AUDIO_1016_IEO_DIS_LO_sadtalker,data\synthetic\track3_fakes\videos\FAKE_T3_1016_IEO_ANG_LO__AUDIO_1016_IEO_DIS_LO_sadtalker.mp4,1,done,sadtalker,1016,IEO,angry,disgust,yes
FAKE_T3_1016_IEO_DIS_LO__AUDIO_1016_IEO_FEA_LO_sadtalker,data\synthetic\track3_fakes\videos\FAKE_T3_1016_IEO_DIS_LO__AUDIO_1016_IEO_FEA_LO_sadtalker.mp4,1,done,sadtalker,1016,IEO,disgust,fear,yes
FAKE_T3_1016_IEO_HAP_HI__AUDIO_1016_IEO_NEU_XX_sadtalker,data\synthetic\track3_fakes\videos\FAKE_T3_1016_IEO_HAP_HI__AUDIO_1016_IEO_NEU_XX_sadtalker.mp4,1,done,sadtalker,1016,IEO,happy,neutral,yes
FAKE_T3_1016_IEO_HAP_LO__AUDIO_1016_IEO_NEU_XX_sadtalker,data\synthetic\track3_fakes\videos\FAKE_T3_1016_IEO_HAP_LO__AUDIO_1016_IEO_NEU_XX_sadtalker.mp4,1,done,sadtalker,1016,IEO,happy,neutral,yes
FAKE_T3_1016_IEO_HAP_MD__AUDIO_1016_IEO_NEU_XX_sadtalker,data\synthetic\track3_fakes\videos\FAKE_T3_1016_IEO_HAP_MD__AUDIO_1016_IEO_NEU_XX_sadtalker.mp4,1,done,sadtalker,1016,IEO,happy,neutral,yes
FAKE_T3_1016_IEO_NEU_XX__AUDIO_1016_IEO_SAD_HI_sadtalker,data\synthetic\track3_fakes\videos\FAKE_T3_1016_IEO_NEU_XX__AUDIO_1016_IEO_SAD_HI_sadtalker.mp4,1,done,sadtalker,1016,IEO,neutral,sad,yes
FAKE_T3_1016_IEO_SAD_LO__AUDIO_1016_IEO_ANG_LO_sadtalker,data\synthetic\track3_fakes\videos\FAKE_T3_1016_IEO_SAD_LO__AUDIO_1016_IEO_ANG_LO_sadtalker.mp4,1,done,sadtalker,1016,IEO,sad,angry,yes
FAKE_T3_1016_IOM_FEA_XX__AUDIO_1016_IOM_HAP_XX_sadtalker,data\synthetic\track3_fakes\videos\FAKE_T3_1016_IOM_FEA_XX__AUDIO_1016_IOM_HAP_XX_sadtalker.mp4,1,done,sadtalker,1016,IOM,fear,happy,yes
FAKE_T3_1016_IOM_HAP_XX__AUDIO_1016_IOM_NEU_XX_sadtalker,data\synthetic\track3_fakes\videos\FAKE_T3_1016_IOM_HAP_XX__AUDIO_1016_IOM_NEU_XX_sadtalker.mp4,1,done,sadtalker,1016,IOM,happy,neutral,yes
FAKE_T3_1016_IOM_NEU_XX__AUDIO_1016_IOM_SAD_XX_sadtalker,data\synthetic\track3_fakes\videos\FAKE_T3_1016_IOM_NEU_XX__AUDIO_1016_IOM_SAD_XX_sadtalker.mp4,1,done,sadtalker,1016,IOM,neutral,sad,yes
FAKE_T3_1016_ITH_ANG_XX__AUDIO_1016_ITH_DIS_XX_sadtalker,data\synthetic\track3_fakes\videos\FAKE_T3_1016_ITH_ANG_XX__AUDIO_1016_ITH_DIS_XX_sadtalker.mp4,1,done,sadtalker,1016,ITH,angry,disgust,yes
FAKE_T3_1016_ITH_DIS_XX__AUDIO_1016_ITH_FEA_XX_sadtalker,data\synthetic\track3_fakes\videos\FAKE_T3_1016_ITH_DIS_XX__AUDIO_1016_ITH_FEA_XX_sadtalker.mp4,1,done,sadtalker,1016,ITH,disgust,fear,yes
FAKE_T3_1016_ITH_NEU_XX__AUDIO_1016_ITH_SAD_XX_sadtalker,data\synthetic\track3_fakes\videos\FAKE_T3_1016_ITH_NEU_XX__AUDIO_1016_ITH_SAD_XX_sadtalker.mp4,1,done,sadtalker,1016,ITH,neutral,sad,yes
FAKE_T3_1016_ITH_SAD_XX__AUDIO_1016_ITH_ANG_XX_sadtalker,data\synthetic\track3_fakes\videos\FAKE_T3_1016_ITH_SAD_XX__AUDIO_1016_ITH_ANG_XX_sadtalker.mp4,1,done,sadtalker,1016,ITH,sad,angry,yes
FAKE_T3_1016_ITS_FEA_XX__AUDIO_1016_ITS_HAP_XX_sadtalker,data\synthetic\track3_fakes\videos\FAKE_T3_1016_ITS_FEA_XX__AUDIO_1016_ITS_HAP_XX_sadtalker.mp4,1,done,sadtalker,1016,ITS,fear,happy,yes
FAKE_T3_1016_ITS_HAP_XX__AUDIO_1016_ITS_NEU_XX_sadtalker,data\synthetic\track3_fakes\videos\FAKE_T3_1016_ITS_HAP_XX__AUDIO_1016_ITS_NEU_XX_sadtalker.mp4,1,done,sadtalker,1016,ITS,happy,neutral,yes
FAKE_T3_1016_ITS_SAD_XX__AUDIO_1016_ITS_ANG_XX_sadtalker,data\synthetic\track3_fakes\videos\FAKE_T3_1016_ITS_SAD_XX__AUDIO_1016_ITS_ANG_XX_sadtalker.mp4,1,done,sadtalker,1016,ITS,sad,angry,yes
FAKE_T3_1016_IWL_ANG_XX__AUDIO_1016_IWL_DIS_XX_sadtalker,data\synthetic\track3_fakes\videos\FAKE_T3_1016_IWL_ANG_XX__AUDIO_1016_IWL_DIS_XX_sadtalker.mp4,1,done,sadtalker,1016,IWL,angry,disgust,yes
FAKE_T3_1016_IWL_HAP_XX__AUDIO_1016_IWL_NEU_XX_sadtalker,data\synthetic\track3_fakes\videos\FAKE_T3_1016_IWL_HAP_XX__AUDIO_1016_IWL_NEU_XX_sadtalker.mp4,1,done,sadtalker,1016,IWL,happy,neutral,yes
FAKE_T3_1016_IWW_FEA_XX__AUDIO_1016_IWW_HAP_XX_sadtalker,data\synthetic\track3_fakes\videos\FAKE_T3_1016_IWW_FEA_XX__AUDIO_1016_IWW_HAP_XX_sadtalker.mp4,1,done,sadtalker,1016,IWW,fear,happy,yes
FAKE_T3_1016_IWW_HAP_XX__AUDIO_1016_IWW_NEU_XX_sadtalker,data\synthetic\track3_fakes\videos\FAKE_T3_1016_IWW_HAP_XX__AUDIO_1016_IWW_NEU_XX_sadtalker.mp4,1,done,sadtalker,1016,IWW,happy,neutral,yes
FAKE_T3_1016_MTI_ANG_XX__AUDIO_1016_MTI_DIS_XX_sadtalker,data\synthetic\track3_fakes\videos\FAKE_T3_1016_MTI_ANG_XX__AUDIO_1016_MTI_DIS_XX_sadtalker.mp4,1,done,sadtalker,1016,MTI,angry,disgust,yes
FAKE_T3_1016_MTI_FEA_XX__AUDIO_1016_MTI_HAP_XX_sadtalker,data\synthetic\track3_fakes\videos\FAKE_T3_1016_MTI_FEA_XX__AUDIO_1016_MTI_HAP_XX_sadtalker.mp4,1,done,sadtalker,1016,MTI,fear,happy,yes
FAKE_T3_1016_MTI_HAP_XX__AUDIO_1016_MTI_NEU_XX_sadtalker,data\synthetic\track3_fakes\videos\FAKE_T3_1016_MTI_HAP_XX__AUDIO_1016_MTI_NEU_XX_sadtalker.mp4,1,done,sadtalker,1016,MTI,happy,neutral,yes
FAKE_T3_1016_MTI_SAD_XX__AUDIO_1016_MTI_ANG_XX_sadtalker,data\synthetic\track3_fakes\videos\FAKE_T3_1016_MTI_SAD_XX__AUDIO_1016_MTI_ANG_XX_sadtalker.mp4,1,done,sadtalker,1016,MTI,sad,angry,yes
FAKE_T3_1016_TAI_ANG_XX__AUDIO_1016_TAI_DIS_XX_sadtalker,data\synthetic\track3_fakes\videos\FAKE_T3_1016_TAI_ANG_XX__AUDIO_1016_TAI_DIS_XX_sadtalker.mp4,1,done,sadtalker,1016,TAI,angry,disgust,yes
FAKE_T3_1016_TAI_DIS_XX__AUDIO_1016_TAI_FEA_XX_sadtalker,data\synthetic\track3_fakes\videos\FAKE_T3_1016_TAI_DIS_XX__AUDIO_1016_TAI_FEA_XX_sadtalker.mp4,1,done,sadtalker,1016,TAI,disgust,fear,yes
FAKE_T3_1016_TAI_HAP_XX__AUDIO_1016_TAI_NEU_XX_sadtalker,data\synthetic\track3_fakes\videos\FAKE_T3_1016_TAI_HAP_XX__AUDIO_1016_TAI_NEU_XX_sadtalker.mp4,1,done,sadtalker,1016,TAI,happy,neutral,yes
FAKE_T3_1016_TAI_SAD_XX__AUDIO_1016_TAI_ANG_XX_sadtalker,data\synthetic\track3_fakes\videos\FAKE_T3_1016_TAI_SAD_XX__AUDIO_1016_TAI_ANG_XX_sadtalker.mp4,1,done,sadtalker,1016,TAI,sad,angry,yes
FAKE_T3_1016_TIE_FEA_XX__AUDIO_1016_TIE_HAP_XX_sadtalker,data\synthetic\track3_fakes\videos\FAKE_T3_1016_TIE_FEA_XX__AUDIO_1016_TIE_HAP_XX_sadtalker.mp4,1,done,sadtalker,1016,TIE,fear,happy,yes
FAKE_T3_1016_TIE_HAP_XX__AUDIO_1016_TIE_NEU_XX_sadtalker,data\synthetic\track3_fakes\videos\FAKE_T3_1016_TIE_HAP_XX__AUDIO_1016_TIE_NEU_XX_sadtalker.mp4,1,done,sadtalker,1016,TIE,happy,neutral,yes
FAKE_T3_1016_TIE_SAD_XX__AUDIO_1016_TIE_ANG_XX_sadtalker,data\synthetic\track3_fakes\videos\FAKE_T3_1016_TIE_SAD_XX__AUDIO_1016_TIE_ANG_XX_sadtalker.mp4,1,done,sadtalker,1016,TIE,sad,angry,yes
FAKE_T3_1016_TSI_DIS_XX__AUDIO_1016_TSI_FEA_XX_sadtalker,data\synthetic\track3_fakes\videos\FAKE_T3_1016_TSI_DIS_XX__AUDIO_1016_TSI_FEA_XX_sadtalker.mp4,1,done,sadtalker,1016,TSI,disgust,fear,yes
FAKE_T3_1016_TSI_FEA_XX__AUDIO_1016_TSI_HAP_XX_sadtalker,data\synthetic\track3_fakes\videos\FAKE_T3_1016_TSI_FEA_XX__AUDIO_1016_TSI_HAP_XX_sadtalker.mp4,1,done,sadtalker,1016,TSI,fear,happy,yes
FAKE_T3_1016_WSI_DIS_XX__AUDIO_1016_WSI_FEA_XX_sadtalker,data\synthetic\track3_fakes\videos\FAKE_T3_1016_WSI_DIS_XX__AUDIO_1016_WSI_FEA_XX_sadtalker.mp4,1,done,sadtalker,1016,WSI,disgust,fear,yes
FAKE_T3_1016_WSI_FEA_XX__AUDIO_1016_WSI_HAP_XX_sadtalker,data\synthetic\track3_fakes\videos\FAKE_T3_1016_WSI_FEA_XX__AUDIO_1016_WSI_HAP_XX_sadtalker.mp4,1,done,sadtalker,1016,WSI,fear,happy,yes
FAKE_T3_1016_WSI_HAP_XX__AUDIO_1016_WSI_NEU_XX_sadtalker,data\synthetic\track3_fakes\videos\FAKE_T3_1016_WSI_HAP_XX__AUDIO_1016_WSI_NEU_XX_sadtalker.mp4,1,done,sadtalker,1016,WSI,happy,neutral,yes
FAKE_T3_1017_DFA_ANG_XX__AUDIO_1017_DFA_DIS_XX_sadtalker,data\synthetic\track3_fakes\videos\FAKE_T3_1017_DFA_ANG_XX__AUDIO_1017_DFA_DIS_XX_sadtalker.mp4,1,done,sadtalker,1017,DFA,angry,disgust,yes
FAKE_T3_1017_DFA_HAP_XX__AUDIO_1017_DFA_NEU_XX_sadtalker,data\synthetic\track3_fakes\videos\FAKE_T3_1017_DFA_HAP_XX__AUDIO_1017_DFA_NEU_XX_sadtalker.mp4,1,done,sadtalker,1017,DFA,happy,neutral,yes
FAKE_T3_1017_DFA_NEU_XX__AUDIO_1017_DFA_SAD_XX_sadtalker,data\synthetic\track3_fakes\videos\FAKE_T3_1017_DFA_NEU_XX__AUDIO_1017_DFA_SAD_XX_sadtalker.mp4,1,done,sadtalker,1017,DFA,neutral,sad,yes
FAKE_T3_1017_IEO_ANG_LO__AUDIO_1017_IEO_DIS_LO_sadtalker,data\synthetic\track3_fakes\videos\FAKE_T3_1017_IEO_ANG_LO__AUDIO_1017_IEO_DIS_LO_sadtalker.mp4,1,done,sadtalker,1017,IEO,angry,disgust,yes
FAKE_T3_1017_IEO_ANG_MD__AUDIO_1017_IEO_DIS_MD_sadtalker,data\synthetic\track3_fakes\videos\FAKE_T3_1017_IEO_ANG_MD__AUDIO_1017_IEO_DIS_MD_sadtalker.mp4,1,done,sadtalker,1017,IEO,angry,disgust,yes
FAKE_T3_1017_IEO_FEA_HI__AUDIO_1017_IEO_HAP_HI_sadtalker,data\synthetic\track3_fakes\videos\FAKE_T3_1017_IEO_FEA_HI__AUDIO_1017_IEO_HAP_HI_sadtalker.mp4,1,done,sadtalker,1017,IEO,fear,happy,yes
FAKE_T3_1017_IEO_FEA_LO__AUDIO_1017_IEO_HAP_LO_sadtalker,data\synthetic\track3_fakes\videos\FAKE_T3_1017_IEO_FEA_LO__AUDIO_1017_IEO_HAP_LO_sadtalker.mp4,1,done,sadtalker,1017,IEO,fear,happy,yes
FAKE_T3_1017_IEO_FEA_MD__AUDIO_1017_IEO_HAP_MD_sadtalker,data\synthetic\track3_fakes\videos\FAKE_T3_1017_IEO_FEA_MD__AUDIO_1017_IEO_HAP_MD_sadtalker.mp4,1,done,sadtalker,1017,IEO,fear,happy,yes
FAKE_T3_1017_IEO_HAP_MD__AUDIO_1017_IEO_NEU_XX_sadtalker,data\synthetic\track3_fakes\videos\FAKE_T3_1017_IEO_HAP_MD__AUDIO_1017_IEO_NEU_XX_sadtalker.mp4,1,done,sadtalker,1017,IEO,happy,neutral,yes
FAKE_T3_1017_IEO_SAD_HI__AUDIO_1017_IEO_ANG_HI_sadtalker,data\synthetic\track3_fakes\videos\FAKE_T3_1017_IEO_SAD_HI__AUDIO_1017_IEO_ANG_HI_sadtalker.mp4,1,done,sadtalker,1017,IEO,sad,angry,yes
FAKE_T3_1017_IOM_SAD_XX__AUDIO_1017_IOM_ANG_XX_sadtalker,data\synthetic\track3_fakes\videos\FAKE_T3_1017_IOM_SAD_XX__AUDIO_1017_IOM_ANG_XX_sadtalker.mp4,1,done,sadtalker,1017,IOM,sad,angry,yes
FAKE_T3_1017_ITH_NEU_XX__AUDIO_1017_ITH_SAD_XX_sadtalker,data\synthetic\track3_fakes\videos\FAKE_T3_1017_ITH_NEU_XX__AUDIO_1017_ITH_SAD_XX_sadtalker.mp4,1,done,sadtalker,1017,ITH,neutral,sad,yes
FAKE_T3_1017_ITS_FEA_XX__AUDIO_1017_ITS_HAP_XX_sadtalker,data\synthetic\track3_fakes\videos\FAKE_T3_1017_ITS_FEA_XX__AUDIO_1017_ITS_HAP_XX_sadtalker.mp4,1,done,sadtalker,1017,ITS,fear,happy,yes
FAKE_T3_1017_ITS_HAP_XX__AUDIO_1017_ITS_NEU_XX_sadtalker,data\synthetic\track3_fakes\videos\FAKE_T3_1017_ITS_HAP_XX__AUDIO_1017_ITS_NEU_XX_sadtalker.mp4,1,done,sadtalker,1017,ITS,happy,neutral,yes
FAKE_T3_1017_ITS_SAD_XX__AUDIO_1017_ITS_ANG_XX_sadtalker,data\synthetic\track3_fakes\videos\FAKE_T3_1017_ITS_SAD_XX__AUDIO_1017_ITS_ANG_XX_sadtalker.mp4,1,done,sadtalker,1017,ITS,sad,angry,yes
FAKE_T3_1017_IWL_ANG_XX__AUDIO_1017_IWL_DIS_XX_sadtalker,data\synthetic\track3_fakes\videos\FAKE_T3_1017_IWL_ANG_XX__AUDIO_1017_IWL_DIS_XX_sadtalker.mp4,1,done,sadtalker,1017,IWL,angry,disgust,yes
FAKE_T3_1017_IWL_DIS_XX__AUDIO_1017_IWL_FEA_XX_sadtalker,data\synthetic\track3_fakes\videos\FAKE_T3_1017_IWL_DIS_XX__AUDIO_1017_IWL_FEA_XX_sadtalker.mp4,1,done,sadtalker,1017,IWL,disgust,fear,yes
FAKE_T3_1017_IWL_HAP_XX__AUDIO_1017_IWL_NEU_XX_sadtalker,data\synthetic\track3_fakes\videos\FAKE_T3_1017_IWL_HAP_XX__AUDIO_1017_IWL_NEU_XX_sadtalker.mp4,1,done,sadtalker,1017,IWL,happy,neutral,yes
FAKE_T3_1017_IWW_ANG_XX__AUDIO_1017_IWW_DIS_XX_sadtalker,data\synthetic\track3_fakes\videos\FAKE_T3_1017_IWW_ANG_XX__AUDIO_1017_IWW_DIS_XX_sadtalker.mp4,1,done,sadtalker,1017,IWW,angry,disgust,yes
FAKE_T3_1017_IWW_DIS_XX__AUDIO_1017_IWW_FEA_XX_sadtalker,data\synthetic\track3_fakes\videos\FAKE_T3_1017_IWW_DIS_XX__AUDIO_1017_IWW_FEA_XX_sadtalker.mp4,1,done,sadtalker,1017,IWW,disgust,fear,yes
FAKE_T3_1017_IWW_FEA_XX__AUDIO_1017_IWW_HAP_XX_sadtalker,data\synthetic\track3_fakes\videos\FAKE_T3_1017_IWW_FEA_XX__AUDIO_1017_IWW_HAP_XX_sadtalker.mp4,1,done,sadtalker,1017,IWW,fear,happy,yes
FAKE_T3_1017_IWW_HAP_XX__AUDIO_1017_IWW_NEU_XX_sadtalker,data\synthetic\track3_fakes\videos\FAKE_T3_1017_IWW_HAP_XX__AUDIO_1017_IWW_NEU_XX_sadtalker.mp4,1,done,sadtalker,1017,IWW,happy,neutral,yes
FAKE_T3_1017_IWW_SAD_XX__AUDIO_1017_IWW_ANG_XX_sadtalker,data\synthetic\track3_fakes\videos\FAKE_T3_1017_IWW_SAD_XX__AUDIO_1017_IWW_ANG_XX_sadtalker.mp4,1,done,sadtalker,1017,IWW,sad,angry,yes
FAKE_T3_1017_MTI_ANG_XX__AUDIO_1017_MTI_DIS_XX_sadtalker,data\synthetic\track3_fakes\videos\FAKE_T3_1017_MTI_ANG_XX__AUDIO_1017_MTI_DIS_XX_sadtalker.mp4,1,done,sadtalker,1017,MTI,angry,disgust,yes
FAKE_T3_1017_MTI_DIS_XX__AUDIO_1017_MTI_FEA_XX_sadtalker,data\synthetic\track3_fakes\videos\FAKE_T3_1017_MTI_DIS_XX__AUDIO_1017_MTI_FEA_XX_sadtalker.mp4,1,done,sadtalker,1017,MTI,disgust,fear,yes
FAKE_T3_1017_MTI_SAD_XX__AUDIO_1017_MTI_ANG_XX_sadtalker,data\synthetic\track3_fakes\videos\FAKE_T3_1017_MTI_SAD_XX__AUDIO_1017_MTI_ANG_XX_sadtalker.mp4,1,done,sadtalker,1017,MTI,sad,angry,yes
FAKE_T3_1017_TAI_FEA_XX__AUDIO_1017_TAI_HAP_XX_sadtalker,data\synthetic\track3_fakes\videos\FAKE_T3_1017_TAI_FEA_XX__AUDIO_1017_TAI_HAP_XX_sadtalker.mp4,1,done,sadtalker,1017,TAI,fear,happy,yes
FAKE_T3_1017_TAI_HAP_XX__AUDIO_1017_TAI_NEU_XX_sadtalker,data\synthetic\track3_fakes\videos\FAKE_T3_1017_TAI_HAP_XX__AUDIO_1017_TAI_NEU_XX_sadtalker.mp4,1,done,sadtalker,1017,TAI,happy,neutral,yes
FAKE_T3_1017_TAI_NEU_XX__AUDIO_1017_TAI_SAD_XX_sadtalker,data\synthetic\track3_fakes\videos\FAKE_T3_1017_TAI_NEU_XX__AUDIO_1017_TAI_SAD_XX_sadtalker.mp4,1,done,sadtalker,1017,TAI,neutral,sad,yes
FAKE_T3_1017_TAI_SAD_XX__AUDIO_1017_TAI_ANG_XX_sadtalker,data\synthetic\track3_fakes\videos\FAKE_T3_1017_TAI_SAD_XX__AUDIO_1017_TAI_ANG_XX_sadtalker.mp4,1,done,sadtalker,1017,TAI,sad,angry,yes
FAKE_T3_1017_TIE_ANG_XX__AUDIO_1017_TIE_DIS_XX_sadtalker,data\synthetic\track3_fakes\videos\FAKE_T3_1017_TIE_ANG_XX__AUDIO_1017_TIE_DIS_XX_sadtalker.mp4,1,done,sadtalker,1017,TIE,angry,disgust,yes
FAKE_T3_1017_TIE_FEA_XX__AUDIO_1017_TIE_HAP_XX_sadtalker,data\synthetic\track3_fakes\videos\FAKE_T3_1017_TIE_FEA_XX__AUDIO_1017_TIE_HAP_XX_sadtalker.mp4,1,done,sadtalker,1017,TIE,fear,happy,yes
FAKE_T3_1017_TIE_HAP_XX__AUDIO_1017_TIE_NEU_XX_sadtalker,data\synthetic\track3_fakes\videos\FAKE_T3_1017_TIE_HAP_XX__AUDIO_1017_TIE_NEU_XX_sadtalker.mp4,1,done,sadtalker,1017,TIE,happy,neutral,yes
FAKE_T3_1017_TIE_SAD_XX__AUDIO_1017_TIE_ANG_XX_sadtalker,data\synthetic\track3_fakes\videos\FAKE_T3_1017_TIE_SAD_XX__AUDIO_1017_TIE_ANG_XX_sadtalker.mp4,1,done,sadtalker,1017,TIE,sad,angry,yes
FAKE_T3_1017_TSI_FEA_XX__AUDIO_1017_TSI_HAP_XX_sadtalker,data\synthetic\track3_fakes\videos\FAKE_T3_1017_TSI_FEA_XX__AUDIO_1017_TSI_HAP_XX_sadtalker.mp4,1,done,sadtalker,1017,TSI,fear,happy,yes
FAKE_T3_1017_TSI_HAP_XX__AUDIO_1017_TSI_NEU_XX_sadtalker,data\synthetic\track3_fakes\videos\FAKE_T3_1017_TSI_HAP_XX__AUDIO_1017_TSI_NEU_XX_sadtalker.mp4,1,done,sadtalker,1017,TSI,happy,neutral,yes
FAKE_T3_1017_TSI_NEU_XX__AUDIO_1017_TSI_SAD_XX_sadtalker,data\synthetic\track3_fakes\videos\FAKE_T3_1017_TSI_NEU_XX__AUDIO_1017_TSI_SAD_XX_sadtalker.mp4,1,done,sadtalker,1017,TSI,neutral,sad,yes
FAKE_T3_1017_TSI_SAD_XX__AUDIO_1017_TSI_ANG_XX_sadtalker,data\synthetic\track3_fakes\videos\FAKE_T3_1017_TSI_SAD_XX__AUDIO_1017_TSI_ANG_XX_sadtalker.mp4,1,done,sadtalker,1017,TSI,sad,angry,yes
FAKE_T3_1017_WSI_FEA_XX__AUDIO_1017_WSI_HAP_XX_sadtalker,data\synthetic\track3_fakes\videos\FAKE_T3_1017_WSI_FEA_XX__AUDIO_1017_WSI_HAP_XX_sadtalker.mp4,1,done,sadtalker,1017,WSI,fear,happy,yes
FAKE_T3_1017_WSI_HAP_XX__AUDIO_1017_WSI_NEU_XX_sadtalker,data\synthetic\track3_fakes\videos\FAKE_T3_1017_WSI_HAP_XX__AUDIO_1017_WSI_NEU_XX_sadtalker.mp4,1,done,sadtalker,1017,WSI,happy,neutral,yes
FAKE_T3_1017_WSI_SAD_XX__AUDIO_1017_WSI_ANG_XX_sadtalker,data\synthetic\track3_fakes\videos\FAKE_T3_1017_WSI_SAD_XX__AUDIO_1017_WSI_ANG_XX_sadtalker.mp4,1,done,sadtalker,1017,WSI,sad,angry,yes
FAKE_T3_1018_DFA_DIS_XX__AUDIO_1018_DFA_FEA_XX_sadtalker,data\synthetic\track3_fakes\videos\FAKE_T3_1018_DFA_DIS_XX__AUDIO_1018_DFA_FEA_XX_sadtalker.mp4,1,done,sadtalker,1018,DFA,disgust,fear,yes
FAKE_T3_1018_DFA_FEA_XX__AUDIO_1018_DFA_HAP_XX_sadtalker,data\synthetic\track3_fakes\videos\FAKE_T3_1018_DFA_FEA_XX__AUDIO_1018_DFA_HAP_XX_sadtalker.mp4,1,done,sadtalker,1018,DFA,fear,happy,yes
FAKE_T3_1018_DFA_HAP_XX__AUDIO_1018_DFA_NEU_XX_sadtalker,data\synthetic\track3_fakes\videos\FAKE_T3_1018_DFA_HAP_XX__AUDIO_1018_DFA_NEU_XX_sadtalker.mp4,1,done,sadtalker,1018,DFA,happy,neutral,yes
FAKE_T3_1018_DFA_SAD_XX__AUDIO_1018_DFA_ANG_XX_sadtalker,data\synthetic\track3_fakes\videos\FAKE_T3_1018_DFA_SAD_XX__AUDIO_1018_DFA_ANG_XX_sadtalker.mp4,1,done,sadtalker,1018,DFA,sad,angry,yes
FAKE_T3_1018_IEO_ANG_HI__AUDIO_1018_IEO_DIS_HI_sadtalker,data\synthetic\track3_fakes\videos\FAKE_T3_1018_IEO_ANG_HI__AUDIO_1018_IEO_DIS_HI_sadtalker.mp4,1,done,sadtalker,1018,IEO,angry,disgust,yes
FAKE_T3_1018_IEO_ANG_LO__AUDIO_1018_IEO_DIS_LO_sadtalker,data\synthetic\track3_fakes\videos\FAKE_T3_1018_IEO_ANG_LO__AUDIO_1018_IEO_DIS_LO_sadtalker.mp4,1,done,sadtalker,1018,IEO,angry,disgust,yes
FAKE_T3_1018_IEO_ANG_MD__AUDIO_1018_IEO_DIS_MD_sadtalker,data\synthetic\track3_fakes\videos\FAKE_T3_1018_IEO_ANG_MD__AUDIO_1018_IEO_DIS_MD_sadtalker.mp4,1,done,sadtalker,1018,IEO,angry,disgust,yes
FAKE_T3_1018_IEO_DIS_LO__AUDIO_1018_IEO_FEA_LO_sadtalker,data\synthetic\track3_fakes\videos\FAKE_T3_1018_IEO_DIS_LO__AUDIO_1018_IEO_FEA_LO_sadtalker.mp4,1,done,sadtalker,1018,IEO,disgust,fear,yes
FAKE_T3_1018_IEO_HAP_LO__AUDIO_1018_IEO_NEU_XX_sadtalker,data\synthetic\track3_fakes\videos\FAKE_T3_1018_IEO_HAP_LO__AUDIO_1018_IEO_NEU_XX_sadtalker.mp4,1,done,sadtalker,1018,IEO,happy,neutral,yes
FAKE_T3_1018_IEO_HAP_MD__AUDIO_1018_IEO_NEU_XX_sadtalker,data\synthetic\track3_fakes\videos\FAKE_T3_1018_IEO_HAP_MD__AUDIO_1018_IEO_NEU_XX_sadtalker.mp4,1,done,sadtalker,1018,IEO,happy,neutral,yes
FAKE_T3_1018_IEO_SAD_HI__AUDIO_1018_IEO_ANG_HI_sadtalker,data\synthetic\track3_fakes\videos\FAKE_T3_1018_IEO_SAD_HI__AUDIO_1018_IEO_ANG_HI_sadtalker.mp4,1,done,sadtalker,1018,IEO,sad,angry,yes
FAKE_T3_1018_IOM_DIS_XX__AUDIO_1018_IOM_FEA_XX_sadtalker,data\synthetic\track3_fakes\videos\FAKE_T3_1018_IOM_DIS_XX__AUDIO_1018_IOM_FEA_XX_sadtalker.mp4,1,done,sadtalker,1018,IOM,disgust,fear,yes
FAKE_T3_1018_IOM_SAD_XX__AUDIO_1018_IOM_ANG_XX_sadtalker,data\synthetic\track3_fakes\videos\FAKE_T3_1018_IOM_SAD_XX__AUDIO_1018_IOM_ANG_XX_sadtalker.mp4,1,done,sadtalker,1018,IOM,sad,angry,yes
FAKE_T3_1018_ITH_ANG_XX__AUDIO_1018_ITH_DIS_XX_sadtalker,data\synthetic\track3_fakes\videos\FAKE_T3_1018_ITH_ANG_XX__AUDIO_1018_ITH_DIS_XX_sadtalker.mp4,1,done,sadtalker,1018,ITH,angry,disgust,yes
FAKE_T3_1018_ITH_DIS_XX__AUDIO_1018_ITH_FEA_XX_sadtalker,data\synthetic\track3_fakes\videos\FAKE_T3_1018_ITH_DIS_XX__AUDIO_1018_ITH_FEA_XX_sadtalker.mp4,1,done,sadtalker,1018,ITH,disgust,fear,yes
FAKE_T3_1018_ITH_FEA_XX__AUDIO_1018_ITH_HAP_XX_sadtalker,data\synthetic\track3_fakes\videos\FAKE_T3_1018_ITH_FEA_XX__AUDIO_1018_ITH_HAP_XX_sadtalker.mp4,1,done,sadtalker,1018,ITH,fear,happy,yes
FAKE_T3_1018_ITS_ANG_XX__AUDIO_1018_ITS_DIS_XX_sadtalker,data\synthetic\track3_fakes\videos\FAKE_T3_1018_ITS_ANG_XX__AUDIO_1018_ITS_DIS_XX_sadtalker.mp4,1,done,sadtalker,1018,ITS,angry,disgust,yes
FAKE_T3_1018_ITS_DIS_XX__AUDIO_1018_ITS_FEA_XX_sadtalker,data\synthetic\track3_fakes\videos\FAKE_T3_1018_ITS_DIS_XX__AUDIO_1018_ITS_FEA_XX_sadtalker.mp4,1,done,sadtalker,1018,ITS,disgust,fear,yes
FAKE_T3_1018_ITS_FEA_XX__AUDIO_1018_ITS_HAP_XX_sadtalker,data\synthetic\track3_fakes\videos\FAKE_T3_1018_ITS_FEA_XX__AUDIO_1018_ITS_HAP_XX_sadtalker.mp4,1,done,sadtalker,1018,ITS,fear,happy,yes
FAKE_T3_1018_ITS_NEU_XX__AUDIO_1018_ITS_SAD_XX_sadtalker,data\synthetic\track3_fakes\videos\FAKE_T3_1018_ITS_NEU_XX__AUDIO_1018_ITS_SAD_XX_sadtalker.mp4,1,done,sadtalker,1018,ITS,neutral,sad,yes
FAKE_T3_1018_IWL_ANG_XX__AUDIO_1018_IWL_DIS_XX_sadtalker,data\synthetic\track3_fakes\videos\FAKE_T3_1018_IWL_ANG_XX__AUDIO_1018_IWL_DIS_XX_sadtalker.mp4,1,done,sadtalker,1018,IWL,angry,disgust,yes
FAKE_T3_1018_IWL_FEA_XX__AUDIO_1018_IWL_HAP_XX_sadtalker,data\synthetic\track3_fakes\videos\FAKE_T3_1018_IWL_FEA_XX__AUDIO_1018_IWL_HAP_XX_sadtalker.mp4,1,done,sadtalker,1018,IWL,fear,happy,yes
FAKE_T3_1018_IWL_NEU_XX__AUDIO_1018_IWL_SAD_XX_sadtalker,data\synthetic\track3_fakes\videos\FAKE_T3_1018_IWL_NEU_XX__AUDIO_1018_IWL_SAD_XX_sadtalker.mp4,1,done,sadtalker,1018,IWL,neutral,sad,yes
FAKE_T3_1018_IWL_SAD_XX__AUDIO_1018_IWL_ANG_XX_sadtalker,data\synthetic\track3_fakes\videos\FAKE_T3_1018_IWL_SAD_XX__AUDIO_1018_IWL_ANG_XX_sadtalker.mp4,1,done,sadtalker,1018,IWL,sad,angry,yes
FAKE_T3_1018_IWW_HAP_XX__AUDIO_1018_IWW_NEU_XX_sadtalker,data\synthetic\track3_fakes\videos\FAKE_T3_1018_IWW_HAP_XX__AUDIO_1018_IWW_NEU_XX_sadtalker.mp4,1,done,sadtalker,1018,IWW,happy,neutral,yes
FAKE_T3_1018_IWW_NEU_XX__AUDIO_1018_IWW_SAD_XX_sadtalker,data\synthetic\track3_fakes\videos\FAKE_T3_1018_IWW_NEU_XX__AUDIO_1018_IWW_SAD_XX_sadtalker.mp4,1,done,sadtalker,1018,IWW,neutral,sad,yes
FAKE_T3_1018_MTI_ANG_XX__AUDIO_1018_MTI_DIS_XX_sadtalker,data\synthetic\track3_fakes\videos\FAKE_T3_1018_MTI_ANG_XX__AUDIO_1018_MTI_DIS_XX_sadtalker.mp4,1,done,sadtalker,1018,MTI,angry,disgust,yes
FAKE_T3_1018_MTI_DIS_XX__AUDIO_1018_MTI_FEA_XX_sadtalker,data\synthetic\track3_fakes\videos\FAKE_T3_1018_MTI_DIS_XX__AUDIO_1018_MTI_FEA_XX_sadtalker.mp4,1,done,sadtalker,1018,MTI,disgust,fear,yes
FAKE_T3_1018_MTI_NEU_XX__AUDIO_1018_MTI_SAD_XX_sadtalker,data\synthetic\track3_fakes\videos\FAKE_T3_1018_MTI_NEU_XX__AUDIO_1018_MTI_SAD_XX_sadtalker.mp4,1,done,sadtalker,1018,MTI,neutral,sad,yes
FAKE_T3_1018_TAI_ANG_XX__AUDIO_1018_TAI_DIS_XX_sadtalker,data\synthetic\track3_fakes\videos\FAKE_T3_1018_TAI_ANG_XX__AUDIO_1018_TAI_DIS_XX_sadtalker.mp4,1,done,sadtalker,1018,TAI,angry,disgust,yes
FAKE_T3_1018_TAI_DIS_XX__AUDIO_1018_TAI_FEA_XX_sadtalker,data\synthetic\track3_fakes\videos\FAKE_T3_1018_TAI_DIS_XX__AUDIO_1018_TAI_FEA_XX_sadtalker.mp4,1,done,sadtalker,1018,TAI,disgust,fear,yes
FAKE_T3_1018_TAI_FEA_XX__AUDIO_1018_TAI_HAP_XX_sadtalker,data\synthetic\track3_fakes\videos\FAKE_T3_1018_TAI_FEA_XX__AUDIO_1018_TAI_HAP_XX_sadtalker.mp4,1,done,sadtalker,1018,TAI,fear,happy,yes
FAKE_T3_1018_TIE_ANG_XX__AUDIO_1018_TIE_DIS_XX_sadtalker,data\synthetic\track3_fakes\videos\FAKE_T3_1018_TIE_ANG_XX__AUDIO_1018_TIE_DIS_XX_sadtalker.mp4,1,done,sadtalker,1018,TIE,angry,disgust,yes
FAKE_T3_1018_TIE_DIS_XX__AUDIO_1018_TIE_FEA_XX_sadtalker,data\synthetic\track3_fakes\videos\FAKE_T3_1018_TIE_DIS_XX__AUDIO_1018_TIE_FEA_XX_sadtalker.mp4,1,done,sadtalker,1018,TIE,disgust,fear,yes
FAKE_T3_1018_TIE_FEA_XX__AUDIO_1018_TIE_HAP_XX_sadtalker,data\synthetic\track3_fakes\videos\FAKE_T3_1018_TIE_FEA_XX__AUDIO_1018_TIE_HAP_XX_sadtalker.mp4,1,done,sadtalker,1018,TIE,fear,happy,yes
FAKE_T3_1018_TSI_ANG_XX__AUDIO_1018_TSI_DIS_XX_sadtalker,data\synthetic\track3_fakes\videos\FAKE_T3_1018_TSI_ANG_XX__AUDIO_1018_TSI_DIS_XX_sadtalker.mp4,1,done,sadtalker,1018,TSI,angry,disgust,yes
FAKE_T3_1018_TSI_FEA_XX__AUDIO_1018_TSI_HAP_XX_sadtalker,data\synthetic\track3_fakes\videos\FAKE_T3_1018_TSI_FEA_XX__AUDIO_1018_TSI_HAP_XX_sadtalker.mp4,1,done,sadtalker,1018,TSI,fear,happy,yes
FAKE_T3_1018_TSI_NEU_XX__AUDIO_1018_TSI_SAD_XX_sadtalker,data\synthetic\track3_fakes\videos\FAKE_T3_1018_TSI_NEU_XX__AUDIO_1018_TSI_SAD_XX_sadtalker.mp4,1,done,sadtalker,1018,TSI,neutral,sad,yes
FAKE_T3_1018_TSI_SAD_XX__AUDIO_1018_TSI_ANG_XX_sadtalker,data\synthetic\track3_fakes\videos\FAKE_T3_1018_TSI_SAD_XX__AUDIO_1018_TSI_ANG_XX_sadtalker.mp4,1,done,sadtalker,1018,TSI,sad,angry,yes
FAKE_T3_1018_WSI_ANG_XX__AUDIO_1018_WSI_DIS_XX_sadtalker,data\synthetic\track3_fakes\videos\FAKE_T3_1018_WSI_ANG_XX__AUDIO_1018_WSI_DIS_XX_sadtalker.mp4,1,done,sadtalker,1018,WSI,angry,disgust,yes
FAKE_T3_1018_WSI_FEA_XX__AUDIO_1018_WSI_HAP_XX_sadtalker,data\synthetic\track3_fakes\videos\FAKE_T3_1018_WSI_FEA_XX__AUDIO_1018_WSI_HAP_XX_sadtalker.mp4,1,done,sadtalker,1018,WSI,fear,happy,yes
FAKE_T3_1019_DFA_ANG_XX__AUDIO_1019_DFA_DIS_XX_sadtalker,data\synthetic\track3_fakes\videos\FAKE_T3_1019_DFA_ANG_XX__AUDIO_1019_DFA_DIS_XX_sadtalker.mp4,1,done,sadtalker,1019,DFA,angry,disgust,yes
FAKE_T3_1019_DFA_DIS_XX__AUDIO_1019_DFA_FEA_XX_sadtalker,data\synthetic\track3_fakes\videos\FAKE_T3_1019_DFA_DIS_XX__AUDIO_1019_DFA_FEA_XX_sadtalker.mp4,1,done,sadtalker,1019,DFA,disgust,fear,yes
FAKE_T3_1019_DFA_HAP_XX__AUDIO_1019_DFA_NEU_XX_sadtalker,data\synthetic\track3_fakes\videos\FAKE_T3_1019_DFA_HAP_XX__AUDIO_1019_DFA_NEU_XX_sadtalker.mp4,1,done,sadtalker,1019,DFA,happy,neutral,yes
FAKE_T3_1019_IEO_ANG_MD__AUDIO_1019_IEO_DIS_MD_sadtalker,data\synthetic\track3_fakes\videos\FAKE_T3_1019_IEO_ANG_MD__AUDIO_1019_IEO_DIS_MD_sadtalker.mp4,1,done,sadtalker,1019,IEO,angry,disgust,yes
FAKE_T3_1019_IEO_DIS_MD__AUDIO_1019_IEO_FEA_MD_sadtalker,data\synthetic\track3_fakes\videos\FAKE_T3_1019_IEO_DIS_MD__AUDIO_1019_IEO_FEA_MD_sadtalker.mp4,1,done,sadtalker,1019,IEO,disgust,fear,yes
FAKE_T3_1019_IEO_FEA_HI__AUDIO_1019_IEO_HAP_HI_sadtalker,data\synthetic\track3_fakes\videos\FAKE_T3_1019_IEO_FEA_HI__AUDIO_1019_IEO_HAP_HI_sadtalker.mp4,1,done,sadtalker,1019,IEO,fear,happy,yes
FAKE_T3_1019_IEO_FEA_LO__AUDIO_1019_IEO_HAP_LO_sadtalker,data\synthetic\track3_fakes\videos\FAKE_T3_1019_IEO_FEA_LO__AUDIO_1019_IEO_HAP_LO_sadtalker.mp4,1,done,sadtalker,1019,IEO,fear,happy,yes
FAKE_T3_1019_IEO_FEA_MD__AUDIO_1019_IEO_HAP_MD_sadtalker,data\synthetic\track3_fakes\videos\FAKE_T3_1019_IEO_FEA_MD__AUDIO_1019_IEO_HAP_MD_sadtalker.mp4,1,done,sadtalker,1019,IEO,fear,happy,yes
FAKE_T3_1019_IEO_HAP_LO__AUDIO_1019_IEO_NEU_XX_sadtalker,data\synthetic\track3_fakes\videos\FAKE_T3_1019_IEO_HAP_LO__AUDIO_1019_IEO_NEU_XX_sadtalker.mp4,1,done,sadtalker,1019,IEO,happy,neutral,yes
FAKE_T3_1019_IEO_HAP_MD__AUDIO_1019_IEO_NEU_XX_sadtalker,data\synthetic\track3_fakes\videos\FAKE_T3_1019_IEO_HAP_MD__AUDIO_1019_IEO_NEU_XX_sadtalker.mp4,1,done,sadtalker,1019,IEO,happy,neutral,yes
FAKE_T3_1019_IEO_NEU_XX__AUDIO_1019_IEO_SAD_HI_sadtalker,data\synthetic\track3_fakes\videos\FAKE_T3_1019_IEO_NEU_XX__AUDIO_1019_IEO_SAD_HI_sadtalker.mp4,1,done,sadtalker,1019,IEO,neutral,sad,yes
FAKE_T3_1019_IEO_SAD_MD__AUDIO_1019_IEO_ANG_MD_sadtalker,data\synthetic\track3_fakes\videos\FAKE_T3_1019_IEO_SAD_MD__AUDIO_1019_IEO_ANG_MD_sadtalker.mp4,1,done,sadtalker,1019,IEO,sad,angry,yes
FAKE_T3_1019_IOM_DIS_XX__AUDIO_1019_IOM_FEA_XX_sadtalker,data\synthetic\track3_fakes\videos\FAKE_T3_1019_IOM_DIS_XX__AUDIO_1019_IOM_FEA_XX_sadtalker.mp4,1,done,sadtalker,1019,IOM,disgust,fear,yes
FAKE_T3_1019_IOM_HAP_XX__AUDIO_1019_IOM_NEU_XX_sadtalker,data\synthetic\track3_fakes\videos\FAKE_T3_1019_IOM_HAP_XX__AUDIO_1019_IOM_NEU_XX_sadtalker.mp4,1,done,sadtalker,1019,IOM,happy,neutral,yes
FAKE_T3_1019_IOM_NEU_XX__AUDIO_1019_IOM_SAD_XX_sadtalker,data\synthetic\track3_fakes\videos\FAKE_T3_1019_IOM_NEU_XX__AUDIO_1019_IOM_SAD_XX_sadtalker.mp4,1,done,sadtalker,1019,IOM,neutral,sad,yes
FAKE_T3_1019_ITS_FEA_XX__AUDIO_1019_ITS_HAP_XX_sadtalker,data\synthetic\track3_fakes\videos\FAKE_T3_1019_ITS_FEA_XX__AUDIO_1019_ITS_HAP_XX_sadtalker.mp4,1,done,sadtalker,1019,ITS,fear,happy,yes
FAKE_T3_1019_IWL_DIS_XX__AUDIO_1019_IWL_FEA_XX_sadtalker,data\synthetic\track3_fakes\videos\FAKE_T3_1019_IWL_DIS_XX__AUDIO_1019_IWL_FEA_XX_sadtalker.mp4,1,done,sadtalker,1019,IWL,disgust,fear,yes
FAKE_T3_1019_IWL_FEA_XX__AUDIO_1019_IWL_HAP_XX_sadtalker,data\synthetic\track3_fakes\videos\FAKE_T3_1019_IWL_FEA_XX__AUDIO_1019_IWL_HAP_XX_sadtalker.mp4,1,done,sadtalker,1019,IWL,fear,happy,yes
FAKE_T3_1019_IWL_HAP_XX__AUDIO_1019_IWL_NEU_XX_sadtalker,data\synthetic\track3_fakes\videos\FAKE_T3_1019_IWL_HAP_XX__AUDIO_1019_IWL_NEU_XX_sadtalker.mp4,1,done,sadtalker,1019,IWL,happy,neutral,yes
FAKE_T3_1019_IWL_NEU_XX__AUDIO_1019_IWL_SAD_XX_sadtalker,data\synthetic\track3_fakes\videos\FAKE_T3_1019_IWL_NEU_XX__AUDIO_1019_IWL_SAD_XX_sadtalker.mp4,1,done,sadtalker,1019,IWL,neutral,sad,yes
FAKE_T3_1019_IWW_DIS_XX__AUDIO_1019_IWW_FEA_XX_sadtalker,data\synthetic\track3_fakes\videos\FAKE_T3_1019_IWW_DIS_XX__AUDIO_1019_IWW_FEA_XX_sadtalker.mp4,1,done,sadtalker,1019,IWW,disgust,fear,yes
FAKE_T3_1019_IWW_FEA_XX__AUDIO_1019_IWW_HAP_XX_sadtalker,data\synthetic\track3_fakes\videos\FAKE_T3_1019_IWW_FEA_XX__AUDIO_1019_IWW_HAP_XX_sadtalker.mp4,1,done,sadtalker,1019,IWW,fear,happy,yes
FAKE_T3_1019_IWW_NEU_XX__AUDIO_1019_IWW_SAD_XX_sadtalker,data\synthetic\track3_fakes\videos\FAKE_T3_1019_IWW_NEU_XX__AUDIO_1019_IWW_SAD_XX_sadtalker.mp4,1,done,sadtalker,1019,IWW,neutral,sad,yes
FAKE_T3_1019_MTI_ANG_XX__AUDIO_1019_MTI_DIS_XX_sadtalker,data\synthetic\track3_fakes\videos\FAKE_T3_1019_MTI_ANG_XX__AUDIO_1019_MTI_DIS_XX_sadtalker.mp4,1,done,sadtalker,1019,MTI,angry,disgust,yes
FAKE_T3_1019_MTI_DIS_XX__AUDIO_1019_MTI_FEA_XX_sadtalker,data\synthetic\track3_fakes\videos\FAKE_T3_1019_MTI_DIS_XX__AUDIO_1019_MTI_FEA_XX_sadtalker.mp4,1,done,sadtalker,1019,MTI,disgust,fear,yes
FAKE_T3_1019_MTI_FEA_XX__AUDIO_1019_MTI_HAP_XX_sadtalker,data\synthetic\track3_fakes\videos\FAKE_T3_1019_MTI_FEA_XX__AUDIO_1019_MTI_HAP_XX_sadtalker.mp4,1,done,sadtalker,1019,MTI,fear,happy,yes
FAKE_T3_1019_MTI_NEU_XX__AUDIO_1019_MTI_SAD_XX_sadtalker,data\synthetic\track3_fakes\videos\FAKE_T3_1019_MTI_NEU_XX__AUDIO_1019_MTI_SAD_XX_sadtalker.mp4,1,done,sadtalker,1019,MTI,neutral,sad,yes
FAKE_T3_1019_MTI_SAD_XX__AUDIO_1019_MTI_ANG_XX_sadtalker,data\synthetic\track3_fakes\videos\FAKE_T3_1019_MTI_SAD_XX__AUDIO_1019_MTI_ANG_XX_sadtalker.mp4,1,done,sadtalker,1019,MTI,sad,angry,yes
FAKE_T3_1019_TAI_DIS_XX__AUDIO_1019_TAI_FEA_XX_sadtalker,data\synthetic\track3_fakes\videos\FAKE_T3_1019_TAI_DIS_XX__AUDIO_1019_TAI_FEA_XX_sadtalker.mp4,1,done,sadtalker,1019,TAI,disgust,fear,yes
FAKE_T3_1019_TIE_ANG_XX__AUDIO_1019_TIE_DIS_XX_sadtalker,data\synthetic\track3_fakes\videos\FAKE_T3_1019_TIE_ANG_XX__AUDIO_1019_TIE_DIS_XX_sadtalker.mp4,1,done,sadtalker,1019,TIE,angry,disgust,yes
FAKE_T3_1019_TIE_HAP_XX__AUDIO_1019_TIE_NEU_XX_sadtalker,data\synthetic\track3_fakes\videos\FAKE_T3_1019_TIE_HAP_XX__AUDIO_1019_TIE_NEU_XX_sadtalker.mp4,1,done,sadtalker,1019,TIE,happy,neutral,yes
FAKE_T3_1019_TIE_NEU_XX__AUDIO_1019_TIE_SAD_XX_sadtalker,data\synthetic\track3_fakes\videos\FAKE_T3_1019_TIE_NEU_XX__AUDIO_1019_TIE_SAD_XX_sadtalker.mp4,1,done,sadtalker,1019,TIE,neutral,sad,yes
FAKE_T3_1019_TIE_SAD_XX__AUDIO_1019_TIE_ANG_XX_sadtalker,data\synthetic\track3_fakes\videos\FAKE_T3_1019_TIE_SAD_XX__AUDIO_1019_TIE_ANG_XX_sadtalker.mp4,1,done,sadtalker,1019,TIE,sad,angry,yes
FAKE_T3_1019_TSI_ANG_XX__AUDIO_1019_TSI_DIS_XX_sadtalker,data\synthetic\track3_fakes\videos\FAKE_T3_1019_TSI_ANG_XX__AUDIO_1019_TSI_DIS_XX_sadtalker.mp4,1,done,sadtalker,1019,TSI,angry,disgust,yes
FAKE_T3_1019_TSI_HAP_XX__AUDIO_1019_TSI_NEU_XX_sadtalker,data\synthetic\track3_fakes\videos\FAKE_T3_1019_TSI_HAP_XX__AUDIO_1019_TSI_NEU_XX_sadtalker.mp4,1,done,sadtalker,1019,TSI,happy,neutral,yes
FAKE_T3_1019_TSI_NEU_XX__AUDIO_1019_TSI_SAD_XX_sadtalker,data\synthetic\track3_fakes\videos\FAKE_T3_1019_TSI_NEU_XX__AUDIO_1019_TSI_SAD_XX_sadtalker.mp4,1,done,sadtalker,1019,TSI,neutral,sad,yes
FAKE_T3_1019_TSI_SAD_XX__AUDIO_1019_TSI_ANG_XX_sadtalker,data\synthetic\track3_fakes\videos\FAKE_T3_1019_TSI_SAD_XX__AUDIO_1019_TSI_ANG_XX_sadtalker.mp4,1,done,sadtalker,1019,TSI,sad,angry,yes
FAKE_T3_1019_WSI_FEA_XX__AUDIO_1019_WSI_HAP_XX_sadtalker,data\synthetic\track3_fakes\videos\FAKE_T3_1019_WSI_FEA_XX__AUDIO_1019_WSI_HAP_XX_sadtalker.mp4,1,done,sadtalker,1019,WSI,fear,happy,yes
FAKE_T3_1020_DFA_ANG_XX__AUDIO_1020_DFA_DIS_XX_sadtalker,data\synthetic\track3_fakes\videos\FAKE_T3_1020_DFA_ANG_XX__AUDIO_1020_DFA_DIS_XX_sadtalker.mp4,1,done,sadtalker,1020,DFA,angry,disgust,yes
FAKE_T3_1020_DFA_DIS_XX__AUDIO_1020_DFA_FEA_XX_sadtalker,data\synthetic\track3_fakes\videos\FAKE_T3_1020_DFA_DIS_XX__AUDIO_1020_DFA_FEA_XX_sadtalker.mp4,1,done,sadtalker,1020,DFA,disgust,fear,yes
FAKE_T3_1020_DFA_HAP_XX__AUDIO_1020_DFA_NEU_XX_sadtalker,data\synthetic\track3_fakes\videos\FAKE_T3_1020_DFA_HAP_XX__AUDIO_1020_DFA_NEU_XX_sadtalker.mp4,1,done,sadtalker,1020,DFA,happy,neutral,yes
FAKE_T3_1020_DFA_NEU_XX__AUDIO_1020_DFA_SAD_XX_sadtalker,data\synthetic\track3_fakes\videos\FAKE_T3_1020_DFA_NEU_XX__AUDIO_1020_DFA_SAD_XX_sadtalker.mp4,1,done,sadtalker,1020,DFA,neutral,sad,yes
FAKE_T3_1020_IEO_ANG_HI__AUDIO_1020_IEO_DIS_HI_sadtalker,data\synthetic\track3_fakes\videos\FAKE_T3_1020_IEO_ANG_HI__AUDIO_1020_IEO_DIS_HI_sadtalker.mp4,1,done,sadtalker,1020,IEO,angry,disgust,yes
FAKE_T3_1020_IEO_ANG_LO__AUDIO_1020_IEO_DIS_LO_sadtalker,data\synthetic\track3_fakes\videos\FAKE_T3_1020_IEO_ANG_LO__AUDIO_1020_IEO_DIS_LO_sadtalker.mp4,1,done,sadtalker,1020,IEO,angry,disgust,yes
FAKE_T3_1020_IEO_ANG_MD__AUDIO_1020_IEO_DIS_MD_sadtalker,data\synthetic\track3_fakes\videos\FAKE_T3_1020_IEO_ANG_MD__AUDIO_1020_IEO_DIS_MD_sadtalker.mp4,1,done,sadtalker,1020,IEO,angry,disgust,yes
FAKE_T3_1020_IEO_DIS_HI__AUDIO_1020_IEO_FEA_HI_sadtalker,data\synthetic\track3_fakes\videos\FAKE_T3_1020_IEO_DIS_HI__AUDIO_1020_IEO_FEA_HI_sadtalker.mp4,1,done,sadtalker,1020,IEO,disgust,fear,yes
FAKE_T3_1020_IEO_DIS_MD__AUDIO_1020_IEO_FEA_MD_sadtalker,data\synthetic\track3_fakes\videos\FAKE_T3_1020_IEO_DIS_MD__AUDIO_1020_IEO_FEA_MD_sadtalker.mp4,1,done,sadtalker,1020,IEO,disgust,fear,yes
FAKE_T3_1020_IEO_FEA_HI__AUDIO_1020_IEO_HAP_HI_sadtalker,data\synthetic\track3_fakes\videos\FAKE_T3_1020_IEO_FEA_HI__AUDIO_1020_IEO_HAP_HI_sadtalker.mp4,1,done,sadtalker,1020,IEO,fear,happy,yes
FAKE_T3_1020_IEO_FEA_LO__AUDIO_1020_IEO_HAP_LO_sadtalker,data\synthetic\track3_fakes\videos\FAKE_T3_1020_IEO_FEA_LO__AUDIO_1020_IEO_HAP_LO_sadtalker.mp4,1,done,sadtalker,1020,IEO,fear,happy,yes
FAKE_T3_1020_IEO_HAP_LO__AUDIO_1020_IEO_NEU_XX_sadtalker,data\synthetic\track3_fakes\videos\FAKE_T3_1020_IEO_HAP_LO__AUDIO_1020_IEO_NEU_XX_sadtalker.mp4,1,done,sadtalker,1020,IEO,happy,neutral,yes
FAKE_T3_1020_IEO_SAD_HI__AUDIO_1020_IEO_ANG_HI_sadtalker,data\synthetic\track3_fakes\videos\FAKE_T3_1020_IEO_SAD_HI__AUDIO_1020_IEO_ANG_HI_sadtalker.mp4,1,done,sadtalker,1020,IEO,sad,angry,yes
FAKE_T3_1020_IOM_ANG_XX__AUDIO_1020_IOM_DIS_XX_sadtalker,data\synthetic\track3_fakes\videos\FAKE_T3_1020_IOM_ANG_XX__AUDIO_1020_IOM_DIS_XX_sadtalker.mp4,1,done,sadtalker,1020,IOM,angry,disgust,yes
FAKE_T3_1020_IOM_DIS_XX__AUDIO_1020_IOM_FEA_XX_sadtalker,data\synthetic\track3_fakes\videos\FAKE_T3_1020_IOM_DIS_XX__AUDIO_1020_IOM_FEA_XX_sadtalker.mp4,1,done,sadtalker,1020,IOM,disgust,fear,yes
FAKE_T3_1020_IOM_FEA_XX__AUDIO_1020_IOM_HAP_XX_sadtalker,data\synthetic\track3_fakes\videos\FAKE_T3_1020_IOM_FEA_XX__AUDIO_1020_IOM_HAP_XX_sadtalker.mp4,1,done,sadtalker,1020,IOM,fear,happy,yes
FAKE_T3_1020_IOM_NEU_XX__AUDIO_1020_IOM_SAD_XX_sadtalker,data\synthetic\track3_fakes\videos\FAKE_T3_1020_IOM_NEU_XX__AUDIO_1020_IOM_SAD_XX_sadtalker.mp4,1,done,sadtalker,1020,IOM,neutral,sad,yes
FAKE_T3_1020_ITH_ANG_XX__AUDIO_1020_ITH_DIS_XX_sadtalker,data\synthetic\track3_fakes\videos\FAKE_T3_1020_ITH_ANG_XX__AUDIO_1020_ITH_DIS_XX_sadtalker.mp4,1,done,sadtalker,1020,ITH,angry,disgust,yes
FAKE_T3_1020_ITH_SAD_XX__AUDIO_1020_ITH_ANG_XX_sadtalker,data\synthetic\track3_fakes\videos\FAKE_T3_1020_ITH_SAD_XX__AUDIO_1020_ITH_ANG_XX_sadtalker.mp4,1,done,sadtalker,1020,ITH,sad,angry,yes
FAKE_T3_1020_ITS_SAD_XX__AUDIO_1020_ITS_ANG_XX_sadtalker,data\synthetic\track3_fakes\videos\FAKE_T3_1020_ITS_SAD_XX__AUDIO_1020_ITS_ANG_XX_sadtalker.mp4,1,done,sadtalker,1020,ITS,sad,angry,yes
FAKE_T3_1020_IWL_ANG_XX__AUDIO_1020_IWL_DIS_XX_sadtalker,data\synthetic\track3_fakes\videos\FAKE_T3_1020_IWL_ANG_XX__AUDIO_1020_IWL_DIS_XX_sadtalker.mp4,1,done,sadtalker,1020,IWL,angry,disgust,yes
FAKE_T3_1020_IWL_HAP_XX__AUDIO_1020_IWL_NEU_XX_sadtalker,data\synthetic\track3_fakes\videos\FAKE_T3_1020_IWL_HAP_XX__AUDIO_1020_IWL_NEU_XX_sadtalker.mp4,1,done,sadtalker,1020,IWL,happy,neutral,yes
FAKE_T3_1020_IWL_NEU_XX__AUDIO_1020_IWL_SAD_XX_sadtalker,data\synthetic\track3_fakes\videos\FAKE_T3_1020_IWL_NEU_XX__AUDIO_1020_IWL_SAD_XX_sadtalker.mp4,1,done,sadtalker,1020,IWL,neutral,sad,yes
FAKE_T3_1020_IWW_ANG_XX__AUDIO_1020_IWW_DIS_XX_sadtalker,data\synthetic\track3_fakes\videos\FAKE_T3_1020_IWW_ANG_XX__AUDIO_1020_IWW_DIS_XX_sadtalker.mp4,1,done,sadtalker,1020,IWW,angry,disgust,yes
FAKE_T3_1020_IWW_FEA_XX__AUDIO_1020_IWW_HAP_XX_sadtalker,data\synthetic\track3_fakes\videos\FAKE_T3_1020_IWW_FEA_XX__AUDIO_1020_IWW_HAP_XX_sadtalker.mp4,1,done,sadtalker,1020,IWW,fear,happy,yes
FAKE_T3_1020_IWW_HAP_XX__AUDIO_1020_IWW_NEU_XX_sadtalker,data\synthetic\track3_fakes\videos\FAKE_T3_1020_IWW_HAP_XX__AUDIO_1020_IWW_NEU_XX_sadtalker.mp4,1,done,sadtalker,1020,IWW,happy,neutral,yes
FAKE_T3_1020_IWW_NEU_XX__AUDIO_1020_IWW_SAD_XX_sadtalker,data\synthetic\track3_fakes\videos\FAKE_T3_1020_IWW_NEU_XX__AUDIO_1020_IWW_SAD_XX_sadtalker.mp4,1,done,sadtalker,1020,IWW,neutral,sad,yes
FAKE_T3_1020_MTI_ANG_XX__AUDIO_1020_MTI_DIS_XX_sadtalker,data\synthetic\track3_fakes\videos\FAKE_T3_1020_MTI_ANG_XX__AUDIO_1020_MTI_DIS_XX_sadtalker.mp4,1,done,sadtalker,1020,MTI,angry,disgust,yes
FAKE_T3_1020_MTI_DIS_XX__AUDIO_1020_MTI_FEA_XX_sadtalker,data\synthetic\track3_fakes\videos\FAKE_T3_1020_MTI_DIS_XX__AUDIO_1020_MTI_FEA_XX_sadtalker.mp4,1,done,sadtalker,1020,MTI,disgust,fear,yes
FAKE_T3_1020_MTI_HAP_XX__AUDIO_1020_MTI_NEU_XX_sadtalker,data\synthetic\track3_fakes\videos\FAKE_T3_1020_MTI_HAP_XX__AUDIO_1020_MTI_NEU_XX_sadtalker.mp4,1,done,sadtalker,1020,MTI,happy,neutral,yes
FAKE_T3_1020_TAI_FEA_XX__AUDIO_1020_TAI_HAP_XX_sadtalker,data\synthetic\track3_fakes\videos\FAKE_T3_1020_TAI_FEA_XX__AUDIO_1020_TAI_HAP_XX_sadtalker.mp4,1,done,sadtalker,1020,TAI,fear,happy,yes
FAKE_T3_1020_TAI_NEU_XX__AUDIO_1020_TAI_SAD_XX_sadtalker,data\synthetic\track3_fakes\videos\FAKE_T3_1020_TAI_NEU_XX__AUDIO_1020_TAI_SAD_XX_sadtalker.mp4,1,done,sadtalker,1020,TAI,neutral,sad,yes
FAKE_T3_1020_TIE_ANG_XX__AUDIO_1020_TIE_DIS_XX_sadtalker,data\synthetic\track3_fakes\videos\FAKE_T3_1020_TIE_ANG_XX__AUDIO_1020_TIE_DIS_XX_sadtalker.mp4,1,done,sadtalker,1020,TIE,angry,disgust,yes
FAKE_T3_1020_TIE_NEU_XX__AUDIO_1020_TIE_SAD_XX_sadtalker,data\synthetic\track3_fakes\videos\FAKE_T3_1020_TIE_NEU_XX__AUDIO_1020_TIE_SAD_XX_sadtalker.mp4,1,done,sadtalker,1020,TIE,neutral,sad,yes
FAKE_T3_1020_TSI_ANG_XX__AUDIO_1020_TSI_DIS_XX_sadtalker,data\synthetic\track3_fakes\videos\FAKE_T3_1020_TSI_ANG_XX__AUDIO_1020_TSI_DIS_XX_sadtalker.mp4,1,done,sadtalker,1020,TSI,angry,disgust,yes
FAKE_T3_1020_TSI_DIS_XX__AUDIO_1020_TSI_FEA_XX_sadtalker,data\synthetic\track3_fakes\videos\FAKE_T3_1020_TSI_DIS_XX__AUDIO_1020_TSI_FEA_XX_sadtalker.mp4,1,done,sadtalker,1020,TSI,disgust,fear,yes
FAKE_T3_1020_TSI_FEA_XX__AUDIO_1020_TSI_HAP_XX_sadtalker,data\synthetic\track3_fakes\videos\FAKE_T3_1020_TSI_FEA_XX__AUDIO_1020_TSI_HAP_XX_sadtalker.mp4,1,done,sadtalker,1020,TSI,fear,happy,yes
FAKE_T3_1020_TSI_HAP_XX__AUDIO_1020_TSI_NEU_XX_sadtalker,data\synthetic\track3_fakes\videos\FAKE_T3_1020_TSI_HAP_XX__AUDIO_1020_TSI_NEU_XX_sadtalker.mp4,1,done,sadtalker,1020,TSI,happy,neutral,yes
FAKE_T3_1020_WSI_ANG_XX__AUDIO_1020_WSI_DIS_XX_sadtalker,data\synthetic\track3_fakes\videos\FAKE_T3_1020_WSI_ANG_XX__AUDIO_1020_WSI_DIS_XX_sadtalker.mp4,1,done,sadtalker,1020,WSI,angry,disgust,yes
FAKE_T3_1020_WSI_HAP_XX__AUDIO_1020_WSI_NEU_XX_sadtalker,data\synthetic\track3_fakes\videos\FAKE_T3_1020_WSI_HAP_XX__AUDIO_1020_WSI_NEU_XX_sadtalker.mp4,1,done,sadtalker,1020,WSI,happy,neutral,yes
FAKE_T3_1020_WSI_SAD_XX__AUDIO_1020_WSI_ANG_XX_sadtalker,data\synthetic\track3_fakes\videos\FAKE_T3_1020_WSI_SAD_XX__AUDIO_1020_WSI_ANG_XX_sadtalker.mp4,1,done,sadtalker,1020,WSI,sad,angry,yes
FAKE_T3_1021_DFA_FEA_XX__AUDIO_1021_DFA_HAP_XX_sadtalker,data\synthetic\track3_fakes\videos\FAKE_T3_1021_DFA_FEA_XX__AUDIO_1021_DFA_HAP_XX_sadtalker.mp4,1,done,sadtalker,1021,DFA,fear,happy,yes
FAKE_T3_1021_IEO_ANG_HI__AUDIO_1021_IEO_DIS_HI_sadtalker,data\synthetic\track3_fakes\videos\FAKE_T3_1021_IEO_ANG_HI__AUDIO_1021_IEO_DIS_HI_sadtalker.mp4,1,done,sadtalker,1021,IEO,angry,disgust,yes
FAKE_T3_1021_IEO_ANG_LO__AUDIO_1021_IEO_DIS_LO_sadtalker,data\synthetic\track3_fakes\videos\FAKE_T3_1021_IEO_ANG_LO__AUDIO_1021_IEO_DIS_LO_sadtalker.mp4,1,done,sadtalker,1021,IEO,angry,disgust,yes
FAKE_T3_1021_IEO_DIS_HI__AUDIO_1021_IEO_FEA_HI_sadtalker,data\synthetic\track3_fakes\videos\FAKE_T3_1021_IEO_DIS_HI__AUDIO_1021_IEO_FEA_HI_sadtalker.mp4,1,done,sadtalker,1021,IEO,disgust,fear,yes
FAKE_T3_1021_IEO_NEU_XX__AUDIO_1021_IEO_SAD_HI_sadtalker,data\synthetic\track3_fakes\videos\FAKE_T3_1021_IEO_NEU_XX__AUDIO_1021_IEO_SAD_HI_sadtalker.mp4,1,done,sadtalker,1021,IEO,neutral,sad,yes
FAKE_T3_1021_IEO_SAD_HI__AUDIO_1021_IEO_ANG_HI_sadtalker,data\synthetic\track3_fakes\videos\FAKE_T3_1021_IEO_SAD_HI__AUDIO_1021_IEO_ANG_HI_sadtalker.mp4,1,done,sadtalker,1021,IEO,sad,angry,yes
FAKE_T3_1021_IEO_SAD_LO__AUDIO_1021_IEO_ANG_LO_sadtalker,data\synthetic\track3_fakes\videos\FAKE_T3_1021_IEO_SAD_LO__AUDIO_1021_IEO_ANG_LO_sadtalker.mp4,1,done,sadtalker,1021,IEO,sad,angry,yes
FAKE_T3_1021_IEO_SAD_MD__AUDIO_1021_IEO_ANG_MD_sadtalker,data\synthetic\track3_fakes\videos\FAKE_T3_1021_IEO_SAD_MD__AUDIO_1021_IEO_ANG_MD_sadtalker.mp4,1,done,sadtalker,1021,IEO,sad,angry,yes
FAKE_T3_1021_IOM_HAP_XX__AUDIO_1021_IOM_NEU_XX_sadtalker,data\synthetic\track3_fakes\videos\FAKE_T3_1021_IOM_HAP_XX__AUDIO_1021_IOM_NEU_XX_sadtalker.mp4,1,done,sadtalker,1021,IOM,happy,neutral,yes
FAKE_T3_1021_IOM_NEU_XX__AUDIO_1021_IOM_SAD_XX_sadtalker,data\synthetic\track3_fakes\videos\FAKE_T3_1021_IOM_NEU_XX__AUDIO_1021_IOM_SAD_XX_sadtalker.mp4,1,done,sadtalker,1021,IOM,neutral,sad,yes
FAKE_T3_1021_ITH_FEA_XX__AUDIO_1021_ITH_HAP_XX_sadtalker,data\synthetic\track3_fakes\videos\FAKE_T3_1021_ITH_FEA_XX__AUDIO_1021_ITH_HAP_XX_sadtalker.mp4,1,done,sadtalker,1021,ITH,fear,happy,yes
FAKE_T3_1021_ITH_NEU_XX__AUDIO_1021_ITH_SAD_XX_sadtalker,data\synthetic\track3_fakes\videos\FAKE_T3_1021_ITH_NEU_XX__AUDIO_1021_ITH_SAD_XX_sadtalker.mp4,1,done,sadtalker,1021,ITH,neutral,sad,yes
FAKE_T3_1021_ITH_SAD_XX__AUDIO_1021_ITH_ANG_XX_sadtalker,data\synthetic\track3_fakes\videos\FAKE_T3_1021_ITH_SAD_XX__AUDIO_1021_ITH_ANG_XX_sadtalker.mp4,1,done,sadtalker,1021,ITH,sad,angry,yes
FAKE_T3_1021_ITS_ANG_XX__AUDIO_1021_ITS_DIS_XX_sadtalker,data\synthetic\track3_fakes\videos\FAKE_T3_1021_ITS_ANG_XX__AUDIO_1021_ITS_DIS_XX_sadtalker.mp4,1,done,sadtalker,1021,ITS,angry,disgust,yes
FAKE_T3_1021_ITS_DIS_XX__AUDIO_1021_ITS_FEA_XX_sadtalker,data\synthetic\track3_fakes\videos\FAKE_T3_1021_ITS_DIS_XX__AUDIO_1021_ITS_FEA_XX_sadtalker.mp4,1,done,sadtalker,1021,ITS,disgust,fear,yes
FAKE_T3_1021_ITS_FEA_XX__AUDIO_1021_ITS_HAP_XX_sadtalker,data\synthetic\track3_fakes\videos\FAKE_T3_1021_ITS_FEA_XX__AUDIO_1021_ITS_HAP_XX_sadtalker.mp4,1,done,sadtalker,1021,ITS,fear,happy,yes
FAKE_T3_1021_ITS_HAP_XX__AUDIO_1021_ITS_NEU_XX_sadtalker,data\synthetic\track3_fakes\videos\FAKE_T3_1021_ITS_HAP_XX__AUDIO_1021_ITS_NEU_XX_sadtalker.mp4,1,done,sadtalker,1021,ITS,happy,neutral,yes
FAKE_T3_1021_ITS_SAD_XX__AUDIO_1021_ITS_ANG_XX_sadtalker,data\synthetic\track3_fakes\videos\FAKE_T3_1021_ITS_SAD_XX__AUDIO_1021_ITS_ANG_XX_sadtalker.mp4,1,done,sadtalker,1021,ITS,sad,angry,yes
FAKE_T3_1021_IWL_DIS_XX__AUDIO_1021_IWL_FEA_XX_sadtalker,data\synthetic\track3_fakes\videos\FAKE_T3_1021_IWL_DIS_XX__AUDIO_1021_IWL_FEA_XX_sadtalker.mp4,1,done,sadtalker,1021,IWL,disgust,fear,yes
FAKE_T3_1021_IWL_HAP_XX__AUDIO_1021_IWL_NEU_XX_sadtalker,data\synthetic\track3_fakes\videos\FAKE_T3_1021_IWL_HAP_XX__AUDIO_1021_IWL_NEU_XX_sadtalker.mp4,1,done,sadtalker,1021,IWL,happy,neutral,yes
FAKE_T3_1021_IWL_NEU_XX__AUDIO_1021_IWL_SAD_XX_sadtalker,data\synthetic\track3_fakes\videos\FAKE_T3_1021_IWL_NEU_XX__AUDIO_1021_IWL_SAD_XX_sadtalker.mp4,1,done,sadtalker,1021,IWL,neutral,sad,yes
FAKE_T3_1021_IWL_SAD_XX__AUDIO_1021_IWL_ANG_XX_sadtalker,data\synthetic\track3_fakes\videos\FAKE_T3_1021_IWL_SAD_XX__AUDIO_1021_IWL_ANG_XX_sadtalker.mp4,1,done,sadtalker,1021,IWL,sad,angry,yes
FAKE_T3_1021_IWW_ANG_XX__AUDIO_1021_IWW_DIS_XX_sadtalker,data\synthetic\track3_fakes\videos\FAKE_T3_1021_IWW_ANG_XX__AUDIO_1021_IWW_DIS_XX_sadtalker.mp4,1,done,sadtalker,1021,IWW,angry,disgust,yes
FAKE_T3_1021_IWW_FEA_XX__AUDIO_1021_IWW_HAP_XX_sadtalker,data\synthetic\track3_fakes\videos\FAKE_T3_1021_IWW_FEA_XX__AUDIO_1021_IWW_HAP_XX_sadtalker.mp4,1,done,sadtalker,1021,IWW,fear,happy,yes
FAKE_T3_1021_MTI_FEA_XX__AUDIO_1021_MTI_HAP_XX_sadtalker,data\synthetic\track3_fakes\videos\FAKE_T3_1021_MTI_FEA_XX__AUDIO_1021_MTI_HAP_XX_sadtalker.mp4,1,done,sadtalker,1021,MTI,fear,happy,yes
FAKE_T3_1021_MTI_HAP_XX__AUDIO_1021_MTI_NEU_XX_sadtalker,data\synthetic\track3_fakes\videos\FAKE_T3_1021_MTI_HAP_XX__AUDIO_1021_MTI_NEU_XX_sadtalker.mp4,1,done,sadtalker,1021,MTI,happy,neutral,yes
FAKE_T3_1021_MTI_SAD_XX__AUDIO_1021_MTI_ANG_XX_sadtalker,data\synthetic\track3_fakes\videos\FAKE_T3_1021_MTI_SAD_XX__AUDIO_1021_MTI_ANG_XX_sadtalker.mp4,1,done,sadtalker,1021,MTI,sad,angry,yes
FAKE_T3_1021_TAI_ANG_XX__AUDIO_1021_TAI_DIS_XX_sadtalker,data\synthetic\track3_fakes\videos\FAKE_T3_1021_TAI_ANG_XX__AUDIO_1021_TAI_DIS_XX_sadtalker.mp4,1,done,sadtalker,1021,TAI,angry,disgust,yes
FAKE_T3_1021_TAI_FEA_XX__AUDIO_1021_TAI_HAP_XX_sadtalker,data\synthetic\track3_fakes\videos\FAKE_T3_1021_TAI_FEA_XX__AUDIO_1021_TAI_HAP_XX_sadtalker.mp4,1,done,sadtalker,1021,TAI,fear,happy,yes
FAKE_T3_1021_TIE_ANG_XX__AUDIO_1021_TIE_DIS_XX_sadtalker,data\synthetic\track3_fakes\videos\FAKE_T3_1021_TIE_ANG_XX__AUDIO_1021_TIE_DIS_XX_sadtalker.mp4,1,done,sadtalker,1021,TIE,angry,disgust,yes
FAKE_T3_1021_TIE_HAP_XX__AUDIO_1021_TIE_NEU_XX_sadtalker,data\synthetic\track3_fakes\videos\FAKE_T3_1021_TIE_HAP_XX__AUDIO_1021_TIE_NEU_XX_sadtalker.mp4,1,done,sadtalker,1021,TIE,happy,neutral,yes
FAKE_T3_1021_TIE_NEU_XX__AUDIO_1021_TIE_SAD_XX_sadtalker,data\synthetic\track3_fakes\videos\FAKE_T3_1021_TIE_NEU_XX__AUDIO_1021_TIE_SAD_XX_sadtalker.mp4,1,done,sadtalker,1021,TIE,neutral,sad,yes
FAKE_T3_1021_TIE_SAD_XX__AUDIO_1021_TIE_ANG_XX_sadtalker,data\synthetic\track3_fakes\videos\FAKE_T3_1021_TIE_SAD_XX__AUDIO_1021_TIE_ANG_XX_sadtalker.mp4,1,done,sadtalker,1021,TIE,sad,angry,yes
FAKE_T3_1021_TSI_ANG_XX__AUDIO_1021_TSI_DIS_XX_sadtalker,data\synthetic\track3_fakes\videos\FAKE_T3_1021_TSI_ANG_XX__AUDIO_1021_TSI_DIS_XX_sadtalker.mp4,1,done,sadtalker,1021,TSI,angry,disgust,yes
FAKE_T3_1021_TSI_DIS_XX__AUDIO_1021_TSI_FEA_XX_sadtalker,data\synthetic\track3_fakes\videos\FAKE_T3_1021_TSI_DIS_XX__AUDIO_1021_TSI_FEA_XX_sadtalker.mp4,1,done,sadtalker,1021,TSI,disgust,fear,yes
FAKE_T3_1021_TSI_FEA_XX__AUDIO_1021_TSI_HAP_XX_sadtalker,data\synthetic\track3_fakes\videos\FAKE_T3_1021_TSI_FEA_XX__AUDIO_1021_TSI_HAP_XX_sadtalker.mp4,1,done,sadtalker,1021,TSI,fear,happy,yes
FAKE_T3_1021_TSI_HAP_XX__AUDIO_1021_TSI_NEU_XX_sadtalker,data\synthetic\track3_fakes\videos\FAKE_T3_1021_TSI_HAP_XX__AUDIO_1021_TSI_NEU_XX_sadtalker.mp4,1,done,sadtalker,1021,TSI,happy,neutral,yes
FAKE_T3_1021_TSI_SAD_XX__AUDIO_1021_TSI_ANG_XX_sadtalker,data\synthetic\track3_fakes\videos\FAKE_T3_1021_TSI_SAD_XX__AUDIO_1021_TSI_ANG_XX_sadtalker.mp4,1,done,sadtalker,1021,TSI,sad,angry,yes
FAKE_T3_1021_WSI_ANG_XX__AUDIO_1021_WSI_DIS_XX_sadtalker,data\synthetic\track3_fakes\videos\FAKE_T3_1021_WSI_ANG_XX__AUDIO_1021_WSI_DIS_XX_sadtalker.mp4,1,done,sadtalker,1021,WSI,angry,disgust,yes
FAKE_T3_1021_WSI_HAP_XX__AUDIO_1021_WSI_NEU_XX_sadtalker,data\synthetic\track3_fakes\videos\FAKE_T3_1021_WSI_HAP_XX__AUDIO_1021_WSI_NEU_XX_sadtalker.mp4,1,done,sadtalker,1021,WSI,happy,neutral,yes
FAKE_T3_1021_WSI_SAD_XX__AUDIO_1021_WSI_ANG_XX_sadtalker,data\synthetic\track3_fakes\videos\FAKE_T3_1021_WSI_SAD_XX__AUDIO_1021_WSI_ANG_XX_sadtalker.mp4,1,done,sadtalker,1021,WSI,sad,angry,yes
FAKE_T3_1022_DFA_HAP_XX__AUDIO_1022_DFA_NEU_XX_sadtalker,data\synthetic\track3_fakes\videos\FAKE_T3_1022_DFA_HAP_XX__AUDIO_1022_DFA_NEU_XX_sadtalker.mp4,1,done,sadtalker,1022,DFA,happy,neutral,yes
FAKE_T3_1022_DFA_NEU_XX__AUDIO_1022_DFA_SAD_XX_sadtalker,data\synthetic\track3_fakes\videos\FAKE_T3_1022_DFA_NEU_XX__AUDIO_1022_DFA_SAD_XX_sadtalker.mp4,1,done,sadtalker,1022,DFA,neutral,sad,yes
FAKE_T3_1022_DFA_SAD_XX__AUDIO_1022_DFA_ANG_XX_sadtalker,data\synthetic\track3_fakes\videos\FAKE_T3_1022_DFA_SAD_XX__AUDIO_1022_DFA_ANG_XX_sadtalker.mp4,1,done,sadtalker,1022,DFA,sad,angry,yes
FAKE_T3_1022_IEO_ANG_HI__AUDIO_1022_IEO_DIS_HI_sadtalker,data\synthetic\track3_fakes\videos\FAKE_T3_1022_IEO_ANG_HI__AUDIO_1022_IEO_DIS_HI_sadtalker.mp4,1,done,sadtalker,1022,IEO,angry,disgust,yes
FAKE_T3_1022_IEO_ANG_MD__AUDIO_1022_IEO_DIS_MD_sadtalker,data\synthetic\track3_fakes\videos\FAKE_T3_1022_IEO_ANG_MD__AUDIO_1022_IEO_DIS_MD_sadtalker.mp4,1,done,sadtalker,1022,IEO,angry,disgust,yes
FAKE_T3_1022_IEO_DIS_HI__AUDIO_1022_IEO_FEA_HI_sadtalker,data\synthetic\track3_fakes\videos\FAKE_T3_1022_IEO_DIS_HI__AUDIO_1022_IEO_FEA_HI_sadtalker.mp4,1,done,sadtalker,1022,IEO,disgust,fear,yes
FAKE_T3_1022_IEO_DIS_LO__AUDIO_1022_IEO_FEA_LO_sadtalker,data\synthetic\track3_fakes\videos\FAKE_T3_1022_IEO_DIS_LO__AUDIO_1022_IEO_FEA_LO_sadtalker.mp4,1,done,sadtalker,1022,IEO,disgust,fear,yes
FAKE_T3_1022_IEO_FEA_HI__AUDIO_1022_IEO_HAP_HI_sadtalker,data\synthetic\track3_fakes\videos\FAKE_T3_1022_IEO_FEA_HI__AUDIO_1022_IEO_HAP_HI_sadtalker.mp4,1,done,sadtalker,1022,IEO,fear,happy,yes
FAKE_T3_1022_IEO_FEA_MD__AUDIO_1022_IEO_HAP_MD_sadtalker,data\synthetic\track3_fakes\videos\FAKE_T3_1022_IEO_FEA_MD__AUDIO_1022_IEO_HAP_MD_sadtalker.mp4,1,done,sadtalker,1022,IEO,fear,happy,yes
FAKE_T3_1022_IEO_HAP_HI__AUDIO_1022_IEO_NEU_XX_sadtalker,data\synthetic\track3_fakes\videos\FAKE_T3_1022_IEO_HAP_HI__AUDIO_1022_IEO_NEU_XX_sadtalker.mp4,1,done,sadtalker,1022,IEO,happy,neutral,yes
FAKE_T3_1022_IEO_NEU_XX__AUDIO_1022_IEO_SAD_HI_sadtalker,data\synthetic\track3_fakes\videos\FAKE_T3_1022_IEO_NEU_XX__AUDIO_1022_IEO_SAD_HI_sadtalker.mp4,1,done,sadtalker,1022,IEO,neutral,sad,yes
FAKE_T3_1022_IEO_SAD_HI__AUDIO_1022_IEO_ANG_HI_sadtalker,data\synthetic\track3_fakes\videos\FAKE_T3_1022_IEO_SAD_HI__AUDIO_1022_IEO_ANG_HI_sadtalker.mp4,1,done,sadtalker,1022,IEO,sad,angry,yes
FAKE_T3_1022_IEO_SAD_MD__AUDIO_1022_IEO_ANG_MD_sadtalker,data\synthetic\track3_fakes\videos\FAKE_T3_1022_IEO_SAD_MD__AUDIO_1022_IEO_ANG_MD_sadtalker.mp4,1,done,sadtalker,1022,IEO,sad,angry,yes
FAKE_T3_1022_IOM_DIS_XX__AUDIO_1022_IOM_FEA_XX_sadtalker,data\synthetic\track3_fakes\videos\FAKE_T3_1022_IOM_DIS_XX__AUDIO_1022_IOM_FEA_XX_sadtalker.mp4,1,done,sadtalker,1022,IOM,disgust,fear,yes
FAKE_T3_1022_IOM_SAD_XX__AUDIO_1022_IOM_ANG_XX_sadtalker,data\synthetic\track3_fakes\videos\FAKE_T3_1022_IOM_SAD_XX__AUDIO_1022_IOM_ANG_XX_sadtalker.mp4,1,done,sadtalker,1022,IOM,sad,angry,yes
FAKE_T3_1022_ITH_ANG_XX__AUDIO_1022_ITH_DIS_XX_sadtalker,data\synthetic\track3_fakes\videos\FAKE_T3_1022_ITH_ANG_XX__AUDIO_1022_ITH_DIS_XX_sadtalker.mp4,1,done,sadtalker,1022,ITH,angry,disgust,yes
FAKE_T3_1022_ITH_NEU_XX__AUDIO_1022_ITH_SAD_XX_sadtalker,data\synthetic\track3_fakes\videos\FAKE_T3_1022_ITH_NEU_XX__AUDIO_1022_ITH_SAD_XX_sadtalker.mp4,1,done,sadtalker,1022,ITH,neutral,sad,yes
FAKE_T3_1022_ITS_ANG_XX__AUDIO_1022_ITS_DIS_XX_sadtalker,data\synthetic\track3_fakes\videos\FAKE_T3_1022_ITS_ANG_XX__AUDIO_1022_ITS_DIS_XX_sadtalker.mp4,1,done,sadtalker,1022,ITS,angry,disgust,yes
FAKE_T3_1022_ITS_FEA_XX__AUDIO_1022_ITS_HAP_XX_sadtalker,data\synthetic\track3_fakes\videos\FAKE_T3_1022_ITS_FEA_XX__AUDIO_1022_ITS_HAP_XX_sadtalker.mp4,1,done,sadtalker,1022,ITS,fear,happy,yes
FAKE_T3_1022_ITS_HAP_XX__AUDIO_1022_ITS_NEU_XX_sadtalker,data\synthetic\track3_fakes\videos\FAKE_T3_1022_ITS_HAP_XX__AUDIO_1022_ITS_NEU_XX_sadtalker.mp4,1,done,sadtalker,1022,ITS,happy,neutral,yes
FAKE_T3_1022_IWL_DIS_XX__AUDIO_1022_IWL_FEA_XX_sadtalker,data\synthetic\track3_fakes\videos\FAKE_T3_1022_IWL_DIS_XX__AUDIO_1022_IWL_FEA_XX_sadtalker.mp4,1,done,sadtalker,1022,IWL,disgust,fear,yes
FAKE_T3_1022_IWL_SAD_XX__AUDIO_1022_IWL_ANG_XX_sadtalker,data\synthetic\track3_fakes\videos\FAKE_T3_1022_IWL_SAD_XX__AUDIO_1022_IWL_ANG_XX_sadtalker.mp4,1,done,sadtalker,1022,IWL,sad,angry,yes
FAKE_T3_1022_IWW_DIS_XX__AUDIO_1022_IWW_FEA_XX_sadtalker,data\synthetic\track3_fakes\videos\FAKE_T3_1022_IWW_DIS_XX__AUDIO_1022_IWW_FEA_XX_sadtalker.mp4,1,done,sadtalker,1022,IWW,disgust,fear,yes
FAKE_T3_1022_IWW_HAP_XX__AUDIO_1022_IWW_NEU_XX_sadtalker,data\synthetic\track3_fakes\videos\FAKE_T3_1022_IWW_HAP_XX__AUDIO_1022_IWW_NEU_XX_sadtalker.mp4,1,done,sadtalker,1022,IWW,happy,neutral,yes
FAKE_T3_1022_MTI_ANG_XX__AUDIO_1022_MTI_DIS_XX_sadtalker,data\synthetic\track3_fakes\videos\FAKE_T3_1022_MTI_ANG_XX__AUDIO_1022_MTI_DIS_XX_sadtalker.mp4,1,done,sadtalker,1022,MTI,angry,disgust,yes
FAKE_T3_1022_MTI_DIS_XX__AUDIO_1022_MTI_FEA_XX_sadtalker,data\synthetic\track3_fakes\videos\FAKE_T3_1022_MTI_DIS_XX__AUDIO_1022_MTI_FEA_XX_sadtalker.mp4,1,done,sadtalker,1022,MTI,disgust,fear,yes
FAKE_T3_1022_MTI_FEA_XX__AUDIO_1022_MTI_HAP_XX_sadtalker,data\synthetic\track3_fakes\videos\FAKE_T3_1022_MTI_FEA_XX__AUDIO_1022_MTI_HAP_XX_sadtalker.mp4,1,done,sadtalker,1022,MTI,fear,happy,yes
FAKE_T3_1022_MTI_HAP_XX__AUDIO_1022_MTI_NEU_XX_sadtalker,data\synthetic\track3_fakes\videos\FAKE_T3_1022_MTI_HAP_XX__AUDIO_1022_MTI_NEU_XX_sadtalker.mp4,1,done,sadtalker,1022,MTI,happy,neutral,yes
FAKE_T3_1022_MTI_NEU_XX__AUDIO_1022_MTI_SAD_XX_sadtalker,data\synthetic\track3_fakes\videos\FAKE_T3_1022_MTI_NEU_XX__AUDIO_1022_MTI_SAD_XX_sadtalker.mp4,1,done,sadtalker,1022,MTI,neutral,sad,yes
FAKE_T3_1022_TAI_ANG_XX__AUDIO_1022_TAI_DIS_XX_sadtalker,data\synthetic\track3_fakes\videos\FAKE_T3_1022_TAI_ANG_XX__AUDIO_1022_TAI_DIS_XX_sadtalker.mp4,1,done,sadtalker,1022,TAI,angry,disgust,yes
FAKE_T3_1022_TAI_DIS_XX__AUDIO_1022_TAI_FEA_XX_sadtalker,data\synthetic\track3_fakes\videos\FAKE_T3_1022_TAI_DIS_XX__AUDIO_1022_TAI_FEA_XX_sadtalker.mp4,1,done,sadtalker,1022,TAI,disgust,fear,yes
FAKE_T3_1022_TAI_FEA_XX__AUDIO_1022_TAI_HAP_XX_sadtalker,data\synthetic\track3_fakes\videos\FAKE_T3_1022_TAI_FEA_XX__AUDIO_1022_TAI_HAP_XX_sadtalker.mp4,1,done,sadtalker,1022,TAI,fear,happy,yes
FAKE_T3_1022_TAI_NEU_XX__AUDIO_1022_TAI_SAD_XX_sadtalker,data\synthetic\track3_fakes\videos\FAKE_T3_1022_TAI_NEU_XX__AUDIO_1022_TAI_SAD_XX_sadtalker.mp4,1,done,sadtalker,1022,TAI,neutral,sad,yes
FAKE_T3_1022_TAI_SAD_XX__AUDIO_1022_TAI_ANG_XX_sadtalker,data\synthetic\track3_fakes\videos\FAKE_T3_1022_TAI_SAD_XX__AUDIO_1022_TAI_ANG_XX_sadtalker.mp4,1,done,sadtalker,1022,TAI,sad,angry,yes
FAKE_T3_1022_TIE_ANG_XX__AUDIO_1022_TIE_DIS_XX_sadtalker,data\synthetic\track3_fakes\videos\FAKE_T3_1022_TIE_ANG_XX__AUDIO_1022_TIE_DIS_XX_sadtalker.mp4,1,done,sadtalker,1022,TIE,angry,disgust,yes
FAKE_T3_1022_TIE_SAD_XX__AUDIO_1022_TIE_ANG_XX_sadtalker,data\synthetic\track3_fakes\videos\FAKE_T3_1022_TIE_SAD_XX__AUDIO_1022_TIE_ANG_XX_sadtalker.mp4,1,done,sadtalker,1022,TIE,sad,angry,yes
FAKE_T3_1022_TSI_NEU_XX__AUDIO_1022_TSI_SAD_XX_sadtalker,data\synthetic\track3_fakes\videos\FAKE_T3_1022_TSI_NEU_XX__AUDIO_1022_TSI_SAD_XX_sadtalker.mp4,1,done,sadtalker,1022,TSI,neutral,sad,yes
FAKE_T3_1022_TSI_SAD_XX__AUDIO_1022_TSI_ANG_XX_sadtalker,data\synthetic\track3_fakes\videos\FAKE_T3_1022_TSI_SAD_XX__AUDIO_1022_TSI_ANG_XX_sadtalker.mp4,1,done,sadtalker,1022,TSI,sad,angry,yes
FAKE_T3_1022_WSI_ANG_XX__AUDIO_1022_WSI_DIS_XX_sadtalker,data\synthetic\track3_fakes\videos\FAKE_T3_1022_WSI_ANG_XX__AUDIO_1022_WSI_DIS_XX_sadtalker.mp4,1,done,sadtalker,1022,WSI,angry,disgust,yes
FAKE_T3_1022_WSI_HAP_XX__AUDIO_1022_WSI_NEU_XX_sadtalker,data\synthetic\track3_fakes\videos\FAKE_T3_1022_WSI_HAP_XX__AUDIO_1022_WSI_NEU_XX_sadtalker.mp4,1,done,sadtalker,1022,WSI,happy,neutral,yes
FAKE_T3_1022_WSI_SAD_XX__AUDIO_1022_WSI_ANG_XX_sadtalker,data\synthetic\track3_fakes\videos\FAKE_T3_1022_WSI_SAD_XX__AUDIO_1022_WSI_ANG_XX_sadtalker.mp4,1,done,sadtalker,1022,WSI,sad,angry,yes
FAKE_T3_1023_DFA_ANG_XX__AUDIO_1023_DFA_DIS_XX_sadtalker,data\synthetic\track3_fakes\videos\FAKE_T3_1023_DFA_ANG_XX__AUDIO_1023_DFA_DIS_XX_sadtalker.mp4,1,done,sadtalker,1023,DFA,angry,disgust,yes
FAKE_T3_1023_DFA_DIS_XX__AUDIO_1023_DFA_FEA_XX_sadtalker,data\synthetic\track3_fakes\videos\FAKE_T3_1023_DFA_DIS_XX__AUDIO_1023_DFA_FEA_XX_sadtalker.mp4,1,done,sadtalker,1023,DFA,disgust,fear,yes
FAKE_T3_1023_DFA_FEA_XX__AUDIO_1023_DFA_HAP_XX_sadtalker,data\synthetic\track3_fakes\videos\FAKE_T3_1023_DFA_FEA_XX__AUDIO_1023_DFA_HAP_XX_sadtalker.mp4,1,done,sadtalker,1023,DFA,fear,happy,yes
FAKE_T3_1023_DFA_HAP_XX__AUDIO_1023_DFA_NEU_XX_sadtalker,data\synthetic\track3_fakes\videos\FAKE_T3_1023_DFA_HAP_XX__AUDIO_1023_DFA_NEU_XX_sadtalker.mp4,1,done,sadtalker,1023,DFA,happy,neutral,yes
FAKE_T3_1023_DFA_NEU_XX__AUDIO_1023_DFA_SAD_XX_sadtalker,data\synthetic\track3_fakes\videos\FAKE_T3_1023_DFA_NEU_XX__AUDIO_1023_DFA_SAD_XX_sadtalker.mp4,1,done,sadtalker,1023,DFA,neutral,sad,yes
FAKE_T3_1023_IEO_ANG_LO__AUDIO_1023_IEO_DIS_LO_sadtalker,data\synthetic\track3_fakes\videos\FAKE_T3_1023_IEO_ANG_LO__AUDIO_1023_IEO_DIS_LO_sadtalker.mp4,1,done,sadtalker,1023,IEO,angry,disgust,yes
FAKE_T3_1023_IEO_ANG_MD__AUDIO_1023_IEO_DIS_MD_sadtalker,data\synthetic\track3_fakes\videos\FAKE_T3_1023_IEO_ANG_MD__AUDIO_1023_IEO_DIS_MD_sadtalker.mp4,1,done,sadtalker,1023,IEO,angry,disgust,yes
FAKE_T3_1023_IEO_FEA_MD__AUDIO_1023_IEO_HAP_MD_sadtalker,data\synthetic\track3_fakes\videos\FAKE_T3_1023_IEO_FEA_MD__AUDIO_1023_IEO_HAP_MD_sadtalker.mp4,1,done,sadtalker,1023,IEO,fear,happy,yes
FAKE_T3_1023_IEO_HAP_HI__AUDIO_1023_IEO_NEU_XX_sadtalker,data\synthetic\track3_fakes\videos\FAKE_T3_1023_IEO_HAP_HI__AUDIO_1023_IEO_NEU_XX_sadtalker.mp4,1,done,sadtalker,1023,IEO,happy,neutral,yes
FAKE_T3_1023_IEO_SAD_HI__AUDIO_1023_IEO_ANG_HI_sadtalker,data\synthetic\track3_fakes\videos\FAKE_T3_1023_IEO_SAD_HI__AUDIO_1023_IEO_ANG_HI_sadtalker.mp4,1,done,sadtalker,1023,IEO,sad,angry,yes
FAKE_T3_1023_IOM_ANG_XX__AUDIO_1023_IOM_DIS_XX_sadtalker,data\synthetic\track3_fakes\videos\FAKE_T3_1023_IOM_ANG_XX__AUDIO_1023_IOM_DIS_XX_sadtalker.mp4,1,done,sadtalker,1023,IOM,angry,disgust,yes
FAKE_T3_1023_IOM_NEU_XX__AUDIO_1023_IOM_SAD_XX_sadtalker,data\synthetic\track3_fakes\videos\FAKE_T3_1023_IOM_NEU_XX__AUDIO_1023_IOM_SAD_XX_sadtalker.mp4,1,done,sadtalker,1023,IOM,neutral,sad,yes
FAKE_T3_1023_ITH_DIS_XX__AUDIO_1023_ITH_FEA_XX_sadtalker,data\synthetic\track3_fakes\videos\FAKE_T3_1023_ITH_DIS_XX__AUDIO_1023_ITH_FEA_XX_sadtalker.mp4,1,done,sadtalker,1023,ITH,disgust,fear,yes
FAKE_T3_1023_ITS_DIS_XX__AUDIO_1023_ITS_FEA_XX_sadtalker,data\synthetic\track3_fakes\videos\FAKE_T3_1023_ITS_DIS_XX__AUDIO_1023_ITS_FEA_XX_sadtalker.mp4,1,done,sadtalker,1023,ITS,disgust,fear,yes
FAKE_T3_1023_ITS_FEA_XX__AUDIO_1023_ITS_HAP_XX_sadtalker,data\synthetic\track3_fakes\videos\FAKE_T3_1023_ITS_FEA_XX__AUDIO_1023_ITS_HAP_XX_sadtalker.mp4,1,done,sadtalker,1023,ITS,fear,happy,yes
FAKE_T3_1023_ITS_HAP_XX__AUDIO_1023_ITS_NEU_XX_sadtalker,data\synthetic\track3_fakes\videos\FAKE_T3_1023_ITS_HAP_XX__AUDIO_1023_ITS_NEU_XX_sadtalker.mp4,1,done,sadtalker,1023,ITS,happy,neutral,yes
FAKE_T3_1023_ITS_SAD_XX__AUDIO_1023_ITS_ANG_XX_sadtalker,data\synthetic\track3_fakes\videos\FAKE_T3_1023_ITS_SAD_XX__AUDIO_1023_ITS_ANG_XX_sadtalker.mp4,1,done,sadtalker,1023,ITS,sad,angry,yes
FAKE_T3_1023_IWL_ANG_XX__AUDIO_1023_IWL_DIS_XX_sadtalker,data\synthetic\track3_fakes\videos\FAKE_T3_1023_IWL_ANG_XX__AUDIO_1023_IWL_DIS_XX_sadtalker.mp4,1,done,sadtalker,1023,IWL,angry,disgust,yes
FAKE_T3_1023_IWL_FEA_XX__AUDIO_1023_IWL_HAP_XX_sadtalker,data\synthetic\track3_fakes\videos\FAKE_T3_1023_IWL_FEA_XX__AUDIO_1023_IWL_HAP_XX_sadtalker.mp4,1,done,sadtalker,1023,IWL,fear,happy,yes
FAKE_T3_1023_IWW_DIS_XX__AUDIO_1023_IWW_FEA_XX_sadtalker,data\synthetic\track3_fakes\videos\FAKE_T3_1023_IWW_DIS_XX__AUDIO_1023_IWW_FEA_XX_sadtalker.mp4,1,done,sadtalker,1023,IWW,disgust,fear,yes
FAKE_T3_1023_IWW_FEA_XX__AUDIO_1023_IWW_HAP_XX_sadtalker,data\synthetic\track3_fakes\videos\FAKE_T3_1023_IWW_FEA_XX__AUDIO_1023_IWW_HAP_XX_sadtalker.mp4,1,done,sadtalker,1023,IWW,fear,happy,yes
FAKE_T3_1023_IWW_SAD_XX__AUDIO_1023_IWW_ANG_XX_sadtalker,data\synthetic\track3_fakes\videos\FAKE_T3_1023_IWW_SAD_XX__AUDIO_1023_IWW_ANG_XX_sadtalker.mp4,1,done,sadtalker,1023,IWW,sad,angry,yes
FAKE_T3_1023_MTI_ANG_XX__AUDIO_1023_MTI_DIS_XX_sadtalker,data\synthetic\track3_fakes\videos\FAKE_T3_1023_MTI_ANG_XX__AUDIO_1023_MTI_DIS_XX_sadtalker.mp4,1,done,sadtalker,1023,MTI,angry,disgust,yes
FAKE_T3_1023_MTI_FEA_XX__AUDIO_1023_MTI_HAP_XX_sadtalker,data\synthetic\track3_fakes\videos\FAKE_T3_1023_MTI_FEA_XX__AUDIO_1023_MTI_HAP_XX_sadtalker.mp4,1,done,sadtalker,1023,MTI,fear,happy,yes
FAKE_T3_1023_MTI_NEU_XX__AUDIO_1023_MTI_SAD_XX_sadtalker,data\synthetic\track3_fakes\videos\FAKE_T3_1023_MTI_NEU_XX__AUDIO_1023_MTI_SAD_XX_sadtalker.mp4,1,done,sadtalker,1023,MTI,neutral,sad,yes
FAKE_T3_1023_MTI_SAD_XX__AUDIO_1023_MTI_ANG_XX_sadtalker,data\synthetic\track3_fakes\videos\FAKE_T3_1023_MTI_SAD_XX__AUDIO_1023_MTI_ANG_XX_sadtalker.mp4,1,done,sadtalker,1023,MTI,sad,angry,yes
FAKE_T3_1023_TAI_ANG_XX__AUDIO_1023_TAI_DIS_XX_sadtalker,data\synthetic\track3_fakes\videos\FAKE_T3_1023_TAI_ANG_XX__AUDIO_1023_TAI_DIS_XX_sadtalker.mp4,1,done,sadtalker,1023,TAI,angry,disgust,yes
FAKE_T3_1023_TAI_DIS_XX__AUDIO_1023_TAI_FEA_XX_sadtalker,data\synthetic\track3_fakes\videos\FAKE_T3_1023_TAI_DIS_XX__AUDIO_1023_TAI_FEA_XX_sadtalker.mp4,1,done,sadtalker,1023,TAI,disgust,fear,yes
FAKE_T3_1023_TAI_FEA_XX__AUDIO_1023_TAI_HAP_XX_sadtalker,data\synthetic\track3_fakes\videos\FAKE_T3_1023_TAI_FEA_XX__AUDIO_1023_TAI_HAP_XX_sadtalker.mp4,1,done,sadtalker,1023,TAI,fear,happy,yes
FAKE_T3_1023_TAI_HAP_XX__AUDIO_1023_TAI_NEU_XX_sadtalker,data\synthetic\track3_fakes\videos\FAKE_T3_1023_TAI_HAP_XX__AUDIO_1023_TAI_NEU_XX_sadtalker.mp4,1,done,sadtalker,1023,TAI,happy,neutral,yes
FAKE_T3_1023_TAI_SAD_XX__AUDIO_1023_TAI_ANG_XX_sadtalker,data\synthetic\track3_fakes\videos\FAKE_T3_1023_TAI_SAD_XX__AUDIO_1023_TAI_ANG_XX_sadtalker.mp4,1,done,sadtalker,1023,TAI,sad,angry,yes
FAKE_T3_1023_TIE_ANG_XX__AUDIO_1023_TIE_DIS_XX_sadtalker,data\synthetic\track3_fakes\videos\FAKE_T3_1023_TIE_ANG_XX__AUDIO_1023_TIE_DIS_XX_sadtalker.mp4,1,done,sadtalker,1023,TIE,angry,disgust,yes
FAKE_T3_1023_TIE_FEA_XX__AUDIO_1023_TIE_HAP_XX_sadtalker,data\synthetic\track3_fakes\videos\FAKE_T3_1023_TIE_FEA_XX__AUDIO_1023_TIE_HAP_XX_sadtalker.mp4,1,done,sadtalker,1023,TIE,fear,happy,yes
FAKE_T3_1023_TIE_NEU_XX__AUDIO_1023_TIE_SAD_XX_sadtalker,data\synthetic\track3_fakes\videos\FAKE_T3_1023_TIE_NEU_XX__AUDIO_1023_TIE_SAD_XX_sadtalker.mp4,1,done,sadtalker,1023,TIE,neutral,sad,yes
FAKE_T3_1023_TIE_SAD_XX__AUDIO_1023_TIE_ANG_XX_sadtalker,data\synthetic\track3_fakes\videos\FAKE_T3_1023_TIE_SAD_XX__AUDIO_1023_TIE_ANG_XX_sadtalker.mp4,1,done,sadtalker,1023,TIE,sad,angry,yes
FAKE_T3_1023_TSI_ANG_XX__AUDIO_1023_TSI_DIS_XX_sadtalker,data\synthetic\track3_fakes\videos\FAKE_T3_1023_TSI_ANG_XX__AUDIO_1023_TSI_DIS_XX_sadtalker.mp4,1,done,sadtalker,1023,TSI,angry,disgust,yes
FAKE_T3_1023_TSI_NEU_XX__AUDIO_1023_TSI_SAD_XX_sadtalker,data\synthetic\track3_fakes\videos\FAKE_T3_1023_TSI_NEU_XX__AUDIO_1023_TSI_SAD_XX_sadtalker.mp4,1,done,sadtalker,1023,TSI,neutral,sad,yes
FAKE_T3_1023_TSI_SAD_XX__AUDIO_1023_TSI_ANG_XX_sadtalker,data\synthetic\track3_fakes\videos\FAKE_T3_1023_TSI_SAD_XX__AUDIO_1023_TSI_ANG_XX_sadtalker.mp4,1,done,sadtalker,1023,TSI,sad,angry,yes
FAKE_T3_1023_WSI_ANG_XX__AUDIO_1023_WSI_DIS_XX_sadtalker,data\synthetic\track3_fakes\videos\FAKE_T3_1023_WSI_ANG_XX__AUDIO_1023_WSI_DIS_XX_sadtalker.mp4,1,done,sadtalker,1023,WSI,angry,disgust,yes
FAKE_T3_1023_WSI_DIS_XX__AUDIO_1023_WSI_FEA_XX_sadtalker,data\synthetic\track3_fakes\videos\FAKE_T3_1023_WSI_DIS_XX__AUDIO_1023_WSI_FEA_XX_sadtalker.mp4,1,done,sadtalker,1023,WSI,disgust,fear,yes
FAKE_T3_1023_WSI_FEA_XX__AUDIO_1023_WSI_HAP_XX_sadtalker,data\synthetic\track3_fakes\videos\FAKE_T3_1023_WSI_FEA_XX__AUDIO_1023_WSI_HAP_XX_sadtalker.mp4,1,done,sadtalker,1023,WSI,fear,happy,yes
FAKE_T3_1024_DFA_ANG_XX__AUDIO_1024_DFA_DIS_XX_sadtalker,data\synthetic\track3_fakes\videos\FAKE_T3_1024_DFA_ANG_XX__AUDIO_1024_DFA_DIS_XX_sadtalker.mp4,1,done,sadtalker,1024,DFA,angry,disgust,yes
FAKE_T3_1024_DFA_DIS_XX__AUDIO_1024_DFA_FEA_XX_sadtalker,data\synthetic\track3_fakes\videos\FAKE_T3_1024_DFA_DIS_XX__AUDIO_1024_DFA_FEA_XX_sadtalker.mp4,1,done,sadtalker,1024,DFA,disgust,fear,yes
FAKE_T3_1024_DFA_SAD_XX__AUDIO_1024_DFA_ANG_XX_sadtalker,data\synthetic\track3_fakes\videos\FAKE_T3_1024_DFA_SAD_XX__AUDIO_1024_DFA_ANG_XX_sadtalker.mp4,1,done,sadtalker,1024,DFA,sad,angry,yes
FAKE_T3_1024_IEO_ANG_LO__AUDIO_1024_IEO_DIS_LO_sadtalker,data\synthetic\track3_fakes\videos\FAKE_T3_1024_IEO_ANG_LO__AUDIO_1024_IEO_DIS_LO_sadtalker.mp4,1,done,sadtalker,1024,IEO,angry,disgust,yes
FAKE_T3_1024_IEO_ANG_MD__AUDIO_1024_IEO_DIS_MD_sadtalker,data\synthetic\track3_fakes\videos\FAKE_T3_1024_IEO_ANG_MD__AUDIO_1024_IEO_DIS_MD_sadtalker.mp4,1,done,sadtalker,1024,IEO,angry,disgust,yes
FAKE_T3_1024_IEO_DIS_HI__AUDIO_1024_IEO_FEA_HI_sadtalker,data\synthetic\track3_fakes\videos\FAKE_T3_1024_IEO_DIS_HI__AUDIO_1024_IEO_FEA_HI_sadtalker.mp4,1,done,sadtalker,1024,IEO,disgust,fear,yes
FAKE_T3_1024_IEO_FEA_MD__AUDIO_1024_IEO_HAP_MD_sadtalker,data\synthetic\track3_fakes\videos\FAKE_T3_1024_IEO_FEA_MD__AUDIO_1024_IEO_HAP_MD_sadtalker.mp4,1,done,sadtalker,1024,IEO,fear,happy,yes
FAKE_T3_1024_IEO_HAP_HI__AUDIO_1024_IEO_NEU_XX_sadtalker,data\synthetic\track3_fakes\videos\FAKE_T3_1024_IEO_HAP_HI__AUDIO_1024_IEO_NEU_XX_sadtalker.mp4,1,done,sadtalker,1024,IEO,happy,neutral,yes
FAKE_T3_1024_IEO_SAD_HI__AUDIO_1024_IEO_ANG_HI_sadtalker,data\synthetic\track3_fakes\videos\FAKE_T3_1024_IEO_SAD_HI__AUDIO_1024_IEO_ANG_HI_sadtalker.mp4,1,done,sadtalker,1024,IEO,sad,angry,yes
FAKE_T3_1024_IEO_SAD_LO__AUDIO_1024_IEO_ANG_LO_sadtalker,data\synthetic\track3_fakes\videos\FAKE_T3_1024_IEO_SAD_LO__AUDIO_1024_IEO_ANG_LO_sadtalker.mp4,1,done,sadtalker,1024,IEO,sad,angry,yes
FAKE_T3_1024_IEO_SAD_MD__AUDIO_1024_IEO_ANG_MD_sadtalker,data\synthetic\track3_fakes\videos\FAKE_T3_1024_IEO_SAD_MD__AUDIO_1024_IEO_ANG_MD_sadtalker.mp4,1,done,sadtalker,1024,IEO,sad,angry,yes
FAKE_T3_1024_IOM_HAP_XX__AUDIO_1024_IOM_NEU_XX_sadtalker,data\synthetic\track3_fakes\videos\FAKE_T3_1024_IOM_HAP_XX__AUDIO_1024_IOM_NEU_XX_sadtalker.mp4,1,done,sadtalker,1024,IOM,happy,neutral,yes
FAKE_T3_1024_ITH_ANG_XX__AUDIO_1024_ITH_DIS_XX_sadtalker,data\synthetic\track3_fakes\videos\FAKE_T3_1024_ITH_ANG_XX__AUDIO_1024_ITH_DIS_XX_sadtalker.mp4,1,done,sadtalker,1024,ITH,angry,disgust,yes
FAKE_T3_1024_ITH_HAP_XX__AUDIO_1024_ITH_NEU_XX_sadtalker,data\synthetic\track3_fakes\videos\FAKE_T3_1024_ITH_HAP_XX__AUDIO_1024_ITH_NEU_XX_sadtalker.mp4,1,done,sadtalker,1024,ITH,happy,neutral,yes
FAKE_T3_1024_ITH_NEU_XX__AUDIO_1024_ITH_SAD_XX_sadtalker,data\synthetic\track3_fakes\videos\FAKE_T3_1024_ITH_NEU_XX__AUDIO_1024_ITH_SAD_XX_sadtalker.mp4,1,done,sadtalker,1024,ITH,neutral,sad,yes
FAKE_T3_1024_ITS_NEU_XX__AUDIO_1024_ITS_SAD_XX_sadtalker,data\synthetic\track3_fakes\videos\FAKE_T3_1024_ITS_NEU_XX__AUDIO_1024_ITS_SAD_XX_sadtalker.mp4,1,done,sadtalker,1024,ITS,neutral,sad,yes
FAKE_T3_1024_ITS_SAD_XX__AUDIO_1024_ITS_ANG_XX_sadtalker,data\synthetic\track3_fakes\videos\FAKE_T3_1024_ITS_SAD_XX__AUDIO_1024_ITS_ANG_XX_sadtalker.mp4,1,done,sadtalker,1024,ITS,sad,angry,yes
FAKE_T3_1024_IWL_ANG_XX__AUDIO_1024_IWL_DIS_XX_sadtalker,data\synthetic\track3_fakes\videos\FAKE_T3_1024_IWL_ANG_XX__AUDIO_1024_IWL_DIS_XX_sadtalker.mp4,1,done,sadtalker,1024,IWL,angry,disgust,yes
FAKE_T3_1024_IWL_DIS_XX__AUDIO_1024_IWL_FEA_XX_sadtalker,data\synthetic\track3_fakes\videos\FAKE_T3_1024_IWL_DIS_XX__AUDIO_1024_IWL_FEA_XX_sadtalker.mp4,1,done,sadtalker,1024,IWL,disgust,fear,yes
FAKE_T3_1024_IWL_HAP_XX__AUDIO_1024_IWL_NEU_XX_sadtalker,data\synthetic\track3_fakes\videos\FAKE_T3_1024_IWL_HAP_XX__AUDIO_1024_IWL_NEU_XX_sadtalker.mp4,1,done,sadtalker,1024,IWL,happy,neutral,yes
FAKE_T3_1024_IWL_NEU_XX__AUDIO_1024_IWL_SAD_XX_sadtalker,data\synthetic\track3_fakes\videos\FAKE_T3_1024_IWL_NEU_XX__AUDIO_1024_IWL_SAD_XX_sadtalker.mp4,1,done,sadtalker,1024,IWL,neutral,sad,yes
FAKE_T3_1024_IWL_SAD_XX__AUDIO_1024_IWL_ANG_XX_sadtalker,data\synthetic\track3_fakes\videos\FAKE_T3_1024_IWL_SAD_XX__AUDIO_1024_IWL_ANG_XX_sadtalker.mp4,1,done,sadtalker,1024,IWL,sad,angry,yes
FAKE_T3_1024_IWW_DIS_XX__AUDIO_1024_IWW_FEA_XX_sadtalker,data\synthetic\track3_fakes\videos\FAKE_T3_1024_IWW_DIS_XX__AUDIO_1024_IWW_FEA_XX_sadtalker.mp4,1,done,sadtalker,1024,IWW,disgust,fear,yes
FAKE_T3_1024_IWW_HAP_XX__AUDIO_1024_IWW_NEU_XX_sadtalker,data\synthetic\track3_fakes\videos\FAKE_T3_1024_IWW_HAP_XX__AUDIO_1024_IWW_NEU_XX_sadtalker.mp4,1,done,sadtalker,1024,IWW,happy,neutral,yes
FAKE_T3_1024_IWW_NEU_XX__AUDIO_1024_IWW_SAD_XX_sadtalker,data\synthetic\track3_fakes\videos\FAKE_T3_1024_IWW_NEU_XX__AUDIO_1024_IWW_SAD_XX_sadtalker.mp4,1,done,sadtalker,1024,IWW,neutral,sad,yes
FAKE_T3_1024_IWW_SAD_XX__AUDIO_1024_IWW_ANG_XX_sadtalker,data\synthetic\track3_fakes\videos\FAKE_T3_1024_IWW_SAD_XX__AUDIO_1024_IWW_ANG_XX_sadtalker.mp4,1,done,sadtalker,1024,IWW,sad,angry,yes
FAKE_T3_1024_MTI_ANG_XX__AUDIO_1024_MTI_DIS_XX_sadtalker,data\synthetic\track3_fakes\videos\FAKE_T3_1024_MTI_ANG_XX__AUDIO_1024_MTI_DIS_XX_sadtalker.mp4,1,done,sadtalker,1024,MTI,angry,disgust,yes
FAKE_T3_1024_MTI_FEA_XX__AUDIO_1024_MTI_HAP_XX_sadtalker,data\synthetic\track3_fakes\videos\FAKE_T3_1024_MTI_FEA_XX__AUDIO_1024_MTI_HAP_XX_sadtalker.mp4,1,done,sadtalker,1024,MTI,fear,happy,yes
FAKE_T3_1024_MTI_NEU_XX__AUDIO_1024_MTI_SAD_XX_sadtalker,data\synthetic\track3_fakes\videos\FAKE_T3_1024_MTI_NEU_XX__AUDIO_1024_MTI_SAD_XX_sadtalker.mp4,1,done,sadtalker,1024,MTI,neutral,sad,yes
FAKE_T3_1024_MTI_SAD_XX__AUDIO_1024_MTI_ANG_XX_sadtalker,data\synthetic\track3_fakes\videos\FAKE_T3_1024_MTI_SAD_XX__AUDIO_1024_MTI_ANG_XX_sadtalker.mp4,1,done,sadtalker,1024,MTI,sad,angry,yes
FAKE_T3_1024_TAI_ANG_XX__AUDIO_1024_TAI_DIS_XX_sadtalker,data\synthetic\track3_fakes\videos\FAKE_T3_1024_TAI_ANG_XX__AUDIO_1024_TAI_DIS_XX_sadtalker.mp4,1,done,sadtalker,1024,TAI,angry,disgust,yes
FAKE_T3_1024_TAI_DIS_XX__AUDIO_1024_TAI_FEA_XX_sadtalker,data\synthetic\track3_fakes\videos\FAKE_T3_1024_TAI_DIS_XX__AUDIO_1024_TAI_FEA_XX_sadtalker.mp4,1,done,sadtalker,1024,TAI,disgust,fear,yes
FAKE_T3_1024_TAI_HAP_XX__AUDIO_1024_TAI_NEU_XX_sadtalker,data\synthetic\track3_fakes\videos\FAKE_T3_1024_TAI_HAP_XX__AUDIO_1024_TAI_NEU_XX_sadtalker.mp4,1,done,sadtalker,1024,TAI,happy,neutral,yes
FAKE_T3_1024_TAI_NEU_XX__AUDIO_1024_TAI_SAD_XX_sadtalker,data\synthetic\track3_fakes\videos\FAKE_T3_1024_TAI_NEU_XX__AUDIO_1024_TAI_SAD_XX_sadtalker.mp4,1,done,sadtalker,1024,TAI,neutral,sad,yes
FAKE_T3_1024_TAI_SAD_XX__AUDIO_1024_TAI_ANG_XX_sadtalker,data\synthetic\track3_fakes\videos\FAKE_T3_1024_TAI_SAD_XX__AUDIO_1024_TAI_ANG_XX_sadtalker.mp4,1,done,sadtalker,1024,TAI,sad,angry,yes
FAKE_T3_1024_TIE_DIS_XX__AUDIO_1024_TIE_FEA_XX_sadtalker,data\synthetic\track3_fakes\videos\FAKE_T3_1024_TIE_DIS_XX__AUDIO_1024_TIE_FEA_XX_sadtalker.mp4,1,done,sadtalker,1024,TIE,disgust,fear,yes
FAKE_T3_1024_TSI_ANG_XX__AUDIO_1024_TSI_DIS_XX_sadtalker,data\synthetic\track3_fakes\videos\FAKE_T3_1024_TSI_ANG_XX__AUDIO_1024_TSI_DIS_XX_sadtalker.mp4,1,done,sadtalker,1024,TSI,angry,disgust,yes
FAKE_T3_1024_TSI_FEA_XX__AUDIO_1024_TSI_HAP_XX_sadtalker,data\synthetic\track3_fakes\videos\FAKE_T3_1024_TSI_FEA_XX__AUDIO_1024_TSI_HAP_XX_sadtalker.mp4,1,done,sadtalker,1024,TSI,fear,happy,yes
FAKE_T3_1024_TSI_SAD_XX__AUDIO_1024_TSI_ANG_XX_sadtalker,data\synthetic\track3_fakes\videos\FAKE_T3_1024_TSI_SAD_XX__AUDIO_1024_TSI_ANG_XX_sadtalker.mp4,1,done,sadtalker,1024,TSI,sad,angry,yes
FAKE_T3_1024_WSI_DIS_XX__AUDIO_1024_WSI_FEA_XX_sadtalker,data\synthetic\track3_fakes\videos\FAKE_T3_1024_WSI_DIS_XX__AUDIO_1024_WSI_FEA_XX_sadtalker.mp4,1,done,sadtalker,1024,WSI,disgust,fear,yes
FAKE_T3_1024_WSI_FEA_XX__AUDIO_1024_WSI_HAP_XX_sadtalker,data\synthetic\track3_fakes\videos\FAKE_T3_1024_WSI_FEA_XX__AUDIO_1024_WSI_HAP_XX_sadtalker.mp4,1,done,sadtalker,1024,WSI,fear,happy,yes
FAKE_T3_1025_DFA_HAP_XX__AUDIO_1025_DFA_NEU_XX_sadtalker,data\synthetic\track3_fakes\videos\FAKE_T3_1025_DFA_HAP_XX__AUDIO_1025_DFA_NEU_XX_sadtalker.mp4,1,done,sadtalker,1025,DFA,happy,neutral,yes
FAKE_T3_1025_DFA_NEU_XX__AUDIO_1025_DFA_SAD_XX_sadtalker,data\synthetic\track3_fakes\videos\FAKE_T3_1025_DFA_NEU_XX__AUDIO_1025_DFA_SAD_XX_sadtalker.mp4,1,done,sadtalker,1025,DFA,neutral,sad,yes
FAKE_T3_1025_DFA_SAD_XX__AUDIO_1025_DFA_ANG_XX_sadtalker,data\synthetic\track3_fakes\videos\FAKE_T3_1025_DFA_SAD_XX__AUDIO_1025_DFA_ANG_XX_sadtalker.mp4,1,done,sadtalker,1025,DFA,sad,angry,yes
FAKE_T3_1025_IEO_ANG_HI__AUDIO_1025_IEO_DIS_HI_sadtalker,data\synthetic\track3_fakes\videos\FAKE_T3_1025_IEO_ANG_HI__AUDIO_1025_IEO_DIS_HI_sadtalker.mp4,1,done,sadtalker,1025,IEO,angry,disgust,yes
FAKE_T3_1025_IEO_ANG_MD__AUDIO_1025_IEO_DIS_MD_sadtalker,data\synthetic\track3_fakes\videos\FAKE_T3_1025_IEO_ANG_MD__AUDIO_1025_IEO_DIS_MD_sadtalker.mp4,1,done,sadtalker,1025,IEO,angry,disgust,yes
FAKE_T3_1025_IEO_DIS_MD__AUDIO_1025_IEO_FEA_MD_sadtalker,data\synthetic\track3_fakes\videos\FAKE_T3_1025_IEO_DIS_MD__AUDIO_1025_IEO_FEA_MD_sadtalker.mp4,1,done,sadtalker,1025,IEO,disgust,fear,yes
FAKE_T3_1025_IEO_FEA_LO__AUDIO_1025_IEO_HAP_LO_sadtalker,data\synthetic\track3_fakes\videos\FAKE_T3_1025_IEO_FEA_LO__AUDIO_1025_IEO_HAP_LO_sadtalker.mp4,1,done,sadtalker,1025,IEO,fear,happy,yes
FAKE_T3_1025_IEO_HAP_HI__AUDIO_1025_IEO_NEU_XX_sadtalker,data\synthetic\track3_fakes\videos\FAKE_T3_1025_IEO_HAP_HI__AUDIO_1025_IEO_NEU_XX_sadtalker.mp4,1,done,sadtalker,1025,IEO,happy,neutral,yes
FAKE_T3_1025_IEO_HAP_MD__AUDIO_1025_IEO_NEU_XX_sadtalker,data\synthetic\track3_fakes\videos\FAKE_T3_1025_IEO_HAP_MD__AUDIO_1025_IEO_NEU_XX_sadtalker.mp4,1,done,sadtalker,1025,IEO,happy,neutral,yes
FAKE_T3_1025_IEO_NEU_XX__AUDIO_1025_IEO_SAD_HI_sadtalker,data\synthetic\track3_fakes\videos\FAKE_T3_1025_IEO_NEU_XX__AUDIO_1025_IEO_SAD_HI_sadtalker.mp4,1,done,sadtalker,1025,IEO,neutral,sad,yes
FAKE_T3_1025_IEO_SAD_HI__AUDIO_1025_IEO_ANG_HI_sadtalker,data\synthetic\track3_fakes\videos\FAKE_T3_1025_IEO_SAD_HI__AUDIO_1025_IEO_ANG_HI_sadtalker.mp4,1,done,sadtalker,1025,IEO,sad,angry,yes
FAKE_T3_1025_IEO_SAD_LO__AUDIO_1025_IEO_ANG_LO_sadtalker,data\synthetic\track3_fakes\videos\FAKE_T3_1025_IEO_SAD_LO__AUDIO_1025_IEO_ANG_LO_sadtalker.mp4,1,done,sadtalker,1025,IEO,sad,angry,yes
FAKE_T3_1025_IEO_SAD_MD__AUDIO_1025_IEO_ANG_MD_sadtalker,data\synthetic\track3_fakes\videos\FAKE_T3_1025_IEO_SAD_MD__AUDIO_1025_IEO_ANG_MD_sadtalker.mp4,1,done,sadtalker,1025,IEO,sad,angry,yes
FAKE_T3_1025_IOM_ANG_XX__AUDIO_1025_IOM_DIS_XX_sadtalker,data\synthetic\track3_fakes\videos\FAKE_T3_1025_IOM_ANG_XX__AUDIO_1025_IOM_DIS_XX_sadtalker.mp4,1,done,sadtalker,1025,IOM,angry,disgust,yes
FAKE_T3_1025_IOM_FEA_XX__AUDIO_1025_IOM_HAP_XX_sadtalker,data\synthetic\track3_fakes\videos\FAKE_T3_1025_IOM_FEA_XX__AUDIO_1025_IOM_HAP_XX_sadtalker.mp4,1,done,sadtalker,1025,IOM,fear,happy,yes
FAKE_T3_1025_IOM_NEU_XX__AUDIO_1025_IOM_SAD_XX_sadtalker,data\synthetic\track3_fakes\videos\FAKE_T3_1025_IOM_NEU_XX__AUDIO_1025_IOM_SAD_XX_sadtalker.mp4,1,done,sadtalker,1025,IOM,neutral,sad,yes
FAKE_T3_1025_ITH_DIS_XX__AUDIO_1025_ITH_FEA_XX_sadtalker,data\synthetic\track3_fakes\videos\FAKE_T3_1025_ITH_DIS_XX__AUDIO_1025_ITH_FEA_XX_sadtalker.mp4,1,done,sadtalker,1025,ITH,disgust,fear,yes
FAKE_T3_1025_ITH_FEA_XX__AUDIO_1025_ITH_HAP_XX_sadtalker,data\synthetic\track3_fakes\videos\FAKE_T3_1025_ITH_FEA_XX__AUDIO_1025_ITH_HAP_XX_sadtalker.mp4,1,done,sadtalker,1025,ITH,fear,happy,yes
FAKE_T3_1025_ITH_NEU_XX__AUDIO_1025_ITH_SAD_XX_sadtalker,data\synthetic\track3_fakes\videos\FAKE_T3_1025_ITH_NEU_XX__AUDIO_1025_ITH_SAD_XX_sadtalker.mp4,1,done,sadtalker,1025,ITH,neutral,sad,yes
FAKE_T3_1025_ITH_SAD_XX__AUDIO_1025_ITH_ANG_XX_sadtalker,data\synthetic\track3_fakes\videos\FAKE_T3_1025_ITH_SAD_XX__AUDIO_1025_ITH_ANG_XX_sadtalker.mp4,1,done,sadtalker,1025,ITH,sad,angry,yes
FAKE_T3_1025_ITS_ANG_XX__AUDIO_1025_ITS_DIS_XX_sadtalker,data\synthetic\track3_fakes\videos\FAKE_T3_1025_ITS_ANG_XX__AUDIO_1025_ITS_DIS_XX_sadtalker.mp4,1,done,sadtalker,1025,ITS,angry,disgust,yes
FAKE_T3_1025_ITS_HAP_XX__AUDIO_1025_ITS_NEU_XX_sadtalker,data\synthetic\track3_fakes\videos\FAKE_T3_1025_ITS_HAP_XX__AUDIO_1025_ITS_NEU_XX_sadtalker.mp4,1,done,sadtalker,1025,ITS,happy,neutral,yes
FAKE_T3_1025_ITS_SAD_XX__AUDIO_1025_ITS_ANG_XX_sadtalker,data\synthetic\track3_fakes\videos\FAKE_T3_1025_ITS_SAD_XX__AUDIO_1025_ITS_ANG_XX_sadtalker.mp4,1,done,sadtalker,1025,ITS,sad,angry,yes
FAKE_T3_1025_IWL_DIS_XX__AUDIO_1025_IWL_FEA_XX_sadtalker,data\synthetic\track3_fakes\videos\FAKE_T3_1025_IWL_DIS_XX__AUDIO_1025_IWL_FEA_XX_sadtalker.mp4,1,done,sadtalker,1025,IWL,disgust,fear,yes
FAKE_T3_1025_IWL_HAP_XX__AUDIO_1025_IWL_NEU_XX_sadtalker,data\synthetic\track3_fakes\videos\FAKE_T3_1025_IWL_HAP_XX__AUDIO_1025_IWL_NEU_XX_sadtalker.mp4,1,done,sadtalker,1025,IWL,happy,neutral,yes
FAKE_T3_1025_IWW_HAP_XX__AUDIO_1025_IWW_NEU_XX_sadtalker,data\synthetic\track3_fakes\videos\FAKE_T3_1025_IWW_HAP_XX__AUDIO_1025_IWW_NEU_XX_sadtalker.mp4,1,done,sadtalker,1025,IWW,happy,neutral,yes
FAKE_T3_1025_IWW_NEU_XX__AUDIO_1025_IWW_SAD_XX_sadtalker,data\synthetic\track3_fakes\videos\FAKE_T3_1025_IWW_NEU_XX__AUDIO_1025_IWW_SAD_XX_sadtalker.mp4,1,done,sadtalker,1025,IWW,neutral,sad,yes
FAKE_T3_1025_IWW_SAD_XX__AUDIO_1025_IWW_ANG_XX_sadtalker,data\synthetic\track3_fakes\videos\FAKE_T3_1025_IWW_SAD_XX__AUDIO_1025_IWW_ANG_XX_sadtalker.mp4,1,done,sadtalker,1025,IWW,sad,angry,yes
FAKE_T3_1025_MTI_DIS_XX__AUDIO_1025_MTI_FEA_XX_sadtalker,data\synthetic\track3_fakes\videos\FAKE_T3_1025_MTI_DIS_XX__AUDIO_1025_MTI_FEA_XX_sadtalker.mp4,1,done,sadtalker,1025,MTI,disgust,fear,yes
FAKE_T3_1025_MTI_FEA_XX__AUDIO_1025_MTI_HAP_XX_sadtalker,data\synthetic\track3_fakes\videos\FAKE_T3_1025_MTI_FEA_XX__AUDIO_1025_MTI_HAP_XX_sadtalker.mp4,1,done,sadtalker,1025,MTI,fear,happy,yes
FAKE_T3_1025_MTI_HAP_XX__AUDIO_1025_MTI_NEU_XX_sadtalker,data\synthetic\track3_fakes\videos\FAKE_T3_1025_MTI_HAP_XX__AUDIO_1025_MTI_NEU_XX_sadtalker.mp4,1,done,sadtalker,1025,MTI,happy,neutral,yes
FAKE_T3_1025_MTI_SAD_XX__AUDIO_1025_MTI_ANG_XX_sadtalker,data\synthetic\track3_fakes\videos\FAKE_T3_1025_MTI_SAD_XX__AUDIO_1025_MTI_ANG_XX_sadtalker.mp4,1,done,sadtalker,1025,MTI,sad,angry,yes
FAKE_T3_1025_TAI_NEU_XX__AUDIO_1025_TAI_SAD_XX_sadtalker,data\synthetic\track3_fakes\videos\FAKE_T3_1025_TAI_NEU_XX__AUDIO_1025_TAI_SAD_XX_sadtalker.mp4,1,done,sadtalker,1025,TAI,neutral,sad,yes
FAKE_T3_1025_TAI_SAD_XX__AUDIO_1025_TAI_ANG_XX_sadtalker,data\synthetic\track3_fakes\videos\FAKE_T3_1025_TAI_SAD_XX__AUDIO_1025_TAI_ANG_XX_sadtalker.mp4,1,done,sadtalker,1025,TAI,sad,angry,yes
FAKE_T3_1025_TIE_FEA_XX__AUDIO_1025_TIE_HAP_XX_sadtalker,data\synthetic\track3_fakes\videos\FAKE_T3_1025_TIE_FEA_XX__AUDIO_1025_TIE_HAP_XX_sadtalker.mp4,1,done,sadtalker,1025,TIE,fear,happy,yes
FAKE_T3_1025_TIE_SAD_XX__AUDIO_1025_TIE_ANG_XX_sadtalker,data\synthetic\track3_fakes\videos\FAKE_T3_1025_TIE_SAD_XX__AUDIO_1025_TIE_ANG_XX_sadtalker.mp4,1,done,sadtalker,1025,TIE,sad,angry,yes
FAKE_T3_1025_TSI_DIS_XX__AUDIO_1025_TSI_FEA_XX_sadtalker,data\synthetic\track3_fakes\videos\FAKE_T3_1025_TSI_DIS_XX__AUDIO_1025_TSI_FEA_XX_sadtalker.mp4,1,done,sadtalker,1025,TSI,disgust,fear,yes
FAKE_T3_1025_TSI_FEA_XX__AUDIO_1025_TSI_HAP_XX_sadtalker,data\synthetic\track3_fakes\videos\FAKE_T3_1025_TSI_FEA_XX__AUDIO_1025_TSI_HAP_XX_sadtalker.mp4,1,done,sadtalker,1025,TSI,fear,happy,yes
FAKE_T3_1025_WSI_DIS_XX__AUDIO_1025_WSI_FEA_XX_sadtalker,data\synthetic\track3_fakes\videos\FAKE_T3_1025_WSI_DIS_XX__AUDIO_1025_WSI_FEA_XX_sadtalker.mp4,1,done,sadtalker,1025,WSI,disgust,fear,yes
FAKE_T3_1025_WSI_FEA_XX__AUDIO_1025_WSI_HAP_XX_sadtalker,data\synthetic\track3_fakes\videos\FAKE_T3_1025_WSI_FEA_XX__AUDIO_1025_WSI_HAP_XX_sadtalker.mp4,1,done,sadtalker,1025,WSI,fear,happy,yes
FAKE_T3_1025_WSI_HAP_XX__AUDIO_1025_WSI_NEU_XX_sadtalker,data\synthetic\track3_fakes\videos\FAKE_T3_1025_WSI_HAP_XX__AUDIO_1025_WSI_NEU_XX_sadtalker.mp4,1,done,sadtalker,1025,WSI,happy,neutral,yes
FAKE_T3_1026_DFA_DIS_XX__AUDIO_1026_DFA_FEA_XX_sadtalker,data\synthetic\track3_fakes\videos\FAKE_T3_1026_DFA_DIS_XX__AUDIO_1026_DFA_FEA_XX_sadtalker.mp4,1,done,sadtalker,1026,DFA,disgust,fear,yes
FAKE_T3_1026_DFA_FEA_XX__AUDIO_1026_DFA_HAP_XX_sadtalker,data\synthetic\track3_fakes\videos\FAKE_T3_1026_DFA_FEA_XX__AUDIO_1026_DFA_HAP_XX_sadtalker.mp4,1,done,sadtalker,1026,DFA,fear,happy,yes
FAKE_T3_1026_DFA_SAD_XX__AUDIO_1026_DFA_ANG_XX_sadtalker,data\synthetic\track3_fakes\videos\FAKE_T3_1026_DFA_SAD_XX__AUDIO_1026_DFA_ANG_XX_sadtalker.mp4,1,done,sadtalker,1026,DFA,sad,angry,yes
FAKE_T3_1026_IEO_DIS_LO__AUDIO_1026_IEO_FEA_LO_sadtalker,data\synthetic\track3_fakes\videos\FAKE_T3_1026_IEO_DIS_LO__AUDIO_1026_IEO_FEA_LO_sadtalker.mp4,1,done,sadtalker,1026,IEO,disgust,fear,yes
FAKE_T3_1026_IEO_DIS_MD__AUDIO_1026_IEO_FEA_MD_sadtalker,data\synthetic\track3_fakes\videos\FAKE_T3_1026_IEO_DIS_MD__AUDIO_1026_IEO_FEA_MD_sadtalker.mp4,1,done,sadtalker,1026,IEO,disgust,fear,yes
FAKE_T3_1026_IEO_FEA_LO__AUDIO_1026_IEO_HAP_LO_sadtalker,data\synthetic\track3_fakes\videos\FAKE_T3_1026_IEO_FEA_LO__AUDIO_1026_IEO_HAP_LO_sadtalker.mp4,1,done,sadtalker,1026,IEO,fear,happy,yes
FAKE_T3_1026_IEO_HAP_MD__AUDIO_1026_IEO_NEU_XX_sadtalker,data\synthetic\track3_fakes\videos\FAKE_T3_1026_IEO_HAP_MD__AUDIO_1026_IEO_NEU_XX_sadtalker.mp4,1,done,sadtalker,1026,IEO,happy,neutral,yes
FAKE_T3_1026_IEO_SAD_HI__AUDIO_1026_IEO_ANG_HI_sadtalker,data\synthetic\track3_fakes\videos\FAKE_T3_1026_IEO_SAD_HI__AUDIO_1026_IEO_ANG_HI_sadtalker.mp4,1,done,sadtalker,1026,IEO,sad,angry,yes
FAKE_T3_1026_IEO_SAD_LO__AUDIO_1026_IEO_ANG_LO_sadtalker,data\synthetic\track3_fakes\videos\FAKE_T3_1026_IEO_SAD_LO__AUDIO_1026_IEO_ANG_LO_sadtalker.mp4,1,done,sadtalker,1026,IEO,sad,angry,yes
FAKE_T3_1026_IOM_DIS_XX__AUDIO_1026_IOM_FEA_XX_sadtalker,data\synthetic\track3_fakes\videos\FAKE_T3_1026_IOM_DIS_XX__AUDIO_1026_IOM_FEA_XX_sadtalker.mp4,1,done,sadtalker,1026,IOM,disgust,fear,yes
FAKE_T3_1026_IOM_FEA_XX__AUDIO_1026_IOM_HAP_XX_sadtalker,data\synthetic\track3_fakes\videos\FAKE_T3_1026_IOM_FEA_XX__AUDIO_1026_IOM_HAP_XX_sadtalker.mp4,1,done,sadtalker,1026,IOM,fear,happy,yes
FAKE_T3_1026_IOM_HAP_XX__AUDIO_1026_IOM_NEU_XX_sadtalker,data\synthetic\track3_fakes\videos\FAKE_T3_1026_IOM_HAP_XX__AUDIO_1026_IOM_NEU_XX_sadtalker.mp4,1,done,sadtalker,1026,IOM,happy,neutral,yes
FAKE_T3_1026_IOM_NEU_XX__AUDIO_1026_IOM_SAD_XX_sadtalker,data\synthetic\track3_fakes\videos\FAKE_T3_1026_IOM_NEU_XX__AUDIO_1026_IOM_SAD_XX_sadtalker.mp4,1,done,sadtalker,1026,IOM,neutral,sad,yes
FAKE_T3_1026_IOM_SAD_XX__AUDIO_1026_IOM_ANG_XX_sadtalker,data\synthetic\track3_fakes\videos\FAKE_T3_1026_IOM_SAD_XX__AUDIO_1026_IOM_ANG_XX_sadtalker.mp4,1,done,sadtalker,1026,IOM,sad,angry,yes
FAKE_T3_1026_ITH_FEA_XX__AUDIO_1026_ITH_HAP_XX_sadtalker,data\synthetic\track3_fakes\videos\FAKE_T3_1026_ITH_FEA_XX__AUDIO_1026_ITH_HAP_XX_sadtalker.mp4,1,done,sadtalker,1026,ITH,fear,happy,yes
FAKE_T3_1026_ITH_HAP_XX__AUDIO_1026_ITH_NEU_XX_sadtalker,data\synthetic\track3_fakes\videos\FAKE_T3_1026_ITH_HAP_XX__AUDIO_1026_ITH_NEU_XX_sadtalker.mp4,1,done,sadtalker,1026,ITH,happy,neutral,yes
FAKE_T3_1026_ITH_SAD_XX__AUDIO_1026_ITH_ANG_XX_sadtalker,data\synthetic\track3_fakes\videos\FAKE_T3_1026_ITH_SAD_XX__AUDIO_1026_ITH_ANG_XX_sadtalker.mp4,1,done,sadtalker,1026,ITH,sad,angry,yes
FAKE_T3_1026_ITS_ANG_XX__AUDIO_1026_ITS_DIS_XX_sadtalker,data\synthetic\track3_fakes\videos\FAKE_T3_1026_ITS_ANG_XX__AUDIO_1026_ITS_DIS_XX_sadtalker.mp4,1,done,sadtalker,1026,ITS,angry,disgust,yes
FAKE_T3_1026_ITS_DIS_XX__AUDIO_1026_ITS_FEA_XX_sadtalker,data\synthetic\track3_fakes\videos\FAKE_T3_1026_ITS_DIS_XX__AUDIO_1026_ITS_FEA_XX_sadtalker.mp4,1,done,sadtalker,1026,ITS,disgust,fear,yes
FAKE_T3_1026_ITS_HAP_XX__AUDIO_1026_ITS_NEU_XX_sadtalker,data\synthetic\track3_fakes\videos\FAKE_T3_1026_ITS_HAP_XX__AUDIO_1026_ITS_NEU_XX_sadtalker.mp4,1,done,sadtalker,1026,ITS,happy,neutral,yes
FAKE_T3_1026_ITS_SAD_XX__AUDIO_1026_ITS_ANG_XX_sadtalker,data\synthetic\track3_fakes\videos\FAKE_T3_1026_ITS_SAD_XX__AUDIO_1026_ITS_ANG_XX_sadtalker.mp4,1,done,sadtalker,1026,ITS,sad,angry,yes
FAKE_T3_1026_IWL_DIS_XX__AUDIO_1026_IWL_FEA_XX_sadtalker,data\synthetic\track3_fakes\videos\FAKE_T3_1026_IWL_DIS_XX__AUDIO_1026_IWL_FEA_XX_sadtalker.mp4,1,done,sadtalker,1026,IWL,disgust,fear,yes
FAKE_T3_1026_IWL_FEA_XX__AUDIO_1026_IWL_HAP_XX_sadtalker,data\synthetic\track3_fakes\videos\FAKE_T3_1026_IWL_FEA_XX__AUDIO_1026_IWL_HAP_XX_sadtalker.mp4,1,done,sadtalker,1026,IWL,fear,happy,yes
FAKE_T3_1026_IWL_HAP_XX__AUDIO_1026_IWL_NEU_XX_sadtalker,data\synthetic\track3_fakes\videos\FAKE_T3_1026_IWL_HAP_XX__AUDIO_1026_IWL_NEU_XX_sadtalker.mp4,1,done,sadtalker,1026,IWL,happy,neutral,yes
FAKE_T3_1026_IWW_ANG_XX__AUDIO_1026_IWW_DIS_XX_sadtalker,data\synthetic\track3_fakes\videos\FAKE_T3_1026_IWW_ANG_XX__AUDIO_1026_IWW_DIS_XX_sadtalker.mp4,1,done,sadtalker,1026,IWW,angry,disgust,yes
FAKE_T3_1026_IWW_HAP_XX__AUDIO_1026_IWW_NEU_XX_sadtalker,data\synthetic\track3_fakes\videos\FAKE_T3_1026_IWW_HAP_XX__AUDIO_1026_IWW_NEU_XX_sadtalker.mp4,1,done,sadtalker,1026,IWW,happy,neutral,yes
FAKE_T3_1026_MTI_DIS_XX__AUDIO_1026_MTI_FEA_XX_sadtalker,data\synthetic\track3_fakes\videos\FAKE_T3_1026_MTI_DIS_XX__AUDIO_1026_MTI_FEA_XX_sadtalker.mp4,1,done,sadtalker,1026,MTI,disgust,fear,yes
FAKE_T3_1026_MTI_NEU_XX__AUDIO_1026_MTI_SAD_XX_sadtalker,data\synthetic\track3_fakes\videos\FAKE_T3_1026_MTI_NEU_XX__AUDIO_1026_MTI_SAD_XX_sadtalker.mp4,1,done,sadtalker,1026,MTI,neutral,sad,yes
FAKE_T3_1026_TAI_ANG_XX__AUDIO_1026_TAI_DIS_XX_sadtalker,data\synthetic\track3_fakes\videos\FAKE_T3_1026_TAI_ANG_XX__AUDIO_1026_TAI_DIS_XX_sadtalker.mp4,1,done,sadtalker,1026,TAI,angry,disgust,yes
FAKE_T3_1026_TAI_DIS_XX__AUDIO_1026_TAI_FEA_XX_sadtalker,data\synthetic\track3_fakes\videos\FAKE_T3_1026_TAI_DIS_XX__AUDIO_1026_TAI_FEA_XX_sadtalker.mp4,1,done,sadtalker,1026,TAI,disgust,fear,yes
FAKE_T3_1026_TAI_FEA_XX__AUDIO_1026_TAI_HAP_XX_sadtalker,data\synthetic\track3_fakes\videos\FAKE_T3_1026_TAI_FEA_XX__AUDIO_1026_TAI_HAP_XX_sadtalker.mp4,1,done,sadtalker,1026,TAI,fear,happy,yes
FAKE_T3_1026_TAI_HAP_XX__AUDIO_1026_TAI_NEU_XX_sadtalker,data\synthetic\track3_fakes\videos\FAKE_T3_1026_TAI_HAP_XX__AUDIO_1026_TAI_NEU_XX_sadtalker.mp4,1,done,sadtalker,1026,TAI,happy,neutral,yes
FAKE_T3_1026_TAI_NEU_XX__AUDIO_1026_TAI_SAD_XX_sadtalker,data\synthetic\track3_fakes\videos\FAKE_T3_1026_TAI_NEU_XX__AUDIO_1026_TAI_SAD_XX_sadtalker.mp4,1,done,sadtalker,1026,TAI,neutral,sad,yes
FAKE_T3_1026_TIE_ANG_XX__AUDIO_1026_TIE_DIS_XX_sadtalker,data\synthetic\track3_fakes\videos\FAKE_T3_1026_TIE_ANG_XX__AUDIO_1026_TIE_DIS_XX_sadtalker.mp4,1,done,sadtalker,1026,TIE,angry,disgust,yes
FAKE_T3_1026_TIE_DIS_XX__AUDIO_1026_TIE_FEA_XX_sadtalker,data\synthetic\track3_fakes\videos\FAKE_T3_1026_TIE_DIS_XX__AUDIO_1026_TIE_FEA_XX_sadtalker.mp4,1,done,sadtalker,1026,TIE,disgust,fear,yes
FAKE_T3_1026_TIE_FEA_XX__AUDIO_1026_TIE_HAP_XX_sadtalker,data\synthetic\track3_fakes\videos\FAKE_T3_1026_TIE_FEA_XX__AUDIO_1026_TIE_HAP_XX_sadtalker.mp4,1,done,sadtalker,1026,TIE,fear,happy,yes
FAKE_T3_1026_TIE_NEU_XX__AUDIO_1026_TIE_SAD_XX_sadtalker,data\synthetic\track3_fakes\videos\FAKE_T3_1026_TIE_NEU_XX__AUDIO_1026_TIE_SAD_XX_sadtalker.mp4,1,done,sadtalker,1026,TIE,neutral,sad,yes
FAKE_T3_1026_TSI_ANG_XX__AUDIO_1026_TSI_DIS_XX_sadtalker,data\synthetic\track3_fakes\videos\FAKE_T3_1026_TSI_ANG_XX__AUDIO_1026_TSI_DIS_XX_sadtalker.mp4,1,done,sadtalker,1026,TSI,angry,disgust,yes
FAKE_T3_1026_TSI_DIS_XX__AUDIO_1026_TSI_FEA_XX_sadtalker,data\synthetic\track3_fakes\videos\FAKE_T3_1026_TSI_DIS_XX__AUDIO_1026_TSI_FEA_XX_sadtalker.mp4,1,done,sadtalker,1026,TSI,disgust,fear,yes
FAKE_T3_1026_TSI_NEU_XX__AUDIO_1026_TSI_SAD_XX_sadtalker,data\synthetic\track3_fakes\videos\FAKE_T3_1026_TSI_NEU_XX__AUDIO_1026_TSI_SAD_XX_sadtalker.mp4,1,done,sadtalker,1026,TSI,neutral,sad,yes
FAKE_T3_1026_WSI_NEU_XX__AUDIO_1026_WSI_SAD_XX_sadtalker,data\synthetic\track3_fakes\videos\FAKE_T3_1026_WSI_NEU_XX__AUDIO_1026_WSI_SAD_XX_sadtalker.mp4,1,done,sadtalker,1026,WSI,neutral,sad,yes
FAKE_T3_1027_DFA_ANG_XX__AUDIO_1027_DFA_DIS_XX_sadtalker,data\synthetic\track3_fakes\videos\FAKE_T3_1027_DFA_ANG_XX__AUDIO_1027_DFA_DIS_XX_sadtalker.mp4,1,done,sadtalker,1027,DFA,angry,disgust,yes
FAKE_T3_1027_DFA_HAP_XX__AUDIO_1027_DFA_NEU_XX_sadtalker,data\synthetic\track3_fakes\videos\FAKE_T3_1027_DFA_HAP_XX__AUDIO_1027_DFA_NEU_XX_sadtalker.mp4,1,done,sadtalker,1027,DFA,happy,neutral,yes
FAKE_T3_1027_DFA_NEU_XX__AUDIO_1027_DFA_SAD_XX_sadtalker,data\synthetic\track3_fakes\videos\FAKE_T3_1027_DFA_NEU_XX__AUDIO_1027_DFA_SAD_XX_sadtalker.mp4,1,done,sadtalker,1027,DFA,neutral,sad,yes
FAKE_T3_1027_DFA_SAD_XX__AUDIO_1027_DFA_ANG_XX_sadtalker,data\synthetic\track3_fakes\videos\FAKE_T3_1027_DFA_SAD_XX__AUDIO_1027_DFA_ANG_XX_sadtalker.mp4,1,done,sadtalker,1027,DFA,sad,angry,yes
FAKE_T3_1027_IEO_ANG_LO__AUDIO_1027_IEO_DIS_LO_sadtalker,data\synthetic\track3_fakes\videos\FAKE_T3_1027_IEO_ANG_LO__AUDIO_1027_IEO_DIS_LO_sadtalker.mp4,1,done,sadtalker,1027,IEO,angry,disgust,yes
FAKE_T3_1027_IEO_DIS_LO__AUDIO_1027_IEO_FEA_LO_sadtalker,data\synthetic\track3_fakes\videos\FAKE_T3_1027_IEO_DIS_LO__AUDIO_1027_IEO_FEA_LO_sadtalker.mp4,1,done,sadtalker,1027,IEO,disgust,fear,yes
FAKE_T3_1027_IEO_DIS_MD__AUDIO_1027_IEO_FEA_MD_sadtalker,data\synthetic\track3_fakes\videos\FAKE_T3_1027_IEO_DIS_MD__AUDIO_1027_IEO_FEA_MD_sadtalker.mp4,1,done,sadtalker,1027,IEO,disgust,fear,yes
FAKE_T3_1027_IEO_HAP_LO__AUDIO_1027_IEO_NEU_XX_sadtalker,data\synthetic\track3_fakes\videos\FAKE_T3_1027_IEO_HAP_LO__AUDIO_1027_IEO_NEU_XX_sadtalker.mp4,1,done,sadtalker,1027,IEO,happy,neutral,yes
FAKE_T3_1027_IEO_NEU_XX__AUDIO_1027_IEO_SAD_HI_sadtalker,data\synthetic\track3_fakes\videos\FAKE_T3_1027_IEO_NEU_XX__AUDIO_1027_IEO_SAD_HI_sadtalker.mp4,1,done,sadtalker,1027,IEO,neutral,sad,yes
FAKE_T3_1027_IEO_SAD_MD__AUDIO_1027_IEO_ANG_MD_sadtalker,data\synthetic\track3_fakes\videos\FAKE_T3_1027_IEO_SAD_MD__AUDIO_1027_IEO_ANG_MD_sadtalker.mp4,1,done,sadtalker,1027,IEO,sad,angry,yes
FAKE_T3_1027_IOM_FEA_XX__AUDIO_1027_IOM_HAP_XX_sadtalker,data\synthetic\track3_fakes\videos\FAKE_T3_1027_IOM_FEA_XX__AUDIO_1027_IOM_HAP_XX_sadtalker.mp4,1,done,sadtalker,1027,IOM,fear,happy,yes
FAKE_T3_1027_IOM_HAP_XX__AUDIO_1027_IOM_NEU_XX_sadtalker,data\synthetic\track3_fakes\videos\FAKE_T3_1027_IOM_HAP_XX__AUDIO_1027_IOM_NEU_XX_sadtalker.mp4,1,done,sadtalker,1027,IOM,happy,neutral,yes
FAKE_T3_1027_IOM_NEU_XX__AUDIO_1027_IOM_SAD_XX_sadtalker,data\synthetic\track3_fakes\videos\FAKE_T3_1027_IOM_NEU_XX__AUDIO_1027_IOM_SAD_XX_sadtalker.mp4,1,done,sadtalker,1027,IOM,neutral,sad,yes
FAKE_T3_1027_ITH_NEU_XX__AUDIO_1027_ITH_SAD_XX_sadtalker,data\synthetic\track3_fakes\videos\FAKE_T3_1027_ITH_NEU_XX__AUDIO_1027_ITH_SAD_XX_sadtalker.mp4,1,done,sadtalker,1027,ITH,neutral,sad,yes
FAKE_T3_1027_ITH_SAD_XX__AUDIO_1027_ITH_ANG_XX_sadtalker,data\synthetic\track3_fakes\videos\FAKE_T3_1027_ITH_SAD_XX__AUDIO_1027_ITH_ANG_XX_sadtalker.mp4,1,done,sadtalker,1027,ITH,sad,angry,yes
FAKE_T3_1027_ITS_ANG_XX__AUDIO_1027_ITS_DIS_XX_sadtalker,data\synthetic\track3_fakes\videos\FAKE_T3_1027_ITS_ANG_XX__AUDIO_1027_ITS_DIS_XX_sadtalker.mp4,1,done,sadtalker,1027,ITS,angry,disgust,yes
FAKE_T3_1027_ITS_HAP_XX__AUDIO_1027_ITS_NEU_XX_sadtalker,data\synthetic\track3_fakes\videos\FAKE_T3_1027_ITS_HAP_XX__AUDIO_1027_ITS_NEU_XX_sadtalker.mp4,1,done,sadtalker,1027,ITS,happy,neutral,yes
FAKE_T3_1027_ITS_NEU_XX__AUDIO_1027_ITS_SAD_XX_sadtalker,data\synthetic\track3_fakes\videos\FAKE_T3_1027_ITS_NEU_XX__AUDIO_1027_ITS_SAD_XX_sadtalker.mp4,1,done,sadtalker,1027,ITS,neutral,sad,yes
FAKE_T3_1027_IWL_ANG_XX__AUDIO_1027_IWL_DIS_XX_sadtalker,data\synthetic\track3_fakes\videos\FAKE_T3_1027_IWL_ANG_XX__AUDIO_1027_IWL_DIS_XX_sadtalker.mp4,1,done,sadtalker,1027,IWL,angry,disgust,yes
FAKE_T3_1027_IWL_DIS_XX__AUDIO_1027_IWL_FEA_XX_sadtalker,data\synthetic\track3_fakes\videos\FAKE_T3_1027_IWL_DIS_XX__AUDIO_1027_IWL_FEA_XX_sadtalker.mp4,1,done,sadtalker,1027,IWL,disgust,fear,yes
FAKE_T3_1027_IWL_FEA_XX__AUDIO_1027_IWL_HAP_XX_sadtalker,data\synthetic\track3_fakes\videos\FAKE_T3_1027_IWL_FEA_XX__AUDIO_1027_IWL_HAP_XX_sadtalker.mp4,1,done,sadtalker,1027,IWL,fear,happy,yes
FAKE_T3_1027_IWL_HAP_XX__AUDIO_1027_IWL_NEU_XX_sadtalker,data\synthetic\track3_fakes\videos\FAKE_T3_1027_IWL_HAP_XX__AUDIO_1027_IWL_NEU_XX_sadtalker.mp4,1,done,sadtalker,1027,IWL,happy,neutral,yes
FAKE_T3_1027_IWL_NEU_XX__AUDIO_1027_IWL_SAD_XX_sadtalker,data\synthetic\track3_fakes\videos\FAKE_T3_1027_IWL_NEU_XX__AUDIO_1027_IWL_SAD_XX_sadtalker.mp4,1,done,sadtalker,1027,IWL,neutral,sad,yes
FAKE_T3_1027_IWW_ANG_XX__AUDIO_1027_IWW_DIS_XX_sadtalker,data\synthetic\track3_fakes\videos\FAKE_T3_1027_IWW_ANG_XX__AUDIO_1027_IWW_DIS_XX_sadtalker.mp4,1,done,sadtalker,1027,IWW,angry,disgust,yes
FAKE_T3_1027_IWW_SAD_XX__AUDIO_1027_IWW_ANG_XX_sadtalker,data\synthetic\track3_fakes\videos\FAKE_T3_1027_IWW_SAD_XX__AUDIO_1027_IWW_ANG_XX_sadtalker.mp4,1,done,sadtalker,1027,IWW,sad,angry,yes
FAKE_T3_1027_MTI_FEA_XX__AUDIO_1027_MTI_HAP_XX_sadtalker,data\synthetic\track3_fakes\videos\FAKE_T3_1027_MTI_FEA_XX__AUDIO_1027_MTI_HAP_XX_sadtalker.mp4,1,done,sadtalker,1027,MTI,fear,happy,yes
FAKE_T3_1027_MTI_HAP_XX__AUDIO_1027_MTI_NEU_XX_sadtalker,data\synthetic\track3_fakes\videos\FAKE_T3_1027_MTI_HAP_XX__AUDIO_1027_MTI_NEU_XX_sadtalker.mp4,1,done,sadtalker,1027,MTI,happy,neutral,yes
FAKE_T3_1027_MTI_NEU_XX__AUDIO_1027_MTI_SAD_XX_sadtalker,data\synthetic\track3_fakes\videos\FAKE_T3_1027_MTI_NEU_XX__AUDIO_1027_MTI_SAD_XX_sadtalker.mp4,1,done,sadtalker,1027,MTI,neutral,sad,yes
FAKE_T3_1027_TAI_ANG_XX__AUDIO_1027_TAI_DIS_XX_sadtalker,data\synthetic\track3_fakes\videos\FAKE_T3_1027_TAI_ANG_XX__AUDIO_1027_TAI_DIS_XX_sadtalker.mp4,1,done,sadtalker,1027,TAI,angry,disgust,yes
FAKE_T3_1027_TAI_FEA_XX__AUDIO_1027_TAI_HAP_XX_sadtalker,data\synthetic\track3_fakes\videos\FAKE_T3_1027_TAI_FEA_XX__AUDIO_1027_TAI_HAP_XX_sadtalker.mp4,1,done,sadtalker,1027,TAI,fear,happy,yes
FAKE_T3_1027_TAI_NEU_XX__AUDIO_1027_TAI_SAD_XX_sadtalker,data\synthetic\track3_fakes\videos\FAKE_T3_1027_TAI_NEU_XX__AUDIO_1027_TAI_SAD_XX_sadtalker.mp4,1,done,sadtalker,1027,TAI,neutral,sad,yes
FAKE_T3_1027_TAI_SAD_XX__AUDIO_1027_TAI_ANG_XX_sadtalker,data\synthetic\track3_fakes\videos\FAKE_T3_1027_TAI_SAD_XX__AUDIO_1027_TAI_ANG_XX_sadtalker.mp4,1,done,sadtalker,1027,TAI,sad,angry,yes
FAKE_T3_1027_TIE_ANG_XX__AUDIO_1027_TIE_DIS_XX_sadtalker,data\synthetic\track3_fakes\videos\FAKE_T3_1027_TIE_ANG_XX__AUDIO_1027_TIE_DIS_XX_sadtalker.mp4,1,done,sadtalker,1027,TIE,angry,disgust,yes
FAKE_T3_1027_TIE_FEA_XX__AUDIO_1027_TIE_HAP_XX_sadtalker,data\synthetic\track3_fakes\videos\FAKE_T3_1027_TIE_FEA_XX__AUDIO_1027_TIE_HAP_XX_sadtalker.mp4,1,done,sadtalker,1027,TIE,fear,happy,yes
FAKE_T3_1027_TIE_SAD_XX__AUDIO_1027_TIE_ANG_XX_sadtalker,data\synthetic\track3_fakes\videos\FAKE_T3_1027_TIE_SAD_XX__AUDIO_1027_TIE_ANG_XX_sadtalker.mp4,1,done,sadtalker,1027,TIE,sad,angry,yes
FAKE_T3_1027_TSI_DIS_XX__AUDIO_1027_TSI_FEA_XX_sadtalker,data\synthetic\track3_fakes\videos\FAKE_T3_1027_TSI_DIS_XX__AUDIO_1027_TSI_FEA_XX_sadtalker.mp4,1,done,sadtalker,1027,TSI,disgust,fear,yes
FAKE_T3_1027_TSI_FEA_XX__AUDIO_1027_TSI_HAP_XX_sadtalker,data\synthetic\track3_fakes\videos\FAKE_T3_1027_TSI_FEA_XX__AUDIO_1027_TSI_HAP_XX_sadtalker.mp4,1,done,sadtalker,1027,TSI,fear,happy,yes
FAKE_T3_1027_TSI_HAP_XX__AUDIO_1027_TSI_NEU_XX_sadtalker,data\synthetic\track3_fakes\videos\FAKE_T3_1027_TSI_HAP_XX__AUDIO_1027_TSI_NEU_XX_sadtalker.mp4,1,done,sadtalker,1027,TSI,happy,neutral,yes
FAKE_T3_1027_TSI_NEU_XX__AUDIO_1027_TSI_SAD_XX_sadtalker,data\synthetic\track3_fakes\videos\FAKE_T3_1027_TSI_NEU_XX__AUDIO_1027_TSI_SAD_XX_sadtalker.mp4,1,done,sadtalker,1027,TSI,neutral,sad,yes
FAKE_T3_1027_WSI_FEA_XX__AUDIO_1027_WSI_HAP_XX_sadtalker,data\synthetic\track3_fakes\videos\FAKE_T3_1027_WSI_FEA_XX__AUDIO_1027_WSI_HAP_XX_sadtalker.mp4,1,done,sadtalker,1027,WSI,fear,happy,yes
FAKE_T3_1027_WSI_HAP_XX__AUDIO_1027_WSI_NEU_XX_sadtalker,data\synthetic\track3_fakes\videos\FAKE_T3_1027_WSI_HAP_XX__AUDIO_1027_WSI_NEU_XX_sadtalker.mp4,1,done,sadtalker,1027,WSI,happy,neutral,yes
FAKE_T3_1028_DFA_DIS_XX__AUDIO_1028_DFA_FEA_XX_sadtalker,data\synthetic\track3_fakes\videos\FAKE_T3_1028_DFA_DIS_XX__AUDIO_1028_DFA_FEA_XX_sadtalker.mp4,1,done,sadtalker,1028,DFA,disgust,fear,yes
FAKE_T3_1028_DFA_FEA_XX__AUDIO_1028_DFA_HAP_XX_sadtalker,data\synthetic\track3_fakes\videos\FAKE_T3_1028_DFA_FEA_XX__AUDIO_1028_DFA_HAP_XX_sadtalker.mp4,1,done,sadtalker,1028,DFA,fear,happy,yes
FAKE_T3_1028_DFA_NEU_XX__AUDIO_1028_DFA_SAD_XX_sadtalker,data\synthetic\track3_fakes\videos\FAKE_T3_1028_DFA_NEU_XX__AUDIO_1028_DFA_SAD_XX_sadtalker.mp4,1,done,sadtalker,1028,DFA,neutral,sad,yes
FAKE_T3_1028_DFA_SAD_XX__AUDIO_1028_DFA_ANG_XX_sadtalker,data\synthetic\track3_fakes\videos\FAKE_T3_1028_DFA_SAD_XX__AUDIO_1028_DFA_ANG_XX_sadtalker.mp4,1,done,sadtalker,1028,DFA,sad,angry,yes
FAKE_T3_1028_IEO_ANG_LO__AUDIO_1028_IEO_DIS_LO_sadtalker,data\synthetic\track3_fakes\videos\FAKE_T3_1028_IEO_ANG_LO__AUDIO_1028_IEO_DIS_LO_sadtalker.mp4,1,done,sadtalker,1028,IEO,angry,disgust,yes
FAKE_T3_1028_IEO_DIS_LO__AUDIO_1028_IEO_FEA_LO_sadtalker,data\synthetic\track3_fakes\videos\FAKE_T3_1028_IEO_DIS_LO__AUDIO_1028_IEO_FEA_LO_sadtalker.mp4,1,done,sadtalker,1028,IEO,disgust,fear,yes
FAKE_T3_1028_IEO_DIS_MD__AUDIO_1028_IEO_FEA_MD_sadtalker,data\synthetic\track3_fakes\videos\FAKE_T3_1028_IEO_DIS_MD__AUDIO_1028_IEO_FEA_MD_sadtalker.mp4,1,done,sadtalker,1028,IEO,disgust,fear,yes
FAKE_T3_1028_IEO_FEA_HI__AUDIO_1028_IEO_HAP_HI_sadtalker,data\synthetic\track3_fakes\videos\FAKE_T3_1028_IEO_FEA_HI__AUDIO_1028_IEO_HAP_HI_sadtalker.mp4,1,done,sadtalker,1028,IEO,fear,happy,yes
FAKE_T3_1028_IEO_FEA_MD__AUDIO_1028_IEO_HAP_MD_sadtalker,data\synthetic\track3_fakes\videos\FAKE_T3_1028_IEO_FEA_MD__AUDIO_1028_IEO_HAP_MD_sadtalker.mp4,1,done,sadtalker,1028,IEO,fear,happy,yes
FAKE_T3_1028_IEO_HAP_HI__AUDIO_1028_IEO_NEU_XX_sadtalker,data\synthetic\track3_fakes\videos\FAKE_T3_1028_IEO_HAP_HI__AUDIO_1028_IEO_NEU_XX_sadtalker.mp4,1,done,sadtalker,1028,IEO,happy,neutral,yes
FAKE_T3_1028_IEO_HAP_LO__AUDIO_1028_IEO_NEU_XX_sadtalker,data\synthetic\track3_fakes\videos\FAKE_T3_1028_IEO_HAP_LO__AUDIO_1028_IEO_NEU_XX_sadtalker.mp4,1,done,sadtalker,1028,IEO,happy,neutral,yes
FAKE_T3_1028_IEO_HAP_MD__AUDIO_1028_IEO_NEU_XX_sadtalker,data\synthetic\track3_fakes\videos\FAKE_T3_1028_IEO_HAP_MD__AUDIO_1028_IEO_NEU_XX_sadtalker.mp4,1,done,sadtalker,1028,IEO,happy,neutral,yes
FAKE_T3_1028_IEO_SAD_MD__AUDIO_1028_IEO_ANG_MD_sadtalker,data\synthetic\track3_fakes\videos\FAKE_T3_1028_IEO_SAD_MD__AUDIO_1028_IEO_ANG_MD_sadtalker.mp4,1,done,sadtalker,1028,IEO,sad,angry,yes
FAKE_T3_1028_IOM_ANG_XX__AUDIO_1028_IOM_DIS_XX_sadtalker,data\synthetic\track3_fakes\videos\FAKE_T3_1028_IOM_ANG_XX__AUDIO_1028_IOM_DIS_XX_sadtalker.mp4,1,done,sadtalker,1028,IOM,angry,disgust,yes
FAKE_T3_1028_IOM_DIS_XX__AUDIO_1028_IOM_FEA_XX_sadtalker,data\synthetic\track3_fakes\videos\FAKE_T3_1028_IOM_DIS_XX__AUDIO_1028_IOM_FEA_XX_sadtalker.mp4,1,done,sadtalker,1028,IOM,disgust,fear,yes
FAKE_T3_1028_IOM_FEA_XX__AUDIO_1028_IOM_HAP_XX_sadtalker,data\synthetic\track3_fakes\videos\FAKE_T3_1028_IOM_FEA_XX__AUDIO_1028_IOM_HAP_XX_sadtalker.mp4,1,done,sadtalker,1028,IOM,fear,happy,yes
FAKE_T3_1028_IOM_HAP_XX__AUDIO_1028_IOM_NEU_XX_sadtalker,data\synthetic\track3_fakes\videos\FAKE_T3_1028_IOM_HAP_XX__AUDIO_1028_IOM_NEU_XX_sadtalker.mp4,1,done,sadtalker,1028,IOM,happy,neutral,yes
FAKE_T3_1028_ITH_ANG_XX__AUDIO_1028_ITH_DIS_XX_sadtalker,data\synthetic\track3_fakes\videos\FAKE_T3_1028_ITH_ANG_XX__AUDIO_1028_ITH_DIS_XX_sadtalker.mp4,1,done,sadtalker,1028,ITH,angry,disgust,yes
FAKE_T3_1028_ITH_DIS_XX__AUDIO_1028_ITH_FEA_XX_sadtalker,data\synthetic\track3_fakes\videos\FAKE_T3_1028_ITH_DIS_XX__AUDIO_1028_ITH_FEA_XX_sadtalker.mp4,1,done,sadtalker,1028,ITH,disgust,fear,yes
FAKE_T3_1028_ITH_NEU_XX__AUDIO_1028_ITH_SAD_XX_sadtalker,data\synthetic\track3_fakes\videos\FAKE_T3_1028_ITH_NEU_XX__AUDIO_1028_ITH_SAD_XX_sadtalker.mp4,1,done,sadtalker,1028,ITH,neutral,sad,yes
FAKE_T3_1028_ITS_NEU_XX__AUDIO_1028_ITS_SAD_XX_sadtalker,data\synthetic\track3_fakes\videos\FAKE_T3_1028_ITS_NEU_XX__AUDIO_1028_ITS_SAD_XX_sadtalker.mp4,1,done,sadtalker,1028,ITS,neutral,sad,yes
FAKE_T3_1028_IWL_HAP_XX__AUDIO_1028_IWL_NEU_XX_sadtalker,data\synthetic\track3_fakes\videos\FAKE_T3_1028_IWL_HAP_XX__AUDIO_1028_IWL_NEU_XX_sadtalker.mp4,1,done,sadtalker,1028,IWL,happy,neutral,yes
FAKE_T3_1028_IWL_NEU_XX__AUDIO_1028_IWL_SAD_XX_sadtalker,data\synthetic\track3_fakes\videos\FAKE_T3_1028_IWL_NEU_XX__AUDIO_1028_IWL_SAD_XX_sadtalker.mp4,1,done,sadtalker,1028,IWL,neutral,sad,yes
FAKE_T3_1028_IWW_FEA_XX__AUDIO_1028_IWW_HAP_XX_sadtalker,data\synthetic\track3_fakes\videos\FAKE_T3_1028_IWW_FEA_XX__AUDIO_1028_IWW_HAP_XX_sadtalker.mp4,1,done,sadtalker,1028,IWW,fear,happy,yes
FAKE_T3_1028_IWW_HAP_XX__AUDIO_1028_IWW_NEU_XX_sadtalker,data\synthetic\track3_fakes\videos\FAKE_T3_1028_IWW_HAP_XX__AUDIO_1028_IWW_NEU_XX_sadtalker.mp4,1,done,sadtalker,1028,IWW,happy,neutral,yes
FAKE_T3_1028_IWW_NEU_XX__AUDIO_1028_IWW_SAD_XX_sadtalker,data\synthetic\track3_fakes\videos\FAKE_T3_1028_IWW_NEU_XX__AUDIO_1028_IWW_SAD_XX_sadtalker.mp4,1,done,sadtalker,1028,IWW,neutral,sad,yes
FAKE_T3_1028_IWW_SAD_XX__AUDIO_1028_IWW_ANG_XX_sadtalker,data\synthetic\track3_fakes\videos\FAKE_T3_1028_IWW_SAD_XX__AUDIO_1028_IWW_ANG_XX_sadtalker.mp4,1,done,sadtalker,1028,IWW,sad,angry,yes
FAKE_T3_1028_MTI_DIS_XX__AUDIO_1028_MTI_FEA_XX_sadtalker,data\synthetic\track3_fakes\videos\FAKE_T3_1028_MTI_DIS_XX__AUDIO_1028_MTI_FEA_XX_sadtalker.mp4,1,done,sadtalker,1028,MTI,disgust,fear,yes
FAKE_T3_1028_MTI_FEA_XX__AUDIO_1028_MTI_HAP_XX_sadtalker,data\synthetic\track3_fakes\videos\FAKE_T3_1028_MTI_FEA_XX__AUDIO_1028_MTI_HAP_XX_sadtalker.mp4,1,done,sadtalker,1028,MTI,fear,happy,yes
FAKE_T3_1028_MTI_HAP_XX__AUDIO_1028_MTI_NEU_XX_sadtalker,data\synthetic\track3_fakes\videos\FAKE_T3_1028_MTI_HAP_XX__AUDIO_1028_MTI_NEU_XX_sadtalker.mp4,1,done,sadtalker,1028,MTI,happy,neutral,yes
FAKE_T3_1028_TAI_ANG_XX__AUDIO_1028_TAI_DIS_XX_sadtalker,data\synthetic\track3_fakes\videos\FAKE_T3_1028_TAI_ANG_XX__AUDIO_1028_TAI_DIS_XX_sadtalker.mp4,1,done,sadtalker,1028,TAI,angry,disgust,yes
FAKE_T3_1028_TAI_SAD_XX__AUDIO_1028_TAI_ANG_XX_sadtalker,data\synthetic\track3_fakes\videos\FAKE_T3_1028_TAI_SAD_XX__AUDIO_1028_TAI_ANG_XX_sadtalker.mp4,1,done,sadtalker,1028,TAI,sad,angry,yes
FAKE_T3_1028_TIE_ANG_XX__AUDIO_1028_TIE_DIS_XX_sadtalker,data\synthetic\track3_fakes\videos\FAKE_T3_1028_TIE_ANG_XX__AUDIO_1028_TIE_DIS_XX_sadtalker.mp4,1,done,sadtalker,1028,TIE,angry,disgust,yes
FAKE_T3_1028_TIE_DIS_XX__AUDIO_1028_TIE_FEA_XX_sadtalker,data\synthetic\track3_fakes\videos\FAKE_T3_1028_TIE_DIS_XX__AUDIO_1028_TIE_FEA_XX_sadtalker.mp4,1,done,sadtalker,1028,TIE,disgust,fear,yes
FAKE_T3_1028_TIE_HAP_XX__AUDIO_1028_TIE_NEU_XX_sadtalker,data\synthetic\track3_fakes\videos\FAKE_T3_1028_TIE_HAP_XX__AUDIO_1028_TIE_NEU_XX_sadtalker.mp4,1,done,sadtalker,1028,TIE,happy,neutral,yes
FAKE_T3_1028_TIE_NEU_XX__AUDIO_1028_TIE_SAD_XX_sadtalker,data\synthetic\track3_fakes\videos\FAKE_T3_1028_TIE_NEU_XX__AUDIO_1028_TIE_SAD_XX_sadtalker.mp4,1,done,sadtalker,1028,TIE,neutral,sad,yes
FAKE_T3_1028_TIE_SAD_XX__AUDIO_1028_TIE_ANG_XX_sadtalker,data\synthetic\track3_fakes\videos\FAKE_T3_1028_TIE_SAD_XX__AUDIO_1028_TIE_ANG_XX_sadtalker.mp4,1,done,sadtalker,1028,TIE,sad,angry,yes
FAKE_T3_1028_TSI_ANG_XX__AUDIO_1028_TSI_DIS_XX_sadtalker,data\synthetic\track3_fakes\videos\FAKE_T3_1028_TSI_ANG_XX__AUDIO_1028_TSI_DIS_XX_sadtalker.mp4,1,done,sadtalker,1028,TSI,angry,disgust,yes
FAKE_T3_1028_TSI_FEA_XX__AUDIO_1028_TSI_HAP_XX_sadtalker,data\synthetic\track3_fakes\videos\FAKE_T3_1028_TSI_FEA_XX__AUDIO_1028_TSI_HAP_XX_sadtalker.mp4,1,done,sadtalker,1028,TSI,fear,happy,yes
FAKE_T3_1028_WSI_HAP_XX__AUDIO_1028_WSI_NEU_XX_sadtalker,data\synthetic\track3_fakes\videos\FAKE_T3_1028_WSI_HAP_XX__AUDIO_1028_WSI_NEU_XX_sadtalker.mp4,1,done,sadtalker,1028,WSI,happy,neutral,yes
FAKE_T3_1028_WSI_SAD_XX__AUDIO_1028_WSI_ANG_XX_sadtalker,data\synthetic\track3_fakes\videos\FAKE_T3_1028_WSI_SAD_XX__AUDIO_1028_WSI_ANG_XX_sadtalker.mp4,1,done,sadtalker,1028,WSI,sad,angry,yes
FAKE_T3_1029_DFA_ANG_XX__AUDIO_1029_DFA_DIS_XX_sadtalker,data\synthetic\track3_fakes\videos\FAKE_T3_1029_DFA_ANG_XX__AUDIO_1029_DFA_DIS_XX_sadtalker.mp4,1,done,sadtalker,1029,DFA,angry,disgust,yes
FAKE_T3_1029_DFA_SAD_XX__AUDIO_1029_DFA_ANG_XX_sadtalker,data\synthetic\track3_fakes\videos\FAKE_T3_1029_DFA_SAD_XX__AUDIO_1029_DFA_ANG_XX_sadtalker.mp4,1,done,sadtalker,1029,DFA,sad,angry,yes
FAKE_T3_1029_IEO_ANG_HI__AUDIO_1029_IEO_DIS_HI_sadtalker,data\synthetic\track3_fakes\videos\FAKE_T3_1029_IEO_ANG_HI__AUDIO_1029_IEO_DIS_HI_sadtalker.mp4,1,done,sadtalker,1029,IEO,angry,disgust,yes
FAKE_T3_1029_IEO_ANG_LO__AUDIO_1029_IEO_DIS_LO_sadtalker,data\synthetic\track3_fakes\videos\FAKE_T3_1029_IEO_ANG_LO__AUDIO_1029_IEO_DIS_LO_sadtalker.mp4,1,done,sadtalker,1029,IEO,angry,disgust,yes
FAKE_T3_1029_IEO_DIS_LO__AUDIO_1029_IEO_FEA_LO_sadtalker,data\synthetic\track3_fakes\videos\FAKE_T3_1029_IEO_DIS_LO__AUDIO_1029_IEO_FEA_LO_sadtalker.mp4,1,done,sadtalker,1029,IEO,disgust,fear,yes
FAKE_T3_1029_IEO_FEA_LO__AUDIO_1029_IEO_HAP_LO_sadtalker,data\synthetic\track3_fakes\videos\FAKE_T3_1029_IEO_FEA_LO__AUDIO_1029_IEO_HAP_LO_sadtalker.mp4,1,done,sadtalker,1029,IEO,fear,happy,yes
FAKE_T3_1029_IEO_FEA_MD__AUDIO_1029_IEO_HAP_MD_sadtalker,data\synthetic\track3_fakes\videos\FAKE_T3_1029_IEO_FEA_MD__AUDIO_1029_IEO_HAP_MD_sadtalker.mp4,1,done,sadtalker,1029,IEO,fear,happy,yes
FAKE_T3_1029_IEO_HAP_HI__AUDIO_1029_IEO_NEU_XX_sadtalker,data\synthetic\track3_fakes\videos\FAKE_T3_1029_IEO_HAP_HI__AUDIO_1029_IEO_NEU_XX_sadtalker.mp4,1,done,sadtalker,1029,IEO,happy,neutral,yes
FAKE_T3_1029_IEO_HAP_MD__AUDIO_1029_IEO_NEU_XX_sadtalker,data\synthetic\track3_fakes\videos\FAKE_T3_1029_IEO_HAP_MD__AUDIO_1029_IEO_NEU_XX_sadtalker.mp4,1,done,sadtalker,1029,IEO,happy,neutral,yes
FAKE_T3_1029_IEO_NEU_XX__AUDIO_1029_IEO_SAD_HI_sadtalker,data\synthetic\track3_fakes\videos\FAKE_T3_1029_IEO_NEU_XX__AUDIO_1029_IEO_SAD_HI_sadtalker.mp4,1,done,sadtalker,1029,IEO,neutral,sad,yes
FAKE_T3_1029_IEO_SAD_HI__AUDIO_1029_IEO_ANG_HI_sadtalker,data\synthetic\track3_fakes\videos\FAKE_T3_1029_IEO_SAD_HI__AUDIO_1029_IEO_ANG_HI_sadtalker.mp4,1,done,sadtalker,1029,IEO,sad,angry,yes
FAKE_T3_1029_IEO_SAD_MD__AUDIO_1029_IEO_ANG_MD_sadtalker,data\synthetic\track3_fakes\videos\FAKE_T3_1029_IEO_SAD_MD__AUDIO_1029_IEO_ANG_MD_sadtalker.mp4,1,done,sadtalker,1029,IEO,sad,angry,yes
FAKE_T3_1029_IOM_DIS_XX__AUDIO_1029_IOM_FEA_XX_sadtalker,data\synthetic\track3_fakes\videos\FAKE_T3_1029_IOM_DIS_XX__AUDIO_1029_IOM_FEA_XX_sadtalker.mp4,1,done,sadtalker,1029,IOM,disgust,fear,yes
FAKE_T3_1029_IOM_FEA_XX__AUDIO_1029_IOM_HAP_XX_sadtalker,data\synthetic\track3_fakes\videos\FAKE_T3_1029_IOM_FEA_XX__AUDIO_1029_IOM_HAP_XX_sadtalker.mp4,1,done,sadtalker,1029,IOM,fear,happy,yes
FAKE_T3_1029_IOM_HAP_XX__AUDIO_1029_IOM_NEU_XX_sadtalker,data\synthetic\track3_fakes\videos\FAKE_T3_1029_IOM_HAP_XX__AUDIO_1029_IOM_NEU_XX_sadtalker.mp4,1,done,sadtalker,1029,IOM,happy,neutral,yes
FAKE_T3_1029_IOM_NEU_XX__AUDIO_1029_IOM_SAD_XX_sadtalker,data\synthetic\track3_fakes\videos\FAKE_T3_1029_IOM_NEU_XX__AUDIO_1029_IOM_SAD_XX_sadtalker.mp4,1,done,sadtalker,1029,IOM,neutral,sad,yes
FAKE_T3_1029_IOM_SAD_XX__AUDIO_1029_IOM_ANG_XX_sadtalker,data\synthetic\track3_fakes\videos\FAKE_T3_1029_IOM_SAD_XX__AUDIO_1029_IOM_ANG_XX_sadtalker.mp4,1,done,sadtalker,1029,IOM,sad,angry,yes
FAKE_T3_1029_ITH_ANG_XX__AUDIO_1029_ITH_DIS_XX_sadtalker,data\synthetic\track3_fakes\videos\FAKE_T3_1029_ITH_ANG_XX__AUDIO_1029_ITH_DIS_XX_sadtalker.mp4,1,done,sadtalker,1029,ITH,angry,disgust,yes
FAKE_T3_1029_ITH_DIS_XX__AUDIO_1029_ITH_FEA_XX_sadtalker,data\synthetic\track3_fakes\videos\FAKE_T3_1029_ITH_DIS_XX__AUDIO_1029_ITH_FEA_XX_sadtalker.mp4,1,done,sadtalker,1029,ITH,disgust,fear,yes
FAKE_T3_1029_ITH_FEA_XX__AUDIO_1029_ITH_HAP_XX_sadtalker,data\synthetic\track3_fakes\videos\FAKE_T3_1029_ITH_FEA_XX__AUDIO_1029_ITH_HAP_XX_sadtalker.mp4,1,done,sadtalker,1029,ITH,fear,happy,yes
FAKE_T3_1029_ITS_DIS_XX__AUDIO_1029_ITS_FEA_XX_sadtalker,data\synthetic\track3_fakes\videos\FAKE_T3_1029_ITS_DIS_XX__AUDIO_1029_ITS_FEA_XX_sadtalker.mp4,1,done,sadtalker,1029,ITS,disgust,fear,yes
FAKE_T3_1029_ITS_SAD_XX__AUDIO_1029_ITS_ANG_XX_sadtalker,data\synthetic\track3_fakes\videos\FAKE_T3_1029_ITS_SAD_XX__AUDIO_1029_ITS_ANG_XX_sadtalker.mp4,1,done,sadtalker,1029,ITS,sad,angry,yes
FAKE_T3_1029_IWL_ANG_XX__AUDIO_1029_IWL_DIS_XX_sadtalker,data\synthetic\track3_fakes\videos\FAKE_T3_1029_IWL_ANG_XX__AUDIO_1029_IWL_DIS_XX_sadtalker.mp4,1,done,sadtalker,1029,IWL,angry,disgust,yes
FAKE_T3_1029_IWL_DIS_XX__AUDIO_1029_IWL_FEA_XX_sadtalker,data\synthetic\track3_fakes\videos\FAKE_T3_1029_IWL_DIS_XX__AUDIO_1029_IWL_FEA_XX_sadtalker.mp4,1,done,sadtalker,1029,IWL,disgust,fear,yes
FAKE_T3_1029_IWL_HAP_XX__AUDIO_1029_IWL_NEU_XX_sadtalker,data\synthetic\track3_fakes\videos\FAKE_T3_1029_IWL_HAP_XX__AUDIO_1029_IWL_NEU_XX_sadtalker.mp4,1,done,sadtalker,1029,IWL,happy,neutral,yes
FAKE_T3_1029_IWW_ANG_XX__AUDIO_1029_IWW_DIS_XX_sadtalker,data\synthetic\track3_fakes\videos\FAKE_T3_1029_IWW_ANG_XX__AUDIO_1029_IWW_DIS_XX_sadtalker.mp4,1,done,sadtalker,1029,IWW,angry,disgust,yes
FAKE_T3_1029_IWW_NEU_XX__AUDIO_1029_IWW_SAD_XX_sadtalker,data\synthetic\track3_fakes\videos\FAKE_T3_1029_IWW_NEU_XX__AUDIO_1029_IWW_SAD_XX_sadtalker.mp4,1,done,sadtalker,1029,IWW,neutral,sad,yes
FAKE_T3_1029_MTI_DIS_XX__AUDIO_1029_MTI_FEA_XX_sadtalker,data\synthetic\track3_fakes\videos\FAKE_T3_1029_MTI_DIS_XX__AUDIO_1029_MTI_FEA_XX_sadtalker.mp4,1,done,sadtalker,1029,MTI,disgust,fear,yes
FAKE_T3_1029_MTI_HAP_XX__AUDIO_1029_MTI_NEU_XX_sadtalker,data\synthetic\track3_fakes\videos\FAKE_T3_1029_MTI_HAP_XX__AUDIO_1029_MTI_NEU_XX_sadtalker.mp4,1,done,sadtalker,1029,MTI,happy,neutral,yes
FAKE_T3_1029_MTI_SAD_XX__AUDIO_1029_MTI_ANG_XX_sadtalker,data\synthetic\track3_fakes\videos\FAKE_T3_1029_MTI_SAD_XX__AUDIO_1029_MTI_ANG_XX_sadtalker.mp4,1,done,sadtalker,1029,MTI,sad,angry,yes
FAKE_T3_1029_TAI_ANG_XX__AUDIO_1029_TAI_DIS_XX_sadtalker,data\synthetic\track3_fakes\videos\FAKE_T3_1029_TAI_ANG_XX__AUDIO_1029_TAI_DIS_XX_sadtalker.mp4,1,done,sadtalker,1029,TAI,angry,disgust,yes
FAKE_T3_1029_TAI_NEU_XX__AUDIO_1029_TAI_SAD_XX_sadtalker,data\synthetic\track3_fakes\videos\FAKE_T3_1029_TAI_NEU_XX__AUDIO_1029_TAI_SAD_XX_sadtalker.mp4,1,done,sadtalker,1029,TAI,neutral,sad,yes
FAKE_T3_1029_TIE_ANG_XX__AUDIO_1029_TIE_DIS_XX_sadtalker,data\synthetic\track3_fakes\videos\FAKE_T3_1029_TIE_ANG_XX__AUDIO_1029_TIE_DIS_XX_sadtalker.mp4,1,done,sadtalker,1029,TIE,angry,disgust,yes
FAKE_T3_1029_TIE_FEA_XX__AUDIO_1029_TIE_HAP_XX_sadtalker,data\synthetic\track3_fakes\videos\FAKE_T3_1029_TIE_FEA_XX__AUDIO_1029_TIE_HAP_XX_sadtalker.mp4,1,done,sadtalker,1029,TIE,fear,happy,yes
FAKE_T3_1029_TIE_HAP_XX__AUDIO_1029_TIE_NEU_XX_sadtalker,data\synthetic\track3_fakes\videos\FAKE_T3_1029_TIE_HAP_XX__AUDIO_1029_TIE_NEU_XX_sadtalker.mp4,1,done,sadtalker,1029,TIE,happy,neutral,yes
FAKE_T3_1029_TIE_NEU_XX__AUDIO_1029_TIE_SAD_XX_sadtalker,data\synthetic\track3_fakes\videos\FAKE_T3_1029_TIE_NEU_XX__AUDIO_1029_TIE_SAD_XX_sadtalker.mp4,1,done,sadtalker,1029,TIE,neutral,sad,yes
FAKE_T3_1029_TSI_ANG_XX__AUDIO_1029_TSI_DIS_XX_sadtalker,data\synthetic\track3_fakes\videos\FAKE_T3_1029_TSI_ANG_XX__AUDIO_1029_TSI_DIS_XX_sadtalker.mp4,1,done,sadtalker,1029,TSI,angry,disgust,yes
FAKE_T3_1029_TSI_DIS_XX__AUDIO_1029_TSI_FEA_XX_sadtalker,data\synthetic\track3_fakes\videos\FAKE_T3_1029_TSI_DIS_XX__AUDIO_1029_TSI_FEA_XX_sadtalker.mp4,1,done,sadtalker,1029,TSI,disgust,fear,yes
FAKE_T3_1029_TSI_HAP_XX__AUDIO_1029_TSI_NEU_XX_sadtalker,data\synthetic\track3_fakes\videos\FAKE_T3_1029_TSI_HAP_XX__AUDIO_1029_TSI_NEU_XX_sadtalker.mp4,1,done,sadtalker,1029,TSI,happy,neutral,yes
FAKE_T3_1029_WSI_ANG_XX__AUDIO_1029_WSI_DIS_XX_sadtalker,data\synthetic\track3_fakes\videos\FAKE_T3_1029_WSI_ANG_XX__AUDIO_1029_WSI_DIS_XX_sadtalker.mp4,1,done,sadtalker,1029,WSI,angry,disgust,yes
FAKE_T3_1029_WSI_DIS_XX__AUDIO_1029_WSI_FEA_XX_sadtalker,data\synthetic\track3_fakes\videos\FAKE_T3_1029_WSI_DIS_XX__AUDIO_1029_WSI_FEA_XX_sadtalker.mp4,1,done,sadtalker,1029,WSI,disgust,fear,yes
FAKE_T3_1030_DFA_ANG_XX__AUDIO_1030_DFA_DIS_XX_sadtalker,data\synthetic\track3_fakes\videos\FAKE_T3_1030_DFA_ANG_XX__AUDIO_1030_DFA_DIS_XX_sadtalker.mp4,1,done,sadtalker,1030,DFA,angry,disgust,yes
FAKE_T3_1030_DFA_FEA_XX__AUDIO_1030_DFA_HAP_XX_sadtalker,data\synthetic\track3_fakes\videos\FAKE_T3_1030_DFA_FEA_XX__AUDIO_1030_DFA_HAP_XX_sadtalker.mp4,1,done,sadtalker,1030,DFA,fear,happy,yes
FAKE_T3_1030_DFA_HAP_XX__AUDIO_1030_DFA_NEU_XX_sadtalker,data\synthetic\track3_fakes\videos\FAKE_T3_1030_DFA_HAP_XX__AUDIO_1030_DFA_NEU_XX_sadtalker.mp4,1,done,sadtalker,1030,DFA,happy,neutral,yes
FAKE_T3_1030_DFA_NEU_XX__AUDIO_1030_DFA_SAD_XX_sadtalker,data\synthetic\track3_fakes\videos\FAKE_T3_1030_DFA_NEU_XX__AUDIO_1030_DFA_SAD_XX_sadtalker.mp4,1,done,sadtalker,1030,DFA,neutral,sad,yes
FAKE_T3_1030_IEO_ANG_HI__AUDIO_1030_IEO_DIS_HI_sadtalker,data\synthetic\track3_fakes\videos\FAKE_T3_1030_IEO_ANG_HI__AUDIO_1030_IEO_DIS_HI_sadtalker.mp4,1,done,sadtalker,1030,IEO,angry,disgust,yes
FAKE_T3_1030_IEO_DIS_MD__AUDIO_1030_IEO_FEA_MD_sadtalker,data\synthetic\track3_fakes\videos\FAKE_T3_1030_IEO_DIS_MD__AUDIO_1030_IEO_FEA_MD_sadtalker.mp4,1,done,sadtalker,1030,IEO,disgust,fear,yes
FAKE_T3_1030_IEO_FEA_MD__AUDIO_1030_IEO_HAP_MD_sadtalker,data\synthetic\track3_fakes\videos\FAKE_T3_1030_IEO_FEA_MD__AUDIO_1030_IEO_HAP_MD_sadtalker.mp4,1,done,sadtalker,1030,IEO,fear,happy,yes
FAKE_T3_1030_IEO_HAP_HI__AUDIO_1030_IEO_NEU_XX_sadtalker,data\synthetic\track3_fakes\videos\FAKE_T3_1030_IEO_HAP_HI__AUDIO_1030_IEO_NEU_XX_sadtalker.mp4,1,done,sadtalker,1030,IEO,happy,neutral,yes
FAKE_T3_1030_IEO_HAP_LO__AUDIO_1030_IEO_NEU_XX_sadtalker,data\synthetic\track3_fakes\videos\FAKE_T3_1030_IEO_HAP_LO__AUDIO_1030_IEO_NEU_XX_sadtalker.mp4,1,done,sadtalker,1030,IEO,happy,neutral,yes
FAKE_T3_1030_IEO_NEU_XX__AUDIO_1030_IEO_SAD_HI_sadtalker,data\synthetic\track3_fakes\videos\FAKE_T3_1030_IEO_NEU_XX__AUDIO_1030_IEO_SAD_HI_sadtalker.mp4,1,done,sadtalker,1030,IEO,neutral,sad,yes
FAKE_T3_1030_IEO_SAD_LO__AUDIO_1030_IEO_ANG_LO_sadtalker,data\synthetic\track3_fakes\videos\FAKE_T3_1030_IEO_SAD_LO__AUDIO_1030_IEO_ANG_LO_sadtalker.mp4,1,done,sadtalker,1030,IEO,sad,angry,yes
FAKE_T3_1030_IOM_DIS_XX__AUDIO_1030_IOM_FEA_XX_sadtalker,data\synthetic\track3_fakes\videos\FAKE_T3_1030_IOM_DIS_XX__AUDIO_1030_IOM_FEA_XX_sadtalker.mp4,1,done,sadtalker,1030,IOM,disgust,fear,yes
FAKE_T3_1030_IOM_HAP_XX__AUDIO_1030_IOM_NEU_XX_sadtalker,data\synthetic\track3_fakes\videos\FAKE_T3_1030_IOM_HAP_XX__AUDIO_1030_IOM_NEU_XX_sadtalker.mp4,1,done,sadtalker,1030,IOM,happy,neutral,yes
FAKE_T3_1030_IOM_NEU_XX__AUDIO_1030_IOM_SAD_XX_sadtalker,data\synthetic\track3_fakes\videos\FAKE_T3_1030_IOM_NEU_XX__AUDIO_1030_IOM_SAD_XX_sadtalker.mp4,1,done,sadtalker,1030,IOM,neutral,sad,yes
FAKE_T3_1030_ITH_ANG_XX__AUDIO_1030_ITH_DIS_XX_sadtalker,data\synthetic\track3_fakes\videos\FAKE_T3_1030_ITH_ANG_XX__AUDIO_1030_ITH_DIS_XX_sadtalker.mp4,1,done,sadtalker,1030,ITH,angry,disgust,yes
FAKE_T3_1030_ITH_DIS_XX__AUDIO_1030_ITH_FEA_XX_sadtalker,data\synthetic\track3_fakes\videos\FAKE_T3_1030_ITH_DIS_XX__AUDIO_1030_ITH_FEA_XX_sadtalker.mp4,1,done,sadtalker,1030,ITH,disgust,fear,yes
FAKE_T3_1030_ITH_FEA_XX__AUDIO_1030_ITH_HAP_XX_sadtalker,data\synthetic\track3_fakes\videos\FAKE_T3_1030_ITH_FEA_XX__AUDIO_1030_ITH_HAP_XX_sadtalker.mp4,1,done,sadtalker,1030,ITH,fear,happy,yes
FAKE_T3_1030_ITH_HAP_XX__AUDIO_1030_ITH_NEU_XX_sadtalker,data\synthetic\track3_fakes\videos\FAKE_T3_1030_ITH_HAP_XX__AUDIO_1030_ITH_NEU_XX_sadtalker.mp4,1,done,sadtalker,1030,ITH,happy,neutral,yes
FAKE_T3_1030_ITH_SAD_XX__AUDIO_1030_ITH_ANG_XX_sadtalker,data\synthetic\track3_fakes\videos\FAKE_T3_1030_ITH_SAD_XX__AUDIO_1030_ITH_ANG_XX_sadtalker.mp4,1,done,sadtalker,1030,ITH,sad,angry,yes
FAKE_T3_1030_ITS_FEA_XX__AUDIO_1030_ITS_HAP_XX_sadtalker,data\synthetic\track3_fakes\videos\FAKE_T3_1030_ITS_FEA_XX__AUDIO_1030_ITS_HAP_XX_sadtalker.mp4,1,done,sadtalker,1030,ITS,fear,happy,yes
FAKE_T3_1030_ITS_SAD_XX__AUDIO_1030_ITS_ANG_XX_sadtalker,data\synthetic\track3_fakes\videos\FAKE_T3_1030_ITS_SAD_XX__AUDIO_1030_ITS_ANG_XX_sadtalker.mp4,1,done,sadtalker,1030,ITS,sad,angry,yes
FAKE_T3_1030_IWL_DIS_XX__AUDIO_1030_IWL_FEA_XX_sadtalker,data\synthetic\track3_fakes\videos\FAKE_T3_1030_IWL_DIS_XX__AUDIO_1030_IWL_FEA_XX_sadtalker.mp4,1,done,sadtalker,1030,IWL,disgust,fear,yes
FAKE_T3_1030_IWL_FEA_XX__AUDIO_1030_IWL_HAP_XX_sadtalker,data\synthetic\track3_fakes\videos\FAKE_T3_1030_IWL_FEA_XX__AUDIO_1030_IWL_HAP_XX_sadtalker.mp4,1,done,sadtalker,1030,IWL,fear,happy,yes
FAKE_T3_1030_IWL_HAP_XX__AUDIO_1030_IWL_NEU_XX_sadtalker,data\synthetic\track3_fakes\videos\FAKE_T3_1030_IWL_HAP_XX__AUDIO_1030_IWL_NEU_XX_sadtalker.mp4,1,done,sadtalker,1030,IWL,happy,neutral,yes
FAKE_T3_1030_IWL_NEU_XX__AUDIO_1030_IWL_SAD_XX_sadtalker,data\synthetic\track3_fakes\videos\FAKE_T3_1030_IWL_NEU_XX__AUDIO_1030_IWL_SAD_XX_sadtalker.mp4,1,done,sadtalker,1030,IWL,neutral,sad,yes
FAKE_T3_1030_IWW_FEA_XX__AUDIO_1030_IWW_HAP_XX_sadtalker,data\synthetic\track3_fakes\videos\FAKE_T3_1030_IWW_FEA_XX__AUDIO_1030_IWW_HAP_XX_sadtalker.mp4,1,done,sadtalker,1030,IWW,fear,happy,yes
FAKE_T3_1030_MTI_DIS_XX__AUDIO_1030_MTI_FEA_XX_sadtalker,data\synthetic\track3_fakes\videos\FAKE_T3_1030_MTI_DIS_XX__AUDIO_1030_MTI_FEA_XX_sadtalker.mp4,1,done,sadtalker,1030,MTI,disgust,fear,yes
FAKE_T3_1030_MTI_SAD_XX__AUDIO_1030_MTI_ANG_XX_sadtalker,data\synthetic\track3_fakes\videos\FAKE_T3_1030_MTI_SAD_XX__AUDIO_1030_MTI_ANG_XX_sadtalker.mp4,1,done,sadtalker,1030,MTI,sad,angry,yes
FAKE_T3_1030_TAI_FEA_XX__AUDIO_1030_TAI_HAP_XX_sadtalker,data\synthetic\track3_fakes\videos\FAKE_T3_1030_TAI_FEA_XX__AUDIO_1030_TAI_HAP_XX_sadtalker.mp4,1,done,sadtalker,1030,TAI,fear,happy,yes
FAKE_T3_1030_TAI_NEU_XX__AUDIO_1030_TAI_SAD_XX_sadtalker,data\synthetic\track3_fakes\videos\FAKE_T3_1030_TAI_NEU_XX__AUDIO_1030_TAI_SAD_XX_sadtalker.mp4,1,done,sadtalker,1030,TAI,neutral,sad,yes
FAKE_T3_1030_TIE_FEA_XX__AUDIO_1030_TIE_HAP_XX_sadtalker,data\synthetic\track3_fakes\videos\FAKE_T3_1030_TIE_FEA_XX__AUDIO_1030_TIE_HAP_XX_sadtalker.mp4,1,done,sadtalker,1030,TIE,fear,happy,yes
FAKE_T3_1030_TIE_HAP_XX__AUDIO_1030_TIE_NEU_XX_sadtalker,data\synthetic\track3_fakes\videos\FAKE_T3_1030_TIE_HAP_XX__AUDIO_1030_TIE_NEU_XX_sadtalker.mp4,1,done,sadtalker,1030,TIE,happy,neutral,yes
FAKE_T3_1030_TIE_SAD_XX__AUDIO_1030_TIE_ANG_XX_sadtalker,data\synthetic\track3_fakes\videos\FAKE_T3_1030_TIE_SAD_XX__AUDIO_1030_TIE_ANG_XX_sadtalker.mp4,1,done,sadtalker,1030,TIE,sad,angry,yes
FAKE_T3_1030_TSI_ANG_XX__AUDIO_1030_TSI_DIS_XX_sadtalker,data\synthetic\track3_fakes\videos\FAKE_T3_1030_TSI_ANG_XX__AUDIO_1030_TSI_DIS_XX_sadtalker.mp4,1,done,sadtalker,1030,TSI,angry,disgust,yes
FAKE_T3_1030_TSI_DIS_XX__AUDIO_1030_TSI_FEA_XX_sadtalker,data\synthetic\track3_fakes\videos\FAKE_T3_1030_TSI_DIS_XX__AUDIO_1030_TSI_FEA_XX_sadtalker.mp4,1,done,sadtalker,1030,TSI,disgust,fear,yes
FAKE_T3_1030_TSI_HAP_XX__AUDIO_1030_TSI_NEU_XX_sadtalker,data\synthetic\track3_fakes\videos\FAKE_T3_1030_TSI_HAP_XX__AUDIO_1030_TSI_NEU_XX_sadtalker.mp4,1,done,sadtalker,1030,TSI,happy,neutral,yes
FAKE_T3_1030_TSI_NEU_XX__AUDIO_1030_TSI_SAD_XX_sadtalker,data\synthetic\track3_fakes\videos\FAKE_T3_1030_TSI_NEU_XX__AUDIO_1030_TSI_SAD_XX_sadtalker.mp4,1,done,sadtalker,1030,TSI,neutral,sad,yes
FAKE_T3_1030_TSI_SAD_XX__AUDIO_1030_TSI_ANG_XX_sadtalker,data\synthetic\track3_fakes\videos\FAKE_T3_1030_TSI_SAD_XX__AUDIO_1030_TSI_ANG_XX_sadtalker.mp4,1,done,sadtalker,1030,TSI,sad,angry,yes
FAKE_T3_1030_WSI_ANG_XX__AUDIO_1030_WSI_DIS_XX_sadtalker,data\synthetic\track3_fakes\videos\FAKE_T3_1030_WSI_ANG_XX__AUDIO_1030_WSI_DIS_XX_sadtalker.mp4,1,done,sadtalker,1030,WSI,angry,disgust,yes
FAKE_T3_1030_WSI_DIS_XX__AUDIO_1030_WSI_FEA_XX_sadtalker,data\synthetic\track3_fakes\videos\FAKE_T3_1030_WSI_DIS_XX__AUDIO_1030_WSI_FEA_XX_sadtalker.mp4,1,done,sadtalker,1030,WSI,disgust,fear,yes
FAKE_T3_1030_WSI_HAP_XX__AUDIO_1030_WSI_NEU_XX_sadtalker,data\synthetic\track3_fakes\videos\FAKE_T3_1030_WSI_HAP_XX__AUDIO_1030_WSI_NEU_XX_sadtalker.mp4,1,done,sadtalker,1030,WSI,happy,neutral,yes
FAKE_T3_1031_DFA_FEA_XX__AUDIO_1031_DFA_HAP_XX_sadtalker,data\synthetic\track3_fakes\videos\FAKE_T3_1031_DFA_FEA_XX__AUDIO_1031_DFA_HAP_XX_sadtalker.mp4,1,done,sadtalker,1031,DFA,fear,happy,yes
FAKE_T3_1031_DFA_HAP_XX__AUDIO_1031_DFA_NEU_XX_sadtalker,data\synthetic\track3_fakes\videos\FAKE_T3_1031_DFA_HAP_XX__AUDIO_1031_DFA_NEU_XX_sadtalker.mp4,1,done,sadtalker,1031,DFA,happy,neutral,yes
FAKE_T3_1031_DFA_NEU_XX__AUDIO_1031_DFA_SAD_XX_sadtalker,data\synthetic\track3_fakes\videos\FAKE_T3_1031_DFA_NEU_XX__AUDIO_1031_DFA_SAD_XX_sadtalker.mp4,1,done,sadtalker,1031,DFA,neutral,sad,yes
FAKE_T3_1031_DFA_SAD_XX__AUDIO_1031_DFA_ANG_XX_sadtalker,data\synthetic\track3_fakes\videos\FAKE_T3_1031_DFA_SAD_XX__AUDIO_1031_DFA_ANG_XX_sadtalker.mp4,1,done,sadtalker,1031,DFA,sad,angry,yes
FAKE_T3_1031_IEO_ANG_HI__AUDIO_1031_IEO_DIS_HI_sadtalker,data\synthetic\track3_fakes\videos\FAKE_T3_1031_IEO_ANG_HI__AUDIO_1031_IEO_DIS_HI_sadtalker.mp4,1,done,sadtalker,1031,IEO,angry,disgust,yes
FAKE_T3_1031_IEO_ANG_LO__AUDIO_1031_IEO_DIS_LO_sadtalker,data\synthetic\track3_fakes\videos\FAKE_T3_1031_IEO_ANG_LO__AUDIO_1031_IEO_DIS_LO_sadtalker.mp4,1,done,sadtalker,1031,IEO,angry,disgust,yes
FAKE_T3_1031_IEO_ANG_MD__AUDIO_1031_IEO_DIS_MD_sadtalker,data\synthetic\track3_fakes\videos\FAKE_T3_1031_IEO_ANG_MD__AUDIO_1031_IEO_DIS_MD_sadtalker.mp4,1,done,sadtalker,1031,IEO,angry,disgust,yes
FAKE_T3_1031_IEO_DIS_MD__AUDIO_1031_IEO_FEA_MD_sadtalker,data\synthetic\track3_fakes\videos\FAKE_T3_1031_IEO_DIS_MD__AUDIO_1031_IEO_FEA_MD_sadtalker.mp4,1,done,sadtalker,1031,IEO,disgust,fear,yes
FAKE_T3_1031_IEO_FEA_HI__AUDIO_1031_IEO_HAP_HI_sadtalker,data\synthetic\track3_fakes\videos\FAKE_T3_1031_IEO_FEA_HI__AUDIO_1031_IEO_HAP_HI_sadtalker.mp4,1,done,sadtalker,1031,IEO,fear,happy,yes
FAKE_T3_1031_IEO_HAP_HI__AUDIO_1031_IEO_NEU_XX_sadtalker,data\synthetic\track3_fakes\videos\FAKE_T3_1031_IEO_HAP_HI__AUDIO_1031_IEO_NEU_XX_sadtalker.mp4,1,done,sadtalker,1031,IEO,happy,neutral,yes
FAKE_T3_1031_IEO_HAP_LO__AUDIO_1031_IEO_NEU_XX_sadtalker,data\synthetic\track3_fakes\videos\FAKE_T3_1031_IEO_HAP_LO__AUDIO_1031_IEO_NEU_XX_sadtalker.mp4,1,done,sadtalker,1031,IEO,happy,neutral,yes
FAKE_T3_1031_IEO_SAD_LO__AUDIO_1031_IEO_ANG_LO_sadtalker,data\synthetic\track3_fakes\videos\FAKE_T3_1031_IEO_SAD_LO__AUDIO_1031_IEO_ANG_LO_sadtalker.mp4,1,done,sadtalker,1031,IEO,sad,angry,yes
FAKE_T3_1031_IOM_ANG_XX__AUDIO_1031_IOM_DIS_XX_sadtalker,data\synthetic\track3_fakes\videos\FAKE_T3_1031_IOM_ANG_XX__AUDIO_1031_IOM_DIS_XX_sadtalker.mp4,1,done,sadtalker,1031,IOM,angry,disgust,yes
FAKE_T3_1031_IOM_DIS_XX__AUDIO_1031_IOM_FEA_XX_sadtalker,data\synthetic\track3_fakes\videos\FAKE_T3_1031_IOM_DIS_XX__AUDIO_1031_IOM_FEA_XX_sadtalker.mp4,1,done,sadtalker,1031,IOM,disgust,fear,yes
FAKE_T3_1031_IOM_FEA_XX__AUDIO_1031_IOM_HAP_XX_sadtalker,data\synthetic\track3_fakes\videos\FAKE_T3_1031_IOM_FEA_XX__AUDIO_1031_IOM_HAP_XX_sadtalker.mp4,1,done,sadtalker,1031,IOM,fear,happy,yes
FAKE_T3_1031_IOM_NEU_XX__AUDIO_1031_IOM_SAD_XX_sadtalker,data\synthetic\track3_fakes\videos\FAKE_T3_1031_IOM_NEU_XX__AUDIO_1031_IOM_SAD_XX_sadtalker.mp4,1,done,sadtalker,1031,IOM,neutral,sad,yes
FAKE_T3_1031_ITH_DIS_XX__AUDIO_1031_ITH_FEA_XX_sadtalker,data\synthetic\track3_fakes\videos\FAKE_T3_1031_ITH_DIS_XX__AUDIO_1031_ITH_FEA_XX_sadtalker.mp4,1,done,sadtalker,1031,ITH,disgust,fear,yes
FAKE_T3_1031_ITH_FEA_XX__AUDIO_1031_ITH_HAP_XX_sadtalker,data\synthetic\track3_fakes\videos\FAKE_T3_1031_ITH_FEA_XX__AUDIO_1031_ITH_HAP_XX_sadtalker.mp4,1,done,sadtalker,1031,ITH,fear,happy,yes
FAKE_T3_1031_ITH_NEU_XX__AUDIO_1031_ITH_SAD_XX_sadtalker,data\synthetic\track3_fakes\videos\FAKE_T3_1031_ITH_NEU_XX__AUDIO_1031_ITH_SAD_XX_sadtalker.mp4,1,done,sadtalker,1031,ITH,neutral,sad,yes
FAKE_T3_1031_ITS_ANG_XX__AUDIO_1031_ITS_DIS_XX_sadtalker,data\synthetic\track3_fakes\videos\FAKE_T3_1031_ITS_ANG_XX__AUDIO_1031_ITS_DIS_XX_sadtalker.mp4,1,done,sadtalker,1031,ITS,angry,disgust,yes
FAKE_T3_1031_ITS_HAP_XX__AUDIO_1031_ITS_NEU_XX_sadtalker,data\synthetic\track3_fakes\videos\FAKE_T3_1031_ITS_HAP_XX__AUDIO_1031_ITS_NEU_XX_sadtalker.mp4,1,done,sadtalker,1031,ITS,happy,neutral,yes
FAKE_T3_1031_ITS_NEU_XX__AUDIO_1031_ITS_SAD_XX_sadtalker,data\synthetic\track3_fakes\videos\FAKE_T3_1031_ITS_NEU_XX__AUDIO_1031_ITS_SAD_XX_sadtalker.mp4,1,done,sadtalker,1031,ITS,neutral,sad,yes
FAKE_T3_1031_IWL_ANG_XX__AUDIO_1031_IWL_DIS_XX_sadtalker,data\synthetic\track3_fakes\videos\FAKE_T3_1031_IWL_ANG_XX__AUDIO_1031_IWL_DIS_XX_sadtalker.mp4,1,done,sadtalker,1031,IWL,angry,disgust,yes
FAKE_T3_1031_IWL_FEA_XX__AUDIO_1031_IWL_HAP_XX_sadtalker,data\synthetic\track3_fakes\videos\FAKE_T3_1031_IWL_FEA_XX__AUDIO_1031_IWL_HAP_XX_sadtalker.mp4,1,done,sadtalker,1031,IWL,fear,happy,yes
FAKE_T3_1031_IWL_NEU_XX__AUDIO_1031_IWL_SAD_XX_sadtalker,data\synthetic\track3_fakes\videos\FAKE_T3_1031_IWL_NEU_XX__AUDIO_1031_IWL_SAD_XX_sadtalker.mp4,1,done,sadtalker,1031,IWL,neutral,sad,yes
FAKE_T3_1031_IWW_SAD_XX__AUDIO_1031_IWW_ANG_XX_sadtalker,data\synthetic\track3_fakes\videos\FAKE_T3_1031_IWW_SAD_XX__AUDIO_1031_IWW_ANG_XX_sadtalker.mp4,1,done,sadtalker,1031,IWW,sad,angry,yes
FAKE_T3_1031_MTI_ANG_XX__AUDIO_1031_MTI_DIS_XX_sadtalker,data\synthetic\track3_fakes\videos\FAKE_T3_1031_MTI_ANG_XX__AUDIO_1031_MTI_DIS_XX_sadtalker.mp4,1,done,sadtalker,1031,MTI,angry,disgust,yes
FAKE_T3_1031_MTI_FEA_XX__AUDIO_1031_MTI_HAP_XX_sadtalker,data\synthetic\track3_fakes\videos\FAKE_T3_1031_MTI_FEA_XX__AUDIO_1031_MTI_HAP_XX_sadtalker.mp4,1,done,sadtalker,1031,MTI,fear,happy,yes
FAKE_T3_1031_TAI_FEA_XX__AUDIO_1031_TAI_HAP_XX_sadtalker,data\synthetic\track3_fakes\videos\FAKE_T3_1031_TAI_FEA_XX__AUDIO_1031_TAI_HAP_XX_sadtalker.mp4,1,done,sadtalker,1031,TAI,fear,happy,yes
FAKE_T3_1031_TAI_HAP_XX__AUDIO_1031_TAI_NEU_XX_sadtalker,data\synthetic\track3_fakes\videos\FAKE_T3_1031_TAI_HAP_XX__AUDIO_1031_TAI_NEU_XX_sadtalker.mp4,1,done,sadtalker,1031,TAI,happy,neutral,yes
FAKE_T3_1031_TAI_NEU_XX__AUDIO_1031_TAI_SAD_XX_sadtalker,data\synthetic\track3_fakes\videos\FAKE_T3_1031_TAI_NEU_XX__AUDIO_1031_TAI_SAD_XX_sadtalker.mp4,1,done,sadtalker,1031,TAI,neutral,sad,yes
FAKE_T3_1031_TAI_SAD_XX__AUDIO_1031_TAI_ANG_XX_sadtalker,data\synthetic\track3_fakes\videos\FAKE_T3_1031_TAI_SAD_XX__AUDIO_1031_TAI_ANG_XX_sadtalker.mp4,1,done,sadtalker,1031,TAI,sad,angry,yes
FAKE_T3_1031_TIE_FEA_XX__AUDIO_1031_TIE_HAP_XX_sadtalker,data\synthetic\track3_fakes\videos\FAKE_T3_1031_TIE_FEA_XX__AUDIO_1031_TIE_HAP_XX_sadtalker.mp4,1,done,sadtalker,1031,TIE,fear,happy,yes
FAKE_T3_1031_TIE_HAP_XX__AUDIO_1031_TIE_NEU_XX_sadtalker,data\synthetic\track3_fakes\videos\FAKE_T3_1031_TIE_HAP_XX__AUDIO_1031_TIE_NEU_XX_sadtalker.mp4,1,done,sadtalker,1031,TIE,happy,neutral,yes
FAKE_T3_1031_TSI_ANG_XX__AUDIO_1031_TSI_DIS_XX_sadtalker,data\synthetic\track3_fakes\videos\FAKE_T3_1031_TSI_ANG_XX__AUDIO_1031_TSI_DIS_XX_sadtalker.mp4,1,done,sadtalker,1031,TSI,angry,disgust,yes
FAKE_T3_1031_TSI_FEA_XX__AUDIO_1031_TSI_HAP_XX_sadtalker,data\synthetic\track3_fakes\videos\FAKE_T3_1031_TSI_FEA_XX__AUDIO_1031_TSI_HAP_XX_sadtalker.mp4,1,done,sadtalker,1031,TSI,fear,happy,yes
FAKE_T3_1031_TSI_HAP_XX__AUDIO_1031_TSI_NEU_XX_sadtalker,data\synthetic\track3_fakes\videos\FAKE_T3_1031_TSI_HAP_XX__AUDIO_1031_TSI_NEU_XX_sadtalker.mp4,1,done,sadtalker,1031,TSI,happy,neutral,yes
FAKE_T3_1031_WSI_ANG_XX__AUDIO_1031_WSI_DIS_XX_sadtalker,data\synthetic\track3_fakes\videos\FAKE_T3_1031_WSI_ANG_XX__AUDIO_1031_WSI_DIS_XX_sadtalker.mp4,1,done,sadtalker,1031,WSI,angry,disgust,yes
FAKE_T3_1031_WSI_DIS_XX__AUDIO_1031_WSI_FEA_XX_sadtalker,data\synthetic\track3_fakes\videos\FAKE_T3_1031_WSI_DIS_XX__AUDIO_1031_WSI_FEA_XX_sadtalker.mp4,1,done,sadtalker,1031,WSI,disgust,fear,yes
FAKE_T3_1031_WSI_FEA_XX__AUDIO_1031_WSI_HAP_XX_sadtalker,data\synthetic\track3_fakes\videos\FAKE_T3_1031_WSI_FEA_XX__AUDIO_1031_WSI_HAP_XX_sadtalker.mp4,1,done,sadtalker,1031,WSI,fear,happy,yes
FAKE_T3_1031_WSI_HAP_XX__AUDIO_1031_WSI_NEU_XX_sadtalker,data\synthetic\track3_fakes\videos\FAKE_T3_1031_WSI_HAP_XX__AUDIO_1031_WSI_NEU_XX_sadtalker.mp4,1,done,sadtalker,1031,WSI,happy,neutral,yes
FAKE_T3_1032_DFA_DIS_XX__AUDIO_1032_DFA_FEA_XX_sadtalker,data\synthetic\track3_fakes\videos\FAKE_T3_1032_DFA_DIS_XX__AUDIO_1032_DFA_FEA_XX_sadtalker.mp4,1,done,sadtalker,1032,DFA,disgust,fear,yes
FAKE_T3_1032_DFA_HAP_XX__AUDIO_1032_DFA_NEU_XX_sadtalker,data\synthetic\track3_fakes\videos\FAKE_T3_1032_DFA_HAP_XX__AUDIO_1032_DFA_NEU_XX_sadtalker.mp4,1,done,sadtalker,1032,DFA,happy,neutral,yes
FAKE_T3_1032_IEO_ANG_HI__AUDIO_1032_IEO_DIS_HI_sadtalker,data\synthetic\track3_fakes\videos\FAKE_T3_1032_IEO_ANG_HI__AUDIO_1032_IEO_DIS_HI_sadtalker.mp4,1,done,sadtalker,1032,IEO,angry,disgust,yes
FAKE_T3_1032_IEO_ANG_MD__AUDIO_1032_IEO_DIS_MD_sadtalker,data\synthetic\track3_fakes\videos\FAKE_T3_1032_IEO_ANG_MD__AUDIO_1032_IEO_DIS_MD_sadtalker.mp4,1,done,sadtalker,1032,IEO,angry,disgust,yes
FAKE_T3_1032_IEO_DIS_LO__AUDIO_1032_IEO_FEA_LO_sadtalker,data\synthetic\track3_fakes\videos\FAKE_T3_1032_IEO_DIS_LO__AUDIO_1032_IEO_FEA_LO_sadtalker.mp4,1,done,sadtalker,1032,IEO,disgust,fear,yes
FAKE_T3_1032_IEO_FEA_LO__AUDIO_1032_IEO_HAP_LO_sadtalker,data\synthetic\track3_fakes\videos\FAKE_T3_1032_IEO_FEA_LO__AUDIO_1032_IEO_HAP_LO_sadtalker.mp4,1,done,sadtalker,1032,IEO,fear,happy,yes
FAKE_T3_1032_IEO_FEA_MD__AUDIO_1032_IEO_HAP_MD_sadtalker,data\synthetic\track3_fakes\videos\FAKE_T3_1032_IEO_FEA_MD__AUDIO_1032_IEO_HAP_MD_sadtalker.mp4,1,done,sadtalker,1032,IEO,fear,happy,yes
FAKE_T3_1032_IEO_HAP_MD__AUDIO_1032_IEO_NEU_XX_sadtalker,data\synthetic\track3_fakes\videos\FAKE_T3_1032_IEO_HAP_MD__AUDIO_1032_IEO_NEU_XX_sadtalker.mp4,1,done,sadtalker,1032,IEO,happy,neutral,yes
FAKE_T3_1032_IEO_NEU_XX__AUDIO_1032_IEO_SAD_HI_sadtalker,data\synthetic\track3_fakes\videos\FAKE_T3_1032_IEO_NEU_XX__AUDIO_1032_IEO_SAD_HI_sadtalker.mp4,1,done,sadtalker,1032,IEO,neutral,sad,yes
FAKE_T3_1032_IEO_SAD_HI__AUDIO_1032_IEO_ANG_HI_sadtalker,data\synthetic\track3_fakes\videos\FAKE_T3_1032_IEO_SAD_HI__AUDIO_1032_IEO_ANG_HI_sadtalker.mp4,1,done,sadtalker,1032,IEO,sad,angry,yes
FAKE_T3_1032_IEO_SAD_MD__AUDIO_1032_IEO_ANG_MD_sadtalker,data\synthetic\track3_fakes\videos\FAKE_T3_1032_IEO_SAD_MD__AUDIO_1032_IEO_ANG_MD_sadtalker.mp4,1,done,sadtalker,1032,IEO,sad,angry,yes
FAKE_T3_1032_IOM_FEA_XX__AUDIO_1032_IOM_HAP_XX_sadtalker,data\synthetic\track3_fakes\videos\FAKE_T3_1032_IOM_FEA_XX__AUDIO_1032_IOM_HAP_XX_sadtalker.mp4,1,done,sadtalker,1032,IOM,fear,happy,yes
FAKE_T3_1032_IOM_NEU_XX__AUDIO_1032_IOM_SAD_XX_sadtalker,data\synthetic\track3_fakes\videos\FAKE_T3_1032_IOM_NEU_XX__AUDIO_1032_IOM_SAD_XX_sadtalker.mp4,1,done,sadtalker,1032,IOM,neutral,sad,yes
FAKE_T3_1032_ITH_ANG_XX__AUDIO_1032_ITH_DIS_XX_sadtalker,data\synthetic\track3_fakes\videos\FAKE_T3_1032_ITH_ANG_XX__AUDIO_1032_ITH_DIS_XX_sadtalker.mp4,1,done,sadtalker,1032,ITH,angry,disgust,yes
FAKE_T3_1032_ITH_DIS_XX__AUDIO_1032_ITH_FEA_XX_sadtalker,data\synthetic\track3_fakes\videos\FAKE_T3_1032_ITH_DIS_XX__AUDIO_1032_ITH_FEA_XX_sadtalker.mp4,1,done,sadtalker,1032,ITH,disgust,fear,yes
FAKE_T3_1032_ITH_FEA_XX__AUDIO_1032_ITH_HAP_XX_sadtalker,data\synthetic\track3_fakes\videos\FAKE_T3_1032_ITH_FEA_XX__AUDIO_1032_ITH_HAP_XX_sadtalker.mp4,1,done,sadtalker,1032,ITH,fear,happy,yes
FAKE_T3_1032_ITH_HAP_XX__AUDIO_1032_ITH_NEU_XX_sadtalker,data\synthetic\track3_fakes\videos\FAKE_T3_1032_ITH_HAP_XX__AUDIO_1032_ITH_NEU_XX_sadtalker.mp4,1,done,sadtalker,1032,ITH,happy,neutral,yes
FAKE_T3_1032_ITH_NEU_XX__AUDIO_1032_ITH_SAD_XX_sadtalker,data\synthetic\track3_fakes\videos\FAKE_T3_1032_ITH_NEU_XX__AUDIO_1032_ITH_SAD_XX_sadtalker.mp4,1,done,sadtalker,1032,ITH,neutral,sad,yes
FAKE_T3_1032_ITH_SAD_XX__AUDIO_1032_ITH_ANG_XX_sadtalker,data\synthetic\track3_fakes\videos\FAKE_T3_1032_ITH_SAD_XX__AUDIO_1032_ITH_ANG_XX_sadtalker.mp4,1,done,sadtalker,1032,ITH,sad,angry,yes
FAKE_T3_1032_ITS_DIS_XX__AUDIO_1032_ITS_FEA_XX_sadtalker,data\synthetic\track3_fakes\videos\FAKE_T3_1032_ITS_DIS_XX__AUDIO_1032_ITS_FEA_XX_sadtalker.mp4,1,done,sadtalker,1032,ITS,disgust,fear,yes
FAKE_T3_1032_ITS_FEA_XX__AUDIO_1032_ITS_HAP_XX_sadtalker,data\synthetic\track3_fakes\videos\FAKE_T3_1032_ITS_FEA_XX__AUDIO_1032_ITS_HAP_XX_sadtalker.mp4,1,done,sadtalker,1032,ITS,fear,happy,yes
FAKE_T3_1032_ITS_HAP_XX__AUDIO_1032_ITS_NEU_XX_sadtalker,data\synthetic\track3_fakes\videos\FAKE_T3_1032_ITS_HAP_XX__AUDIO_1032_ITS_NEU_XX_sadtalker.mp4,1,done,sadtalker,1032,ITS,happy,neutral,yes
FAKE_T3_1032_ITS_NEU_XX__AUDIO_1032_ITS_SAD_XX_sadtalker,data\synthetic\track3_fakes\videos\FAKE_T3_1032_ITS_NEU_XX__AUDIO_1032_ITS_SAD_XX_sadtalker.mp4,1,done,sadtalker,1032,ITS,neutral,sad,yes
FAKE_T3_1032_IWL_ANG_XX__AUDIO_1032_IWL_DIS_XX_sadtalker,data\synthetic\track3_fakes\videos\FAKE_T3_1032_IWL_ANG_XX__AUDIO_1032_IWL_DIS_XX_sadtalker.mp4,1,done,sadtalker,1032,IWL,angry,disgust,yes
FAKE_T3_1032_IWL_DIS_XX__AUDIO_1032_IWL_FEA_XX_sadtalker,data\synthetic\track3_fakes\videos\FAKE_T3_1032_IWL_DIS_XX__AUDIO_1032_IWL_FEA_XX_sadtalker.mp4,1,done,sadtalker,1032,IWL,disgust,fear,yes
FAKE_T3_1032_IWL_HAP_XX__AUDIO_1032_IWL_NEU_XX_sadtalker,data\synthetic\track3_fakes\videos\FAKE_T3_1032_IWL_HAP_XX__AUDIO_1032_IWL_NEU_XX_sadtalker.mp4,1,done,sadtalker,1032,IWL,happy,neutral,yes
FAKE_T3_1032_IWW_FEA_XX__AUDIO_1032_IWW_HAP_XX_sadtalker,data\synthetic\track3_fakes\videos\FAKE_T3_1032_IWW_FEA_XX__AUDIO_1032_IWW_HAP_XX_sadtalker.mp4,1,done,sadtalker,1032,IWW,fear,happy,yes
FAKE_T3_1032_IWW_HAP_XX__AUDIO_1032_IWW_NEU_XX_sadtalker,data\synthetic\track3_fakes\videos\FAKE_T3_1032_IWW_HAP_XX__AUDIO_1032_IWW_NEU_XX_sadtalker.mp4,1,done,sadtalker,1032,IWW,happy,neutral,yes
FAKE_T3_1032_MTI_HAP_XX__AUDIO_1032_MTI_NEU_XX_sadtalker,data\synthetic\track3_fakes\videos\FAKE_T3_1032_MTI_HAP_XX__AUDIO_1032_MTI_NEU_XX_sadtalker.mp4,1,done,sadtalker,1032,MTI,happy,neutral,yes
FAKE_T3_1032_MTI_NEU_XX__AUDIO_1032_MTI_SAD_XX_sadtalker,data\synthetic\track3_fakes\videos\FAKE_T3_1032_MTI_NEU_XX__AUDIO_1032_MTI_SAD_XX_sadtalker.mp4,1,done,sadtalker,1032,MTI,neutral,sad,yes
FAKE_T3_1032_MTI_SAD_XX__AUDIO_1032_MTI_ANG_XX_sadtalker,data\synthetic\track3_fakes\videos\FAKE_T3_1032_MTI_SAD_XX__AUDIO_1032_MTI_ANG_XX_sadtalker.mp4,1,done,sadtalker,1032,MTI,sad,angry,yes
FAKE_T3_1032_TAI_ANG_XX__AUDIO_1032_TAI_DIS_XX_sadtalker,data\synthetic\track3_fakes\videos\FAKE_T3_1032_TAI_ANG_XX__AUDIO_1032_TAI_DIS_XX_sadtalker.mp4,1,done,sadtalker,1032,TAI,angry,disgust,yes
FAKE_T3_1032_TAI_FEA_XX__AUDIO_1032_TAI_HAP_XX_sadtalker,data\synthetic\track3_fakes\videos\FAKE_T3_1032_TAI_FEA_XX__AUDIO_1032_TAI_HAP_XX_sadtalker.mp4,1,done,sadtalker,1032,TAI,fear,happy,yes
FAKE_T3_1032_TAI_HAP_XX__AUDIO_1032_TAI_NEU_XX_sadtalker,data\synthetic\track3_fakes\videos\FAKE_T3_1032_TAI_HAP_XX__AUDIO_1032_TAI_NEU_XX_sadtalker.mp4,1,done,sadtalker,1032,TAI,happy,neutral,yes
FAKE_T3_1032_TIE_ANG_XX__AUDIO_1032_TIE_DIS_XX_sadtalker,data\synthetic\track3_fakes\videos\FAKE_T3_1032_TIE_ANG_XX__AUDIO_1032_TIE_DIS_XX_sadtalker.mp4,1,done,sadtalker,1032,TIE,angry,disgust,yes
FAKE_T3_1032_TIE_FEA_XX__AUDIO_1032_TIE_HAP_XX_sadtalker,data\synthetic\track3_fakes\videos\FAKE_T3_1032_TIE_FEA_XX__AUDIO_1032_TIE_HAP_XX_sadtalker.mp4,1,done,sadtalker,1032,TIE,fear,happy,yes
FAKE_T3_1032_TIE_SAD_XX__AUDIO_1032_TIE_ANG_XX_sadtalker,data\synthetic\track3_fakes\videos\FAKE_T3_1032_TIE_SAD_XX__AUDIO_1032_TIE_ANG_XX_sadtalker.mp4,1,done,sadtalker,1032,TIE,sad,angry,yes
FAKE_T3_1032_TSI_FEA_XX__AUDIO_1032_TSI_HAP_XX_sadtalker,data\synthetic\track3_fakes\videos\FAKE_T3_1032_TSI_FEA_XX__AUDIO_1032_TSI_HAP_XX_sadtalker.mp4,1,done,sadtalker,1032,TSI,fear,happy,yes
FAKE_T3_1032_TSI_HAP_XX__AUDIO_1032_TSI_NEU_XX_sadtalker,data\synthetic\track3_fakes\videos\FAKE_T3_1032_TSI_HAP_XX__AUDIO_1032_TSI_NEU_XX_sadtalker.mp4,1,done,sadtalker,1032,TSI,happy,neutral,yes
FAKE_T3_1032_TSI_SAD_XX__AUDIO_1032_TSI_ANG_XX_sadtalker,data\synthetic\track3_fakes\videos\FAKE_T3_1032_TSI_SAD_XX__AUDIO_1032_TSI_ANG_XX_sadtalker.mp4,1,done,sadtalker,1032,TSI,sad,angry,yes
FAKE_T3_1032_WSI_SAD_XX__AUDIO_1032_WSI_ANG_XX_sadtalker,data\synthetic\track3_fakes\videos\FAKE_T3_1032_WSI_SAD_XX__AUDIO_1032_WSI_ANG_XX_sadtalker.mp4,1,done,sadtalker,1032,WSI,sad,angry,yes
FAKE_T3_1033_DFA_ANG_XX__AUDIO_1033_DFA_DIS_XX_sadtalker,data\synthetic\track3_fakes\videos\FAKE_T3_1033_DFA_ANG_XX__AUDIO_1033_DFA_DIS_XX_sadtalker.mp4,1,done,sadtalker,1033,DFA,angry,disgust,yes
FAKE_T3_1033_DFA_HAP_XX__AUDIO_1033_DFA_NEU_XX_sadtalker,data\synthetic\track3_fakes\videos\FAKE_T3_1033_DFA_HAP_XX__AUDIO_1033_DFA_NEU_XX_sadtalker.mp4,1,done,sadtalker,1033,DFA,happy,neutral,yes
FAKE_T3_1033_DFA_NEU_XX__AUDIO_1033_DFA_SAD_XX_sadtalker,data\synthetic\track3_fakes\videos\FAKE_T3_1033_DFA_NEU_XX__AUDIO_1033_DFA_SAD_XX_sadtalker.mp4,1,done,sadtalker,1033,DFA,neutral,sad,yes
FAKE_T3_1033_DFA_SAD_XX__AUDIO_1033_DFA_ANG_XX_sadtalker,data\synthetic\track3_fakes\videos\FAKE_T3_1033_DFA_SAD_XX__AUDIO_1033_DFA_ANG_XX_sadtalker.mp4,1,done,sadtalker,1033,DFA,sad,angry,yes
FAKE_T3_1033_IEO_ANG_LO__AUDIO_1033_IEO_DIS_LO_sadtalker,data\synthetic\track3_fakes\videos\FAKE_T3_1033_IEO_ANG_LO__AUDIO_1033_IEO_DIS_LO_sadtalker.mp4,1,done,sadtalker,1033,IEO,angry,disgust,yes
FAKE_T3_1033_IEO_DIS_HI__AUDIO_1033_IEO_FEA_HI_sadtalker,data\synthetic\track3_fakes\videos\FAKE_T3_1033_IEO_DIS_HI__AUDIO_1033_IEO_FEA_HI_sadtalker.mp4,1,done,sadtalker,1033,IEO,disgust,fear,yes
FAKE_T3_1033_IEO_FEA_LO__AUDIO_1033_IEO_HAP_LO_sadtalker,data\synthetic\track3_fakes\videos\FAKE_T3_1033_IEO_FEA_LO__AUDIO_1033_IEO_HAP_LO_sadtalker.mp4,1,done,sadtalker,1033,IEO,fear,happy,yes
FAKE_T3_1033_IEO_FEA_MD__AUDIO_1033_IEO_HAP_MD_sadtalker,data\synthetic\track3_fakes\videos\FAKE_T3_1033_IEO_FEA_MD__AUDIO_1033_IEO_HAP_MD_sadtalker.mp4,1,done,sadtalker,1033,IEO,fear,happy,yes
FAKE_T3_1033_IEO_HAP_LO__AUDIO_1033_IEO_NEU_XX_sadtalker,data\synthetic\track3_fakes\videos\FAKE_T3_1033_IEO_HAP_LO__AUDIO_1033_IEO_NEU_XX_sadtalker.mp4,1,done,sadtalker,1033,IEO,happy,neutral,yes
FAKE_T3_1033_IEO_HAP_MD__AUDIO_1033_IEO_NEU_XX_sadtalker,data\synthetic\track3_fakes\videos\FAKE_T3_1033_IEO_HAP_MD__AUDIO_1033_IEO_NEU_XX_sadtalker.mp4,1,done,sadtalker,1033,IEO,happy,neutral,yes
FAKE_T3_1033_IEO_NEU_XX__AUDIO_1033_IEO_SAD_HI_sadtalker,data\synthetic\track3_fakes\videos\FAKE_T3_1033_IEO_NEU_XX__AUDIO_1033_IEO_SAD_HI_sadtalker.mp4,1,done,sadtalker,1033,IEO,neutral,sad,yes
FAKE_T3_1033_IEO_SAD_MD__AUDIO_1033_IEO_ANG_MD_sadtalker,data\synthetic\track3_fakes\videos\FAKE_T3_1033_IEO_SAD_MD__AUDIO_1033_IEO_ANG_MD_sadtalker.mp4,1,done,sadtalker,1033,IEO,sad,angry,yes
FAKE_T3_1033_IOM_ANG_XX__AUDIO_1033_IOM_DIS_XX_sadtalker,data\synthetic\track3_fakes\videos\FAKE_T3_1033_IOM_ANG_XX__AUDIO_1033_IOM_DIS_XX_sadtalker.mp4,1,done,sadtalker,1033,IOM,angry,disgust,yes
FAKE_T3_1033_IOM_FEA_XX__AUDIO_1033_IOM_HAP_XX_sadtalker,data\synthetic\track3_fakes\videos\FAKE_T3_1033_IOM_FEA_XX__AUDIO_1033_IOM_HAP_XX_sadtalker.mp4,1,done,sadtalker,1033,IOM,fear,happy,yes
FAKE_T3_1033_IOM_SAD_XX__AUDIO_1033_IOM_ANG_XX_sadtalker,data\synthetic\track3_fakes\videos\FAKE_T3_1033_IOM_SAD_XX__AUDIO_1033_IOM_ANG_XX_sadtalker.mp4,1,done,sadtalker,1033,IOM,sad,angry,yes
FAKE_T3_1033_ITH_DIS_XX__AUDIO_1033_ITH_FEA_XX_sadtalker,data\synthetic\track3_fakes\videos\FAKE_T3_1033_ITH_DIS_XX__AUDIO_1033_ITH_FEA_XX_sadtalker.mp4,1,done,sadtalker,1033,ITH,disgust,fear,yes
FAKE_T3_1033_ITH_FEA_XX__AUDIO_1033_ITH_HAP_XX_sadtalker,data\synthetic\track3_fakes\videos\FAKE_T3_1033_ITH_FEA_XX__AUDIO_1033_ITH_HAP_XX_sadtalker.mp4,1,done,sadtalker,1033,ITH,fear,happy,yes
FAKE_T3_1033_ITH_HAP_XX__AUDIO_1033_ITH_NEU_XX_sadtalker,data\synthetic\track3_fakes\videos\FAKE_T3_1033_ITH_HAP_XX__AUDIO_1033_ITH_NEU_XX_sadtalker.mp4,1,done,sadtalker,1033,ITH,happy,neutral,yes
FAKE_T3_1033_ITH_NEU_XX__AUDIO_1033_ITH_SAD_XX_sadtalker,data\synthetic\track3_fakes\videos\FAKE_T3_1033_ITH_NEU_XX__AUDIO_1033_ITH_SAD_XX_sadtalker.mp4,1,done,sadtalker,1033,ITH,neutral,sad,yes
FAKE_T3_1033_ITH_SAD_XX__AUDIO_1033_ITH_ANG_XX_sadtalker,data\synthetic\track3_fakes\videos\FAKE_T3_1033_ITH_SAD_XX__AUDIO_1033_ITH_ANG_XX_sadtalker.mp4,1,done,sadtalker,1033,ITH,sad,angry,yes
FAKE_T3_1033_ITS_HAP_XX__AUDIO_1033_ITS_NEU_XX_sadtalker,data\synthetic\track3_fakes\videos\FAKE_T3_1033_ITS_HAP_XX__AUDIO_1033_ITS_NEU_XX_sadtalker.mp4,1,done,sadtalker,1033,ITS,happy,neutral,yes
FAKE_T3_1033_IWL_ANG_XX__AUDIO_1033_IWL_DIS_XX_sadtalker,data\synthetic\track3_fakes\videos\FAKE_T3_1033_IWL_ANG_XX__AUDIO_1033_IWL_DIS_XX_sadtalker.mp4,1,done,sadtalker,1033,IWL,angry,disgust,yes
FAKE_T3_1033_IWL_DIS_XX__AUDIO_1033_IWL_FEA_XX_sadtalker,data\synthetic\track3_fakes\videos\FAKE_T3_1033_IWL_DIS_XX__AUDIO_1033_IWL_FEA_XX_sadtalker.mp4,1,done,sadtalker,1033,IWL,disgust,fear,yes
FAKE_T3_1033_IWL_HAP_XX__AUDIO_1033_IWL_NEU_XX_sadtalker,data\synthetic\track3_fakes\videos\FAKE_T3_1033_IWL_HAP_XX__AUDIO_1033_IWL_NEU_XX_sadtalker.mp4,1,done,sadtalker,1033,IWL,happy,neutral,yes
FAKE_T3_1033_MTI_ANG_XX__AUDIO_1033_MTI_DIS_XX_sadtalker,data\synthetic\track3_fakes\videos\FAKE_T3_1033_MTI_ANG_XX__AUDIO_1033_MTI_DIS_XX_sadtalker.mp4,1,done,sadtalker,1033,MTI,angry,disgust,yes
FAKE_T3_1033_MTI_DIS_XX__AUDIO_1033_MTI_FEA_XX_sadtalker,data\synthetic\track3_fakes\videos\FAKE_T3_1033_MTI_DIS_XX__AUDIO_1033_MTI_FEA_XX_sadtalker.mp4,1,done,sadtalker,1033,MTI,disgust,fear,yes
FAKE_T3_1033_MTI_FEA_XX__AUDIO_1033_MTI_HAP_XX_sadtalker,data\synthetic\track3_fakes\videos\FAKE_T3_1033_MTI_FEA_XX__AUDIO_1033_MTI_HAP_XX_sadtalker.mp4,1,done,sadtalker,1033,MTI,fear,happy,yes
FAKE_T3_1033_MTI_NEU_XX__AUDIO_1033_MTI_SAD_XX_sadtalker,data\synthetic\track3_fakes\videos\FAKE_T3_1033_MTI_NEU_XX__AUDIO_1033_MTI_SAD_XX_sadtalker.mp4,1,done,sadtalker,1033,MTI,neutral,sad,yes
FAKE_T3_1033_TAI_ANG_XX__AUDIO_1033_TAI_DIS_XX_sadtalker,data\synthetic\track3_fakes\videos\FAKE_T3_1033_TAI_ANG_XX__AUDIO_1033_TAI_DIS_XX_sadtalker.mp4,1,done,sadtalker,1033,TAI,angry,disgust,yes
FAKE_T3_1033_TAI_FEA_XX__AUDIO_1033_TAI_HAP_XX_sadtalker,data\synthetic\track3_fakes\videos\FAKE_T3_1033_TAI_FEA_XX__AUDIO_1033_TAI_HAP_XX_sadtalker.mp4,1,done,sadtalker,1033,TAI,fear,happy,yes
FAKE_T3_1033_TAI_HAP_XX__AUDIO_1033_TAI_NEU_XX_sadtalker,data\synthetic\track3_fakes\videos\FAKE_T3_1033_TAI_HAP_XX__AUDIO_1033_TAI_NEU_XX_sadtalker.mp4,1,done,sadtalker,1033,TAI,happy,neutral,yes
FAKE_T3_1033_TIE_ANG_XX__AUDIO_1033_TIE_DIS_XX_sadtalker,data\synthetic\track3_fakes\videos\FAKE_T3_1033_TIE_ANG_XX__AUDIO_1033_TIE_DIS_XX_sadtalker.mp4,1,done,sadtalker,1033,TIE,angry,disgust,yes
FAKE_T3_1033_TIE_HAP_XX__AUDIO_1033_TIE_NEU_XX_sadtalker,data\synthetic\track3_fakes\videos\FAKE_T3_1033_TIE_HAP_XX__AUDIO_1033_TIE_NEU_XX_sadtalker.mp4,1,done,sadtalker,1033,TIE,happy,neutral,yes
FAKE_T3_1033_TIE_NEU_XX__AUDIO_1033_TIE_SAD_XX_sadtalker,data\synthetic\track3_fakes\videos\FAKE_T3_1033_TIE_NEU_XX__AUDIO_1033_TIE_SAD_XX_sadtalker.mp4,1,done,sadtalker,1033,TIE,neutral,sad,yes
FAKE_T3_1033_TSI_ANG_XX__AUDIO_1033_TSI_DIS_XX_sadtalker,data\synthetic\track3_fakes\videos\FAKE_T3_1033_TSI_ANG_XX__AUDIO_1033_TSI_DIS_XX_sadtalker.mp4,1,done,sadtalker,1033,TSI,angry,disgust,yes
FAKE_T3_1033_TSI_FEA_XX__AUDIO_1033_TSI_HAP_XX_sadtalker,data\synthetic\track3_fakes\videos\FAKE_T3_1033_TSI_FEA_XX__AUDIO_1033_TSI_HAP_XX_sadtalker.mp4,1,done,sadtalker,1033,TSI,fear,happy,yes
FAKE_T3_1033_WSI_ANG_XX__AUDIO_1033_WSI_DIS_XX_sadtalker,data\synthetic\track3_fakes\videos\FAKE_T3_1033_WSI_ANG_XX__AUDIO_1033_WSI_DIS_XX_sadtalker.mp4,1,done,sadtalker,1033,WSI,angry,disgust,yes
FAKE_T3_1033_WSI_DIS_XX__AUDIO_1033_WSI_FEA_XX_sadtalker,data\synthetic\track3_fakes\videos\FAKE_T3_1033_WSI_DIS_XX__AUDIO_1033_WSI_FEA_XX_sadtalker.mp4,1,done,sadtalker,1033,WSI,disgust,fear,yes
FAKE_T3_1033_WSI_FEA_XX__AUDIO_1033_WSI_HAP_XX_sadtalker,data\synthetic\track3_fakes\videos\FAKE_T3_1033_WSI_FEA_XX__AUDIO_1033_WSI_HAP_XX_sadtalker.mp4,1,done,sadtalker,1033,WSI,fear,happy,yes
FAKE_T3_1033_WSI_HAP_XX__AUDIO_1033_WSI_NEU_XX_sadtalker,data\synthetic\track3_fakes\videos\FAKE_T3_1033_WSI_HAP_XX__AUDIO_1033_WSI_NEU_XX_sadtalker.mp4,1,done,sadtalker,1033,WSI,happy,neutral,yes
FAKE_T3_1033_WSI_NEU_XX__AUDIO_1033_WSI_SAD_XX_sadtalker,data\synthetic\track3_fakes\videos\FAKE_T3_1033_WSI_NEU_XX__AUDIO_1033_WSI_SAD_XX_sadtalker.mp4,1,done,sadtalker,1033,WSI,neutral,sad,yes
FAKE_T3_1034_DFA_ANG_XX__AUDIO_1034_DFA_DIS_XX_sadtalker,data\synthetic\track3_fakes\videos\FAKE_T3_1034_DFA_ANG_XX__AUDIO_1034_DFA_DIS_XX_sadtalker.mp4,1,done,sadtalker,1034,DFA,angry,disgust,yes
FAKE_T3_1034_DFA_FEA_XX__AUDIO_1034_DFA_HAP_XX_sadtalker,data\synthetic\track3_fakes\videos\FAKE_T3_1034_DFA_FEA_XX__AUDIO_1034_DFA_HAP_XX_sadtalker.mp4,1,done,sadtalker,1034,DFA,fear,happy,yes
FAKE_T3_1034_IEO_ANG_LO__AUDIO_1034_IEO_DIS_LO_sadtalker,data\synthetic\track3_fakes\videos\FAKE_T3_1034_IEO_ANG_LO__AUDIO_1034_IEO_DIS_LO_sadtalker.mp4,1,done,sadtalker,1034,IEO,angry,disgust,yes
FAKE_T3_1034_IEO_ANG_MD__AUDIO_1034_IEO_DIS_MD_sadtalker,data\synthetic\track3_fakes\videos\FAKE_T3_1034_IEO_ANG_MD__AUDIO_1034_IEO_DIS_MD_sadtalker.mp4,1,done,sadtalker,1034,IEO,angry,disgust,yes
FAKE_T3_1034_IEO_DIS_LO__AUDIO_1034_IEO_FEA_LO_sadtalker,data\synthetic\track3_fakes\videos\FAKE_T3_1034_IEO_DIS_LO__AUDIO_1034_IEO_FEA_LO_sadtalker.mp4,1,done,sadtalker,1034,IEO,disgust,fear,yes
FAKE_T3_1034_IEO_DIS_MD__AUDIO_1034_IEO_FEA_MD_sadtalker,data\synthetic\track3_fakes\videos\FAKE_T3_1034_IEO_DIS_MD__AUDIO_1034_IEO_FEA_MD_sadtalker.mp4,1,done,sadtalker,1034,IEO,disgust,fear,yes
FAKE_T3_1034_IEO_FEA_LO__AUDIO_1034_IEO_HAP_LO_sadtalker,data\synthetic\track3_fakes\videos\FAKE_T3_1034_IEO_FEA_LO__AUDIO_1034_IEO_HAP_LO_sadtalker.mp4,1,done,sadtalker,1034,IEO,fear,happy,yes
FAKE_T3_1034_IEO_HAP_HI__AUDIO_1034_IEO_NEU_XX_sadtalker,data\synthetic\track3_fakes\videos\FAKE_T3_1034_IEO_HAP_HI__AUDIO_1034_IEO_NEU_XX_sadtalker.mp4,1,done,sadtalker,1034,IEO,happy,neutral,yes
FAKE_T3_1034_IEO_HAP_LO__AUDIO_1034_IEO_NEU_XX_sadtalker,data\synthetic\track3_fakes\videos\FAKE_T3_1034_IEO_HAP_LO__AUDIO_1034_IEO_NEU_XX_sadtalker.mp4,1,done,sadtalker,1034,IEO,happy,neutral,yes
FAKE_T3_1034_IEO_NEU_XX__AUDIO_1034_IEO_SAD_HI_sadtalker,data\synthetic\track3_fakes\videos\FAKE_T3_1034_IEO_NEU_XX__AUDIO_1034_IEO_SAD_HI_sadtalker.mp4,1,done,sadtalker,1034,IEO,neutral,sad,yes
FAKE_T3_1034_IEO_SAD_LO__AUDIO_1034_IEO_ANG_LO_sadtalker,data\synthetic\track3_fakes\videos\FAKE_T3_1034_IEO_SAD_LO__AUDIO_1034_IEO_ANG_LO_sadtalker.mp4,1,done,sadtalker,1034,IEO,sad,angry,yes
FAKE_T3_1034_IEO_SAD_MD__AUDIO_1034_IEO_ANG_MD_sadtalker,data\synthetic\track3_fakes\videos\FAKE_T3_1034_IEO_SAD_MD__AUDIO_1034_IEO_ANG_MD_sadtalker.mp4,1,done,sadtalker,1034,IEO,sad,angry,yes
FAKE_T3_1034_IOM_ANG_XX__AUDIO_1034_IOM_DIS_XX_sadtalker,data\synthetic\track3_fakes\videos\FAKE_T3_1034_IOM_ANG_XX__AUDIO_1034_IOM_DIS_XX_sadtalker.mp4,1,done,sadtalker,1034,IOM,angry,disgust,yes
FAKE_T3_1034_IOM_DIS_XX__AUDIO_1034_IOM_FEA_XX_sadtalker,data\synthetic\track3_fakes\videos\FAKE_T3_1034_IOM_DIS_XX__AUDIO_1034_IOM_FEA_XX_sadtalker.mp4,1,done,sadtalker,1034,IOM,disgust,fear,yes
FAKE_T3_1034_IOM_FEA_XX__AUDIO_1034_IOM_HAP_XX_sadtalker,data\synthetic\track3_fakes\videos\FAKE_T3_1034_IOM_FEA_XX__AUDIO_1034_IOM_HAP_XX_sadtalker.mp4,1,done,sadtalker,1034,IOM,fear,happy,yes
FAKE_T3_1034_IOM_SAD_XX__AUDIO_1034_IOM_ANG_XX_sadtalker,data\synthetic\track3_fakes\videos\FAKE_T3_1034_IOM_SAD_XX__AUDIO_1034_IOM_ANG_XX_sadtalker.mp4,1,done,sadtalker,1034,IOM,sad,angry,yes
FAKE_T3_1034_ITH_ANG_XX__AUDIO_1034_ITH_DIS_XX_sadtalker,data\synthetic\track3_fakes\videos\FAKE_T3_1034_ITH_ANG_XX__AUDIO_1034_ITH_DIS_XX_sadtalker.mp4,1,done,sadtalker,1034,ITH,angry,disgust,yes
FAKE_T3_1034_ITH_DIS_XX__AUDIO_1034_ITH_FEA_XX_sadtalker,data\synthetic\track3_fakes\videos\FAKE_T3_1034_ITH_DIS_XX__AUDIO_1034_ITH_FEA_XX_sadtalker.mp4,1,done,sadtalker,1034,ITH,disgust,fear,yes
FAKE_T3_1034_ITH_HAP_XX__AUDIO_1034_ITH_NEU_XX_sadtalker,data\synthetic\track3_fakes\videos\FAKE_T3_1034_ITH_HAP_XX__AUDIO_1034_ITH_NEU_XX_sadtalker.mp4,1,done,sadtalker,1034,ITH,happy,neutral,yes
FAKE_T3_1034_ITH_NEU_XX__AUDIO_1034_ITH_SAD_XX_sadtalker,data\synthetic\track3_fakes\videos\FAKE_T3_1034_ITH_NEU_XX__AUDIO_1034_ITH_SAD_XX_sadtalker.mp4,1,done,sadtalker,1034,ITH,neutral,sad,yes
FAKE_T3_1034_ITS_DIS_XX__AUDIO_1034_ITS_FEA_XX_sadtalker,data\synthetic\track3_fakes\videos\FAKE_T3_1034_ITS_DIS_XX__AUDIO_1034_ITS_FEA_XX_sadtalker.mp4,1,done,sadtalker,1034,ITS,disgust,fear,yes
FAKE_T3_1034_ITS_SAD_XX__AUDIO_1034_ITS_ANG_XX_sadtalker,data\synthetic\track3_fakes\videos\FAKE_T3_1034_ITS_SAD_XX__AUDIO_1034_ITS_ANG_XX_sadtalker.mp4,1,done,sadtalker,1034,ITS,sad,angry,yes
FAKE_T3_1034_IWL_FEA_XX__AUDIO_1034_IWL_HAP_XX_sadtalker,data\synthetic\track3_fakes\videos\FAKE_T3_1034_IWL_FEA_XX__AUDIO_1034_IWL_HAP_XX_sadtalker.mp4,1,done,sadtalker,1034,IWL,fear,happy,yes
FAKE_T3_1034_IWL_NEU_XX__AUDIO_1034_IWL_SAD_XX_sadtalker,data\synthetic\track3_fakes\videos\FAKE_T3_1034_IWL_NEU_XX__AUDIO_1034_IWL_SAD_XX_sadtalker.mp4,1,done,sadtalker,1034,IWL,neutral,sad,yes
FAKE_T3_1034_IWW_SAD_XX__AUDIO_1034_IWW_ANG_XX_sadtalker,data\synthetic\track3_fakes\videos\FAKE_T3_1034_IWW_SAD_XX__AUDIO_1034_IWW_ANG_XX_sadtalker.mp4,1,done,sadtalker,1034,IWW,sad,angry,yes
FAKE_T3_1034_MTI_ANG_XX__AUDIO_1034_MTI_DIS_XX_sadtalker,data\synthetic\track3_fakes\videos\FAKE_T3_1034_MTI_ANG_XX__AUDIO_1034_MTI_DIS_XX_sadtalker.mp4,1,done,sadtalker,1034,MTI,angry,disgust,yes
FAKE_T3_1034_MTI_HAP_XX__AUDIO_1034_MTI_NEU_XX_sadtalker,data\synthetic\track3_fakes\videos\FAKE_T3_1034_MTI_HAP_XX__AUDIO_1034_MTI_NEU_XX_sadtalker.mp4,1,done,sadtalker,1034,MTI,happy,neutral,yes
FAKE_T3_1034_MTI_SAD_XX__AUDIO_1034_MTI_ANG_XX_sadtalker,data\synthetic\track3_fakes\videos\FAKE_T3_1034_MTI_SAD_XX__AUDIO_1034_MTI_ANG_XX_sadtalker.mp4,1,done,sadtalker,1034,MTI,sad,angry,yes
FAKE_T3_1034_TAI_ANG_XX__AUDIO_1034_TAI_DIS_XX_sadtalker,data\synthetic\track3_fakes\videos\FAKE_T3_1034_TAI_ANG_XX__AUDIO_1034_TAI_DIS_XX_sadtalker.mp4,1,done,sadtalker,1034,TAI,angry,disgust,yes
FAKE_T3_1034_TAI_NEU_XX__AUDIO_1034_TAI_SAD_XX_sadtalker,data\synthetic\track3_fakes\videos\FAKE_T3_1034_TAI_NEU_XX__AUDIO_1034_TAI_SAD_XX_sadtalker.mp4,1,done,sadtalker,1034,TAI,neutral,sad,yes
FAKE_T3_1034_TAI_SAD_XX__AUDIO_1034_TAI_ANG_XX_sadtalker,data\synthetic\track3_fakes\videos\FAKE_T3_1034_TAI_SAD_XX__AUDIO_1034_TAI_ANG_XX_sadtalker.mp4,1,done,sadtalker,1034,TAI,sad,angry,yes
FAKE_T3_1034_TIE_DIS_XX__AUDIO_1034_TIE_FEA_XX_sadtalker,data\synthetic\track3_fakes\videos\FAKE_T3_1034_TIE_DIS_XX__AUDIO_1034_TIE_FEA_XX_sadtalker.mp4,1,done,sadtalker,1034,TIE,disgust,fear,yes
FAKE_T3_1034_TIE_HAP_XX__AUDIO_1034_TIE_NEU_XX_sadtalker,data\synthetic\track3_fakes\videos\FAKE_T3_1034_TIE_HAP_XX__AUDIO_1034_TIE_NEU_XX_sadtalker.mp4,1,done,sadtalker,1034,TIE,happy,neutral,yes
FAKE_T3_1034_TIE_NEU_XX__AUDIO_1034_TIE_SAD_XX_sadtalker,data\synthetic\track3_fakes\videos\FAKE_T3_1034_TIE_NEU_XX__AUDIO_1034_TIE_SAD_XX_sadtalker.mp4,1,done,sadtalker,1034,TIE,neutral,sad,yes
FAKE_T3_1034_TSI_ANG_XX__AUDIO_1034_TSI_DIS_XX_sadtalker,data\synthetic\track3_fakes\videos\FAKE_T3_1034_TSI_ANG_XX__AUDIO_1034_TSI_DIS_XX_sadtalker.mp4,1,done,sadtalker,1034,TSI,angry,disgust,yes
FAKE_T3_1034_TSI_FEA_XX__AUDIO_1034_TSI_HAP_XX_sadtalker,data\synthetic\track3_fakes\videos\FAKE_T3_1034_TSI_FEA_XX__AUDIO_1034_TSI_HAP_XX_sadtalker.mp4,1,done,sadtalker,1034,TSI,fear,happy,yes
FAKE_T3_1034_TSI_HAP_XX__AUDIO_1034_TSI_NEU_XX_sadtalker,data\synthetic\track3_fakes\videos\FAKE_T3_1034_TSI_HAP_XX__AUDIO_1034_TSI_NEU_XX_sadtalker.mp4,1,done,sadtalker,1034,TSI,happy,neutral,yes
FAKE_T3_1034_TSI_SAD_XX__AUDIO_1034_TSI_ANG_XX_sadtalker,data\synthetic\track3_fakes\videos\FAKE_T3_1034_TSI_SAD_XX__AUDIO_1034_TSI_ANG_XX_sadtalker.mp4,1,done,sadtalker,1034,TSI,sad,angry,yes
FAKE_T3_1034_WSI_ANG_XX__AUDIO_1034_WSI_DIS_XX_sadtalker,data\synthetic\track3_fakes\videos\FAKE_T3_1034_WSI_ANG_XX__AUDIO_1034_WSI_DIS_XX_sadtalker.mp4,1,done,sadtalker,1034,WSI,angry,disgust,yes
FAKE_T3_1034_WSI_DIS_XX__AUDIO_1034_WSI_FEA_XX_sadtalker,data\synthetic\track3_fakes\videos\FAKE_T3_1034_WSI_DIS_XX__AUDIO_1034_WSI_FEA_XX_sadtalker.mp4,1,done,sadtalker,1034,WSI,disgust,fear,yes
FAKE_T3_1034_WSI_HAP_XX__AUDIO_1034_WSI_NEU_XX_sadtalker,data\synthetic\track3_fakes\videos\FAKE_T3_1034_WSI_HAP_XX__AUDIO_1034_WSI_NEU_XX_sadtalker.mp4,1,done,sadtalker,1034,WSI,happy,neutral,yes
FAKE_T3_1035_IEO_ANG_HI__AUDIO_1035_IEO_DIS_HI_sadtalker,data\synthetic\track3_fakes\videos\FAKE_T3_1035_IEO_ANG_HI__AUDIO_1035_IEO_DIS_HI_sadtalker.mp4,1,done,sadtalker,1035,IEO,angry,disgust,yes
FAKE_T3_1035_IEO_ANG_MD__AUDIO_1035_IEO_DIS_MD_sadtalker,data\synthetic\track3_fakes\videos\FAKE_T3_1035_IEO_ANG_MD__AUDIO_1035_IEO_DIS_MD_sadtalker.mp4,1,done,sadtalker,1035,IEO,angry,disgust,yes
FAKE_T3_1035_IEO_DIS_HI__AUDIO_1035_IEO_FEA_HI_sadtalker,data\synthetic\track3_fakes\videos\FAKE_T3_1035_IEO_DIS_HI__AUDIO_1035_IEO_FEA_HI_sadtalker.mp4,1,done,sadtalker,1035,IEO,disgust,fear,yes
FAKE_T3_1035_IEO_FEA_HI__AUDIO_1035_IEO_HAP_HI_sadtalker,data\synthetic\track3_fakes\videos\FAKE_T3_1035_IEO_FEA_HI__AUDIO_1035_IEO_HAP_HI_sadtalker.mp4,1,done,sadtalker,1035,IEO,fear,happy,yes
FAKE_T3_1035_IEO_FEA_MD__AUDIO_1035_IEO_HAP_MD_sadtalker,data\synthetic\track3_fakes\videos\FAKE_T3_1035_IEO_FEA_MD__AUDIO_1035_IEO_HAP_MD_sadtalker.mp4,1,done,sadtalker,1035,IEO,fear,happy,yes
FAKE_T3_1035_IEO_HAP_HI__AUDIO_1035_IEO_NEU_XX_sadtalker,data\synthetic\track3_fakes\videos\FAKE_T3_1035_IEO_HAP_HI__AUDIO_1035_IEO_NEU_XX_sadtalker.mp4,1,done,sadtalker,1035,IEO,happy,neutral,yes
FAKE_T3_1035_IEO_HAP_MD__AUDIO_1035_IEO_NEU_XX_sadtalker,data\synthetic\track3_fakes\videos\FAKE_T3_1035_IEO_HAP_MD__AUDIO_1035_IEO_NEU_XX_sadtalker.mp4,1,done,sadtalker,1035,IEO,happy,neutral,yes
FAKE_T3_1035_IEO_SAD_HI__AUDIO_1035_IEO_ANG_HI_sadtalker,data\synthetic\track3_fakes\videos\FAKE_T3_1035_IEO_SAD_HI__AUDIO_1035_IEO_ANG_HI_sadtalker.mp4,1,done,sadtalker,1035,IEO,sad,angry,yes
FAKE_T3_1035_IEO_SAD_MD__AUDIO_1035_IEO_ANG_MD_sadtalker,data\synthetic\track3_fakes\videos\FAKE_T3_1035_IEO_SAD_MD__AUDIO_1035_IEO_ANG_MD_sadtalker.mp4,1,done,sadtalker,1035,IEO,sad,angry,yes
FAKE_T3_1035_IOM_ANG_XX__AUDIO_1035_IOM_DIS_XX_sadtalker,data\synthetic\track3_fakes\videos\FAKE_T3_1035_IOM_ANG_XX__AUDIO_1035_IOM_DIS_XX_sadtalker.mp4,1,done,sadtalker,1035,IOM,angry,disgust,yes
FAKE_T3_1035_IOM_DIS_XX__AUDIO_1035_IOM_FEA_XX_sadtalker,data\synthetic\track3_fakes\videos\FAKE_T3_1035_IOM_DIS_XX__AUDIO_1035_IOM_FEA_XX_sadtalker.mp4,1,done,sadtalker,1035,IOM,disgust,fear,yes
FAKE_T3_1035_IOM_SAD_XX__AUDIO_1035_IOM_ANG_XX_sadtalker,data\synthetic\track3_fakes\videos\FAKE_T3_1035_IOM_SAD_XX__AUDIO_1035_IOM_ANG_XX_sadtalker.mp4,1,done,sadtalker,1035,IOM,sad,angry,yes
FAKE_T3_1035_ITH_ANG_XX__AUDIO_1035_ITH_DIS_XX_sadtalker,data\synthetic\track3_fakes\videos\FAKE_T3_1035_ITH_ANG_XX__AUDIO_1035_ITH_DIS_XX_sadtalker.mp4,1,done,sadtalker,1035,ITH,angry,disgust,yes
FAKE_T3_1035_ITH_DIS_XX__AUDIO_1035_ITH_FEA_XX_sadtalker,data\synthetic\track3_fakes\videos\FAKE_T3_1035_ITH_DIS_XX__AUDIO_1035_ITH_FEA_XX_sadtalker.mp4,1,done,sadtalker,1035,ITH,disgust,fear,yes
FAKE_T3_1035_ITH_FEA_XX__AUDIO_1035_ITH_HAP_XX_sadtalker,data\synthetic\track3_fakes\videos\FAKE_T3_1035_ITH_FEA_XX__AUDIO_1035_ITH_HAP_XX_sadtalker.mp4,1,done,sadtalker,1035,ITH,fear,happy,yes
FAKE_T3_1035_ITH_NEU_XX__AUDIO_1035_ITH_SAD_XX_sadtalker,data\synthetic\track3_fakes\videos\FAKE_T3_1035_ITH_NEU_XX__AUDIO_1035_ITH_SAD_XX_sadtalker.mp4,1,done,sadtalker,1035,ITH,neutral,sad,yes
FAKE_T3_1035_ITS_ANG_XX__AUDIO_1035_ITS_DIS_XX_sadtalker,data\synthetic\track3_fakes\videos\FAKE_T3_1035_ITS_ANG_XX__AUDIO_1035_ITS_DIS_XX_sadtalker.mp4,1,done,sadtalker,1035,ITS,angry,disgust,yes
FAKE_T3_1035_ITS_DIS_XX__AUDIO_1035_ITS_FEA_XX_sadtalker,data\synthetic\track3_fakes\videos\FAKE_T3_1035_ITS_DIS_XX__AUDIO_1035_ITS_FEA_XX_sadtalker.mp4,1,done,sadtalker,1035,ITS,disgust,fear,yes
FAKE_T3_1035_ITS_HAP_XX__AUDIO_1035_ITS_NEU_XX_sadtalker,data\synthetic\track3_fakes\videos\FAKE_T3_1035_ITS_HAP_XX__AUDIO_1035_ITS_NEU_XX_sadtalker.mp4,1,done,sadtalker,1035,ITS,happy,neutral,yes
FAKE_T3_1035_ITS_NEU_XX__AUDIO_1035_ITS_SAD_XX_sadtalker,data\synthetic\track3_fakes\videos\FAKE_T3_1035_ITS_NEU_XX__AUDIO_1035_ITS_SAD_XX_sadtalker.mp4,1,done,sadtalker,1035,ITS,neutral,sad,yes
FAKE_T3_1035_IWL_ANG_XX__AUDIO_1035_IWL_DIS_XX_sadtalker,data\synthetic\track3_fakes\videos\FAKE_T3_1035_IWL_ANG_XX__AUDIO_1035_IWL_DIS_XX_sadtalker.mp4,1,done,sadtalker,1035,IWL,angry,disgust,yes
FAKE_T3_1035_IWL_DIS_XX__AUDIO_1035_IWL_FEA_XX_sadtalker,data\synthetic\track3_fakes\videos\FAKE_T3_1035_IWL_DIS_XX__AUDIO_1035_IWL_FEA_XX_sadtalker.mp4,1,done,sadtalker,1035,IWL,disgust,fear,yes
FAKE_T3_1035_IWL_FEA_XX__AUDIO_1035_IWL_HAP_XX_sadtalker,data\synthetic\track3_fakes\videos\FAKE_T3_1035_IWL_FEA_XX__AUDIO_1035_IWL_HAP_XX_sadtalker.mp4,1,done,sadtalker,1035,IWL,fear,happy,yes
FAKE_T3_1035_IWL_NEU_XX__AUDIO_1035_IWL_SAD_XX_sadtalker,data\synthetic\track3_fakes\videos\FAKE_T3_1035_IWL_NEU_XX__AUDIO_1035_IWL_SAD_XX_sadtalker.mp4,1,done,sadtalker,1035,IWL,neutral,sad,yes
FAKE_T3_1035_IWW_ANG_XX__AUDIO_1035_IWW_DIS_XX_sadtalker,data\synthetic\track3_fakes\videos\FAKE_T3_1035_IWW_ANG_XX__AUDIO_1035_IWW_DIS_XX_sadtalker.mp4,1,done,sadtalker,1035,IWW,angry,disgust,yes
FAKE_T3_1035_IWW_FEA_XX__AUDIO_1035_IWW_HAP_XX_sadtalker,data\synthetic\track3_fakes\videos\FAKE_T3_1035_IWW_FEA_XX__AUDIO_1035_IWW_HAP_XX_sadtalker.mp4,1,done,sadtalker,1035,IWW,fear,happy,yes
FAKE_T3_1035_MTI_ANG_XX__AUDIO_1035_MTI_DIS_XX_sadtalker,data\synthetic\track3_fakes\videos\FAKE_T3_1035_MTI_ANG_XX__AUDIO_1035_MTI_DIS_XX_sadtalker.mp4,1,done,sadtalker,1035,MTI,angry,disgust,yes
FAKE_T3_1035_MTI_FEA_XX__AUDIO_1035_MTI_HAP_XX_sadtalker,data\synthetic\track3_fakes\videos\FAKE_T3_1035_MTI_FEA_XX__AUDIO_1035_MTI_HAP_XX_sadtalker.mp4,1,done,sadtalker,1035,MTI,fear,happy,yes
FAKE_T3_1035_MTI_NEU_XX__AUDIO_1035_MTI_SAD_XX_sadtalker,data\synthetic\track3_fakes\videos\FAKE_T3_1035_MTI_NEU_XX__AUDIO_1035_MTI_SAD_XX_sadtalker.mp4,1,done,sadtalker,1035,MTI,neutral,sad,yes
FAKE_T3_1035_TAI_ANG_XX__AUDIO_1035_TAI_DIS_XX_sadtalker,data\synthetic\track3_fakes\videos\FAKE_T3_1035_TAI_ANG_XX__AUDIO_1035_TAI_DIS_XX_sadtalker.mp4,1,done,sadtalker,1035,TAI,angry,disgust,yes
FAKE_T3_1035_TAI_FEA_XX__AUDIO_1035_TAI_HAP_XX_sadtalker,data\synthetic\track3_fakes\videos\FAKE_T3_1035_TAI_FEA_XX__AUDIO_1035_TAI_HAP_XX_sadtalker.mp4,1,done,sadtalker,1035,TAI,fear,happy,yes
FAKE_T3_1035_TAI_SAD_XX__AUDIO_1035_TAI_ANG_XX_sadtalker,data\synthetic\track3_fakes\videos\FAKE_T3_1035_TAI_SAD_XX__AUDIO_1035_TAI_ANG_XX_sadtalker.mp4,1,done,sadtalker,1035,TAI,sad,angry,yes
FAKE_T3_1035_TIE_ANG_XX__AUDIO_1035_TIE_DIS_XX_sadtalker,data\synthetic\track3_fakes\videos\FAKE_T3_1035_TIE_ANG_XX__AUDIO_1035_TIE_DIS_XX_sadtalker.mp4,1,done,sadtalker,1035,TIE,angry,disgust,yes
FAKE_T3_1035_TIE_HAP_XX__AUDIO_1035_TIE_NEU_XX_sadtalker,data\synthetic\track3_fakes\videos\FAKE_T3_1035_TIE_HAP_XX__AUDIO_1035_TIE_NEU_XX_sadtalker.mp4,1,done,sadtalker,1035,TIE,happy,neutral,yes
FAKE_T3_1035_TIE_NEU_XX__AUDIO_1035_TIE_SAD_XX_sadtalker,data\synthetic\track3_fakes\videos\FAKE_T3_1035_TIE_NEU_XX__AUDIO_1035_TIE_SAD_XX_sadtalker.mp4,1,done,sadtalker,1035,TIE,neutral,sad,yes
FAKE_T3_1035_TIE_SAD_XX__AUDIO_1035_TIE_ANG_XX_sadtalker,data\synthetic\track3_fakes\videos\FAKE_T3_1035_TIE_SAD_XX__AUDIO_1035_TIE_ANG_XX_sadtalker.mp4,1,done,sadtalker,1035,TIE,sad,angry,yes
FAKE_T3_1035_TSI_DIS_XX__AUDIO_1035_TSI_FEA_XX_sadtalker,data\synthetic\track3_fakes\videos\FAKE_T3_1035_TSI_DIS_XX__AUDIO_1035_TSI_FEA_XX_sadtalker.mp4,1,done,sadtalker,1035,TSI,disgust,fear,yes
FAKE_T3_1035_TSI_HAP_XX__AUDIO_1035_TSI_NEU_XX_sadtalker,data\synthetic\track3_fakes\videos\FAKE_T3_1035_TSI_HAP_XX__AUDIO_1035_TSI_NEU_XX_sadtalker.mp4,1,done,sadtalker,1035,TSI,happy,neutral,yes
FAKE_T3_1035_TSI_SAD_XX__AUDIO_1035_TSI_ANG_XX_sadtalker,data\synthetic\track3_fakes\videos\FAKE_T3_1035_TSI_SAD_XX__AUDIO_1035_TSI_ANG_XX_sadtalker.mp4,1,done,sadtalker,1035,TSI,sad,angry,yes
FAKE_T3_1035_WSI_ANG_XX__AUDIO_1035_WSI_DIS_XX_sadtalker,data\synthetic\track3_fakes\videos\FAKE_T3_1035_WSI_ANG_XX__AUDIO_1035_WSI_DIS_XX_sadtalker.mp4,1,done,sadtalker,1035,WSI,angry,disgust,yes
FAKE_T3_1035_WSI_HAP_XX__AUDIO_1035_WSI_NEU_XX_sadtalker,data\synthetic\track3_fakes\videos\FAKE_T3_1035_WSI_HAP_XX__AUDIO_1035_WSI_NEU_XX_sadtalker.mp4,1,done,sadtalker,1035,WSI,happy,neutral,yes
FAKE_T3_1036_DFA_DIS_XX__AUDIO_1036_DFA_FEA_XX_sadtalker,data\synthetic\track3_fakes\videos\FAKE_T3_1036_DFA_DIS_XX__AUDIO_1036_DFA_FEA_XX_sadtalker.mp4,1,done,sadtalker,1036,DFA,disgust,fear,yes
FAKE_T3_1036_DFA_FEA_XX__AUDIO_1036_DFA_HAP_XX_sadtalker,data\synthetic\track3_fakes\videos\FAKE_T3_1036_DFA_FEA_XX__AUDIO_1036_DFA_HAP_XX_sadtalker.mp4,1,done,sadtalker,1036,DFA,fear,happy,yes
FAKE_T3_1036_DFA_HAP_XX__AUDIO_1036_DFA_NEU_XX_sadtalker,data\synthetic\track3_fakes\videos\FAKE_T3_1036_DFA_HAP_XX__AUDIO_1036_DFA_NEU_XX_sadtalker.mp4,1,done,sadtalker,1036,DFA,happy,neutral,yes
FAKE_T3_1036_DFA_SAD_XX__AUDIO_1036_DFA_ANG_XX_sadtalker,data\synthetic\track3_fakes\videos\FAKE_T3_1036_DFA_SAD_XX__AUDIO_1036_DFA_ANG_XX_sadtalker.mp4,1,done,sadtalker,1036,DFA,sad,angry,yes
FAKE_T3_1036_IEO_ANG_HI__AUDIO_1036_IEO_DIS_HI_sadtalker,data\synthetic\track3_fakes\videos\FAKE_T3_1036_IEO_ANG_HI__AUDIO_1036_IEO_DIS_HI_sadtalker.mp4,1,done,sadtalker,1036,IEO,angry,disgust,yes
FAKE_T3_1036_IEO_ANG_MD__AUDIO_1036_IEO_DIS_MD_sadtalker,data\synthetic\track3_fakes\videos\FAKE_T3_1036_IEO_ANG_MD__AUDIO_1036_IEO_DIS_MD_sadtalker.mp4,1,done,sadtalker,1036,IEO,angry,disgust,yes
FAKE_T3_1036_IEO_FEA_LO__AUDIO_1036_IEO_HAP_LO_sadtalker,data\synthetic\track3_fakes\videos\FAKE_T3_1036_IEO_FEA_LO__AUDIO_1036_IEO_HAP_LO_sadtalker.mp4,1,done,sadtalker,1036,IEO,fear,happy,yes
FAKE_T3_1036_IEO_HAP_HI__AUDIO_1036_IEO_NEU_XX_sadtalker,data\synthetic\track3_fakes\videos\FAKE_T3_1036_IEO_HAP_HI__AUDIO_1036_IEO_NEU_XX_sadtalker.mp4,1,done,sadtalker,1036,IEO,happy,neutral,yes
FAKE_T3_1036_IEO_HAP_LO__AUDIO_1036_IEO_NEU_XX_sadtalker,data\synthetic\track3_fakes\videos\FAKE_T3_1036_IEO_HAP_LO__AUDIO_1036_IEO_NEU_XX_sadtalker.mp4,1,done,sadtalker,1036,IEO,happy,neutral,yes
FAKE_T3_1036_IEO_NEU_XX__AUDIO_1036_IEO_SAD_HI_sadtalker,data\synthetic\track3_fakes\videos\FAKE_T3_1036_IEO_NEU_XX__AUDIO_1036_IEO_SAD_HI_sadtalker.mp4,1,done,sadtalker,1036,IEO,neutral,sad,yes
FAKE_T3_1036_IOM_DIS_XX__AUDIO_1036_IOM_FEA_XX_sadtalker,data\synthetic\track3_fakes\videos\FAKE_T3_1036_IOM_DIS_XX__AUDIO_1036_IOM_FEA_XX_sadtalker.mp4,1,done,sadtalker,1036,IOM,disgust,fear,yes
FAKE_T3_1036_IOM_HAP_XX__AUDIO_1036_IOM_NEU_XX_sadtalker,data\synthetic\track3_fakes\videos\FAKE_T3_1036_IOM_HAP_XX__AUDIO_1036_IOM_NEU_XX_sadtalker.mp4,1,done,sadtalker,1036,IOM,happy,neutral,yes
FAKE_T3_1036_ITH_DIS_XX__AUDIO_1036_ITH_FEA_XX_sadtalker,data\synthetic\track3_fakes\videos\FAKE_T3_1036_ITH_DIS_XX__AUDIO_1036_ITH_FEA_XX_sadtalker.mp4,1,done,sadtalker,1036,ITH,disgust,fear,yes
FAKE_T3_1036_ITH_SAD_XX__AUDIO_1036_ITH_ANG_XX_sadtalker,data\synthetic\track3_fakes\videos\FAKE_T3_1036_ITH_SAD_XX__AUDIO_1036_ITH_ANG_XX_sadtalker.mp4,1,done,sadtalker,1036,ITH,sad,angry,yes
FAKE_T3_1036_ITS_ANG_XX__AUDIO_1036_ITS_DIS_XX_sadtalker,data\synthetic\track3_fakes\videos\FAKE_T3_1036_ITS_ANG_XX__AUDIO_1036_ITS_DIS_XX_sadtalker.mp4,1,done,sadtalker,1036,ITS,angry,disgust,yes
FAKE_T3_1036_ITS_NEU_XX__AUDIO_1036_ITS_SAD_XX_sadtalker,data\synthetic\track3_fakes\videos\FAKE_T3_1036_ITS_NEU_XX__AUDIO_1036_ITS_SAD_XX_sadtalker.mp4,1,done,sadtalker,1036,ITS,neutral,sad,yes
FAKE_T3_1036_IWL_ANG_XX__AUDIO_1036_IWL_DIS_XX_sadtalker,data\synthetic\track3_fakes\videos\FAKE_T3_1036_IWL_ANG_XX__AUDIO_1036_IWL_DIS_XX_sadtalker.mp4,1,done,sadtalker,1036,IWL,angry,disgust,yes
FAKE_T3_1036_IWL_NEU_XX__AUDIO_1036_IWL_SAD_XX_sadtalker,data\synthetic\track3_fakes\videos\FAKE_T3_1036_IWL_NEU_XX__AUDIO_1036_IWL_SAD_XX_sadtalker.mp4,1,done,sadtalker,1036,IWL,neutral,sad,yes
FAKE_T3_1036_IWL_SAD_XX__AUDIO_1036_IWL_ANG_XX_sadtalker,data\synthetic\track3_fakes\videos\FAKE_T3_1036_IWL_SAD_XX__AUDIO_1036_IWL_ANG_XX_sadtalker.mp4,1,done,sadtalker,1036,IWL,sad,angry,yes
FAKE_T3_1036_IWW_ANG_XX__AUDIO_1036_IWW_DIS_XX_sadtalker,data\synthetic\track3_fakes\videos\FAKE_T3_1036_IWW_ANG_XX__AUDIO_1036_IWW_DIS_XX_sadtalker.mp4,1,done,sadtalker,1036,IWW,angry,disgust,yes
FAKE_T3_1036_IWW_HAP_XX__AUDIO_1036_IWW_NEU_XX_sadtalker,data\synthetic\track3_fakes\videos\FAKE_T3_1036_IWW_HAP_XX__AUDIO_1036_IWW_NEU_XX_sadtalker.mp4,1,done,sadtalker,1036,IWW,happy,neutral,yes
FAKE_T3_1036_IWW_NEU_XX__AUDIO_1036_IWW_SAD_XX_sadtalker,data\synthetic\track3_fakes\videos\FAKE_T3_1036_IWW_NEU_XX__AUDIO_1036_IWW_SAD_XX_sadtalker.mp4,1,done,sadtalker,1036,IWW,neutral,sad,yes
FAKE_T3_1036_MTI_DIS_XX__AUDIO_1036_MTI_FEA_XX_sadtalker,data\synthetic\track3_fakes\videos\FAKE_T3_1036_MTI_DIS_XX__AUDIO_1036_MTI_FEA_XX_sadtalker.mp4,1,done,sadtalker,1036,MTI,disgust,fear,yes
FAKE_T3_1036_MTI_NEU_XX__AUDIO_1036_MTI_SAD_XX_sadtalker,data\synthetic\track3_fakes\videos\FAKE_T3_1036_MTI_NEU_XX__AUDIO_1036_MTI_SAD_XX_sadtalker.mp4,1,done,sadtalker,1036,MTI,neutral,sad,yes
FAKE_T3_1036_TAI_ANG_XX__AUDIO_1036_TAI_DIS_XX_sadtalker,data\synthetic\track3_fakes\videos\FAKE_T3_1036_TAI_ANG_XX__AUDIO_1036_TAI_DIS_XX_sadtalker.mp4,1,done,sadtalker,1036,TAI,angry,disgust,yes
FAKE_T3_1036_TAI_DIS_XX__AUDIO_1036_TAI_FEA_XX_sadtalker,data\synthetic\track3_fakes\videos\FAKE_T3_1036_TAI_DIS_XX__AUDIO_1036_TAI_FEA_XX_sadtalker.mp4,1,done,sadtalker,1036,TAI,disgust,fear,yes
FAKE_T3_1036_TAI_FEA_XX__AUDIO_1036_TAI_HAP_XX_sadtalker,data\synthetic\track3_fakes\videos\FAKE_T3_1036_TAI_FEA_XX__AUDIO_1036_TAI_HAP_XX_sadtalker.mp4,1,done,sadtalker,1036,TAI,fear,happy,yes
FAKE_T3_1036_TAI_HAP_XX__AUDIO_1036_TAI_NEU_XX_sadtalker,data\synthetic\track3_fakes\videos\FAKE_T3_1036_TAI_HAP_XX__AUDIO_1036_TAI_NEU_XX_sadtalker.mp4,1,done,sadtalker,1036,TAI,happy,neutral,yes
FAKE_T3_1036_TAI_NEU_XX__AUDIO_1036_TAI_SAD_XX_sadtalker,data\synthetic\track3_fakes\videos\FAKE_T3_1036_TAI_NEU_XX__AUDIO_1036_TAI_SAD_XX_sadtalker.mp4,1,done,sadtalker,1036,TAI,neutral,sad,yes
FAKE_T3_1036_TAI_SAD_XX__AUDIO_1036_TAI_ANG_XX_sadtalker,data\synthetic\track3_fakes\videos\FAKE_T3_1036_TAI_SAD_XX__AUDIO_1036_TAI_ANG_XX_sadtalker.mp4,1,done,sadtalker,1036,TAI,sad,angry,yes
FAKE_T3_1036_TIE_ANG_XX__AUDIO_1036_TIE_DIS_XX_sadtalker,data\synthetic\track3_fakes\videos\FAKE_T3_1036_TIE_ANG_XX__AUDIO_1036_TIE_DIS_XX_sadtalker.mp4,1,done,sadtalker,1036,TIE,angry,disgust,yes
FAKE_T3_1036_TIE_DIS_XX__AUDIO_1036_TIE_FEA_XX_sadtalker,data\synthetic\track3_fakes\videos\FAKE_T3_1036_TIE_DIS_XX__AUDIO_1036_TIE_FEA_XX_sadtalker.mp4,1,done,sadtalker,1036,TIE,disgust,fear,yes
FAKE_T3_1036_TIE_FEA_XX__AUDIO_1036_TIE_HAP_XX_sadtalker,data\synthetic\track3_fakes\videos\FAKE_T3_1036_TIE_FEA_XX__AUDIO_1036_TIE_HAP_XX_sadtalker.mp4,1,done,sadtalker,1036,TIE,fear,happy,yes
FAKE_T3_1036_TIE_HAP_XX__AUDIO_1036_TIE_NEU_XX_sadtalker,data\synthetic\track3_fakes\videos\FAKE_T3_1036_TIE_HAP_XX__AUDIO_1036_TIE_NEU_XX_sadtalker.mp4,1,done,sadtalker,1036,TIE,happy,neutral,yes
FAKE_T3_1036_TIE_SAD_XX__AUDIO_1036_TIE_ANG_XX_sadtalker,data\synthetic\track3_fakes\videos\FAKE_T3_1036_TIE_SAD_XX__AUDIO_1036_TIE_ANG_XX_sadtalker.mp4,1,done,sadtalker,1036,TIE,sad,angry,yes
FAKE_T3_1036_TSI_ANG_XX__AUDIO_1036_TSI_DIS_XX_sadtalker,data\synthetic\track3_fakes\videos\FAKE_T3_1036_TSI_ANG_XX__AUDIO_1036_TSI_DIS_XX_sadtalker.mp4,1,done,sadtalker,1036,TSI,angry,disgust,yes
FAKE_T3_1036_TSI_FEA_XX__AUDIO_1036_TSI_HAP_XX_sadtalker,data\synthetic\track3_fakes\videos\FAKE_T3_1036_TSI_FEA_XX__AUDIO_1036_TSI_HAP_XX_sadtalker.mp4,1,done,sadtalker,1036,TSI,fear,happy,yes
FAKE_T3_1036_TSI_HAP_XX__AUDIO_1036_TSI_NEU_XX_sadtalker,data\synthetic\track3_fakes\videos\FAKE_T3_1036_TSI_HAP_XX__AUDIO_1036_TSI_NEU_XX_sadtalker.mp4,1,done,sadtalker,1036,TSI,happy,neutral,yes
FAKE_T3_1036_TSI_SAD_XX__AUDIO_1036_TSI_ANG_XX_sadtalker,data\synthetic\track3_fakes\videos\FAKE_T3_1036_TSI_SAD_XX__AUDIO_1036_TSI_ANG_XX_sadtalker.mp4,1,done,sadtalker,1036,TSI,sad,angry,yes
FAKE_T3_1036_WSI_DIS_XX__AUDIO_1036_WSI_FEA_XX_sadtalker,data\synthetic\track3_fakes\videos\FAKE_T3_1036_WSI_DIS_XX__AUDIO_1036_WSI_FEA_XX_sadtalker.mp4,1,done,sadtalker,1036,WSI,disgust,fear,yes
FAKE_T3_1036_WSI_NEU_XX__AUDIO_1036_WSI_SAD_XX_sadtalker,data\synthetic\track3_fakes\videos\FAKE_T3_1036_WSI_NEU_XX__AUDIO_1036_WSI_SAD_XX_sadtalker.mp4,1,done,sadtalker,1036,WSI,neutral,sad,yes
FAKE_T3_1037_DFA_ANG_XX__AUDIO_1037_DFA_DIS_XX_sadtalker,data\synthetic\track3_fakes\videos\FAKE_T3_1037_DFA_ANG_XX__AUDIO_1037_DFA_DIS_XX_sadtalker.mp4,1,done,sadtalker,1037,DFA,angry,disgust,yes
FAKE_T3_1037_DFA_DIS_XX__AUDIO_1037_DFA_FEA_XX_sadtalker,data\synthetic\track3_fakes\videos\FAKE_T3_1037_DFA_DIS_XX__AUDIO_1037_DFA_FEA_XX_sadtalker.mp4,1,done,sadtalker,1037,DFA,disgust,fear,yes
FAKE_T3_1037_DFA_FEA_XX__AUDIO_1037_DFA_HAP_XX_sadtalker,data\synthetic\track3_fakes\videos\FAKE_T3_1037_DFA_FEA_XX__AUDIO_1037_DFA_HAP_XX_sadtalker.mp4,1,done,sadtalker,1037,DFA,fear,happy,yes
FAKE_T3_1037_DFA_HAP_XX__AUDIO_1037_DFA_NEU_XX_sadtalker,data\synthetic\track3_fakes\videos\FAKE_T3_1037_DFA_HAP_XX__AUDIO_1037_DFA_NEU_XX_sadtalker.mp4,1,done,sadtalker,1037,DFA,happy,neutral,yes
FAKE_T3_1037_DFA_NEU_XX__AUDIO_1037_DFA_SAD_XX_sadtalker,data\synthetic\track3_fakes\videos\FAKE_T3_1037_DFA_NEU_XX__AUDIO_1037_DFA_SAD_XX_sadtalker.mp4,1,done,sadtalker,1037,DFA,neutral,sad,yes
FAKE_T3_1037_IEO_ANG_HI__AUDIO_1037_IEO_DIS_HI_sadtalker,data\synthetic\track3_fakes\videos\FAKE_T3_1037_IEO_ANG_HI__AUDIO_1037_IEO_DIS_HI_sadtalker.mp4,1,done,sadtalker,1037,IEO,angry,disgust,yes
FAKE_T3_1037_IEO_ANG_LO__AUDIO_1037_IEO_DIS_LO_sadtalker,data\synthetic\track3_fakes\videos\FAKE_T3_1037_IEO_ANG_LO__AUDIO_1037_IEO_DIS_LO_sadtalker.mp4,1,done,sadtalker,1037,IEO,angry,disgust,yes
FAKE_T3_1037_IEO_ANG_MD__AUDIO_1037_IEO_DIS_MD_sadtalker,data\synthetic\track3_fakes\videos\FAKE_T3_1037_IEO_ANG_MD__AUDIO_1037_IEO_DIS_MD_sadtalker.mp4,1,done,sadtalker,1037,IEO,angry,disgust,yes
FAKE_T3_1037_IEO_DIS_HI__AUDIO_1037_IEO_FEA_HI_sadtalker,data\synthetic\track3_fakes\videos\FAKE_T3_1037_IEO_DIS_HI__AUDIO_1037_IEO_FEA_HI_sadtalker.mp4,1,done,sadtalker,1037,IEO,disgust,fear,yes
FAKE_T3_1037_IEO_DIS_LO__AUDIO_1037_IEO_FEA_LO_sadtalker,data\synthetic\track3_fakes\videos\FAKE_T3_1037_IEO_DIS_LO__AUDIO_1037_IEO_FEA_LO_sadtalker.mp4,1,done,sadtalker,1037,IEO,disgust,fear,yes
FAKE_T3_1037_IEO_DIS_MD__AUDIO_1037_IEO_FEA_MD_sadtalker,data\synthetic\track3_fakes\videos\FAKE_T3_1037_IEO_DIS_MD__AUDIO_1037_IEO_FEA_MD_sadtalker.mp4,1,done,sadtalker,1037,IEO,disgust,fear,yes
FAKE_T3_1037_IEO_FEA_LO__AUDIO_1037_IEO_HAP_LO_sadtalker,data\synthetic\track3_fakes\videos\FAKE_T3_1037_IEO_FEA_LO__AUDIO_1037_IEO_HAP_LO_sadtalker.mp4,1,done,sadtalker,1037,IEO,fear,happy,yes
FAKE_T3_1037_IEO_HAP_HI__AUDIO_1037_IEO_NEU_XX_sadtalker,data\synthetic\track3_fakes\videos\FAKE_T3_1037_IEO_HAP_HI__AUDIO_1037_IEO_NEU_XX_sadtalker.mp4,1,done,sadtalker,1037,IEO,happy,neutral,yes
FAKE_T3_1037_IEO_SAD_MD__AUDIO_1037_IEO_ANG_MD_sadtalker,data\synthetic\track3_fakes\videos\FAKE_T3_1037_IEO_SAD_MD__AUDIO_1037_IEO_ANG_MD_sadtalker.mp4,1,done,sadtalker,1037,IEO,sad,angry,yes
FAKE_T3_1037_IOM_NEU_XX__AUDIO_1037_IOM_SAD_XX_sadtalker,data\synthetic\track3_fakes\videos\FAKE_T3_1037_IOM_NEU_XX__AUDIO_1037_IOM_SAD_XX_sadtalker.mp4,1,done,sadtalker,1037,IOM,neutral,sad,yes
FAKE_T3_1037_ITH_NEU_XX__AUDIO_1037_ITH_SAD_XX_sadtalker,data\synthetic\track3_fakes\videos\FAKE_T3_1037_ITH_NEU_XX__AUDIO_1037_ITH_SAD_XX_sadtalker.mp4,1,done,sadtalker,1037,ITH,neutral,sad,yes
FAKE_T3_1037_ITH_SAD_XX__AUDIO_1037_ITH_ANG_XX_sadtalker,data\synthetic\track3_fakes\videos\FAKE_T3_1037_ITH_SAD_XX__AUDIO_1037_ITH_ANG_XX_sadtalker.mp4,1,done,sadtalker,1037,ITH,sad,angry,yes
FAKE_T3_1037_ITS_ANG_XX__AUDIO_1037_ITS_DIS_XX_sadtalker,data\synthetic\track3_fakes\videos\FAKE_T3_1037_ITS_ANG_XX__AUDIO_1037_ITS_DIS_XX_sadtalker.mp4,1,done,sadtalker,1037,ITS,angry,disgust,yes
FAKE_T3_1037_ITS_FEA_XX__AUDIO_1037_ITS_HAP_XX_sadtalker,data\synthetic\track3_fakes\videos\FAKE_T3_1037_ITS_FEA_XX__AUDIO_1037_ITS_HAP_XX_sadtalker.mp4,1,done,sadtalker,1037,ITS,fear,happy,yes
FAKE_T3_1037_ITS_NEU_XX__AUDIO_1037_ITS_SAD_XX_sadtalker,data\synthetic\track3_fakes\videos\FAKE_T3_1037_ITS_NEU_XX__AUDIO_1037_ITS_SAD_XX_sadtalker.mp4,1,done,sadtalker,1037,ITS,neutral,sad,yes
FAKE_T3_1037_ITS_SAD_XX__AUDIO_1037_ITS_ANG_XX_sadtalker,data\synthetic\track3_fakes\videos\FAKE_T3_1037_ITS_SAD_XX__AUDIO_1037_ITS_ANG_XX_sadtalker.mp4,1,done,sadtalker,1037,ITS,sad,angry,yes
FAKE_T3_1037_IWL_FEA_XX__AUDIO_1037_IWL_HAP_XX_sadtalker,data\synthetic\track3_fakes\videos\FAKE_T3_1037_IWL_FEA_XX__AUDIO_1037_IWL_HAP_XX_sadtalker.mp4,1,done,sadtalker,1037,IWL,fear,happy,yes
FAKE_T3_1037_IWL_HAP_XX__AUDIO_1037_IWL_NEU_XX_sadtalker,data\synthetic\track3_fakes\videos\FAKE_T3_1037_IWL_HAP_XX__AUDIO_1037_IWL_NEU_XX_sadtalker.mp4,1,done,sadtalker,1037,IWL,happy,neutral,yes
FAKE_T3_1037_IWL_NEU_XX__AUDIO_1037_IWL_SAD_XX_sadtalker,data\synthetic\track3_fakes\videos\FAKE_T3_1037_IWL_NEU_XX__AUDIO_1037_IWL_SAD_XX_sadtalker.mp4,1,done,sadtalker,1037,IWL,neutral,sad,yes
FAKE_T3_1037_IWW_DIS_XX__AUDIO_1037_IWW_FEA_XX_sadtalker,data\synthetic\track3_fakes\videos\FAKE_T3_1037_IWW_DIS_XX__AUDIO_1037_IWW_FEA_XX_sadtalker.mp4,1,done,sadtalker,1037,IWW,disgust,fear,yes
FAKE_T3_1037_IWW_FEA_XX__AUDIO_1037_IWW_HAP_XX_sadtalker,data\synthetic\track3_fakes\videos\FAKE_T3_1037_IWW_FEA_XX__AUDIO_1037_IWW_HAP_XX_sadtalker.mp4,1,done,sadtalker,1037,IWW,fear,happy,yes
FAKE_T3_1037_IWW_HAP_XX__AUDIO_1037_IWW_NEU_XX_sadtalker,data\synthetic\track3_fakes\videos\FAKE_T3_1037_IWW_HAP_XX__AUDIO_1037_IWW_NEU_XX_sadtalker.mp4,1,done,sadtalker,1037,IWW,happy,neutral,yes
FAKE_T3_1037_IWW_SAD_XX__AUDIO_1037_IWW_ANG_XX_sadtalker,data\synthetic\track3_fakes\videos\FAKE_T3_1037_IWW_SAD_XX__AUDIO_1037_IWW_ANG_XX_sadtalker.mp4,1,done,sadtalker,1037,IWW,sad,angry,yes
FAKE_T3_1037_MTI_HAP_XX__AUDIO_1037_MTI_NEU_XX_sadtalker,data\synthetic\track3_fakes\videos\FAKE_T3_1037_MTI_HAP_XX__AUDIO_1037_MTI_NEU_XX_sadtalker.mp4,1,done,sadtalker,1037,MTI,happy,neutral,yes
FAKE_T3_1037_MTI_NEU_XX__AUDIO_1037_MTI_SAD_XX_sadtalker,data\synthetic\track3_fakes\videos\FAKE_T3_1037_MTI_NEU_XX__AUDIO_1037_MTI_SAD_XX_sadtalker.mp4,1,done,sadtalker,1037,MTI,neutral,sad,yes
FAKE_T3_1037_MTI_SAD_XX__AUDIO_1037_MTI_ANG_XX_sadtalker,data\synthetic\track3_fakes\videos\FAKE_T3_1037_MTI_SAD_XX__AUDIO_1037_MTI_ANG_XX_sadtalker.mp4,1,done,sadtalker,1037,MTI,sad,angry,yes
FAKE_T3_1037_TAI_ANG_XX__AUDIO_1037_TAI_DIS_XX_sadtalker,data\synthetic\track3_fakes\videos\FAKE_T3_1037_TAI_ANG_XX__AUDIO_1037_TAI_DIS_XX_sadtalker.mp4,1,done,sadtalker,1037,TAI,angry,disgust,yes
FAKE_T3_1037_TAI_HAP_XX__AUDIO_1037_TAI_NEU_XX_sadtalker,data\synthetic\track3_fakes\videos\FAKE_T3_1037_TAI_HAP_XX__AUDIO_1037_TAI_NEU_XX_sadtalker.mp4,1,done,sadtalker,1037,TAI,happy,neutral,yes
FAKE_T3_1037_TIE_ANG_XX__AUDIO_1037_TIE_DIS_XX_sadtalker,data\synthetic\track3_fakes\videos\FAKE_T3_1037_TIE_ANG_XX__AUDIO_1037_TIE_DIS_XX_sadtalker.mp4,1,done,sadtalker,1037,TIE,angry,disgust,yes
FAKE_T3_1037_TIE_HAP_XX__AUDIO_1037_TIE_NEU_XX_sadtalker,data\synthetic\track3_fakes\videos\FAKE_T3_1037_TIE_HAP_XX__AUDIO_1037_TIE_NEU_XX_sadtalker.mp4,1,done,sadtalker,1037,TIE,happy,neutral,yes
FAKE_T3_1037_TIE_NEU_XX__AUDIO_1037_TIE_SAD_XX_sadtalker,data\synthetic\track3_fakes\videos\FAKE_T3_1037_TIE_NEU_XX__AUDIO_1037_TIE_SAD_XX_sadtalker.mp4,1,done,sadtalker,1037,TIE,neutral,sad,yes
FAKE_T3_1037_TSI_ANG_XX__AUDIO_1037_TSI_DIS_XX_sadtalker,data\synthetic\track3_fakes\videos\FAKE_T3_1037_TSI_ANG_XX__AUDIO_1037_TSI_DIS_XX_sadtalker.mp4,1,done,sadtalker,1037,TSI,angry,disgust,yes
FAKE_T3_1037_TSI_DIS_XX__AUDIO_1037_TSI_FEA_XX_sadtalker,data\synthetic\track3_fakes\videos\FAKE_T3_1037_TSI_DIS_XX__AUDIO_1037_TSI_FEA_XX_sadtalker.mp4,1,done,sadtalker,1037,TSI,disgust,fear,yes
FAKE_T3_1037_WSI_HAP_XX__AUDIO_1037_WSI_NEU_XX_sadtalker,data\synthetic\track3_fakes\videos\FAKE_T3_1037_WSI_HAP_XX__AUDIO_1037_WSI_NEU_XX_sadtalker.mp4,1,done,sadtalker,1037,WSI,happy,neutral,yes
FAKE_T3_1037_WSI_NEU_XX__AUDIO_1037_WSI_SAD_XX_sadtalker,data\synthetic\track3_fakes\videos\FAKE_T3_1037_WSI_NEU_XX__AUDIO_1037_WSI_SAD_XX_sadtalker.mp4,1,done,sadtalker,1037,WSI,neutral,sad,yes
FAKE_T3_1037_WSI_SAD_XX__AUDIO_1037_WSI_ANG_XX_sadtalker,data\synthetic\track3_fakes\videos\FAKE_T3_1037_WSI_SAD_XX__AUDIO_1037_WSI_ANG_XX_sadtalker.mp4,1,done,sadtalker,1037,WSI,sad,angry,yes
FAKE_T3_1038_DFA_HAP_XX__AUDIO_1038_DFA_NEU_XX_sadtalker,data\synthetic\track3_fakes\videos\FAKE_T3_1038_DFA_HAP_XX__AUDIO_1038_DFA_NEU_XX_sadtalker.mp4,1,done,sadtalker,1038,DFA,happy,neutral,yes
FAKE_T3_1038_IEO_DIS_HI__AUDIO_1038_IEO_FEA_HI_sadtalker,data\synthetic\track3_fakes\videos\FAKE_T3_1038_IEO_DIS_HI__AUDIO_1038_IEO_FEA_HI_sadtalker.mp4,1,done,sadtalker,1038,IEO,disgust,fear,yes
FAKE_T3_1038_IEO_FEA_HI__AUDIO_1038_IEO_HAP_HI_sadtalker,data\synthetic\track3_fakes\videos\FAKE_T3_1038_IEO_FEA_HI__AUDIO_1038_IEO_HAP_HI_sadtalker.mp4,1,done,sadtalker,1038,IEO,fear,happy,yes
FAKE_T3_1038_IEO_FEA_LO__AUDIO_1038_IEO_HAP_LO_sadtalker,data\synthetic\track3_fakes\videos\FAKE_T3_1038_IEO_FEA_LO__AUDIO_1038_IEO_HAP_LO_sadtalker.mp4,1,done,sadtalker,1038,IEO,fear,happy,yes
FAKE_T3_1038_IEO_FEA_MD__AUDIO_1038_IEO_HAP_MD_sadtalker,data\synthetic\track3_fakes\videos\FAKE_T3_1038_IEO_FEA_MD__AUDIO_1038_IEO_HAP_MD_sadtalker.mp4,1,done,sadtalker,1038,IEO,fear,happy,yes
FAKE_T3_1038_IEO_HAP_HI__AUDIO_1038_IEO_NEU_XX_sadtalker,data\synthetic\track3_fakes\videos\FAKE_T3_1038_IEO_HAP_HI__AUDIO_1038_IEO_NEU_XX_sadtalker.mp4,1,done,sadtalker,1038,IEO,happy,neutral,yes
FAKE_T3_1038_IEO_HAP_MD__AUDIO_1038_IEO_NEU_XX_sadtalker,data\synthetic\track3_fakes\videos\FAKE_T3_1038_IEO_HAP_MD__AUDIO_1038_IEO_NEU_XX_sadtalker.mp4,1,done,sadtalker,1038,IEO,happy,neutral,yes
FAKE_T3_1038_IEO_NEU_XX__AUDIO_1038_IEO_SAD_HI_sadtalker,data\synthetic\track3_fakes\videos\FAKE_T3_1038_IEO_NEU_XX__AUDIO_1038_IEO_SAD_HI_sadtalker.mp4,1,done,sadtalker,1038,IEO,neutral,sad,yes
FAKE_T3_1038_IEO_SAD_MD__AUDIO_1038_IEO_ANG_MD_sadtalker,data\synthetic\track3_fakes\videos\FAKE_T3_1038_IEO_SAD_MD__AUDIO_1038_IEO_ANG_MD_sadtalker.mp4,1,done,sadtalker,1038,IEO,sad,angry,yes
FAKE_T3_1038_IOM_ANG_XX__AUDIO_1038_IOM_DIS_XX_sadtalker,data\synthetic\track3_fakes\videos\FAKE_T3_1038_IOM_ANG_XX__AUDIO_1038_IOM_DIS_XX_sadtalker.mp4,1,done,sadtalker,1038,IOM,angry,disgust,yes
FAKE_T3_1038_IOM_HAP_XX__AUDIO_1038_IOM_NEU_XX_sadtalker,data\synthetic\track3_fakes\videos\FAKE_T3_1038_IOM_HAP_XX__AUDIO_1038_IOM_NEU_XX_sadtalker.mp4,1,done,sadtalker,1038,IOM,happy,neutral,yes
FAKE_T3_1038_IOM_SAD_XX__AUDIO_1038_IOM_ANG_XX_sadtalker,data\synthetic\track3_fakes\videos\FAKE_T3_1038_IOM_SAD_XX__AUDIO_1038_IOM_ANG_XX_sadtalker.mp4,1,done,sadtalker,1038,IOM,sad,angry,yes
FAKE_T3_1038_ITH_ANG_XX__AUDIO_1038_ITH_DIS_XX_sadtalker,data\synthetic\track3_fakes\videos\FAKE_T3_1038_ITH_ANG_XX__AUDIO_1038_ITH_DIS_XX_sadtalker.mp4,1,done,sadtalker,1038,ITH,angry,disgust,yes
FAKE_T3_1038_ITH_DIS_XX__AUDIO_1038_ITH_FEA_XX_sadtalker,data\synthetic\track3_fakes\videos\FAKE_T3_1038_ITH_DIS_XX__AUDIO_1038_ITH_FEA_XX_sadtalker.mp4,1,done,sadtalker,1038,ITH,disgust,fear,yes
FAKE_T3_1038_ITH_FEA_XX__AUDIO_1038_ITH_HAP_XX_sadtalker,data\synthetic\track3_fakes\videos\FAKE_T3_1038_ITH_FEA_XX__AUDIO_1038_ITH_HAP_XX_sadtalker.mp4,1,done,sadtalker,1038,ITH,fear,happy,yes
FAKE_T3_1038_ITH_NEU_XX__AUDIO_1038_ITH_SAD_XX_sadtalker,data\synthetic\track3_fakes\videos\FAKE_T3_1038_ITH_NEU_XX__AUDIO_1038_ITH_SAD_XX_sadtalker.mp4,1,done,sadtalker,1038,ITH,neutral,sad,yes
FAKE_T3_1038_ITH_SAD_XX__AUDIO_1038_ITH_ANG_XX_sadtalker,data\synthetic\track3_fakes\videos\FAKE_T3_1038_ITH_SAD_XX__AUDIO_1038_ITH_ANG_XX_sadtalker.mp4,1,done,sadtalker,1038,ITH,sad,angry,yes
FAKE_T3_1038_ITS_ANG_XX__AUDIO_1038_ITS_DIS_XX_sadtalker,data\synthetic\track3_fakes\videos\FAKE_T3_1038_ITS_ANG_XX__AUDIO_1038_ITS_DIS_XX_sadtalker.mp4,1,done,sadtalker,1038,ITS,angry,disgust,yes
FAKE_T3_1038_ITS_FEA_XX__AUDIO_1038_ITS_HAP_XX_sadtalker,data\synthetic\track3_fakes\videos\FAKE_T3_1038_ITS_FEA_XX__AUDIO_1038_ITS_HAP_XX_sadtalker.mp4,1,done,sadtalker,1038,ITS,fear,happy,yes
FAKE_T3_1038_ITS_HAP_XX__AUDIO_1038_ITS_NEU_XX_sadtalker,data\synthetic\track3_fakes\videos\FAKE_T3_1038_ITS_HAP_XX__AUDIO_1038_ITS_NEU_XX_sadtalker.mp4,1,done,sadtalker,1038,ITS,happy,neutral,yes
FAKE_T3_1038_ITS_SAD_XX__AUDIO_1038_ITS_ANG_XX_sadtalker,data\synthetic\track3_fakes\videos\FAKE_T3_1038_ITS_SAD_XX__AUDIO_1038_ITS_ANG_XX_sadtalker.mp4,1,done,sadtalker,1038,ITS,sad,angry,yes
FAKE_T3_1038_IWL_ANG_XX__AUDIO_1038_IWL_DIS_XX_sadtalker,data\synthetic\track3_fakes\videos\FAKE_T3_1038_IWL_ANG_XX__AUDIO_1038_IWL_DIS_XX_sadtalker.mp4,1,done,sadtalker,1038,IWL,angry,disgust,yes
FAKE_T3_1038_IWL_NEU_XX__AUDIO_1038_IWL_SAD_XX_sadtalker,data\synthetic\track3_fakes\videos\FAKE_T3_1038_IWL_NEU_XX__AUDIO_1038_IWL_SAD_XX_sadtalker.mp4,1,done,sadtalker,1038,IWL,neutral,sad,yes
FAKE_T3_1038_IWL_SAD_XX__AUDIO_1038_IWL_ANG_XX_sadtalker,data\synthetic\track3_fakes\videos\FAKE_T3_1038_IWL_SAD_XX__AUDIO_1038_IWL_ANG_XX_sadtalker.mp4,1,done,sadtalker,1038,IWL,sad,angry,yes
FAKE_T3_1038_IWW_DIS_XX__AUDIO_1038_IWW_FEA_XX_sadtalker,data\synthetic\track3_fakes\videos\FAKE_T3_1038_IWW_DIS_XX__AUDIO_1038_IWW_FEA_XX_sadtalker.mp4,1,done,sadtalker,1038,IWW,disgust,fear,yes
FAKE_T3_1038_IWW_HAP_XX__AUDIO_1038_IWW_NEU_XX_sadtalker,data\synthetic\track3_fakes\videos\FAKE_T3_1038_IWW_HAP_XX__AUDIO_1038_IWW_NEU_XX_sadtalker.mp4,1,done,sadtalker,1038,IWW,happy,neutral,yes
FAKE_T3_1038_IWW_SAD_XX__AUDIO_1038_IWW_ANG_XX_sadtalker,data\synthetic\track3_fakes\videos\FAKE_T3_1038_IWW_SAD_XX__AUDIO_1038_IWW_ANG_XX_sadtalker.mp4,1,done,sadtalker,1038,IWW,sad,angry,yes
FAKE_T3_1038_MTI_ANG_XX__AUDIO_1038_MTI_DIS_XX_sadtalker,data\synthetic\track3_fakes\videos\FAKE_T3_1038_MTI_ANG_XX__AUDIO_1038_MTI_DIS_XX_sadtalker.mp4,1,done,sadtalker,1038,MTI,angry,disgust,yes
FAKE_T3_1038_MTI_DIS_XX__AUDIO_1038_MTI_FEA_XX_sadtalker,data\synthetic\track3_fakes\videos\FAKE_T3_1038_MTI_DIS_XX__AUDIO_1038_MTI_FEA_XX_sadtalker.mp4,1,done,sadtalker,1038,MTI,disgust,fear,yes
FAKE_T3_1038_MTI_FEA_XX__AUDIO_1038_MTI_HAP_XX_sadtalker,data\synthetic\track3_fakes\videos\FAKE_T3_1038_MTI_FEA_XX__AUDIO_1038_MTI_HAP_XX_sadtalker.mp4,1,done,sadtalker,1038,MTI,fear,happy,yes
FAKE_T3_1038_MTI_NEU_XX__AUDIO_1038_MTI_SAD_XX_sadtalker,data\synthetic\track3_fakes\videos\FAKE_T3_1038_MTI_NEU_XX__AUDIO_1038_MTI_SAD_XX_sadtalker.mp4,1,done,sadtalker,1038,MTI,neutral,sad,yes
FAKE_T3_1038_MTI_SAD_XX__AUDIO_1038_MTI_ANG_XX_sadtalker,data\synthetic\track3_fakes\videos\FAKE_T3_1038_MTI_SAD_XX__AUDIO_1038_MTI_ANG_XX_sadtalker.mp4,1,done,sadtalker,1038,MTI,sad,angry,yes
FAKE_T3_1038_TAI_HAP_XX__AUDIO_1038_TAI_NEU_XX_sadtalker,data\synthetic\track3_fakes\videos\FAKE_T3_1038_TAI_HAP_XX__AUDIO_1038_TAI_NEU_XX_sadtalker.mp4,1,done,sadtalker,1038,TAI,happy,neutral,yes
FAKE_T3_1038_TAI_NEU_XX__AUDIO_1038_TAI_SAD_XX_sadtalker,data\synthetic\track3_fakes\videos\FAKE_T3_1038_TAI_NEU_XX__AUDIO_1038_TAI_SAD_XX_sadtalker.mp4,1,done,sadtalker,1038,TAI,neutral,sad,yes
FAKE_T3_1038_TAI_SAD_XX__AUDIO_1038_TAI_ANG_XX_sadtalker,data\synthetic\track3_fakes\videos\FAKE_T3_1038_TAI_SAD_XX__AUDIO_1038_TAI_ANG_XX_sadtalker.mp4,1,done,sadtalker,1038,TAI,sad,angry,yes
FAKE_T3_1038_TIE_HAP_XX__AUDIO_1038_TIE_NEU_XX_sadtalker,data\synthetic\track3_fakes\videos\FAKE_T3_1038_TIE_HAP_XX__AUDIO_1038_TIE_NEU_XX_sadtalker.mp4,1,done,sadtalker,1038,TIE,happy,neutral,yes
FAKE_T3_1038_TSI_ANG_XX__AUDIO_1038_TSI_DIS_XX_sadtalker,data\synthetic\track3_fakes\videos\FAKE_T3_1038_TSI_ANG_XX__AUDIO_1038_TSI_DIS_XX_sadtalker.mp4,1,done,sadtalker,1038,TSI,angry,disgust,yes
FAKE_T3_1038_TSI_DIS_XX__AUDIO_1038_TSI_FEA_XX_sadtalker,data\synthetic\track3_fakes\videos\FAKE_T3_1038_TSI_DIS_XX__AUDIO_1038_TSI_FEA_XX_sadtalker.mp4,1,done,sadtalker,1038,TSI,disgust,fear,yes
FAKE_T3_1038_TSI_FEA_XX__AUDIO_1038_TSI_HAP_XX_sadtalker,data\synthetic\track3_fakes\videos\FAKE_T3_1038_TSI_FEA_XX__AUDIO_1038_TSI_HAP_XX_sadtalker.mp4,1,done,sadtalker,1038,TSI,fear,happy,yes
FAKE_T3_1038_WSI_DIS_XX__AUDIO_1038_WSI_FEA_XX_sadtalker,data\synthetic\track3_fakes\videos\FAKE_T3_1038_WSI_DIS_XX__AUDIO_1038_WSI_FEA_XX_sadtalker.mp4,1,done,sadtalker,1038,WSI,disgust,fear,yes
FAKE_T3_1038_WSI_NEU_XX__AUDIO_1038_WSI_SAD_XX_sadtalker,data\synthetic\track3_fakes\videos\FAKE_T3_1038_WSI_NEU_XX__AUDIO_1038_WSI_SAD_XX_sadtalker.mp4,1,done,sadtalker,1038,WSI,neutral,sad,yes
FAKE_T3_1039_DFA_ANG_XX__AUDIO_1039_DFA_DIS_XX_sadtalker,data\synthetic\track3_fakes\videos\FAKE_T3_1039_DFA_ANG_XX__AUDIO_1039_DFA_DIS_XX_sadtalker.mp4,1,done,sadtalker,1039,DFA,angry,disgust,yes
FAKE_T3_1039_DFA_DIS_XX__AUDIO_1039_DFA_FEA_XX_sadtalker,data\synthetic\track3_fakes\videos\FAKE_T3_1039_DFA_DIS_XX__AUDIO_1039_DFA_FEA_XX_sadtalker.mp4,1,done,sadtalker,1039,DFA,disgust,fear,yes
FAKE_T3_1039_DFA_HAP_XX__AUDIO_1039_DFA_NEU_XX_sadtalker,data\synthetic\track3_fakes\videos\FAKE_T3_1039_DFA_HAP_XX__AUDIO_1039_DFA_NEU_XX_sadtalker.mp4,1,done,sadtalker,1039,DFA,happy,neutral,yes
FAKE_T3_1039_IEO_ANG_HI__AUDIO_1039_IEO_DIS_HI_sadtalker,data\synthetic\track3_fakes\videos\FAKE_T3_1039_IEO_ANG_HI__AUDIO_1039_IEO_DIS_HI_sadtalker.mp4,1,done,sadtalker,1039,IEO,angry,disgust,yes
FAKE_T3_1039_IEO_DIS_HI__AUDIO_1039_IEO_FEA_HI_sadtalker,data\synthetic\track3_fakes\videos\FAKE_T3_1039_IEO_DIS_HI__AUDIO_1039_IEO_FEA_HI_sadtalker.mp4,1,done,sadtalker,1039,IEO,disgust,fear,yes
FAKE_T3_1039_IEO_FEA_HI__AUDIO_1039_IEO_HAP_HI_sadtalker,data\synthetic\track3_fakes\videos\FAKE_T3_1039_IEO_FEA_HI__AUDIO_1039_IEO_HAP_HI_sadtalker.mp4,1,done,sadtalker,1039,IEO,fear,happy,yes
FAKE_T3_1039_IEO_FEA_LO__AUDIO_1039_IEO_HAP_LO_sadtalker,data\synthetic\track3_fakes\videos\FAKE_T3_1039_IEO_FEA_LO__AUDIO_1039_IEO_HAP_LO_sadtalker.mp4,1,done,sadtalker,1039,IEO,fear,happy,yes
FAKE_T3_1039_IEO_HAP_MD__AUDIO_1039_IEO_NEU_XX_sadtalker,data\synthetic\track3_fakes\videos\FAKE_T3_1039_IEO_HAP_MD__AUDIO_1039_IEO_NEU_XX_sadtalker.mp4,1,done,sadtalker,1039,IEO,happy,neutral,yes
FAKE_T3_1039_IEO_SAD_HI__AUDIO_1039_IEO_ANG_HI_sadtalker,data\synthetic\track3_fakes\videos\FAKE_T3_1039_IEO_SAD_HI__AUDIO_1039_IEO_ANG_HI_sadtalker.mp4,1,done,sadtalker,1039,IEO,sad,angry,yes
FAKE_T3_1039_IEO_SAD_LO__AUDIO_1039_IEO_ANG_LO_sadtalker,data\synthetic\track3_fakes\videos\FAKE_T3_1039_IEO_SAD_LO__AUDIO_1039_IEO_ANG_LO_sadtalker.mp4,1,done,sadtalker,1039,IEO,sad,angry,yes
FAKE_T3_1039_IOM_FEA_XX__AUDIO_1039_IOM_HAP_XX_sadtalker,data\synthetic\track3_fakes\videos\FAKE_T3_1039_IOM_FEA_XX__AUDIO_1039_IOM_HAP_XX_sadtalker.mp4,1,done,sadtalker,1039,IOM,fear,happy,yes
FAKE_T3_1039_IOM_HAP_XX__AUDIO_1039_IOM_NEU_XX_sadtalker,data\synthetic\track3_fakes\videos\FAKE_T3_1039_IOM_HAP_XX__AUDIO_1039_IOM_NEU_XX_sadtalker.mp4,1,done,sadtalker,1039,IOM,happy,neutral,yes
FAKE_T3_1039_IOM_SAD_XX__AUDIO_1039_IOM_ANG_XX_sadtalker,data\synthetic\track3_fakes\videos\FAKE_T3_1039_IOM_SAD_XX__AUDIO_1039_IOM_ANG_XX_sadtalker.mp4,1,done,sadtalker,1039,IOM,sad,angry,yes
FAKE_T3_1039_ITH_ANG_XX__AUDIO_1039_ITH_DIS_XX_sadtalker,data\synthetic\track3_fakes\videos\FAKE_T3_1039_ITH_ANG_XX__AUDIO_1039_ITH_DIS_XX_sadtalker.mp4,1,done,sadtalker,1039,ITH,angry,disgust,yes
FAKE_T3_1039_ITH_DIS_XX__AUDIO_1039_ITH_FEA_XX_sadtalker,data\synthetic\track3_fakes\videos\FAKE_T3_1039_ITH_DIS_XX__AUDIO_1039_ITH_FEA_XX_sadtalker.mp4,1,done,sadtalker,1039,ITH,disgust,fear,yes
FAKE_T3_1039_ITH_FEA_XX__AUDIO_1039_ITH_HAP_XX_sadtalker,data\synthetic\track3_fakes\videos\FAKE_T3_1039_ITH_FEA_XX__AUDIO_1039_ITH_HAP_XX_sadtalker.mp4,1,done,sadtalker,1039,ITH,fear,happy,yes
FAKE_T3_1039_ITH_HAP_XX__AUDIO_1039_ITH_NEU_XX_sadtalker,data\synthetic\track3_fakes\videos\FAKE_T3_1039_ITH_HAP_XX__AUDIO_1039_ITH_NEU_XX_sadtalker.mp4,1,done,sadtalker,1039,ITH,happy,neutral,yes
FAKE_T3_1039_ITH_NEU_XX__AUDIO_1039_ITH_SAD_XX_sadtalker,data\synthetic\track3_fakes\videos\FAKE_T3_1039_ITH_NEU_XX__AUDIO_1039_ITH_SAD_XX_sadtalker.mp4,1,done,sadtalker,1039,ITH,neutral,sad,yes
FAKE_T3_1039_ITH_SAD_XX__AUDIO_1039_ITH_ANG_XX_sadtalker,data\synthetic\track3_fakes\videos\FAKE_T3_1039_ITH_SAD_XX__AUDIO_1039_ITH_ANG_XX_sadtalker.mp4,1,done,sadtalker,1039,ITH,sad,angry,yes
FAKE_T3_1039_ITS_ANG_XX__AUDIO_1039_ITS_DIS_XX_sadtalker,data\synthetic\track3_fakes\videos\FAKE_T3_1039_ITS_ANG_XX__AUDIO_1039_ITS_DIS_XX_sadtalker.mp4,1,done,sadtalker,1039,ITS,angry,disgust,yes
FAKE_T3_1039_ITS_HAP_XX__AUDIO_1039_ITS_NEU_XX_sadtalker,data\synthetic\track3_fakes\videos\FAKE_T3_1039_ITS_HAP_XX__AUDIO_1039_ITS_NEU_XX_sadtalker.mp4,1,done,sadtalker,1039,ITS,happy,neutral,yes
FAKE_T3_1039_ITS_SAD_XX__AUDIO_1039_ITS_ANG_XX_sadtalker,data\synthetic\track3_fakes\videos\FAKE_T3_1039_ITS_SAD_XX__AUDIO_1039_ITS_ANG_XX_sadtalker.mp4,1,done,sadtalker,1039,ITS,sad,angry,yes
FAKE_T3_1039_IWL_ANG_XX__AUDIO_1039_IWL_DIS_XX_sadtalker,data\synthetic\track3_fakes\videos\FAKE_T3_1039_IWL_ANG_XX__AUDIO_1039_IWL_DIS_XX_sadtalker.mp4,1,done,sadtalker,1039,IWL,angry,disgust,yes
FAKE_T3_1039_IWL_DIS_XX__AUDIO_1039_IWL_FEA_XX_sadtalker,data\synthetic\track3_fakes\videos\FAKE_T3_1039_IWL_DIS_XX__AUDIO_1039_IWL_FEA_XX_sadtalker.mp4,1,done,sadtalker,1039,IWL,disgust,fear,yes
FAKE_T3_1039_IWL_HAP_XX__AUDIO_1039_IWL_NEU_XX_sadtalker,data\synthetic\track3_fakes\videos\FAKE_T3_1039_IWL_HAP_XX__AUDIO_1039_IWL_NEU_XX_sadtalker.mp4,1,done,sadtalker,1039,IWL,happy,neutral,yes
FAKE_T3_1039_IWL_NEU_XX__AUDIO_1039_IWL_SAD_XX_sadtalker,data\synthetic\track3_fakes\videos\FAKE_T3_1039_IWL_NEU_XX__AUDIO_1039_IWL_SAD_XX_sadtalker.mp4,1,done,sadtalker,1039,IWL,neutral,sad,yes
FAKE_T3_1039_IWL_SAD_XX__AUDIO_1039_IWL_ANG_XX_sadtalker,data\synthetic\track3_fakes\videos\FAKE_T3_1039_IWL_SAD_XX__AUDIO_1039_IWL_ANG_XX_sadtalker.mp4,1,done,sadtalker,1039,IWL,sad,angry,yes
FAKE_T3_1039_MTI_ANG_XX__AUDIO_1039_MTI_DIS_XX_sadtalker,data\synthetic\track3_fakes\videos\FAKE_T3_1039_MTI_ANG_XX__AUDIO_1039_MTI_DIS_XX_sadtalker.mp4,1,done,sadtalker,1039,MTI,angry,disgust,yes
FAKE_T3_1039_MTI_HAP_XX__AUDIO_1039_MTI_NEU_XX_sadtalker,data\synthetic\track3_fakes\videos\FAKE_T3_1039_MTI_HAP_XX__AUDIO_1039_MTI_NEU_XX_sadtalker.mp4,1,done,sadtalker,1039,MTI,happy,neutral,yes
FAKE_T3_1039_TAI_ANG_XX__AUDIO_1039_TAI_DIS_XX_sadtalker,data\synthetic\track3_fakes\videos\FAKE_T3_1039_TAI_ANG_XX__AUDIO_1039_TAI_DIS_XX_sadtalker.mp4,1,done,sadtalker,1039,TAI,angry,disgust,yes
FAKE_T3_1039_TAI_HAP_XX__AUDIO_1039_TAI_NEU_XX_sadtalker,data\synthetic\track3_fakes\videos\FAKE_T3_1039_TAI_HAP_XX__AUDIO_1039_TAI_NEU_XX_sadtalker.mp4,1,done,sadtalker,1039,TAI,happy,neutral,yes
FAKE_T3_1039_TIE_ANG_XX__AUDIO_1039_TIE_DIS_XX_sadtalker,data\synthetic\track3_fakes\videos\FAKE_T3_1039_TIE_ANG_XX__AUDIO_1039_TIE_DIS_XX_sadtalker.mp4,1,done,sadtalker,1039,TIE,angry,disgust,yes
FAKE_T3_1039_TIE_DIS_XX__AUDIO_1039_TIE_FEA_XX_sadtalker,data\synthetic\track3_fakes\videos\FAKE_T3_1039_TIE_DIS_XX__AUDIO_1039_TIE_FEA_XX_sadtalker.mp4,1,done,sadtalker,1039,TIE,disgust,fear,yes
FAKE_T3_1039_TIE_FEA_XX__AUDIO_1039_TIE_HAP_XX_sadtalker,data\synthetic\track3_fakes\videos\FAKE_T3_1039_TIE_FEA_XX__AUDIO_1039_TIE_HAP_XX_sadtalker.mp4,1,done,sadtalker,1039,TIE,fear,happy,yes
FAKE_T3_1039_TIE_HAP_XX__AUDIO_1039_TIE_NEU_XX_sadtalker,data\synthetic\track3_fakes\videos\FAKE_T3_1039_TIE_HAP_XX__AUDIO_1039_TIE_NEU_XX_sadtalker.mp4,1,done,sadtalker,1039,TIE,happy,neutral,yes
FAKE_T3_1039_TIE_NEU_XX__AUDIO_1039_TIE_SAD_XX_sadtalker,data\synthetic\track3_fakes\videos\FAKE_T3_1039_TIE_NEU_XX__AUDIO_1039_TIE_SAD_XX_sadtalker.mp4,1,done,sadtalker,1039,TIE,neutral,sad,yes
FAKE_T3_1039_TSI_ANG_XX__AUDIO_1039_TSI_DIS_XX_sadtalker,data\synthetic\track3_fakes\videos\FAKE_T3_1039_TSI_ANG_XX__AUDIO_1039_TSI_DIS_XX_sadtalker.mp4,1,done,sadtalker,1039,TSI,angry,disgust,yes
FAKE_T3_1039_WSI_FEA_XX__AUDIO_1039_WSI_HAP_XX_sadtalker,data\synthetic\track3_fakes\videos\FAKE_T3_1039_WSI_FEA_XX__AUDIO_1039_WSI_HAP_XX_sadtalker.mp4,1,done,sadtalker,1039,WSI,fear,happy,yes
FAKE_T3_1039_WSI_HAP_XX__AUDIO_1039_WSI_NEU_XX_sadtalker,data\synthetic\track3_fakes\videos\FAKE_T3_1039_WSI_HAP_XX__AUDIO_1039_WSI_NEU_XX_sadtalker.mp4,1,done,sadtalker,1039,WSI,happy,neutral,yes
FAKE_T3_1039_WSI_NEU_XX__AUDIO_1039_WSI_SAD_XX_sadtalker,data\synthetic\track3_fakes\videos\FAKE_T3_1039_WSI_NEU_XX__AUDIO_1039_WSI_SAD_XX_sadtalker.mp4,1,done,sadtalker,1039,WSI,neutral,sad,yes
FAKE_T3_1039_WSI_SAD_XX__AUDIO_1039_WSI_ANG_XX_sadtalker,data\synthetic\track3_fakes\videos\FAKE_T3_1039_WSI_SAD_XX__AUDIO_1039_WSI_ANG_XX_sadtalker.mp4,1,done,sadtalker,1039,WSI,sad,angry,yes
FAKE_T3_1040_DFA_DIS_XX__AUDIO_1040_DFA_FEA_XX_sadtalker,data\synthetic\track3_fakes\videos\FAKE_T3_1040_DFA_DIS_XX__AUDIO_1040_DFA_FEA_XX_sadtalker.mp4,1,done,sadtalker,1040,DFA,disgust,fear,yes
FAKE_T3_1040_DFA_FEA_XX__AUDIO_1040_DFA_HAP_XX_sadtalker,data\synthetic\track3_fakes\videos\FAKE_T3_1040_DFA_FEA_XX__AUDIO_1040_DFA_HAP_XX_sadtalker.mp4,1,done,sadtalker,1040,DFA,fear,happy,yes
FAKE_T3_1040_DFA_HAP_XX__AUDIO_1040_DFA_NEU_XX_sadtalker,data\synthetic\track3_fakes\videos\FAKE_T3_1040_DFA_HAP_XX__AUDIO_1040_DFA_NEU_XX_sadtalker.mp4,1,done,sadtalker,1040,DFA,happy,neutral,yes
FAKE_T3_1040_IEO_ANG_LO__AUDIO_1040_IEO_DIS_LO_sadtalker,data\synthetic\track3_fakes\videos\FAKE_T3_1040_IEO_ANG_LO__AUDIO_1040_IEO_DIS_LO_sadtalker.mp4,1,done,sadtalker,1040,IEO,angry,disgust,yes
FAKE_T3_1040_IEO_ANG_MD__AUDIO_1040_IEO_DIS_MD_sadtalker,data\synthetic\track3_fakes\videos\FAKE_T3_1040_IEO_ANG_MD__AUDIO_1040_IEO_DIS_MD_sadtalker.mp4,1,done,sadtalker,1040,IEO,angry,disgust,yes
FAKE_T3_1040_IEO_DIS_HI__AUDIO_1040_IEO_FEA_HI_sadtalker,data\synthetic\track3_fakes\videos\FAKE_T3_1040_IEO_DIS_HI__AUDIO_1040_IEO_FEA_HI_sadtalker.mp4,1,done,sadtalker,1040,IEO,disgust,fear,yes
FAKE_T3_1040_IEO_DIS_LO__AUDIO_1040_IEO_FEA_LO_sadtalker,data\synthetic\track3_fakes\videos\FAKE_T3_1040_IEO_DIS_LO__AUDIO_1040_IEO_FEA_LO_sadtalker.mp4,1,done,sadtalker,1040,IEO,disgust,fear,yes
FAKE_T3_1040_IEO_DIS_MD__AUDIO_1040_IEO_FEA_MD_sadtalker,data\synthetic\track3_fakes\videos\FAKE_T3_1040_IEO_DIS_MD__AUDIO_1040_IEO_FEA_MD_sadtalker.mp4,1,done,sadtalker,1040,IEO,disgust,fear,yes
FAKE_T3_1040_IEO_FEA_HI__AUDIO_1040_IEO_HAP_HI_sadtalker,data\synthetic\track3_fakes\videos\FAKE_T3_1040_IEO_FEA_HI__AUDIO_1040_IEO_HAP_HI_sadtalker.mp4,1,done,sadtalker,1040,IEO,fear,happy,yes
FAKE_T3_1040_IEO_HAP_HI__AUDIO_1040_IEO_NEU_XX_sadtalker,data\synthetic\track3_fakes\videos\FAKE_T3_1040_IEO_HAP_HI__AUDIO_1040_IEO_NEU_XX_sadtalker.mp4,1,done,sadtalker,1040,IEO,happy,neutral,yes
FAKE_T3_1040_IEO_HAP_MD__AUDIO_1040_IEO_NEU_XX_sadtalker,data\synthetic\track3_fakes\videos\FAKE_T3_1040_IEO_HAP_MD__AUDIO_1040_IEO_NEU_XX_sadtalker.mp4,1,done,sadtalker,1040,IEO,happy,neutral,yes
FAKE_T3_1040_IEO_SAD_LO__AUDIO_1040_IEO_ANG_LO_sadtalker,data\synthetic\track3_fakes\videos\FAKE_T3_1040_IEO_SAD_LO__AUDIO_1040_IEO_ANG_LO_sadtalker.mp4,1,done,sadtalker,1040,IEO,sad,angry,yes
FAKE_T3_1040_IEO_SAD_MD__AUDIO_1040_IEO_ANG_MD_sadtalker,data\synthetic\track3_fakes\videos\FAKE_T3_1040_IEO_SAD_MD__AUDIO_1040_IEO_ANG_MD_sadtalker.mp4,1,done,sadtalker,1040,IEO,sad,angry,yes
FAKE_T3_1040_IOM_ANG_XX__AUDIO_1040_IOM_DIS_XX_sadtalker,data\synthetic\track3_fakes\videos\FAKE_T3_1040_IOM_ANG_XX__AUDIO_1040_IOM_DIS_XX_sadtalker.mp4,1,done,sadtalker,1040,IOM,angry,disgust,yes
FAKE_T3_1040_IOM_FEA_XX__AUDIO_1040_IOM_HAP_XX_sadtalker,data\synthetic\track3_fakes\videos\FAKE_T3_1040_IOM_FEA_XX__AUDIO_1040_IOM_HAP_XX_sadtalker.mp4,1,done,sadtalker,1040,IOM,fear,happy,yes
FAKE_T3_1040_IOM_SAD_XX__AUDIO_1040_IOM_ANG_XX_sadtalker,data\synthetic\track3_fakes\videos\FAKE_T3_1040_IOM_SAD_XX__AUDIO_1040_IOM_ANG_XX_sadtalker.mp4,1,done,sadtalker,1040,IOM,sad,angry,yes
FAKE_T3_1040_ITH_DIS_XX__AUDIO_1040_ITH_FEA_XX_sadtalker,data\synthetic\track3_fakes\videos\FAKE_T3_1040_ITH_DIS_XX__AUDIO_1040_ITH_FEA_XX_sadtalker.mp4,1,done,sadtalker,1040,ITH,disgust,fear,yes
FAKE_T3_1040_ITH_FEA_XX__AUDIO_1040_ITH_HAP_XX_sadtalker,data\synthetic\track3_fakes\videos\FAKE_T3_1040_ITH_FEA_XX__AUDIO_1040_ITH_HAP_XX_sadtalker.mp4,1,done,sadtalker,1040,ITH,fear,happy,yes
FAKE_T3_1040_ITH_HAP_XX__AUDIO_1040_ITH_NEU_XX_sadtalker,data\synthetic\track3_fakes\videos\FAKE_T3_1040_ITH_HAP_XX__AUDIO_1040_ITH_NEU_XX_sadtalker.mp4,1,done,sadtalker,1040,ITH,happy,neutral,yes
FAKE_T3_1040_ITH_NEU_XX__AUDIO_1040_ITH_SAD_XX_sadtalker,data\synthetic\track3_fakes\videos\FAKE_T3_1040_ITH_NEU_XX__AUDIO_1040_ITH_SAD_XX_sadtalker.mp4,1,done,sadtalker,1040,ITH,neutral,sad,yes
FAKE_T3_1040_ITS_DIS_XX__AUDIO_1040_ITS_FEA_XX_sadtalker,data\synthetic\track3_fakes\videos\FAKE_T3_1040_ITS_DIS_XX__AUDIO_1040_ITS_FEA_XX_sadtalker.mp4,1,done,sadtalker,1040,ITS,disgust,fear,yes
FAKE_T3_1040_ITS_FEA_XX__AUDIO_1040_ITS_HAP_XX_sadtalker,data\synthetic\track3_fakes\videos\FAKE_T3_1040_ITS_FEA_XX__AUDIO_1040_ITS_HAP_XX_sadtalker.mp4,1,done,sadtalker,1040,ITS,fear,happy,yes
FAKE_T3_1040_ITS_HAP_XX__AUDIO_1040_ITS_NEU_XX_sadtalker,data\synthetic\track3_fakes\videos\FAKE_T3_1040_ITS_HAP_XX__AUDIO_1040_ITS_NEU_XX_sadtalker.mp4,1,done,sadtalker,1040,ITS,happy,neutral,yes
FAKE_T3_1040_ITS_NEU_XX__AUDIO_1040_ITS_SAD_XX_sadtalker,data\synthetic\track3_fakes\videos\FAKE_T3_1040_ITS_NEU_XX__AUDIO_1040_ITS_SAD_XX_sadtalker.mp4,1,done,sadtalker,1040,ITS,neutral,sad,yes
FAKE_T3_1040_IWL_DIS_XX__AUDIO_1040_IWL_FEA_XX_sadtalker,data\synthetic\track3_fakes\videos\FAKE_T3_1040_IWL_DIS_XX__AUDIO_1040_IWL_FEA_XX_sadtalker.mp4,1,done,sadtalker,1040,IWL,disgust,fear,yes
FAKE_T3_1040_IWL_HAP_XX__AUDIO_1040_IWL_NEU_XX_sadtalker,data\synthetic\track3_fakes\videos\FAKE_T3_1040_IWL_HAP_XX__AUDIO_1040_IWL_NEU_XX_sadtalker.mp4,1,done,sadtalker,1040,IWL,happy,neutral,yes
FAKE_T3_1040_IWL_SAD_XX__AUDIO_1040_IWL_ANG_XX_sadtalker,data\synthetic\track3_fakes\videos\FAKE_T3_1040_IWL_SAD_XX__AUDIO_1040_IWL_ANG_XX_sadtalker.mp4,1,done,sadtalker,1040,IWL,sad,angry,yes
FAKE_T3_1040_IWW_SAD_XX__AUDIO_1040_IWW_ANG_XX_sadtalker,data\synthetic\track3_fakes\videos\FAKE_T3_1040_IWW_SAD_XX__AUDIO_1040_IWW_ANG_XX_sadtalker.mp4,1,done,sadtalker,1040,IWW,sad,angry,yes
FAKE_T3_1040_MTI_ANG_XX__AUDIO_1040_MTI_DIS_XX_sadtalker,data\synthetic\track3_fakes\videos\FAKE_T3_1040_MTI_ANG_XX__AUDIO_1040_MTI_DIS_XX_sadtalker.mp4,1,done,sadtalker,1040,MTI,angry,disgust,yes
FAKE_T3_1040_MTI_DIS_XX__AUDIO_1040_MTI_FEA_XX_sadtalker,data\synthetic\track3_fakes\videos\FAKE_T3_1040_MTI_DIS_XX__AUDIO_1040_MTI_FEA_XX_sadtalker.mp4,1,done,sadtalker,1040,MTI,disgust,fear,yes
FAKE_T3_1040_MTI_FEA_XX__AUDIO_1040_MTI_HAP_XX_sadtalker,data\synthetic\track3_fakes\videos\FAKE_T3_1040_MTI_FEA_XX__AUDIO_1040_MTI_HAP_XX_sadtalker.mp4,1,done,sadtalker,1040,MTI,fear,happy,yes
FAKE_T3_1040_MTI_HAP_XX__AUDIO_1040_MTI_NEU_XX_sadtalker,data\synthetic\track3_fakes\videos\FAKE_T3_1040_MTI_HAP_XX__AUDIO_1040_MTI_NEU_XX_sadtalker.mp4,1,done,sadtalker,1040,MTI,happy,neutral,yes
FAKE_T3_1040_TAI_ANG_XX__AUDIO_1040_TAI_DIS_XX_sadtalker,data\synthetic\track3_fakes\videos\FAKE_T3_1040_TAI_ANG_XX__AUDIO_1040_TAI_DIS_XX_sadtalker.mp4,1,done,sadtalker,1040,TAI,angry,disgust,yes
FAKE_T3_1040_TAI_HAP_XX__AUDIO_1040_TAI_NEU_XX_sadtalker,data\synthetic\track3_fakes\videos\FAKE_T3_1040_TAI_HAP_XX__AUDIO_1040_TAI_NEU_XX_sadtalker.mp4,1,done,sadtalker,1040,TAI,happy,neutral,yes
FAKE_T3_1040_TIE_ANG_XX__AUDIO_1040_TIE_DIS_XX_sadtalker,data\synthetic\track3_fakes\videos\FAKE_T3_1040_TIE_ANG_XX__AUDIO_1040_TIE_DIS_XX_sadtalker.mp4,1,done,sadtalker,1040,TIE,angry,disgust,yes
FAKE_T3_1040_TIE_HAP_XX__AUDIO_1040_TIE_NEU_XX_sadtalker,data\synthetic\track3_fakes\videos\FAKE_T3_1040_TIE_HAP_XX__AUDIO_1040_TIE_NEU_XX_sadtalker.mp4,1,done,sadtalker,1040,TIE,happy,neutral,yes
FAKE_T3_1040_TIE_NEU_XX__AUDIO_1040_TIE_SAD_XX_sadtalker,data\synthetic\track3_fakes\videos\FAKE_T3_1040_TIE_NEU_XX__AUDIO_1040_TIE_SAD_XX_sadtalker.mp4,1,done,sadtalker,1040,TIE,neutral,sad,yes
FAKE_T3_1040_TSI_SAD_XX__AUDIO_1040_TSI_ANG_XX_sadtalker,data\synthetic\track3_fakes\videos\FAKE_T3_1040_TSI_SAD_XX__AUDIO_1040_TSI_ANG_XX_sadtalker.mp4,1,done,sadtalker,1040,TSI,sad,angry,yes
FAKE_T3_1040_WSI_ANG_XX__AUDIO_1040_WSI_DIS_XX_sadtalker,data\synthetic\track3_fakes\videos\FAKE_T3_1040_WSI_ANG_XX__AUDIO_1040_WSI_DIS_XX_sadtalker.mp4,1,done,sadtalker,1040,WSI,angry,disgust,yes
FAKE_T3_1040_WSI_HAP_XX__AUDIO_1040_WSI_NEU_XX_sadtalker,data\synthetic\track3_fakes\videos\FAKE_T3_1040_WSI_HAP_XX__AUDIO_1040_WSI_NEU_XX_sadtalker.mp4,1,done,sadtalker,1040,WSI,happy,neutral,yes
FAKE_T3_1040_WSI_SAD_XX__AUDIO_1040_WSI_ANG_XX_sadtalker,data\synthetic\track3_fakes\videos\FAKE_T3_1040_WSI_SAD_XX__AUDIO_1040_WSI_ANG_XX_sadtalker.mp4,1,done,sadtalker,1040,WSI,sad,angry,yes
FAKE_T3_1041_DFA_ANG_XX__AUDIO_1041_DFA_DIS_XX_sadtalker,data\synthetic\track3_fakes\videos\FAKE_T3_1041_DFA_ANG_XX__AUDIO_1041_DFA_DIS_XX_sadtalker.mp4,1,done,sadtalker,1041,DFA,angry,disgust,yes
FAKE_T3_1041_DFA_FEA_XX__AUDIO_1041_DFA_HAP_XX_sadtalker,data\synthetic\track3_fakes\videos\FAKE_T3_1041_DFA_FEA_XX__AUDIO_1041_DFA_HAP_XX_sadtalker.mp4,1,done,sadtalker,1041,DFA,fear,happy,yes
FAKE_T3_1041_DFA_SAD_XX__AUDIO_1041_DFA_ANG_XX_sadtalker,data\synthetic\track3_fakes\videos\FAKE_T3_1041_DFA_SAD_XX__AUDIO_1041_DFA_ANG_XX_sadtalker.mp4,1,done,sadtalker,1041,DFA,sad,angry,yes
FAKE_T3_1041_IEO_ANG_HI__AUDIO_1041_IEO_DIS_HI_sadtalker,data\synthetic\track3_fakes\videos\FAKE_T3_1041_IEO_ANG_HI__AUDIO_1041_IEO_DIS_HI_sadtalker.mp4,1,done,sadtalker,1041,IEO,angry,disgust,yes
FAKE_T3_1041_IEO_DIS_HI__AUDIO_1041_IEO_FEA_HI_sadtalker,data\synthetic\track3_fakes\videos\FAKE_T3_1041_IEO_DIS_HI__AUDIO_1041_IEO_FEA_HI_sadtalker.mp4,1,done,sadtalker,1041,IEO,disgust,fear,yes
FAKE_T3_1041_IEO_FEA_HI__AUDIO_1041_IEO_HAP_HI_sadtalker,data\synthetic\track3_fakes\videos\FAKE_T3_1041_IEO_FEA_HI__AUDIO_1041_IEO_HAP_HI_sadtalker.mp4,1,done,sadtalker,1041,IEO,fear,happy,yes
FAKE_T3_1041_IEO_FEA_LO__AUDIO_1041_IEO_HAP_LO_sadtalker,data\synthetic\track3_fakes\videos\FAKE_T3_1041_IEO_FEA_LO__AUDIO_1041_IEO_HAP_LO_sadtalker.mp4,1,done,sadtalker,1041,IEO,fear,happy,yes
FAKE_T3_1041_IEO_SAD_MD__AUDIO_1041_IEO_ANG_MD_sadtalker,data\synthetic\track3_fakes\videos\FAKE_T3_1041_IEO_SAD_MD__AUDIO_1041_IEO_ANG_MD_sadtalker.mp4,1,done,sadtalker,1041,IEO,sad,angry,yes
FAKE_T3_1041_IOM_DIS_XX__AUDIO_1041_IOM_FEA_XX_sadtalker,data\synthetic\track3_fakes\videos\FAKE_T3_1041_IOM_DIS_XX__AUDIO_1041_IOM_FEA_XX_sadtalker.mp4,1,done,sadtalker,1041,IOM,disgust,fear,yes
FAKE_T3_1041_IOM_FEA_XX__AUDIO_1041_IOM_HAP_XX_sadtalker,data\synthetic\track3_fakes\videos\FAKE_T3_1041_IOM_FEA_XX__AUDIO_1041_IOM_HAP_XX_sadtalker.mp4,1,done,sadtalker,1041,IOM,fear,happy,yes
FAKE_T3_1041_ITH_HAP_XX__AUDIO_1041_ITH_NEU_XX_sadtalker,data\synthetic\track3_fakes\videos\FAKE_T3_1041_ITH_HAP_XX__AUDIO_1041_ITH_NEU_XX_sadtalker.mp4,1,done,sadtalker,1041,ITH,happy,neutral,yes
FAKE_T3_1041_ITS_DIS_XX__AUDIO_1041_ITS_FEA_XX_sadtalker,data\synthetic\track3_fakes\videos\FAKE_T3_1041_ITS_DIS_XX__AUDIO_1041_ITS_FEA_XX_sadtalker.mp4,1,done,sadtalker,1041,ITS,disgust,fear,yes
FAKE_T3_1041_ITS_FEA_XX__AUDIO_1041_ITS_HAP_XX_sadtalker,data\synthetic\track3_fakes\videos\FAKE_T3_1041_ITS_FEA_XX__AUDIO_1041_ITS_HAP_XX_sadtalker.mp4,1,done,sadtalker,1041,ITS,fear,happy,yes
FAKE_T3_1041_ITS_HAP_XX__AUDIO_1041_ITS_NEU_XX_sadtalker,data\synthetic\track3_fakes\videos\FAKE_T3_1041_ITS_HAP_XX__AUDIO_1041_ITS_NEU_XX_sadtalker.mp4,1,done,sadtalker,1041,ITS,happy,neutral,yes
FAKE_T3_1041_IWL_ANG_XX__AUDIO_1041_IWL_DIS_XX_sadtalker,data\synthetic\track3_fakes\videos\FAKE_T3_1041_IWL_ANG_XX__AUDIO_1041_IWL_DIS_XX_sadtalker.mp4,1,done,sadtalker,1041,IWL,angry,disgust,yes
FAKE_T3_1041_IWL_DIS_XX__AUDIO_1041_IWL_FEA_XX_sadtalker,data\synthetic\track3_fakes\videos\FAKE_T3_1041_IWL_DIS_XX__AUDIO_1041_IWL_FEA_XX_sadtalker.mp4,1,done,sadtalker,1041,IWL,disgust,fear,yes
FAKE_T3_1041_IWL_FEA_XX__AUDIO_1041_IWL_HAP_XX_sadtalker,data\synthetic\track3_fakes\videos\FAKE_T3_1041_IWL_FEA_XX__AUDIO_1041_IWL_HAP_XX_sadtalker.mp4,1,done,sadtalker,1041,IWL,fear,happy,yes
FAKE_T3_1041_IWL_HAP_XX__AUDIO_1041_IWL_NEU_XX_sadtalker,data\synthetic\track3_fakes\videos\FAKE_T3_1041_IWL_HAP_XX__AUDIO_1041_IWL_NEU_XX_sadtalker.mp4,1,done,sadtalker,1041,IWL,happy,neutral,yes
FAKE_T3_1041_IWW_ANG_XX__AUDIO_1041_IWW_DIS_XX_sadtalker,data\synthetic\track3_fakes\videos\FAKE_T3_1041_IWW_ANG_XX__AUDIO_1041_IWW_DIS_XX_sadtalker.mp4,1,done,sadtalker,1041,IWW,angry,disgust,yes
FAKE_T3_1041_IWW_DIS_XX__AUDIO_1041_IWW_FEA_XX_sadtalker,data\synthetic\track3_fakes\videos\FAKE_T3_1041_IWW_DIS_XX__AUDIO_1041_IWW_FEA_XX_sadtalker.mp4,1,done,sadtalker,1041,IWW,disgust,fear,yes
FAKE_T3_1041_IWW_FEA_XX__AUDIO_1041_IWW_HAP_XX_sadtalker,data\synthetic\track3_fakes\videos\FAKE_T3_1041_IWW_FEA_XX__AUDIO_1041_IWW_HAP_XX_sadtalker.mp4,1,done,sadtalker,1041,IWW,fear,happy,yes
FAKE_T3_1041_IWW_HAP_XX__AUDIO_1041_IWW_NEU_XX_sadtalker,data\synthetic\track3_fakes\videos\FAKE_T3_1041_IWW_HAP_XX__AUDIO_1041_IWW_NEU_XX_sadtalker.mp4,1,done,sadtalker,1041,IWW,happy,neutral,yes
FAKE_T3_1041_IWW_NEU_XX__AUDIO_1041_IWW_SAD_XX_sadtalker,data\synthetic\track3_fakes\videos\FAKE_T3_1041_IWW_NEU_XX__AUDIO_1041_IWW_SAD_XX_sadtalker.mp4,1,done,sadtalker,1041,IWW,neutral,sad,yes
FAKE_T3_1041_MTI_ANG_XX__AUDIO_1041_MTI_DIS_XX_sadtalker,data\synthetic\track3_fakes\videos\FAKE_T3_1041_MTI_ANG_XX__AUDIO_1041_MTI_DIS_XX_sadtalker.mp4,1,done,sadtalker,1041,MTI,angry,disgust,yes
FAKE_T3_1041_MTI_FEA_XX__AUDIO_1041_MTI_HAP_XX_sadtalker,data\synthetic\track3_fakes\videos\FAKE_T3_1041_MTI_FEA_XX__AUDIO_1041_MTI_HAP_XX_sadtalker.mp4,1,done,sadtalker,1041,MTI,fear,happy,yes
FAKE_T3_1041_MTI_NEU_XX__AUDIO_1041_MTI_SAD_XX_sadtalker,data\synthetic\track3_fakes\videos\FAKE_T3_1041_MTI_NEU_XX__AUDIO_1041_MTI_SAD_XX_sadtalker.mp4,1,done,sadtalker,1041,MTI,neutral,sad,yes
FAKE_T3_1041_TAI_ANG_XX__AUDIO_1041_TAI_DIS_XX_sadtalker,data\synthetic\track3_fakes\videos\FAKE_T3_1041_TAI_ANG_XX__AUDIO_1041_TAI_DIS_XX_sadtalker.mp4,1,done,sadtalker,1041,TAI,angry,disgust,yes
FAKE_T3_1041_TAI_DIS_XX__AUDIO_1041_TAI_FEA_XX_sadtalker,data\synthetic\track3_fakes\videos\FAKE_T3_1041_TAI_DIS_XX__AUDIO_1041_TAI_FEA_XX_sadtalker.mp4,1,done,sadtalker,1041,TAI,disgust,fear,yes
FAKE_T3_1041_TAI_FEA_XX__AUDIO_1041_TAI_HAP_XX_sadtalker,data\synthetic\track3_fakes\videos\FAKE_T3_1041_TAI_FEA_XX__AUDIO_1041_TAI_HAP_XX_sadtalker.mp4,1,done,sadtalker,1041,TAI,fear,happy,yes
FAKE_T3_1041_TAI_NEU_XX__AUDIO_1041_TAI_SAD_XX_sadtalker,data\synthetic\track3_fakes\videos\FAKE_T3_1041_TAI_NEU_XX__AUDIO_1041_TAI_SAD_XX_sadtalker.mp4,1,done,sadtalker,1041,TAI,neutral,sad,yes
FAKE_T3_1041_TAI_SAD_XX__AUDIO_1041_TAI_ANG_XX_sadtalker,data\synthetic\track3_fakes\videos\FAKE_T3_1041_TAI_SAD_XX__AUDIO_1041_TAI_ANG_XX_sadtalker.mp4,1,done,sadtalker,1041,TAI,sad,angry,yes
FAKE_T3_1041_TIE_ANG_XX__AUDIO_1041_TIE_DIS_XX_sadtalker,data\synthetic\track3_fakes\videos\FAKE_T3_1041_TIE_ANG_XX__AUDIO_1041_TIE_DIS_XX_sadtalker.mp4,1,done,sadtalker,1041,TIE,angry,disgust,yes
FAKE_T3_1041_TIE_DIS_XX__AUDIO_1041_TIE_FEA_XX_sadtalker,data\synthetic\track3_fakes\videos\FAKE_T3_1041_TIE_DIS_XX__AUDIO_1041_TIE_FEA_XX_sadtalker.mp4,1,done,sadtalker,1041,TIE,disgust,fear,yes
FAKE_T3_1041_TIE_SAD_XX__AUDIO_1041_TIE_ANG_XX_sadtalker,data\synthetic\track3_fakes\videos\FAKE_T3_1041_TIE_SAD_XX__AUDIO_1041_TIE_ANG_XX_sadtalker.mp4,1,done,sadtalker,1041,TIE,sad,angry,yes
FAKE_T3_1041_TSI_ANG_XX__AUDIO_1041_TSI_DIS_XX_sadtalker,data\synthetic\track3_fakes\videos\FAKE_T3_1041_TSI_ANG_XX__AUDIO_1041_TSI_DIS_XX_sadtalker.mp4,1,done,sadtalker,1041,TSI,angry,disgust,yes
FAKE_T3_1041_TSI_DIS_XX__AUDIO_1041_TSI_FEA_XX_sadtalker,data\synthetic\track3_fakes\videos\FAKE_T3_1041_TSI_DIS_XX__AUDIO_1041_TSI_FEA_XX_sadtalker.mp4,1,done,sadtalker,1041,TSI,disgust,fear,yes
FAKE_T3_1041_TSI_FEA_XX__AUDIO_1041_TSI_HAP_XX_sadtalker,data\synthetic\track3_fakes\videos\FAKE_T3_1041_TSI_FEA_XX__AUDIO_1041_TSI_HAP_XX_sadtalker.mp4,1,done,sadtalker,1041,TSI,fear,happy,yes
FAKE_T3_1041_TSI_NEU_XX__AUDIO_1041_TSI_SAD_XX_sadtalker,data\synthetic\track3_fakes\videos\FAKE_T3_1041_TSI_NEU_XX__AUDIO_1041_TSI_SAD_XX_sadtalker.mp4,1,done,sadtalker,1041,TSI,neutral,sad,yes
FAKE_T3_1041_WSI_DIS_XX__AUDIO_1041_WSI_FEA_XX_sadtalker,data\synthetic\track3_fakes\videos\FAKE_T3_1041_WSI_DIS_XX__AUDIO_1041_WSI_FEA_XX_sadtalker.mp4,1,done,sadtalker,1041,WSI,disgust,fear,yes
FAKE_T3_1041_WSI_FEA_XX__AUDIO_1041_WSI_HAP_XX_sadtalker,data\synthetic\track3_fakes\videos\FAKE_T3_1041_WSI_FEA_XX__AUDIO_1041_WSI_HAP_XX_sadtalker.mp4,1,done,sadtalker,1041,WSI,fear,happy,yes
FAKE_T3_1041_WSI_NEU_XX__AUDIO_1041_WSI_SAD_XX_sadtalker,data\synthetic\track3_fakes\videos\FAKE_T3_1041_WSI_NEU_XX__AUDIO_1041_WSI_SAD_XX_sadtalker.mp4,1,done,sadtalker,1041,WSI,neutral,sad,yes
FAKE_T3_1042_DFA_ANG_XX__AUDIO_1042_DFA_DIS_XX_sadtalker,data\synthetic\track3_fakes\videos\FAKE_T3_1042_DFA_ANG_XX__AUDIO_1042_DFA_DIS_XX_sadtalker.mp4,1,done,sadtalker,1042,DFA,angry,disgust,yes
FAKE_T3_1042_DFA_FEA_XX__AUDIO_1042_DFA_HAP_XX_sadtalker,data\synthetic\track3_fakes\videos\FAKE_T3_1042_DFA_FEA_XX__AUDIO_1042_DFA_HAP_XX_sadtalker.mp4,1,done,sadtalker,1042,DFA,fear,happy,yes
FAKE_T3_1042_DFA_NEU_XX__AUDIO_1042_DFA_SAD_XX_sadtalker,data\synthetic\track3_fakes\videos\FAKE_T3_1042_DFA_NEU_XX__AUDIO_1042_DFA_SAD_XX_sadtalker.mp4,1,done,sadtalker,1042,DFA,neutral,sad,yes
FAKE_T3_1042_IEO_ANG_HI__AUDIO_1042_IEO_DIS_HI_sadtalker,data\synthetic\track3_fakes\videos\FAKE_T3_1042_IEO_ANG_HI__AUDIO_1042_IEO_DIS_HI_sadtalker.mp4,1,done,sadtalker,1042,IEO,angry,disgust,yes
FAKE_T3_1042_IEO_ANG_LO__AUDIO_1042_IEO_DIS_LO_sadtalker,data\synthetic\track3_fakes\videos\FAKE_T3_1042_IEO_ANG_LO__AUDIO_1042_IEO_DIS_LO_sadtalker.mp4,1,done,sadtalker,1042,IEO,angry,disgust,yes
FAKE_T3_1042_IEO_ANG_MD__AUDIO_1042_IEO_DIS_MD_sadtalker,data\synthetic\track3_fakes\videos\FAKE_T3_1042_IEO_ANG_MD__AUDIO_1042_IEO_DIS_MD_sadtalker.mp4,1,done,sadtalker,1042,IEO,angry,disgust,yes
FAKE_T3_1042_IEO_FEA_LO__AUDIO_1042_IEO_HAP_LO_sadtalker,data\synthetic\track3_fakes\videos\FAKE_T3_1042_IEO_FEA_LO__AUDIO_1042_IEO_HAP_LO_sadtalker.mp4,1,done,sadtalker,1042,IEO,fear,happy,yes
FAKE_T3_1042_IEO_FEA_MD__AUDIO_1042_IEO_HAP_MD_sadtalker,data\synthetic\track3_fakes\videos\FAKE_T3_1042_IEO_FEA_MD__AUDIO_1042_IEO_HAP_MD_sadtalker.mp4,1,done,sadtalker,1042,IEO,fear,happy,yes
FAKE_T3_1042_IEO_HAP_LO__AUDIO_1042_IEO_NEU_XX_sadtalker,data\synthetic\track3_fakes\videos\FAKE_T3_1042_IEO_HAP_LO__AUDIO_1042_IEO_NEU_XX_sadtalker.mp4,1,done,sadtalker,1042,IEO,happy,neutral,yes
FAKE_T3_1042_IEO_NEU_XX__AUDIO_1042_IEO_SAD_HI_sadtalker,data\synthetic\track3_fakes\videos\FAKE_T3_1042_IEO_NEU_XX__AUDIO_1042_IEO_SAD_HI_sadtalker.mp4,1,done,sadtalker,1042,IEO,neutral,sad,yes
FAKE_T3_1042_IEO_SAD_HI__AUDIO_1042_IEO_ANG_HI_sadtalker,data\synthetic\track3_fakes\videos\FAKE_T3_1042_IEO_SAD_HI__AUDIO_1042_IEO_ANG_HI_sadtalker.mp4,1,done,sadtalker,1042,IEO,sad,angry,yes
FAKE_T3_1042_IEO_SAD_LO__AUDIO_1042_IEO_ANG_LO_sadtalker,data\synthetic\track3_fakes\videos\FAKE_T3_1042_IEO_SAD_LO__AUDIO_1042_IEO_ANG_LO_sadtalker.mp4,1,done,sadtalker,1042,IEO,sad,angry,yes
FAKE_T3_1042_IEO_SAD_MD__AUDIO_1042_IEO_ANG_MD_sadtalker,data\synthetic\track3_fakes\videos\FAKE_T3_1042_IEO_SAD_MD__AUDIO_1042_IEO_ANG_MD_sadtalker.mp4,1,done,sadtalker,1042,IEO,sad,angry,yes
FAKE_T3_1042_IOM_FEA_XX__AUDIO_1042_IOM_HAP_XX_sadtalker,data\synthetic\track3_fakes\videos\FAKE_T3_1042_IOM_FEA_XX__AUDIO_1042_IOM_HAP_XX_sadtalker.mp4,1,done,sadtalker,1042,IOM,fear,happy,yes
FAKE_T3_1042_IOM_HAP_XX__AUDIO_1042_IOM_NEU_XX_sadtalker,data\synthetic\track3_fakes\videos\FAKE_T3_1042_IOM_HAP_XX__AUDIO_1042_IOM_NEU_XX_sadtalker.mp4,1,done,sadtalker,1042,IOM,happy,neutral,yes
FAKE_T3_1042_IOM_NEU_XX__AUDIO_1042_IOM_SAD_XX_sadtalker,data\synthetic\track3_fakes\videos\FAKE_T3_1042_IOM_NEU_XX__AUDIO_1042_IOM_SAD_XX_sadtalker.mp4,1,done,sadtalker,1042,IOM,neutral,sad,yes
FAKE_T3_1042_IOM_SAD_XX__AUDIO_1042_IOM_ANG_XX_sadtalker,data\synthetic\track3_fakes\videos\FAKE_T3_1042_IOM_SAD_XX__AUDIO_1042_IOM_ANG_XX_sadtalker.mp4,1,done,sadtalker,1042,IOM,sad,angry,yes
FAKE_T3_1042_ITH_DIS_XX__AUDIO_1042_ITH_FEA_XX_sadtalker,data\synthetic\track3_fakes\videos\FAKE_T3_1042_ITH_DIS_XX__AUDIO_1042_ITH_FEA_XX_sadtalker.mp4,1,done,sadtalker,1042,ITH,disgust,fear,yes
FAKE_T3_1042_ITS_DIS_XX__AUDIO_1042_ITS_FEA_XX_sadtalker,data\synthetic\track3_fakes\videos\FAKE_T3_1042_ITS_DIS_XX__AUDIO_1042_ITS_FEA_XX_sadtalker.mp4,1,done,sadtalker,1042,ITS,disgust,fear,yes
FAKE_T3_1042_ITS_FEA_XX__AUDIO_1042_ITS_HAP_XX_sadtalker,data\synthetic\track3_fakes\videos\FAKE_T3_1042_ITS_FEA_XX__AUDIO_1042_ITS_HAP_XX_sadtalker.mp4,1,done,sadtalker,1042,ITS,fear,happy,yes
FAKE_T3_1042_ITS_HAP_XX__AUDIO_1042_ITS_NEU_XX_sadtalker,data\synthetic\track3_fakes\videos\FAKE_T3_1042_ITS_HAP_XX__AUDIO_1042_ITS_NEU_XX_sadtalker.mp4,1,done,sadtalker,1042,ITS,happy,neutral,yes
FAKE_T3_1042_ITS_SAD_XX__AUDIO_1042_ITS_ANG_XX_sadtalker,data\synthetic\track3_fakes\videos\FAKE_T3_1042_ITS_SAD_XX__AUDIO_1042_ITS_ANG_XX_sadtalker.mp4,1,done,sadtalker,1042,ITS,sad,angry,yes
FAKE_T3_1042_IWW_DIS_XX__AUDIO_1042_IWW_FEA_XX_sadtalker,data\synthetic\track3_fakes\videos\FAKE_T3_1042_IWW_DIS_XX__AUDIO_1042_IWW_FEA_XX_sadtalker.mp4,1,done,sadtalker,1042,IWW,disgust,fear,yes
FAKE_T3_1042_IWW_HAP_XX__AUDIO_1042_IWW_NEU_XX_sadtalker,data\synthetic\track3_fakes\videos\FAKE_T3_1042_IWW_HAP_XX__AUDIO_1042_IWW_NEU_XX_sadtalker.mp4,1,done,sadtalker,1042,IWW,happy,neutral,yes
FAKE_T3_1042_IWW_SAD_XX__AUDIO_1042_IWW_ANG_XX_sadtalker,data\synthetic\track3_fakes\videos\FAKE_T3_1042_IWW_SAD_XX__AUDIO_1042_IWW_ANG_XX_sadtalker.mp4,1,done,sadtalker,1042,IWW,sad,angry,yes
FAKE_T3_1042_MTI_ANG_XX__AUDIO_1042_MTI_DIS_XX_sadtalker,data\synthetic\track3_fakes\videos\FAKE_T3_1042_MTI_ANG_XX__AUDIO_1042_MTI_DIS_XX_sadtalker.mp4,1,done,sadtalker,1042,MTI,angry,disgust,yes
FAKE_T3_1042_MTI_FEA_XX__AUDIO_1042_MTI_HAP_XX_sadtalker,data\synthetic\track3_fakes\videos\FAKE_T3_1042_MTI_FEA_XX__AUDIO_1042_MTI_HAP_XX_sadtalker.mp4,1,done,sadtalker,1042,MTI,fear,happy,yes
FAKE_T3_1042_MTI_HAP_XX__AUDIO_1042_MTI_NEU_XX_sadtalker,data\synthetic\track3_fakes\videos\FAKE_T3_1042_MTI_HAP_XX__AUDIO_1042_MTI_NEU_XX_sadtalker.mp4,1,done,sadtalker,1042,MTI,happy,neutral,yes
FAKE_T3_1042_MTI_SAD_XX__AUDIO_1042_MTI_ANG_XX_sadtalker,data\synthetic\track3_fakes\videos\FAKE_T3_1042_MTI_SAD_XX__AUDIO_1042_MTI_ANG_XX_sadtalker.mp4,1,done,sadtalker,1042,MTI,sad,angry,yes
FAKE_T3_1042_TAI_ANG_XX__AUDIO_1042_TAI_DIS_XX_sadtalker,data\synthetic\track3_fakes\videos\FAKE_T3_1042_TAI_ANG_XX__AUDIO_1042_TAI_DIS_XX_sadtalker.mp4,1,done,sadtalker,1042,TAI,angry,disgust,yes
FAKE_T3_1042_TAI_SAD_XX__AUDIO_1042_TAI_ANG_XX_sadtalker,data\synthetic\track3_fakes\videos\FAKE_T3_1042_TAI_SAD_XX__AUDIO_1042_TAI_ANG_XX_sadtalker.mp4,1,done,sadtalker,1042,TAI,sad,angry,yes
FAKE_T3_1042_TIE_ANG_XX__AUDIO_1042_TIE_DIS_XX_sadtalker,data\synthetic\track3_fakes\videos\FAKE_T3_1042_TIE_ANG_XX__AUDIO_1042_TIE_DIS_XX_sadtalker.mp4,1,done,sadtalker,1042,TIE,angry,disgust,yes
FAKE_T3_1042_TIE_FEA_XX__AUDIO_1042_TIE_HAP_XX_sadtalker,data\synthetic\track3_fakes\videos\FAKE_T3_1042_TIE_FEA_XX__AUDIO_1042_TIE_HAP_XX_sadtalker.mp4,1,done,sadtalker,1042,TIE,fear,happy,yes
FAKE_T3_1042_TIE_NEU_XX__AUDIO_1042_TIE_SAD_XX_sadtalker,data\synthetic\track3_fakes\videos\FAKE_T3_1042_TIE_NEU_XX__AUDIO_1042_TIE_SAD_XX_sadtalker.mp4,1,done,sadtalker,1042,TIE,neutral,sad,yes
FAKE_T3_1042_TSI_ANG_XX__AUDIO_1042_TSI_DIS_XX_sadtalker,data\synthetic\track3_fakes\videos\FAKE_T3_1042_TSI_ANG_XX__AUDIO_1042_TSI_DIS_XX_sadtalker.mp4,1,done,sadtalker,1042,TSI,angry,disgust,yes
FAKE_T3_1042_TSI_DIS_XX__AUDIO_1042_TSI_FEA_XX_sadtalker,data\synthetic\track3_fakes\videos\FAKE_T3_1042_TSI_DIS_XX__AUDIO_1042_TSI_FEA_XX_sadtalker.mp4,1,done,sadtalker,1042,TSI,disgust,fear,yes
FAKE_T3_1042_TSI_FEA_XX__AUDIO_1042_TSI_HAP_XX_sadtalker,data\synthetic\track3_fakes\videos\FAKE_T3_1042_TSI_FEA_XX__AUDIO_1042_TSI_HAP_XX_sadtalker.mp4,1,done,sadtalker,1042,TSI,fear,happy,yes
FAKE_T3_1042_TSI_HAP_XX__AUDIO_1042_TSI_NEU_XX_sadtalker,data\synthetic\track3_fakes\videos\FAKE_T3_1042_TSI_HAP_XX__AUDIO_1042_TSI_NEU_XX_sadtalker.mp4,1,done,sadtalker,1042,TSI,happy,neutral,yes
FAKE_T3_1042_TSI_SAD_XX__AUDIO_1042_TSI_ANG_XX_sadtalker,data\synthetic\track3_fakes\videos\FAKE_T3_1042_TSI_SAD_XX__AUDIO_1042_TSI_ANG_XX_sadtalker.mp4,1,done,sadtalker,1042,TSI,sad,angry,yes
FAKE_T3_1042_WSI_ANG_XX__AUDIO_1042_WSI_DIS_XX_sadtalker,data\synthetic\track3_fakes\videos\FAKE_T3_1042_WSI_ANG_XX__AUDIO_1042_WSI_DIS_XX_sadtalker.mp4,1,done,sadtalker,1042,WSI,angry,disgust,yes
FAKE_T3_1042_WSI_NEU_XX__AUDIO_1042_WSI_SAD_XX_sadtalker,data\synthetic\track3_fakes\videos\FAKE_T3_1042_WSI_NEU_XX__AUDIO_1042_WSI_SAD_XX_sadtalker.mp4,1,done,sadtalker,1042,WSI,neutral,sad,yes
FAKE_T3_1043_DFA_DIS_XX__AUDIO_1043_DFA_FEA_XX_sadtalker,data\synthetic\track3_fakes\videos\FAKE_T3_1043_DFA_DIS_XX__AUDIO_1043_DFA_FEA_XX_sadtalker.mp4,1,done,sadtalker,1043,DFA,disgust,fear,yes
FAKE_T3_1043_DFA_NEU_XX__AUDIO_1043_DFA_SAD_XX_sadtalker,data\synthetic\track3_fakes\videos\FAKE_T3_1043_DFA_NEU_XX__AUDIO_1043_DFA_SAD_XX_sadtalker.mp4,1,done,sadtalker,1043,DFA,neutral,sad,yes
FAKE_T3_1043_DFA_SAD_XX__AUDIO_1043_DFA_ANG_XX_sadtalker,data\synthetic\track3_fakes\videos\FAKE_T3_1043_DFA_SAD_XX__AUDIO_1043_DFA_ANG_XX_sadtalker.mp4,1,done,sadtalker,1043,DFA,sad,angry,yes
FAKE_T3_1043_IEO_DIS_HI__AUDIO_1043_IEO_FEA_HI_sadtalker,data\synthetic\track3_fakes\videos\FAKE_T3_1043_IEO_DIS_HI__AUDIO_1043_IEO_FEA_HI_sadtalker.mp4,1,done,sadtalker,1043,IEO,disgust,fear,yes
FAKE_T3_1043_IEO_DIS_LO__AUDIO_1043_IEO_FEA_LO_sadtalker,data\synthetic\track3_fakes\videos\FAKE_T3_1043_IEO_DIS_LO__AUDIO_1043_IEO_FEA_LO_sadtalker.mp4,1,done,sadtalker,1043,IEO,disgust,fear,yes
FAKE_T3_1043_IEO_FEA_HI__AUDIO_1043_IEO_HAP_HI_sadtalker,data\synthetic\track3_fakes\videos\FAKE_T3_1043_IEO_FEA_HI__AUDIO_1043_IEO_HAP_HI_sadtalker.mp4,1,done,sadtalker,1043,IEO,fear,happy,yes
FAKE_T3_1043_IEO_FEA_MD__AUDIO_1043_IEO_HAP_MD_sadtalker,data\synthetic\track3_fakes\videos\FAKE_T3_1043_IEO_FEA_MD__AUDIO_1043_IEO_HAP_MD_sadtalker.mp4,1,done,sadtalker,1043,IEO,fear,happy,yes
FAKE_T3_1043_IEO_SAD_HI__AUDIO_1043_IEO_ANG_HI_sadtalker,data\synthetic\track3_fakes\videos\FAKE_T3_1043_IEO_SAD_HI__AUDIO_1043_IEO_ANG_HI_sadtalker.mp4,1,done,sadtalker,1043,IEO,sad,angry,yes
FAKE_T3_1043_IEO_SAD_LO__AUDIO_1043_IEO_ANG_LO_sadtalker,data\synthetic\track3_fakes\videos\FAKE_T3_1043_IEO_SAD_LO__AUDIO_1043_IEO_ANG_LO_sadtalker.mp4,1,done,sadtalker,1043,IEO,sad,angry,yes
FAKE_T3_1043_IEO_SAD_MD__AUDIO_1043_IEO_ANG_MD_sadtalker,data\synthetic\track3_fakes\videos\FAKE_T3_1043_IEO_SAD_MD__AUDIO_1043_IEO_ANG_MD_sadtalker.mp4,1,done,sadtalker,1043,IEO,sad,angry,yes
FAKE_T3_1043_IOM_FEA_XX__AUDIO_1043_IOM_HAP_XX_sadtalker,data\synthetic\track3_fakes\videos\FAKE_T3_1043_IOM_FEA_XX__AUDIO_1043_IOM_HAP_XX_sadtalker.mp4,1,done,sadtalker,1043,IOM,fear,happy,yes
FAKE_T3_1043_IOM_SAD_XX__AUDIO_1043_IOM_ANG_XX_sadtalker,data\synthetic\track3_fakes\videos\FAKE_T3_1043_IOM_SAD_XX__AUDIO_1043_IOM_ANG_XX_sadtalker.mp4,1,done,sadtalker,1043,IOM,sad,angry,yes
FAKE_T3_1043_ITH_ANG_XX__AUDIO_1043_ITH_DIS_XX_sadtalker,data\synthetic\track3_fakes\videos\FAKE_T3_1043_ITH_ANG_XX__AUDIO_1043_ITH_DIS_XX_sadtalker.mp4,1,done,sadtalker,1043,ITH,angry,disgust,yes
FAKE_T3_1043_ITH_DIS_XX__AUDIO_1043_ITH_FEA_XX_sadtalker,data\synthetic\track3_fakes\videos\FAKE_T3_1043_ITH_DIS_XX__AUDIO_1043_ITH_FEA_XX_sadtalker.mp4,1,done,sadtalker,1043,ITH,disgust,fear,yes
FAKE_T3_1043_ITH_SAD_XX__AUDIO_1043_ITH_ANG_XX_sadtalker,data\synthetic\track3_fakes\videos\FAKE_T3_1043_ITH_SAD_XX__AUDIO_1043_ITH_ANG_XX_sadtalker.mp4,1,done,sadtalker,1043,ITH,sad,angry,yes
FAKE_T3_1043_ITS_ANG_XX__AUDIO_1043_ITS_DIS_XX_sadtalker,data\synthetic\track3_fakes\videos\FAKE_T3_1043_ITS_ANG_XX__AUDIO_1043_ITS_DIS_XX_sadtalker.mp4,1,done,sadtalker,1043,ITS,angry,disgust,yes
FAKE_T3_1043_ITS_FEA_XX__AUDIO_1043_ITS_HAP_XX_sadtalker,data\synthetic\track3_fakes\videos\FAKE_T3_1043_ITS_FEA_XX__AUDIO_1043_ITS_HAP_XX_sadtalker.mp4,1,done,sadtalker,1043,ITS,fear,happy,yes
FAKE_T3_1043_ITS_HAP_XX__AUDIO_1043_ITS_NEU_XX_sadtalker,data\synthetic\track3_fakes\videos\FAKE_T3_1043_ITS_HAP_XX__AUDIO_1043_ITS_NEU_XX_sadtalker.mp4,1,done,sadtalker,1043,ITS,happy,neutral,yes
FAKE_T3_1043_ITS_SAD_XX__AUDIO_1043_ITS_ANG_XX_sadtalker,data\synthetic\track3_fakes\videos\FAKE_T3_1043_ITS_SAD_XX__AUDIO_1043_ITS_ANG_XX_sadtalker.mp4,1,done,sadtalker,1043,ITS,sad,angry,yes
FAKE_T3_1043_IWL_FEA_XX__AUDIO_1043_IWL_HAP_XX_sadtalker,data\synthetic\track3_fakes\videos\FAKE_T3_1043_IWL_FEA_XX__AUDIO_1043_IWL_HAP_XX_sadtalker.mp4,1,done,sadtalker,1043,IWL,fear,happy,yes
FAKE_T3_1043_IWL_NEU_XX__AUDIO_1043_IWL_SAD_XX_sadtalker,data\synthetic\track3_fakes\videos\FAKE_T3_1043_IWL_NEU_XX__AUDIO_1043_IWL_SAD_XX_sadtalker.mp4,1,done,sadtalker,1043,IWL,neutral,sad,yes
FAKE_T3_1043_IWL_SAD_XX__AUDIO_1043_IWL_ANG_XX_sadtalker,data\synthetic\track3_fakes\videos\FAKE_T3_1043_IWL_SAD_XX__AUDIO_1043_IWL_ANG_XX_sadtalker.mp4,1,done,sadtalker,1043,IWL,sad,angry,yes
FAKE_T3_1043_IWW_DIS_XX__AUDIO_1043_IWW_FEA_XX_sadtalker,data\synthetic\track3_fakes\videos\FAKE_T3_1043_IWW_DIS_XX__AUDIO_1043_IWW_FEA_XX_sadtalker.mp4,1,done,sadtalker,1043,IWW,disgust,fear,yes
FAKE_T3_1043_IWW_FEA_XX__AUDIO_1043_IWW_HAP_XX_sadtalker,data\synthetic\track3_fakes\videos\FAKE_T3_1043_IWW_FEA_XX__AUDIO_1043_IWW_HAP_XX_sadtalker.mp4,1,done,sadtalker,1043,IWW,fear,happy,yes
FAKE_T3_1043_IWW_HAP_XX__AUDIO_1043_IWW_NEU_XX_sadtalker,data\synthetic\track3_fakes\videos\FAKE_T3_1043_IWW_HAP_XX__AUDIO_1043_IWW_NEU_XX_sadtalker.mp4,1,done,sadtalker,1043,IWW,happy,neutral,yes
FAKE_T3_1043_IWW_SAD_XX__AUDIO_1043_IWW_ANG_XX_sadtalker,data\synthetic\track3_fakes\videos\FAKE_T3_1043_IWW_SAD_XX__AUDIO_1043_IWW_ANG_XX_sadtalker.mp4,1,done,sadtalker,1043,IWW,sad,angry,yes
FAKE_T3_1043_MTI_ANG_XX__AUDIO_1043_MTI_DIS_XX_sadtalker,data\synthetic\track3_fakes\videos\FAKE_T3_1043_MTI_ANG_XX__AUDIO_1043_MTI_DIS_XX_sadtalker.mp4,1,done,sadtalker,1043,MTI,angry,disgust,yes
FAKE_T3_1043_MTI_FEA_XX__AUDIO_1043_MTI_HAP_XX_sadtalker,data\synthetic\track3_fakes\videos\FAKE_T3_1043_MTI_FEA_XX__AUDIO_1043_MTI_HAP_XX_sadtalker.mp4,1,done,sadtalker,1043,MTI,fear,happy,yes
FAKE_T3_1043_MTI_SAD_XX__AUDIO_1043_MTI_ANG_XX_sadtalker,data\synthetic\track3_fakes\videos\FAKE_T3_1043_MTI_SAD_XX__AUDIO_1043_MTI_ANG_XX_sadtalker.mp4,1,done,sadtalker,1043,MTI,sad,angry,yes
FAKE_T3_1043_TAI_DIS_XX__AUDIO_1043_TAI_FEA_XX_sadtalker,data\synthetic\track3_fakes\videos\FAKE_T3_1043_TAI_DIS_XX__AUDIO_1043_TAI_FEA_XX_sadtalker.mp4,1,done,sadtalker,1043,TAI,disgust,fear,yes
FAKE_T3_1043_TAI_HAP_XX__AUDIO_1043_TAI_NEU_XX_sadtalker,data\synthetic\track3_fakes\videos\FAKE_T3_1043_TAI_HAP_XX__AUDIO_1043_TAI_NEU_XX_sadtalker.mp4,1,done,sadtalker,1043,TAI,happy,neutral,yes
FAKE_T3_1043_TAI_NEU_XX__AUDIO_1043_TAI_SAD_XX_sadtalker,data\synthetic\track3_fakes\videos\FAKE_T3_1043_TAI_NEU_XX__AUDIO_1043_TAI_SAD_XX_sadtalker.mp4,1,done,sadtalker,1043,TAI,neutral,sad,yes
FAKE_T3_1043_TAI_SAD_XX__AUDIO_1043_TAI_ANG_XX_sadtalker,data\synthetic\track3_fakes\videos\FAKE_T3_1043_TAI_SAD_XX__AUDIO_1043_TAI_ANG_XX_sadtalker.mp4,1,done,sadtalker,1043,TAI,sad,angry,yes
FAKE_T3_1043_TIE_ANG_XX__AUDIO_1043_TIE_DIS_XX_sadtalker,data\synthetic\track3_fakes\videos\FAKE_T3_1043_TIE_ANG_XX__AUDIO_1043_TIE_DIS_XX_sadtalker.mp4,1,done,sadtalker,1043,TIE,angry,disgust,yes
FAKE_T3_1043_TIE_DIS_XX__AUDIO_1043_TIE_FEA_XX_sadtalker,data\synthetic\track3_fakes\videos\FAKE_T3_1043_TIE_DIS_XX__AUDIO_1043_TIE_FEA_XX_sadtalker.mp4,1,done,sadtalker,1043,TIE,disgust,fear,yes
FAKE_T3_1043_TIE_HAP_XX__AUDIO_1043_TIE_NEU_XX_sadtalker,data\synthetic\track3_fakes\videos\FAKE_T3_1043_TIE_HAP_XX__AUDIO_1043_TIE_NEU_XX_sadtalker.mp4,1,done,sadtalker,1043,TIE,happy,neutral,yes
FAKE_T3_1043_TIE_NEU_XX__AUDIO_1043_TIE_SAD_XX_sadtalker,data\synthetic\track3_fakes\videos\FAKE_T3_1043_TIE_NEU_XX__AUDIO_1043_TIE_SAD_XX_sadtalker.mp4,1,done,sadtalker,1043,TIE,neutral,sad,yes
FAKE_T3_1043_TSI_DIS_XX__AUDIO_1043_TSI_FEA_XX_sadtalker,data\synthetic\track3_fakes\videos\FAKE_T3_1043_TSI_DIS_XX__AUDIO_1043_TSI_FEA_XX_sadtalker.mp4,1,done,sadtalker,1043,TSI,disgust,fear,yes
FAKE_T3_1043_TSI_NEU_XX__AUDIO_1043_TSI_SAD_XX_sadtalker,data\synthetic\track3_fakes\videos\FAKE_T3_1043_TSI_NEU_XX__AUDIO_1043_TSI_SAD_XX_sadtalker.mp4,1,done,sadtalker,1043,TSI,neutral,sad,yes
FAKE_T3_1043_WSI_ANG_XX__AUDIO_1043_WSI_DIS_XX_sadtalker,data\synthetic\track3_fakes\videos\FAKE_T3_1043_WSI_ANG_XX__AUDIO_1043_WSI_DIS_XX_sadtalker.mp4,1,done,sadtalker,1043,WSI,angry,disgust,yes
FAKE_T3_1043_WSI_FEA_XX__AUDIO_1043_WSI_HAP_XX_sadtalker,data\synthetic\track3_fakes\videos\FAKE_T3_1043_WSI_FEA_XX__AUDIO_1043_WSI_HAP_XX_sadtalker.mp4,1,done,sadtalker,1043,WSI,fear,happy,yes
FAKE_T3_1044_DFA_ANG_XX__AUDIO_1044_DFA_DIS_XX_sadtalker,data\synthetic\track3_fakes\videos\FAKE_T3_1044_DFA_ANG_XX__AUDIO_1044_DFA_DIS_XX_sadtalker.mp4,1,done,sadtalker,1044,DFA,angry,disgust,yes
FAKE_T3_1044_DFA_FEA_XX__AUDIO_1044_DFA_HAP_XX_sadtalker,data\synthetic\track3_fakes\videos\FAKE_T3_1044_DFA_FEA_XX__AUDIO_1044_DFA_HAP_XX_sadtalker.mp4,1,done,sadtalker,1044,DFA,fear,happy,yes
FAKE_T3_1044_DFA_HAP_XX__AUDIO_1044_DFA_NEU_XX_sadtalker,data\synthetic\track3_fakes\videos\FAKE_T3_1044_DFA_HAP_XX__AUDIO_1044_DFA_NEU_XX_sadtalker.mp4,1,done,sadtalker,1044,DFA,happy,neutral,yes
FAKE_T3_1044_DFA_NEU_XX__AUDIO_1044_DFA_SAD_XX_sadtalker,data\synthetic\track3_fakes\videos\FAKE_T3_1044_DFA_NEU_XX__AUDIO_1044_DFA_SAD_XX_sadtalker.mp4,1,done,sadtalker,1044,DFA,neutral,sad,yes
FAKE_T3_1044_IEO_ANG_HI__AUDIO_1044_IEO_DIS_HI_sadtalker,data\synthetic\track3_fakes\videos\FAKE_T3_1044_IEO_ANG_HI__AUDIO_1044_IEO_DIS_HI_sadtalker.mp4,1,done,sadtalker,1044,IEO,angry,disgust,yes
FAKE_T3_1044_IEO_ANG_LO__AUDIO_1044_IEO_DIS_LO_sadtalker,data\synthetic\track3_fakes\videos\FAKE_T3_1044_IEO_ANG_LO__AUDIO_1044_IEO_DIS_LO_sadtalker.mp4,1,done,sadtalker,1044,IEO,angry,disgust,yes
FAKE_T3_1044_IEO_DIS_LO__AUDIO_1044_IEO_FEA_LO_sadtalker,data\synthetic\track3_fakes\videos\FAKE_T3_1044_IEO_DIS_LO__AUDIO_1044_IEO_FEA_LO_sadtalker.mp4,1,done,sadtalker,1044,IEO,disgust,fear,yes
FAKE_T3_1044_IEO_FEA_LO__AUDIO_1044_IEO_HAP_LO_sadtalker,data\synthetic\track3_fakes\videos\FAKE_T3_1044_IEO_FEA_LO__AUDIO_1044_IEO_HAP_LO_sadtalker.mp4,1,done,sadtalker,1044,IEO,fear,happy,yes
FAKE_T3_1044_IEO_HAP_LO__AUDIO_1044_IEO_NEU_XX_sadtalker,data\synthetic\track3_fakes\videos\FAKE_T3_1044_IEO_HAP_LO__AUDIO_1044_IEO_NEU_XX_sadtalker.mp4,1,done,sadtalker,1044,IEO,happy,neutral,yes
FAKE_T3_1044_IEO_HAP_MD__AUDIO_1044_IEO_NEU_XX_sadtalker,data\synthetic\track3_fakes\videos\FAKE_T3_1044_IEO_HAP_MD__AUDIO_1044_IEO_NEU_XX_sadtalker.mp4,1,done,sadtalker,1044,IEO,happy,neutral,yes
FAKE_T3_1044_IEO_NEU_XX__AUDIO_1044_IEO_SAD_HI_sadtalker,data\synthetic\track3_fakes\videos\FAKE_T3_1044_IEO_NEU_XX__AUDIO_1044_IEO_SAD_HI_sadtalker.mp4,1,done,sadtalker,1044,IEO,neutral,sad,yes
FAKE_T3_1044_IEO_SAD_HI__AUDIO_1044_IEO_ANG_HI_sadtalker,data\synthetic\track3_fakes\videos\FAKE_T3_1044_IEO_SAD_HI__AUDIO_1044_IEO_ANG_HI_sadtalker.mp4,1,done,sadtalker,1044,IEO,sad,angry,yes
FAKE_T3_1044_IEO_SAD_MD__AUDIO_1044_IEO_ANG_MD_sadtalker,data\synthetic\track3_fakes\videos\FAKE_T3_1044_IEO_SAD_MD__AUDIO_1044_IEO_ANG_MD_sadtalker.mp4,1,done,sadtalker,1044,IEO,sad,angry,yes
FAKE_T3_1044_IOM_ANG_XX__AUDIO_1044_IOM_DIS_XX_sadtalker,data\synthetic\track3_fakes\videos\FAKE_T3_1044_IOM_ANG_XX__AUDIO_1044_IOM_DIS_XX_sadtalker.mp4,1,done,sadtalker,1044,IOM,angry,disgust,yes
FAKE_T3_1044_ITS_DIS_XX__AUDIO_1044_ITS_FEA_XX_sadtalker,data\synthetic\track3_fakes\videos\FAKE_T3_1044_ITS_DIS_XX__AUDIO_1044_ITS_FEA_XX_sadtalker.mp4,1,done,sadtalker,1044,ITS,disgust,fear,yes
FAKE_T3_1044_ITS_HAP_XX__AUDIO_1044_ITS_NEU_XX_sadtalker,data\synthetic\track3_fakes\videos\FAKE_T3_1044_ITS_HAP_XX__AUDIO_1044_ITS_NEU_XX_sadtalker.mp4,1,done,sadtalker,1044,ITS,happy,neutral,yes
FAKE_T3_1044_ITS_NEU_XX__AUDIO_1044_ITS_SAD_XX_sadtalker,data\synthetic\track3_fakes\videos\FAKE_T3_1044_ITS_NEU_XX__AUDIO_1044_ITS_SAD_XX_sadtalker.mp4,1,done,sadtalker,1044,ITS,neutral,sad,yes
FAKE_T3_1044_IWL_DIS_XX__AUDIO_1044_IWL_FEA_XX_sadtalker,data\synthetic\track3_fakes\videos\FAKE_T3_1044_IWL_DIS_XX__AUDIO_1044_IWL_FEA_XX_sadtalker.mp4,1,done,sadtalker,1044,IWL,disgust,fear,yes
FAKE_T3_1044_IWL_FEA_XX__AUDIO_1044_IWL_HAP_XX_sadtalker,data\synthetic\track3_fakes\videos\FAKE_T3_1044_IWL_FEA_XX__AUDIO_1044_IWL_HAP_XX_sadtalker.mp4,1,done,sadtalker,1044,IWL,fear,happy,yes
FAKE_T3_1044_IWL_HAP_XX__AUDIO_1044_IWL_NEU_XX_sadtalker,data\synthetic\track3_fakes\videos\FAKE_T3_1044_IWL_HAP_XX__AUDIO_1044_IWL_NEU_XX_sadtalker.mp4,1,done,sadtalker,1044,IWL,happy,neutral,yes
FAKE_T3_1044_IWL_SAD_XX__AUDIO_1044_IWL_ANG_XX_sadtalker,data\synthetic\track3_fakes\videos\FAKE_T3_1044_IWL_SAD_XX__AUDIO_1044_IWL_ANG_XX_sadtalker.mp4,1,done,sadtalker,1044,IWL,sad,angry,yes
FAKE_T3_1044_IWW_DIS_XX__AUDIO_1044_IWW_FEA_XX_sadtalker,data\synthetic\track3_fakes\videos\FAKE_T3_1044_IWW_DIS_XX__AUDIO_1044_IWW_FEA_XX_sadtalker.mp4,1,done,sadtalker,1044,IWW,disgust,fear,yes
FAKE_T3_1044_IWW_HAP_XX__AUDIO_1044_IWW_NEU_XX_sadtalker,data\synthetic\track3_fakes\videos\FAKE_T3_1044_IWW_HAP_XX__AUDIO_1044_IWW_NEU_XX_sadtalker.mp4,1,done,sadtalker,1044,IWW,happy,neutral,yes
FAKE_T3_1044_IWW_NEU_XX__AUDIO_1044_IWW_SAD_XX_sadtalker,data\synthetic\track3_fakes\videos\FAKE_T3_1044_IWW_NEU_XX__AUDIO_1044_IWW_SAD_XX_sadtalker.mp4,1,done,sadtalker,1044,IWW,neutral,sad,yes
FAKE_T3_1044_MTI_ANG_XX__AUDIO_1044_MTI_DIS_XX_sadtalker,data\synthetic\track3_fakes\videos\FAKE_T3_1044_MTI_ANG_XX__AUDIO_1044_MTI_DIS_XX_sadtalker.mp4,1,done,sadtalker,1044,MTI,angry,disgust,yes
FAKE_T3_1044_MTI_DIS_XX__AUDIO_1044_MTI_FEA_XX_sadtalker,data\synthetic\track3_fakes\videos\FAKE_T3_1044_MTI_DIS_XX__AUDIO_1044_MTI_FEA_XX_sadtalker.mp4,1,done,sadtalker,1044,MTI,disgust,fear,yes
FAKE_T3_1044_MTI_HAP_XX__AUDIO_1044_MTI_NEU_XX_sadtalker,data\synthetic\track3_fakes\videos\FAKE_T3_1044_MTI_HAP_XX__AUDIO_1044_MTI_NEU_XX_sadtalker.mp4,1,done,sadtalker,1044,MTI,happy,neutral,yes
FAKE_T3_1044_MTI_NEU_XX__AUDIO_1044_MTI_SAD_XX_sadtalker,data\synthetic\track3_fakes\videos\FAKE_T3_1044_MTI_NEU_XX__AUDIO_1044_MTI_SAD_XX_sadtalker.mp4,1,done,sadtalker,1044,MTI,neutral,sad,yes
FAKE_T3_1044_MTI_SAD_XX__AUDIO_1044_MTI_ANG_XX_sadtalker,data\synthetic\track3_fakes\videos\FAKE_T3_1044_MTI_SAD_XX__AUDIO_1044_MTI_ANG_XX_sadtalker.mp4,1,done,sadtalker,1044,MTI,sad,angry,yes
FAKE_T3_1044_TAI_FEA_XX__AUDIO_1044_TAI_HAP_XX_sadtalker,data\synthetic\track3_fakes\videos\FAKE_T3_1044_TAI_FEA_XX__AUDIO_1044_TAI_HAP_XX_sadtalker.mp4,1,done,sadtalker,1044,TAI,fear,happy,yes
FAKE_T3_1044_TAI_HAP_XX__AUDIO_1044_TAI_NEU_XX_sadtalker,data\synthetic\track3_fakes\videos\FAKE_T3_1044_TAI_HAP_XX__AUDIO_1044_TAI_NEU_XX_sadtalker.mp4,1,done,sadtalker,1044,TAI,happy,neutral,yes
FAKE_T3_1044_TAI_SAD_XX__AUDIO_1044_TAI_ANG_XX_sadtalker,data\synthetic\track3_fakes\videos\FAKE_T3_1044_TAI_SAD_XX__AUDIO_1044_TAI_ANG_XX_sadtalker.mp4,1,done,sadtalker,1044,TAI,sad,angry,yes
FAKE_T3_1044_TIE_HAP_XX__AUDIO_1044_TIE_NEU_XX_sadtalker,data\synthetic\track3_fakes\videos\FAKE_T3_1044_TIE_HAP_XX__AUDIO_1044_TIE_NEU_XX_sadtalker.mp4,1,done,sadtalker,1044,TIE,happy,neutral,yes
FAKE_T3_1044_TIE_SAD_XX__AUDIO_1044_TIE_ANG_XX_sadtalker,data\synthetic\track3_fakes\videos\FAKE_T3_1044_TIE_SAD_XX__AUDIO_1044_TIE_ANG_XX_sadtalker.mp4,1,done,sadtalker,1044,TIE,sad,angry,yes
FAKE_T3_1044_TSI_ANG_XX__AUDIO_1044_TSI_DIS_XX_sadtalker,data\synthetic\track3_fakes\videos\FAKE_T3_1044_TSI_ANG_XX__AUDIO_1044_TSI_DIS_XX_sadtalker.mp4,1,done,sadtalker,1044,TSI,angry,disgust,yes
FAKE_T3_1044_TSI_FEA_XX__AUDIO_1044_TSI_HAP_XX_sadtalker,data\synthetic\track3_fakes\videos\FAKE_T3_1044_TSI_FEA_XX__AUDIO_1044_TSI_HAP_XX_sadtalker.mp4,1,done,sadtalker,1044,TSI,fear,happy,yes
FAKE_T3_1044_WSI_ANG_XX__AUDIO_1044_WSI_DIS_XX_sadtalker,data\synthetic\track3_fakes\videos\FAKE_T3_1044_WSI_ANG_XX__AUDIO_1044_WSI_DIS_XX_sadtalker.mp4,1,done,sadtalker,1044,WSI,angry,disgust,yes
FAKE_T3_1044_WSI_DIS_XX__AUDIO_1044_WSI_FEA_XX_sadtalker,data\synthetic\track3_fakes\videos\FAKE_T3_1044_WSI_DIS_XX__AUDIO_1044_WSI_FEA_XX_sadtalker.mp4,1,done,sadtalker,1044,WSI,disgust,fear,yes
FAKE_T3_1044_WSI_HAP_XX__AUDIO_1044_WSI_NEU_XX_sadtalker,data\synthetic\track3_fakes\videos\FAKE_T3_1044_WSI_HAP_XX__AUDIO_1044_WSI_NEU_XX_sadtalker.mp4,1,done,sadtalker,1044,WSI,happy,neutral,yes
FAKE_T3_1044_WSI_NEU_XX__AUDIO_1044_WSI_SAD_XX_sadtalker,data\synthetic\track3_fakes\videos\FAKE_T3_1044_WSI_NEU_XX__AUDIO_1044_WSI_SAD_XX_sadtalker.mp4,1,done,sadtalker,1044,WSI,neutral,sad,yes
FAKE_T3_1044_WSI_SAD_XX__AUDIO_1044_WSI_ANG_XX_sadtalker,data\synthetic\track3_fakes\videos\FAKE_T3_1044_WSI_SAD_XX__AUDIO_1044_WSI_ANG_XX_sadtalker.mp4,1,done,sadtalker,1044,WSI,sad,angry,yes
FAKE_T3_1045_DFA_ANG_XX__AUDIO_1045_DFA_DIS_XX_sadtalker,data\synthetic\track3_fakes\videos\FAKE_T3_1045_DFA_ANG_XX__AUDIO_1045_DFA_DIS_XX_sadtalker.mp4,1,done,sadtalker,1045,DFA,angry,disgust,yes
FAKE_T3_1045_DFA_FEA_XX__AUDIO_1045_DFA_HAP_XX_sadtalker,data\synthetic\track3_fakes\videos\FAKE_T3_1045_DFA_FEA_XX__AUDIO_1045_DFA_HAP_XX_sadtalker.mp4,1,done,sadtalker,1045,DFA,fear,happy,yes
FAKE_T3_1045_DFA_HAP_XX__AUDIO_1045_DFA_NEU_XX_sadtalker,data\synthetic\track3_fakes\videos\FAKE_T3_1045_DFA_HAP_XX__AUDIO_1045_DFA_NEU_XX_sadtalker.mp4,1,done,sadtalker,1045,DFA,happy,neutral,yes
FAKE_T3_1045_DFA_NEU_XX__AUDIO_1045_DFA_SAD_XX_sadtalker,data\synthetic\track3_fakes\videos\FAKE_T3_1045_DFA_NEU_XX__AUDIO_1045_DFA_SAD_XX_sadtalker.mp4,1,done,sadtalker,1045,DFA,neutral,sad,yes
FAKE_T3_1045_IEO_DIS_HI__AUDIO_1045_IEO_FEA_HI_sadtalker,data\synthetic\track3_fakes\videos\FAKE_T3_1045_IEO_DIS_HI__AUDIO_1045_IEO_FEA_HI_sadtalker.mp4,1,done,sadtalker,1045,IEO,disgust,fear,yes
FAKE_T3_1045_IEO_DIS_LO__AUDIO_1045_IEO_FEA_LO_sadtalker,data\synthetic\track3_fakes\videos\FAKE_T3_1045_IEO_DIS_LO__AUDIO_1045_IEO_FEA_LO_sadtalker.mp4,1,done,sadtalker,1045,IEO,disgust,fear,yes
FAKE_T3_1045_IEO_FEA_HI__AUDIO_1045_IEO_HAP_HI_sadtalker,data\synthetic\track3_fakes\videos\FAKE_T3_1045_IEO_FEA_HI__AUDIO_1045_IEO_HAP_HI_sadtalker.mp4,1,done,sadtalker,1045,IEO,fear,happy,yes
FAKE_T3_1045_IEO_FEA_LO__AUDIO_1045_IEO_HAP_LO_sadtalker,data\synthetic\track3_fakes\videos\FAKE_T3_1045_IEO_FEA_LO__AUDIO_1045_IEO_HAP_LO_sadtalker.mp4,1,done,sadtalker,1045,IEO,fear,happy,yes
FAKE_T3_1045_IEO_FEA_MD__AUDIO_1045_IEO_HAP_MD_sadtalker,data\synthetic\track3_fakes\videos\FAKE_T3_1045_IEO_FEA_MD__AUDIO_1045_IEO_HAP_MD_sadtalker.mp4,1,done,sadtalker,1045,IEO,fear,happy,yes
FAKE_T3_1045_IEO_HAP_LO__AUDIO_1045_IEO_NEU_XX_sadtalker,data\synthetic\track3_fakes\videos\FAKE_T3_1045_IEO_HAP_LO__AUDIO_1045_IEO_NEU_XX_sadtalker.mp4,1,done,sadtalker,1045,IEO,happy,neutral,yes
FAKE_T3_1045_IEO_NEU_XX__AUDIO_1045_IEO_SAD_HI_sadtalker,data\synthetic\track3_fakes\videos\FAKE_T3_1045_IEO_NEU_XX__AUDIO_1045_IEO_SAD_HI_sadtalker.mp4,1,done,sadtalker,1045,IEO,neutral,sad,yes
FAKE_T3_1045_IEO_SAD_MD__AUDIO_1045_IEO_ANG_MD_sadtalker,data\synthetic\track3_fakes\videos\FAKE_T3_1045_IEO_SAD_MD__AUDIO_1045_IEO_ANG_MD_sadtalker.mp4,1,done,sadtalker,1045,IEO,sad,angry,yes
FAKE_T3_1045_IOM_DIS_XX__AUDIO_1045_IOM_FEA_XX_sadtalker,data\synthetic\track3_fakes\videos\FAKE_T3_1045_IOM_DIS_XX__AUDIO_1045_IOM_FEA_XX_sadtalker.mp4,1,done,sadtalker,1045,IOM,disgust,fear,yes
FAKE_T3_1045_IOM_FEA_XX__AUDIO_1045_IOM_HAP_XX_sadtalker,data\synthetic\track3_fakes\videos\FAKE_T3_1045_IOM_FEA_XX__AUDIO_1045_IOM_HAP_XX_sadtalker.mp4,1,done,sadtalker,1045,IOM,fear,happy,yes
FAKE_T3_1045_IOM_HAP_XX__AUDIO_1045_IOM_NEU_XX_sadtalker,data\synthetic\track3_fakes\videos\FAKE_T3_1045_IOM_HAP_XX__AUDIO_1045_IOM_NEU_XX_sadtalker.mp4,1,done,sadtalker,1045,IOM,happy,neutral,yes
FAKE_T3_1045_IOM_SAD_XX__AUDIO_1045_IOM_ANG_XX_sadtalker,data\synthetic\track3_fakes\videos\FAKE_T3_1045_IOM_SAD_XX__AUDIO_1045_IOM_ANG_XX_sadtalker.mp4,1,done,sadtalker,1045,IOM,sad,angry,yes
FAKE_T3_1045_ITH_ANG_XX__AUDIO_1045_ITH_DIS_XX_sadtalker,data\synthetic\track3_fakes\videos\FAKE_T3_1045_ITH_ANG_XX__AUDIO_1045_ITH_DIS_XX_sadtalker.mp4,1,done,sadtalker,1045,ITH,angry,disgust,yes
FAKE_T3_1045_ITH_HAP_XX__AUDIO_1045_ITH_NEU_XX_sadtalker,data\synthetic\track3_fakes\videos\FAKE_T3_1045_ITH_HAP_XX__AUDIO_1045_ITH_NEU_XX_sadtalker.mp4,1,done,sadtalker,1045,ITH,happy,neutral,yes
FAKE_T3_1045_ITH_SAD_XX__AUDIO_1045_ITH_ANG_XX_sadtalker,data\synthetic\track3_fakes\videos\FAKE_T3_1045_ITH_SAD_XX__AUDIO_1045_ITH_ANG_XX_sadtalker.mp4,1,done,sadtalker,1045,ITH,sad,angry,yes
FAKE_T3_1045_ITS_DIS_XX__AUDIO_1045_ITS_FEA_XX_sadtalker,data\synthetic\track3_fakes\videos\FAKE_T3_1045_ITS_DIS_XX__AUDIO_1045_ITS_FEA_XX_sadtalker.mp4,1,done,sadtalker,1045,ITS,disgust,fear,yes
FAKE_T3_1045_ITS_FEA_XX__AUDIO_1045_ITS_HAP_XX_sadtalker,data\synthetic\track3_fakes\videos\FAKE_T3_1045_ITS_FEA_XX__AUDIO_1045_ITS_HAP_XX_sadtalker.mp4,1,done,sadtalker,1045,ITS,fear,happy,yes
FAKE_T3_1045_ITS_NEU_XX__AUDIO_1045_ITS_SAD_XX_sadtalker,data\synthetic\track3_fakes\videos\FAKE_T3_1045_ITS_NEU_XX__AUDIO_1045_ITS_SAD_XX_sadtalker.mp4,1,done,sadtalker,1045,ITS,neutral,sad,yes
FAKE_T3_1045_IWL_ANG_XX__AUDIO_1045_IWL_DIS_XX_sadtalker,data\synthetic\track3_fakes\videos\FAKE_T3_1045_IWL_ANG_XX__AUDIO_1045_IWL_DIS_XX_sadtalker.mp4,1,done,sadtalker,1045,IWL,angry,disgust,yes
FAKE_T3_1045_IWW_HAP_XX__AUDIO_1045_IWW_NEU_XX_sadtalker,data\synthetic\track3_fakes\videos\FAKE_T3_1045_IWW_HAP_XX__AUDIO_1045_IWW_NEU_XX_sadtalker.mp4,1,done,sadtalker,1045,IWW,happy,neutral,yes
FAKE_T3_1045_MTI_HAP_XX__AUDIO_1045_MTI_NEU_XX_sadtalker,data\synthetic\track3_fakes\videos\FAKE_T3_1045_MTI_HAP_XX__AUDIO_1045_MTI_NEU_XX_sadtalker.mp4,1,done,sadtalker,1045,MTI,happy,neutral,yes
FAKE_T3_1045_MTI_NEU_XX__AUDIO_1045_MTI_SAD_XX_sadtalker,data\synthetic\track3_fakes\videos\FAKE_T3_1045_MTI_NEU_XX__AUDIO_1045_MTI_SAD_XX_sadtalker.mp4,1,done,sadtalker,1045,MTI,neutral,sad,yes
FAKE_T3_1045_MTI_SAD_XX__AUDIO_1045_MTI_ANG_XX_sadtalker,data\synthetic\track3_fakes\videos\FAKE_T3_1045_MTI_SAD_XX__AUDIO_1045_MTI_ANG_XX_sadtalker.mp4,1,done,sadtalker,1045,MTI,sad,angry,yes
FAKE_T3_1045_TAI_ANG_XX__AUDIO_1045_TAI_DIS_XX_sadtalker,data\synthetic\track3_fakes\videos\FAKE_T3_1045_TAI_ANG_XX__AUDIO_1045_TAI_DIS_XX_sadtalker.mp4,1,done,sadtalker,1045,TAI,angry,disgust,yes
FAKE_T3_1045_TAI_DIS_XX__AUDIO_1045_TAI_FEA_XX_sadtalker,data\synthetic\track3_fakes\videos\FAKE_T3_1045_TAI_DIS_XX__AUDIO_1045_TAI_FEA_XX_sadtalker.mp4,1,done,sadtalker,1045,TAI,disgust,fear,yes
FAKE_T3_1045_TAI_NEU_XX__AUDIO_1045_TAI_SAD_XX_sadtalker,data\synthetic\track3_fakes\videos\FAKE_T3_1045_TAI_NEU_XX__AUDIO_1045_TAI_SAD_XX_sadtalker.mp4,1,done,sadtalker,1045,TAI,neutral,sad,yes
FAKE_T3_1045_TAI_SAD_XX__AUDIO_1045_TAI_ANG_XX_sadtalker,data\synthetic\track3_fakes\videos\FAKE_T3_1045_TAI_SAD_XX__AUDIO_1045_TAI_ANG_XX_sadtalker.mp4,1,done,sadtalker,1045,TAI,sad,angry,yes
FAKE_T3_1045_TIE_ANG_XX__AUDIO_1045_TIE_DIS_XX_sadtalker,data\synthetic\track3_fakes\videos\FAKE_T3_1045_TIE_ANG_XX__AUDIO_1045_TIE_DIS_XX_sadtalker.mp4,1,done,sadtalker,1045,TIE,angry,disgust,yes
FAKE_T3_1045_TIE_DIS_XX__AUDIO_1045_TIE_FEA_XX_sadtalker,data\synthetic\track3_fakes\videos\FAKE_T3_1045_TIE_DIS_XX__AUDIO_1045_TIE_FEA_XX_sadtalker.mp4,1,done,sadtalker,1045,TIE,disgust,fear,yes
FAKE_T3_1045_TIE_FEA_XX__AUDIO_1045_TIE_HAP_XX_sadtalker,data\synthetic\track3_fakes\videos\FAKE_T3_1045_TIE_FEA_XX__AUDIO_1045_TIE_HAP_XX_sadtalker.mp4,1,done,sadtalker,1045,TIE,fear,happy,yes
FAKE_T3_1045_TIE_HAP_XX__AUDIO_1045_TIE_NEU_XX_sadtalker,data\synthetic\track3_fakes\videos\FAKE_T3_1045_TIE_HAP_XX__AUDIO_1045_TIE_NEU_XX_sadtalker.mp4,1,done,sadtalker,1045,TIE,happy,neutral,yes
FAKE_T3_1045_TIE_NEU_XX__AUDIO_1045_TIE_SAD_XX_sadtalker,data\synthetic\track3_fakes\videos\FAKE_T3_1045_TIE_NEU_XX__AUDIO_1045_TIE_SAD_XX_sadtalker.mp4,1,done,sadtalker,1045,TIE,neutral,sad,yes
FAKE_T3_1045_TSI_ANG_XX__AUDIO_1045_TSI_DIS_XX_sadtalker,data\synthetic\track3_fakes\videos\FAKE_T3_1045_TSI_ANG_XX__AUDIO_1045_TSI_DIS_XX_sadtalker.mp4,1,done,sadtalker,1045,TSI,angry,disgust,yes
FAKE_T3_1045_TSI_FEA_XX__AUDIO_1045_TSI_HAP_XX_sadtalker,data\synthetic\track3_fakes\videos\FAKE_T3_1045_TSI_FEA_XX__AUDIO_1045_TSI_HAP_XX_sadtalker.mp4,1,done,sadtalker,1045,TSI,fear,happy,yes
FAKE_T3_1045_TSI_HAP_XX__AUDIO_1045_TSI_NEU_XX_sadtalker,data\synthetic\track3_fakes\videos\FAKE_T3_1045_TSI_HAP_XX__AUDIO_1045_TSI_NEU_XX_sadtalker.mp4,1,done,sadtalker,1045,TSI,happy,neutral,yes
FAKE_T3_1045_TSI_NEU_XX__AUDIO_1045_TSI_SAD_XX_sadtalker,data\synthetic\track3_fakes\videos\FAKE_T3_1045_TSI_NEU_XX__AUDIO_1045_TSI_SAD_XX_sadtalker.mp4,1,done,sadtalker,1045,TSI,neutral,sad,yes
FAKE_T3_1045_WSI_NEU_XX__AUDIO_1045_WSI_SAD_XX_sadtalker,data\synthetic\track3_fakes\videos\FAKE_T3_1045_WSI_NEU_XX__AUDIO_1045_WSI_SAD_XX_sadtalker.mp4,1,done,sadtalker,1045,WSI,neutral,sad,yes
FAKE_T3_1046_DFA_HAP_XX__AUDIO_1046_DFA_NEU_XX_sadtalker,data\synthetic\track3_fakes\videos\FAKE_T3_1046_DFA_HAP_XX__AUDIO_1046_DFA_NEU_XX_sadtalker.mp4,1,done,sadtalker,1046,DFA,happy,neutral,yes
FAKE_T3_1046_DFA_NEU_XX__AUDIO_1046_DFA_SAD_XX_sadtalker,data\synthetic\track3_fakes\videos\FAKE_T3_1046_DFA_NEU_XX__AUDIO_1046_DFA_SAD_XX_sadtalker.mp4,1,done,sadtalker,1046,DFA,neutral,sad,yes
FAKE_T3_1046_IEO_ANG_LO__AUDIO_1046_IEO_DIS_LO_sadtalker,data\synthetic\track3_fakes\videos\FAKE_T3_1046_IEO_ANG_LO__AUDIO_1046_IEO_DIS_LO_sadtalker.mp4,1,done,sadtalker,1046,IEO,angry,disgust,yes
FAKE_T3_1046_IEO_DIS_HI__AUDIO_1046_IEO_FEA_HI_sadtalker,data\synthetic\track3_fakes\videos\FAKE_T3_1046_IEO_DIS_HI__AUDIO_1046_IEO_FEA_HI_sadtalker.mp4,1,done,sadtalker,1046,IEO,disgust,fear,yes
FAKE_T3_1046_IEO_DIS_LO__AUDIO_1046_IEO_FEA_LO_sadtalker,data\synthetic\track3_fakes\videos\FAKE_T3_1046_IEO_DIS_LO__AUDIO_1046_IEO_FEA_LO_sadtalker.mp4,1,done,sadtalker,1046,IEO,disgust,fear,yes
FAKE_T3_1046_IEO_FEA_HI__AUDIO_1046_IEO_HAP_HI_sadtalker,data\synthetic\track3_fakes\videos\FAKE_T3_1046_IEO_FEA_HI__AUDIO_1046_IEO_HAP_HI_sadtalker.mp4,1,done,sadtalker,1046,IEO,fear,happy,yes
FAKE_T3_1046_IEO_HAP_MD__AUDIO_1046_IEO_NEU_XX_sadtalker,data\synthetic\track3_fakes\videos\FAKE_T3_1046_IEO_HAP_MD__AUDIO_1046_IEO_NEU_XX_sadtalker.mp4,1,done,sadtalker,1046,IEO,happy,neutral,yes
FAKE_T3_1046_IEO_SAD_HI__AUDIO_1046_IEO_ANG_HI_sadtalker,data\synthetic\track3_fakes\videos\FAKE_T3_1046_IEO_SAD_HI__AUDIO_1046_IEO_ANG_HI_sadtalker.mp4,1,done,sadtalker,1046,IEO,sad,angry,yes
FAKE_T3_1046_IOM_ANG_XX__AUDIO_1046_IOM_DIS_XX_sadtalker,data\synthetic\track3_fakes\videos\FAKE_T3_1046_IOM_ANG_XX__AUDIO_1046_IOM_DIS_XX_sadtalker.mp4,1,done,sadtalker,1046,IOM,angry,disgust,yes
FAKE_T3_1046_IOM_DIS_XX__AUDIO_1046_IOM_FEA_XX_sadtalker,data\synthetic\track3_fakes\videos\FAKE_T3_1046_IOM_DIS_XX__AUDIO_1046_IOM_FEA_XX_sadtalker.mp4,1,done,sadtalker,1046,IOM,disgust,fear,yes
FAKE_T3_1046_ITH_DIS_XX__AUDIO_1046_ITH_FEA_XX_sadtalker,data\synthetic\track3_fakes\videos\FAKE_T3_1046_ITH_DIS_XX__AUDIO_1046_ITH_FEA_XX_sadtalker.mp4,1,done,sadtalker,1046,ITH,disgust,fear,yes
FAKE_T3_1046_ITH_NEU_XX__AUDIO_1046_ITH_SAD_XX_sadtalker,data\synthetic\track3_fakes\videos\FAKE_T3_1046_ITH_NEU_XX__AUDIO_1046_ITH_SAD_XX_sadtalker.mp4,1,done,sadtalker,1046,ITH,neutral,sad,yes
FAKE_T3_1046_ITH_SAD_XX__AUDIO_1046_ITH_ANG_XX_sadtalker,data\synthetic\track3_fakes\videos\FAKE_T3_1046_ITH_SAD_XX__AUDIO_1046_ITH_ANG_XX_sadtalker.mp4,1,done,sadtalker,1046,ITH,sad,angry,yes
FAKE_T3_1046_ITS_ANG_XX__AUDIO_1046_ITS_DIS_XX_sadtalker,data\synthetic\track3_fakes\videos\FAKE_T3_1046_ITS_ANG_XX__AUDIO_1046_ITS_DIS_XX_sadtalker.mp4,1,done,sadtalker,1046,ITS,angry,disgust,yes
FAKE_T3_1046_ITS_DIS_XX__AUDIO_1046_ITS_FEA_XX_sadtalker,data\synthetic\track3_fakes\videos\FAKE_T3_1046_ITS_DIS_XX__AUDIO_1046_ITS_FEA_XX_sadtalker.mp4,1,done,sadtalker,1046,ITS,disgust,fear,yes
FAKE_T3_1046_ITS_FEA_XX__AUDIO_1046_ITS_HAP_XX_sadtalker,data\synthetic\track3_fakes\videos\FAKE_T3_1046_ITS_FEA_XX__AUDIO_1046_ITS_HAP_XX_sadtalker.mp4,1,done,sadtalker,1046,ITS,fear,happy,yes
FAKE_T3_1046_ITS_HAP_XX__AUDIO_1046_ITS_NEU_XX_sadtalker,data\synthetic\track3_fakes\videos\FAKE_T3_1046_ITS_HAP_XX__AUDIO_1046_ITS_NEU_XX_sadtalker.mp4,1,done,sadtalker,1046,ITS,happy,neutral,yes
FAKE_T3_1046_IWL_DIS_XX__AUDIO_1046_IWL_FEA_XX_sadtalker,data\synthetic\track3_fakes\videos\FAKE_T3_1046_IWL_DIS_XX__AUDIO_1046_IWL_FEA_XX_sadtalker.mp4,1,done,sadtalker,1046,IWL,disgust,fear,yes
FAKE_T3_1046_IWW_ANG_XX__AUDIO_1046_IWW_DIS_XX_sadtalker,data\synthetic\track3_fakes\videos\FAKE_T3_1046_IWW_ANG_XX__AUDIO_1046_IWW_DIS_XX_sadtalker.mp4,1,done,sadtalker,1046,IWW,angry,disgust,yes
FAKE_T3_1046_IWW_DIS_XX__AUDIO_1046_IWW_FEA_XX_sadtalker,data\synthetic\track3_fakes\videos\FAKE_T3_1046_IWW_DIS_XX__AUDIO_1046_IWW_FEA_XX_sadtalker.mp4,1,done,sadtalker,1046,IWW,disgust,fear,yes
FAKE_T3_1046_IWW_FEA_XX__AUDIO_1046_IWW_HAP_XX_sadtalker,data\synthetic\track3_fakes\videos\FAKE_T3_1046_IWW_FEA_XX__AUDIO_1046_IWW_HAP_XX_sadtalker.mp4,1,done,sadtalker,1046,IWW,fear,happy,yes
FAKE_T3_1046_IWW_HAP_XX__AUDIO_1046_IWW_NEU_XX_sadtalker,data\synthetic\track3_fakes\videos\FAKE_T3_1046_IWW_HAP_XX__AUDIO_1046_IWW_NEU_XX_sadtalker.mp4,1,done,sadtalker,1046,IWW,happy,neutral,yes
FAKE_T3_1046_IWW_NEU_XX__AUDIO_1046_IWW_SAD_XX_sadtalker,data\synthetic\track3_fakes\videos\FAKE_T3_1046_IWW_NEU_XX__AUDIO_1046_IWW_SAD_XX_sadtalker.mp4,1,done,sadtalker,1046,IWW,neutral,sad,yes
FAKE_T3_1046_IWW_SAD_XX__AUDIO_1046_IWW_ANG_XX_sadtalker,data\synthetic\track3_fakes\videos\FAKE_T3_1046_IWW_SAD_XX__AUDIO_1046_IWW_ANG_XX_sadtalker.mp4,1,done,sadtalker,1046,IWW,sad,angry,yes
FAKE_T3_1046_MTI_SAD_XX__AUDIO_1046_MTI_ANG_XX_sadtalker,data\synthetic\track3_fakes\videos\FAKE_T3_1046_MTI_SAD_XX__AUDIO_1046_MTI_ANG_XX_sadtalker.mp4,1,done,sadtalker,1046,MTI,sad,angry,yes
FAKE_T3_1046_TAI_FEA_XX__AUDIO_1046_TAI_HAP_XX_sadtalker,data\synthetic\track3_fakes\videos\FAKE_T3_1046_TAI_FEA_XX__AUDIO_1046_TAI_HAP_XX_sadtalker.mp4,1,done,sadtalker,1046,TAI,fear,happy,yes
FAKE_T3_1046_TAI_HAP_XX__AUDIO_1046_TAI_NEU_XX_sadtalker,data\synthetic\track3_fakes\videos\FAKE_T3_1046_TAI_HAP_XX__AUDIO_1046_TAI_NEU_XX_sadtalker.mp4,1,done,sadtalker,1046,TAI,happy,neutral,yes
FAKE_T3_1046_TAI_NEU_XX__AUDIO_1046_TAI_SAD_XX_sadtalker,data\synthetic\track3_fakes\videos\FAKE_T3_1046_TAI_NEU_XX__AUDIO_1046_TAI_SAD_XX_sadtalker.mp4,1,done,sadtalker,1046,TAI,neutral,sad,yes
FAKE_T3_1046_TIE_DIS_XX__AUDIO_1046_TIE_FEA_XX_sadtalker,data\synthetic\track3_fakes\videos\FAKE_T3_1046_TIE_DIS_XX__AUDIO_1046_TIE_FEA_XX_sadtalker.mp4,1,done,sadtalker,1046,TIE,disgust,fear,yes
FAKE_T3_1046_TIE_FEA_XX__AUDIO_1046_TIE_HAP_XX_sadtalker,data\synthetic\track3_fakes\videos\FAKE_T3_1046_TIE_FEA_XX__AUDIO_1046_TIE_HAP_XX_sadtalker.mp4,1,done,sadtalker,1046,TIE,fear,happy,yes
FAKE_T3_1046_TIE_SAD_XX__AUDIO_1046_TIE_ANG_XX_sadtalker,data\synthetic\track3_fakes\videos\FAKE_T3_1046_TIE_SAD_XX__AUDIO_1046_TIE_ANG_XX_sadtalker.mp4,1,done,sadtalker,1046,TIE,sad,angry,yes
FAKE_T3_1046_TSI_DIS_XX__AUDIO_1046_TSI_FEA_XX_sadtalker,data\synthetic\track3_fakes\videos\FAKE_T3_1046_TSI_DIS_XX__AUDIO_1046_TSI_FEA_XX_sadtalker.mp4,1,done,sadtalker,1046,TSI,disgust,fear,yes
FAKE_T3_1046_TSI_FEA_XX__AUDIO_1046_TSI_HAP_XX_sadtalker,data\synthetic\track3_fakes\videos\FAKE_T3_1046_TSI_FEA_XX__AUDIO_1046_TSI_HAP_XX_sadtalker.mp4,1,done,sadtalker,1046,TSI,fear,happy,yes
FAKE_T3_1046_TSI_HAP_XX__AUDIO_1046_TSI_NEU_XX_sadtalker,data\synthetic\track3_fakes\videos\FAKE_T3_1046_TSI_HAP_XX__AUDIO_1046_TSI_NEU_XX_sadtalker.mp4,1,done,sadtalker,1046,TSI,happy,neutral,yes
FAKE_T3_1046_TSI_NEU_XX__AUDIO_1046_TSI_SAD_XX_sadtalker,data\synthetic\track3_fakes\videos\FAKE_T3_1046_TSI_NEU_XX__AUDIO_1046_TSI_SAD_XX_sadtalker.mp4,1,done,sadtalker,1046,TSI,neutral,sad,yes
FAKE_T3_1046_TSI_SAD_XX__AUDIO_1046_TSI_ANG_XX_sadtalker,data\synthetic\track3_fakes\videos\FAKE_T3_1046_TSI_SAD_XX__AUDIO_1046_TSI_ANG_XX_sadtalker.mp4,1,done,sadtalker,1046,TSI,sad,angry,yes
FAKE_T3_1046_WSI_ANG_XX__AUDIO_1046_WSI_DIS_XX_sadtalker,data\synthetic\track3_fakes\videos\FAKE_T3_1046_WSI_ANG_XX__AUDIO_1046_WSI_DIS_XX_sadtalker.mp4,1,done,sadtalker,1046,WSI,angry,disgust,yes
FAKE_T3_1046_WSI_DIS_XX__AUDIO_1046_WSI_FEA_XX_sadtalker,data\synthetic\track3_fakes\videos\FAKE_T3_1046_WSI_DIS_XX__AUDIO_1046_WSI_FEA_XX_sadtalker.mp4,1,done,sadtalker,1046,WSI,disgust,fear,yes
FAKE_T3_1046_WSI_FEA_XX__AUDIO_1046_WSI_HAP_XX_sadtalker,data\synthetic\track3_fakes\videos\FAKE_T3_1046_WSI_FEA_XX__AUDIO_1046_WSI_HAP_XX_sadtalker.mp4,1,done,sadtalker,1046,WSI,fear,happy,yes
FAKE_T3_1046_WSI_HAP_XX__AUDIO_1046_WSI_NEU_XX_sadtalker,data\synthetic\track3_fakes\videos\FAKE_T3_1046_WSI_HAP_XX__AUDIO_1046_WSI_NEU_XX_sadtalker.mp4,1,done,sadtalker,1046,WSI,happy,neutral,yes
FAKE_T3_1046_WSI_NEU_XX__AUDIO_1046_WSI_SAD_XX_sadtalker,data\synthetic\track3_fakes\videos\FAKE_T3_1046_WSI_NEU_XX__AUDIO_1046_WSI_SAD_XX_sadtalker.mp4,1,done,sadtalker,1046,WSI,neutral,sad,yes
FAKE_T3_1047_DFA_DIS_XX__AUDIO_1047_DFA_FEA_XX_sadtalker,data\synthetic\track3_fakes\videos\FAKE_T3_1047_DFA_DIS_XX__AUDIO_1047_DFA_FEA_XX_sadtalker.mp4,1,done,sadtalker,1047,DFA,disgust,fear,yes
FAKE_T3_1047_DFA_SAD_XX__AUDIO_1047_DFA_ANG_XX_sadtalker,data\synthetic\track3_fakes\videos\FAKE_T3_1047_DFA_SAD_XX__AUDIO_1047_DFA_ANG_XX_sadtalker.mp4,1,done,sadtalker,1047,DFA,sad,angry,yes
FAKE_T3_1047_IEO_ANG_MD__AUDIO_1047_IEO_DIS_MD_sadtalker,data\synthetic\track3_fakes\videos\FAKE_T3_1047_IEO_ANG_MD__AUDIO_1047_IEO_DIS_MD_sadtalker.mp4,1,done,sadtalker,1047,IEO,angry,disgust,yes
FAKE_T3_1047_IEO_DIS_MD__AUDIO_1047_IEO_FEA_MD_sadtalker,data\synthetic\track3_fakes\videos\FAKE_T3_1047_IEO_DIS_MD__AUDIO_1047_IEO_FEA_MD_sadtalker.mp4,1,done,sadtalker,1047,IEO,disgust,fear,yes
FAKE_T3_1047_IEO_FEA_HI__AUDIO_1047_IEO_HAP_HI_sadtalker,data\synthetic\track3_fakes\videos\FAKE_T3_1047_IEO_FEA_HI__AUDIO_1047_IEO_HAP_HI_sadtalker.mp4,1,done,sadtalker,1047,IEO,fear,happy,yes
FAKE_T3_1047_IEO_FEA_MD__AUDIO_1047_IEO_HAP_MD_sadtalker,data\synthetic\track3_fakes\videos\FAKE_T3_1047_IEO_FEA_MD__AUDIO_1047_IEO_HAP_MD_sadtalker.mp4,1,done,sadtalker,1047,IEO,fear,happy,yes
FAKE_T3_1047_IEO_HAP_MD__AUDIO_1047_IEO_NEU_XX_sadtalker,data\synthetic\track3_fakes\videos\FAKE_T3_1047_IEO_HAP_MD__AUDIO_1047_IEO_NEU_XX_sadtalker.mp4,1,done,sadtalker,1047,IEO,happy,neutral,yes
FAKE_T3_1047_IEO_SAD_HI__AUDIO_1047_IEO_ANG_HI_sadtalker,data\synthetic\track3_fakes\videos\FAKE_T3_1047_IEO_SAD_HI__AUDIO_1047_IEO_ANG_HI_sadtalker.mp4,1,done,sadtalker,1047,IEO,sad,angry,yes
FAKE_T3_1047_IEO_SAD_LO__AUDIO_1047_IEO_ANG_LO_sadtalker,data\synthetic\track3_fakes\videos\FAKE_T3_1047_IEO_SAD_LO__AUDIO_1047_IEO_ANG_LO_sadtalker.mp4,1,done,sadtalker,1047,IEO,sad,angry,yes
FAKE_T3_1047_IOM_ANG_XX__AUDIO_1047_IOM_DIS_XX_sadtalker,data\synthetic\track3_fakes\videos\FAKE_T3_1047_IOM_ANG_XX__AUDIO_1047_IOM_DIS_XX_sadtalker.mp4,1,done,sadtalker,1047,IOM,angry,disgust,yes
FAKE_T3_1047_IOM_FEA_XX__AUDIO_1047_IOM_HAP_XX_sadtalker,data\synthetic\track3_fakes\videos\FAKE_T3_1047_IOM_FEA_XX__AUDIO_1047_IOM_HAP_XX_sadtalker.mp4,1,done,sadtalker,1047,IOM,fear,happy,yes
FAKE_T3_1047_IOM_HAP_XX__AUDIO_1047_IOM_NEU_XX_sadtalker,data\synthetic\track3_fakes\videos\FAKE_T3_1047_IOM_HAP_XX__AUDIO_1047_IOM_NEU_XX_sadtalker.mp4,1,done,sadtalker,1047,IOM,happy,neutral,yes
FAKE_T3_1047_IOM_NEU_XX__AUDIO_1047_IOM_SAD_XX_sadtalker,data\synthetic\track3_fakes\videos\FAKE_T3_1047_IOM_NEU_XX__AUDIO_1047_IOM_SAD_XX_sadtalker.mp4,1,done,sadtalker,1047,IOM,neutral,sad,yes
FAKE_T3_1047_ITH_SAD_XX__AUDIO_1047_ITH_ANG_XX_sadtalker,data\synthetic\track3_fakes\videos\FAKE_T3_1047_ITH_SAD_XX__AUDIO_1047_ITH_ANG_XX_sadtalker.mp4,1,done,sadtalker,1047,ITH,sad,angry,yes
FAKE_T3_1047_ITS_ANG_XX__AUDIO_1047_ITS_DIS_XX_sadtalker,data\synthetic\track3_fakes\videos\FAKE_T3_1047_ITS_ANG_XX__AUDIO_1047_ITS_DIS_XX_sadtalker.mp4,1,done,sadtalker,1047,ITS,angry,disgust,yes
FAKE_T3_1047_ITS_DIS_XX__AUDIO_1047_ITS_FEA_XX_sadtalker,data\synthetic\track3_fakes\videos\FAKE_T3_1047_ITS_DIS_XX__AUDIO_1047_ITS_FEA_XX_sadtalker.mp4,1,done,sadtalker,1047,ITS,disgust,fear,yes
FAKE_T3_1047_ITS_HAP_XX__AUDIO_1047_ITS_NEU_XX_sadtalker,data\synthetic\track3_fakes\videos\FAKE_T3_1047_ITS_HAP_XX__AUDIO_1047_ITS_NEU_XX_sadtalker.mp4,1,done,sadtalker,1047,ITS,happy,neutral,yes
FAKE_T3_1047_IWL_ANG_XX__AUDIO_1047_IWL_DIS_XX_sadtalker,data\synthetic\track3_fakes\videos\FAKE_T3_1047_IWL_ANG_XX__AUDIO_1047_IWL_DIS_XX_sadtalker.mp4,1,done,sadtalker,1047,IWL,angry,disgust,yes
FAKE_T3_1047_IWL_DIS_XX__AUDIO_1047_IWL_FEA_XX_sadtalker,data\synthetic\track3_fakes\videos\FAKE_T3_1047_IWL_DIS_XX__AUDIO_1047_IWL_FEA_XX_sadtalker.mp4,1,done,sadtalker,1047,IWL,disgust,fear,yes
FAKE_T3_1047_IWL_HAP_XX__AUDIO_1047_IWL_NEU_XX_sadtalker,data\synthetic\track3_fakes\videos\FAKE_T3_1047_IWL_HAP_XX__AUDIO_1047_IWL_NEU_XX_sadtalker.mp4,1,done,sadtalker,1047,IWL,happy,neutral,yes
FAKE_T3_1047_IWL_NEU_XX__AUDIO_1047_IWL_SAD_XX_sadtalker,data\synthetic\track3_fakes\videos\FAKE_T3_1047_IWL_NEU_XX__AUDIO_1047_IWL_SAD_XX_sadtalker.mp4,1,done,sadtalker,1047,IWL,neutral,sad,yes
FAKE_T3_1047_IWW_DIS_XX__AUDIO_1047_IWW_FEA_XX_sadtalker,data\synthetic\track3_fakes\videos\FAKE_T3_1047_IWW_DIS_XX__AUDIO_1047_IWW_FEA_XX_sadtalker.mp4,1,done,sadtalker,1047,IWW,disgust,fear,yes
FAKE_T3_1047_IWW_FEA_XX__AUDIO_1047_IWW_HAP_XX_sadtalker,data\synthetic\track3_fakes\videos\FAKE_T3_1047_IWW_FEA_XX__AUDIO_1047_IWW_HAP_XX_sadtalker.mp4,1,done,sadtalker,1047,IWW,fear,happy,yes
FAKE_T3_1047_IWW_HAP_XX__AUDIO_1047_IWW_NEU_XX_sadtalker,data\synthetic\track3_fakes\videos\FAKE_T3_1047_IWW_HAP_XX__AUDIO_1047_IWW_NEU_XX_sadtalker.mp4,1,done,sadtalker,1047,IWW,happy,neutral,yes
FAKE_T3_1047_IWW_NEU_XX__AUDIO_1047_IWW_SAD_XX_sadtalker,data\synthetic\track3_fakes\videos\FAKE_T3_1047_IWW_NEU_XX__AUDIO_1047_IWW_SAD_XX_sadtalker.mp4,1,done,sadtalker,1047,IWW,neutral,sad,yes
FAKE_T3_1047_MTI_ANG_XX__AUDIO_1047_MTI_DIS_XX_sadtalker,data\synthetic\track3_fakes\videos\FAKE_T3_1047_MTI_ANG_XX__AUDIO_1047_MTI_DIS_XX_sadtalker.mp4,1,done,sadtalker,1047,MTI,angry,disgust,yes
FAKE_T3_1047_MTI_NEU_XX__AUDIO_1047_MTI_SAD_XX_sadtalker,data\synthetic\track3_fakes\videos\FAKE_T3_1047_MTI_NEU_XX__AUDIO_1047_MTI_SAD_XX_sadtalker.mp4,1,done,sadtalker,1047,MTI,neutral,sad,yes
FAKE_T3_1047_MTI_SAD_XX__AUDIO_1047_MTI_ANG_XX_sadtalker,data\synthetic\track3_fakes\videos\FAKE_T3_1047_MTI_SAD_XX__AUDIO_1047_MTI_ANG_XX_sadtalker.mp4,1,done,sadtalker,1047,MTI,sad,angry,yes
FAKE_T3_1047_TAI_DIS_XX__AUDIO_1047_TAI_FEA_XX_sadtalker,data\synthetic\track3_fakes\videos\FAKE_T3_1047_TAI_DIS_XX__AUDIO_1047_TAI_FEA_XX_sadtalker.mp4,1,done,sadtalker,1047,TAI,disgust,fear,yes
FAKE_T3_1047_TAI_FEA_XX__AUDIO_1047_TAI_HAP_XX_sadtalker,data\synthetic\track3_fakes\videos\FAKE_T3_1047_TAI_FEA_XX__AUDIO_1047_TAI_HAP_XX_sadtalker.mp4,1,done,sadtalker,1047,TAI,fear,happy,yes
FAKE_T3_1047_TAI_SAD_XX__AUDIO_1047_TAI_ANG_XX_sadtalker,data\synthetic\track3_fakes\videos\FAKE_T3_1047_TAI_SAD_XX__AUDIO_1047_TAI_ANG_XX_sadtalker.mp4,1,done,sadtalker,1047,TAI,sad,angry,yes
FAKE_T3_1047_TIE_NEU_XX__AUDIO_1047_TIE_SAD_XX_sadtalker,data\synthetic\track3_fakes\videos\FAKE_T3_1047_TIE_NEU_XX__AUDIO_1047_TIE_SAD_XX_sadtalker.mp4,1,done,sadtalker,1047,TIE,neutral,sad,yes
FAKE_T3_1047_TIE_SAD_XX__AUDIO_1047_TIE_ANG_XX_sadtalker,data\synthetic\track3_fakes\videos\FAKE_T3_1047_TIE_SAD_XX__AUDIO_1047_TIE_ANG_XX_sadtalker.mp4,1,done,sadtalker,1047,TIE,sad,angry,yes
FAKE_T3_1047_TSI_ANG_XX__AUDIO_1047_TSI_DIS_XX_sadtalker,data\synthetic\track3_fakes\videos\FAKE_T3_1047_TSI_ANG_XX__AUDIO_1047_TSI_DIS_XX_sadtalker.mp4,1,done,sadtalker,1047,TSI,angry,disgust,yes
FAKE_T3_1047_TSI_FEA_XX__AUDIO_1047_TSI_HAP_XX_sadtalker,data\synthetic\track3_fakes\videos\FAKE_T3_1047_TSI_FEA_XX__AUDIO_1047_TSI_HAP_XX_sadtalker.mp4,1,done,sadtalker,1047,TSI,fear,happy,yes
FAKE_T3_1047_TSI_HAP_XX__AUDIO_1047_TSI_NEU_XX_sadtalker,data\synthetic\track3_fakes\videos\FAKE_T3_1047_TSI_HAP_XX__AUDIO_1047_TSI_NEU_XX_sadtalker.mp4,1,done,sadtalker,1047,TSI,happy,neutral,yes
FAKE_T3_1047_TSI_NEU_XX__AUDIO_1047_TSI_SAD_XX_sadtalker,data\synthetic\track3_fakes\videos\FAKE_T3_1047_TSI_NEU_XX__AUDIO_1047_TSI_SAD_XX_sadtalker.mp4,1,done,sadtalker,1047,TSI,neutral,sad,yes
FAKE_T3_1047_TSI_SAD_XX__AUDIO_1047_TSI_ANG_XX_sadtalker,data\synthetic\track3_fakes\videos\FAKE_T3_1047_TSI_SAD_XX__AUDIO_1047_TSI_ANG_XX_sadtalker.mp4,1,done,sadtalker,1047,TSI,sad,angry,yes
FAKE_T3_1047_WSI_FEA_XX__AUDIO_1047_WSI_HAP_XX_sadtalker,data\synthetic\track3_fakes\videos\FAKE_T3_1047_WSI_FEA_XX__AUDIO_1047_WSI_HAP_XX_sadtalker.mp4,1,done,sadtalker,1047,WSI,fear,happy,yes
FAKE_T3_1047_WSI_HAP_XX__AUDIO_1047_WSI_NEU_XX_sadtalker,data\synthetic\track3_fakes\videos\FAKE_T3_1047_WSI_HAP_XX__AUDIO_1047_WSI_NEU_XX_sadtalker.mp4,1,done,sadtalker,1047,WSI,happy,neutral,yes
FAKE_T3_1047_WSI_NEU_XX__AUDIO_1047_WSI_SAD_XX_sadtalker,data\synthetic\track3_fakes\videos\FAKE_T3_1047_WSI_NEU_XX__AUDIO_1047_WSI_SAD_XX_sadtalker.mp4,1,done,sadtalker,1047,WSI,neutral,sad,yes
FAKE_T3_1048_DFA_DIS_XX__AUDIO_1048_DFA_FEA_XX_sadtalker,data\synthetic\track3_fakes\videos\FAKE_T3_1048_DFA_DIS_XX__AUDIO_1048_DFA_FEA_XX_sadtalker.mp4,1,done,sadtalker,1048,DFA,disgust,fear,yes
FAKE_T3_1048_DFA_FEA_XX__AUDIO_1048_DFA_HAP_XX_sadtalker,data\synthetic\track3_fakes\videos\FAKE_T3_1048_DFA_FEA_XX__AUDIO_1048_DFA_HAP_XX_sadtalker.mp4,1,done,sadtalker,1048,DFA,fear,happy,yes
FAKE_T3_1048_DFA_HAP_XX__AUDIO_1048_DFA_NEU_XX_sadtalker,data\synthetic\track3_fakes\videos\FAKE_T3_1048_DFA_HAP_XX__AUDIO_1048_DFA_NEU_XX_sadtalker.mp4,1,done,sadtalker,1048,DFA,happy,neutral,yes
FAKE_T3_1048_DFA_NEU_XX__AUDIO_1048_DFA_SAD_XX_sadtalker,data\synthetic\track3_fakes\videos\FAKE_T3_1048_DFA_NEU_XX__AUDIO_1048_DFA_SAD_XX_sadtalker.mp4,1,done,sadtalker,1048,DFA,neutral,sad,yes
FAKE_T3_1048_DFA_SAD_XX__AUDIO_1048_DFA_ANG_XX_sadtalker,data\synthetic\track3_fakes\videos\FAKE_T3_1048_DFA_SAD_XX__AUDIO_1048_DFA_ANG_XX_sadtalker.mp4,1,done,sadtalker,1048,DFA,sad,angry,yes
FAKE_T3_1048_IEO_DIS_HI__AUDIO_1048_IEO_FEA_HI_sadtalker,data\synthetic\track3_fakes\videos\FAKE_T3_1048_IEO_DIS_HI__AUDIO_1048_IEO_FEA_HI_sadtalker.mp4,1,done,sadtalker,1048,IEO,disgust,fear,yes
FAKE_T3_1048_IEO_DIS_LO__AUDIO_1048_IEO_FEA_LO_sadtalker,data\synthetic\track3_fakes\videos\FAKE_T3_1048_IEO_DIS_LO__AUDIO_1048_IEO_FEA_LO_sadtalker.mp4,1,done,sadtalker,1048,IEO,disgust,fear,yes
FAKE_T3_1048_IEO_FEA_LO__AUDIO_1048_IEO_HAP_LO_sadtalker,data\synthetic\track3_fakes\videos\FAKE_T3_1048_IEO_FEA_LO__AUDIO_1048_IEO_HAP_LO_sadtalker.mp4,1,done,sadtalker,1048,IEO,fear,happy,yes
FAKE_T3_1048_IEO_FEA_MD__AUDIO_1048_IEO_HAP_MD_sadtalker,data\synthetic\track3_fakes\videos\FAKE_T3_1048_IEO_FEA_MD__AUDIO_1048_IEO_HAP_MD_sadtalker.mp4,1,done,sadtalker,1048,IEO,fear,happy,yes
FAKE_T3_1048_IEO_HAP_MD__AUDIO_1048_IEO_NEU_XX_sadtalker,data\synthetic\track3_fakes\videos\FAKE_T3_1048_IEO_HAP_MD__AUDIO_1048_IEO_NEU_XX_sadtalker.mp4,1,done,sadtalker,1048,IEO,happy,neutral,yes
FAKE_T3_1048_IEO_SAD_MD__AUDIO_1048_IEO_ANG_MD_sadtalker,data\synthetic\track3_fakes\videos\FAKE_T3_1048_IEO_SAD_MD__AUDIO_1048_IEO_ANG_MD_sadtalker.mp4,1,done,sadtalker,1048,IEO,sad,angry,yes
FAKE_T3_1048_IOM_ANG_XX__AUDIO_1048_IOM_DIS_XX_sadtalker,data\synthetic\track3_fakes\videos\FAKE_T3_1048_IOM_ANG_XX__AUDIO_1048_IOM_DIS_XX_sadtalker.mp4,1,done,sadtalker,1048,IOM,angry,disgust,yes
FAKE_T3_1048_IOM_FEA_XX__AUDIO_1048_IOM_HAP_XX_sadtalker,data\synthetic\track3_fakes\videos\FAKE_T3_1048_IOM_FEA_XX__AUDIO_1048_IOM_HAP_XX_sadtalker.mp4,1,done,sadtalker,1048,IOM,fear,happy,yes
FAKE_T3_1048_IOM_NEU_XX__AUDIO_1048_IOM_SAD_XX_sadtalker,data\synthetic\track3_fakes\videos\FAKE_T3_1048_IOM_NEU_XX__AUDIO_1048_IOM_SAD_XX_sadtalker.mp4,1,done,sadtalker,1048,IOM,neutral,sad,yes
FAKE_T3_1048_ITH_ANG_XX__AUDIO_1048_ITH_DIS_XX_sadtalker,data\synthetic\track3_fakes\videos\FAKE_T3_1048_ITH_ANG_XX__AUDIO_1048_ITH_DIS_XX_sadtalker.mp4,1,done,sadtalker,1048,ITH,angry,disgust,yes
FAKE_T3_1048_ITH_DIS_XX__AUDIO_1048_ITH_FEA_XX_sadtalker,data\synthetic\track3_fakes\videos\FAKE_T3_1048_ITH_DIS_XX__AUDIO_1048_ITH_FEA_XX_sadtalker.mp4,1,done,sadtalker,1048,ITH,disgust,fear,yes
FAKE_T3_1048_ITH_FEA_XX__AUDIO_1048_ITH_HAP_XX_sadtalker,data\synthetic\track3_fakes\videos\FAKE_T3_1048_ITH_FEA_XX__AUDIO_1048_ITH_HAP_XX_sadtalker.mp4,1,done,sadtalker,1048,ITH,fear,happy,yes
FAKE_T3_1048_ITH_HAP_XX__AUDIO_1048_ITH_NEU_XX_sadtalker,data\synthetic\track3_fakes\videos\FAKE_T3_1048_ITH_HAP_XX__AUDIO_1048_ITH_NEU_XX_sadtalker.mp4,1,done,sadtalker,1048,ITH,happy,neutral,yes
FAKE_T3_1048_ITH_SAD_XX__AUDIO_1048_ITH_ANG_XX_sadtalker,data\synthetic\track3_fakes\videos\FAKE_T3_1048_ITH_SAD_XX__AUDIO_1048_ITH_ANG_XX_sadtalker.mp4,1,done,sadtalker,1048,ITH,sad,angry,yes
FAKE_T3_1048_ITS_ANG_XX__AUDIO_1048_ITS_DIS_XX_sadtalker,data\synthetic\track3_fakes\videos\FAKE_T3_1048_ITS_ANG_XX__AUDIO_1048_ITS_DIS_XX_sadtalker.mp4,1,done,sadtalker,1048,ITS,angry,disgust,yes
FAKE_T3_1048_ITS_HAP_XX__AUDIO_1048_ITS_NEU_XX_sadtalker,data\synthetic\track3_fakes\videos\FAKE_T3_1048_ITS_HAP_XX__AUDIO_1048_ITS_NEU_XX_sadtalker.mp4,1,done,sadtalker,1048,ITS,happy,neutral,yes
FAKE_T3_1048_IWL_ANG_XX__AUDIO_1048_IWL_DIS_XX_sadtalker,data\synthetic\track3_fakes\videos\FAKE_T3_1048_IWL_ANG_XX__AUDIO_1048_IWL_DIS_XX_sadtalker.mp4,1,done,sadtalker,1048,IWL,angry,disgust,yes
FAKE_T3_1048_IWL_DIS_XX__AUDIO_1048_IWL_FEA_XX_sadtalker,data\synthetic\track3_fakes\videos\FAKE_T3_1048_IWL_DIS_XX__AUDIO_1048_IWL_FEA_XX_sadtalker.mp4,1,done,sadtalker,1048,IWL,disgust,fear,yes
FAKE_T3_1048_IWL_FEA_XX__AUDIO_1048_IWL_HAP_XX_sadtalker,data\synthetic\track3_fakes\videos\FAKE_T3_1048_IWL_FEA_XX__AUDIO_1048_IWL_HAP_XX_sadtalker.mp4,1,done,sadtalker,1048,IWL,fear,happy,yes
FAKE_T3_1048_IWL_SAD_XX__AUDIO_1048_IWL_ANG_XX_sadtalker,data\synthetic\track3_fakes\videos\FAKE_T3_1048_IWL_SAD_XX__AUDIO_1048_IWL_ANG_XX_sadtalker.mp4,1,done,sadtalker,1048,IWL,sad,angry,yes
FAKE_T3_1048_IWW_ANG_XX__AUDIO_1048_IWW_DIS_XX_sadtalker,data\synthetic\track3_fakes\videos\FAKE_T3_1048_IWW_ANG_XX__AUDIO_1048_IWW_DIS_XX_sadtalker.mp4,1,done,sadtalker,1048,IWW,angry,disgust,yes
FAKE_T3_1048_IWW_DIS_XX__AUDIO_1048_IWW_FEA_XX_sadtalker,data\synthetic\track3_fakes\videos\FAKE_T3_1048_IWW_DIS_XX__AUDIO_1048_IWW_FEA_XX_sadtalker.mp4,1,done,sadtalker,1048,IWW,disgust,fear,yes
FAKE_T3_1048_IWW_HAP_XX__AUDIO_1048_IWW_NEU_XX_sadtalker,data\synthetic\track3_fakes\videos\FAKE_T3_1048_IWW_HAP_XX__AUDIO_1048_IWW_NEU_XX_sadtalker.mp4,1,done,sadtalker,1048,IWW,happy,neutral,yes
FAKE_T3_1048_MTI_DIS_XX__AUDIO_1048_MTI_FEA_XX_sadtalker,data\synthetic\track3_fakes\videos\FAKE_T3_1048_MTI_DIS_XX__AUDIO_1048_MTI_FEA_XX_sadtalker.mp4,1,done,sadtalker,1048,MTI,disgust,fear,yes
FAKE_T3_1048_MTI_FEA_XX__AUDIO_1048_MTI_HAP_XX_sadtalker,data\synthetic\track3_fakes\videos\FAKE_T3_1048_MTI_FEA_XX__AUDIO_1048_MTI_HAP_XX_sadtalker.mp4,1,done,sadtalker,1048,MTI,fear,happy,yes
FAKE_T3_1048_MTI_NEU_XX__AUDIO_1048_MTI_SAD_XX_sadtalker,data\synthetic\track3_fakes\videos\FAKE_T3_1048_MTI_NEU_XX__AUDIO_1048_MTI_SAD_XX_sadtalker.mp4,1,done,sadtalker,1048,MTI,neutral,sad,yes
FAKE_T3_1048_MTI_SAD_XX__AUDIO_1048_MTI_ANG_XX_sadtalker,data\synthetic\track3_fakes\videos\FAKE_T3_1048_MTI_SAD_XX__AUDIO_1048_MTI_ANG_XX_sadtalker.mp4,1,done,sadtalker,1048,MTI,sad,angry,yes
FAKE_T3_1048_TAI_ANG_XX__AUDIO_1048_TAI_DIS_XX_sadtalker,data\synthetic\track3_fakes\videos\FAKE_T3_1048_TAI_ANG_XX__AUDIO_1048_TAI_DIS_XX_sadtalker.mp4,1,done,sadtalker,1048,TAI,angry,disgust,yes
FAKE_T3_1048_TAI_FEA_XX__AUDIO_1048_TAI_HAP_XX_sadtalker,data\synthetic\track3_fakes\videos\FAKE_T3_1048_TAI_FEA_XX__AUDIO_1048_TAI_HAP_XX_sadtalker.mp4,1,done,sadtalker,1048,TAI,fear,happy,yes
FAKE_T3_1048_TAI_SAD_XX__AUDIO_1048_TAI_ANG_XX_sadtalker,data\synthetic\track3_fakes\videos\FAKE_T3_1048_TAI_SAD_XX__AUDIO_1048_TAI_ANG_XX_sadtalker.mp4,1,done,sadtalker,1048,TAI,sad,angry,yes
FAKE_T3_1048_TIE_ANG_XX__AUDIO_1048_TIE_DIS_XX_sadtalker,data\synthetic\track3_fakes\videos\FAKE_T3_1048_TIE_ANG_XX__AUDIO_1048_TIE_DIS_XX_sadtalker.mp4,1,done,sadtalker,1048,TIE,angry,disgust,yes
FAKE_T3_1048_TIE_NEU_XX__AUDIO_1048_TIE_SAD_XX_sadtalker,data\synthetic\track3_fakes\videos\FAKE_T3_1048_TIE_NEU_XX__AUDIO_1048_TIE_SAD_XX_sadtalker.mp4,1,done,sadtalker,1048,TIE,neutral,sad,yes
FAKE_T3_1048_TIE_SAD_XX__AUDIO_1048_TIE_ANG_XX_sadtalker,data\synthetic\track3_fakes\videos\FAKE_T3_1048_TIE_SAD_XX__AUDIO_1048_TIE_ANG_XX_sadtalker.mp4,1,done,sadtalker,1048,TIE,sad,angry,yes
FAKE_T3_1048_TSI_ANG_XX__AUDIO_1048_TSI_DIS_XX_sadtalker,data\synthetic\track3_fakes\videos\FAKE_T3_1048_TSI_ANG_XX__AUDIO_1048_TSI_DIS_XX_sadtalker.mp4,1,done,sadtalker,1048,TSI,angry,disgust,yes
FAKE_T3_1048_TSI_SAD_XX__AUDIO_1048_TSI_ANG_XX_sadtalker,data\synthetic\track3_fakes\videos\FAKE_T3_1048_TSI_SAD_XX__AUDIO_1048_TSI_ANG_XX_sadtalker.mp4,1,done,sadtalker,1048,TSI,sad,angry,yes
FAKE_T3_1048_WSI_FEA_XX__AUDIO_1048_WSI_HAP_XX_sadtalker,data\synthetic\track3_fakes\videos\FAKE_T3_1048_WSI_FEA_XX__AUDIO_1048_WSI_HAP_XX_sadtalker.mp4,1,done,sadtalker,1048,WSI,fear,happy,yes
FAKE_T3_1049_DFA_DIS_XX__AUDIO_1049_DFA_FEA_XX_sadtalker,data\synthetic\track3_fakes\videos\FAKE_T3_1049_DFA_DIS_XX__AUDIO_1049_DFA_FEA_XX_sadtalker.mp4,1,done,sadtalker,1049,DFA,disgust,fear,yes
FAKE_T3_1049_DFA_HAP_XX__AUDIO_1049_DFA_NEU_XX_sadtalker,data\synthetic\track3_fakes\videos\FAKE_T3_1049_DFA_HAP_XX__AUDIO_1049_DFA_NEU_XX_sadtalker.mp4,1,done,sadtalker,1049,DFA,happy,neutral,yes
FAKE_T3_1049_IEO_ANG_HI__AUDIO_1049_IEO_DIS_HI_sadtalker,data\synthetic\track3_fakes\videos\FAKE_T3_1049_IEO_ANG_HI__AUDIO_1049_IEO_DIS_HI_sadtalker.mp4,1,done,sadtalker,1049,IEO,angry,disgust,yes
FAKE_T3_1049_IEO_ANG_MD__AUDIO_1049_IEO_DIS_MD_sadtalker,data\synthetic\track3_fakes\videos\FAKE_T3_1049_IEO_ANG_MD__AUDIO_1049_IEO_DIS_MD_sadtalker.mp4,1,done,sadtalker,1049,IEO,angry,disgust,yes
FAKE_T3_1049_IEO_DIS_MD__AUDIO_1049_IEO_FEA_MD_sadtalker,data\synthetic\track3_fakes\videos\FAKE_T3_1049_IEO_DIS_MD__AUDIO_1049_IEO_FEA_MD_sadtalker.mp4,1,done,sadtalker,1049,IEO,disgust,fear,yes
FAKE_T3_1049_IEO_FEA_HI__AUDIO_1049_IEO_HAP_HI_sadtalker,data\synthetic\track3_fakes\videos\FAKE_T3_1049_IEO_FEA_HI__AUDIO_1049_IEO_HAP_HI_sadtalker.mp4,1,done,sadtalker,1049,IEO,fear,happy,yes
FAKE_T3_1049_IEO_FEA_LO__AUDIO_1049_IEO_HAP_LO_sadtalker,data\synthetic\track3_fakes\videos\FAKE_T3_1049_IEO_FEA_LO__AUDIO_1049_IEO_HAP_LO_sadtalker.mp4,1,done,sadtalker,1049,IEO,fear,happy,yes
FAKE_T3_1049_IEO_FEA_MD__AUDIO_1049_IEO_HAP_MD_sadtalker,data\synthetic\track3_fakes\videos\FAKE_T3_1049_IEO_FEA_MD__AUDIO_1049_IEO_HAP_MD_sadtalker.mp4,1,done,sadtalker,1049,IEO,fear,happy,yes
FAKE_T3_1049_IEO_HAP_MD__AUDIO_1049_IEO_NEU_XX_sadtalker,data\synthetic\track3_fakes\videos\FAKE_T3_1049_IEO_HAP_MD__AUDIO_1049_IEO_NEU_XX_sadtalker.mp4,1,done,sadtalker,1049,IEO,happy,neutral,yes
FAKE_T3_1049_IEO_SAD_HI__AUDIO_1049_IEO_ANG_HI_sadtalker,data\synthetic\track3_fakes\videos\FAKE_T3_1049_IEO_SAD_HI__AUDIO_1049_IEO_ANG_HI_sadtalker.mp4,1,done,sadtalker,1049,IEO,sad,angry,yes
FAKE_T3_1049_IEO_SAD_LO__AUDIO_1049_IEO_ANG_LO_sadtalker,data\synthetic\track3_fakes\videos\FAKE_T3_1049_IEO_SAD_LO__AUDIO_1049_IEO_ANG_LO_sadtalker.mp4,1,done,sadtalker,1049,IEO,sad,angry,yes
FAKE_T3_1049_IEO_SAD_MD__AUDIO_1049_IEO_ANG_MD_sadtalker,data\synthetic\track3_fakes\videos\FAKE_T3_1049_IEO_SAD_MD__AUDIO_1049_IEO_ANG_MD_sadtalker.mp4,1,done,sadtalker,1049,IEO,sad,angry,yes
FAKE_T3_1049_IOM_ANG_XX__AUDIO_1049_IOM_DIS_XX_sadtalker,data\synthetic\track3_fakes\videos\FAKE_T3_1049_IOM_ANG_XX__AUDIO_1049_IOM_DIS_XX_sadtalker.mp4,1,done,sadtalker,1049,IOM,angry,disgust,yes
FAKE_T3_1049_IOM_DIS_XX__AUDIO_1049_IOM_FEA_XX_sadtalker,data\synthetic\track3_fakes\videos\FAKE_T3_1049_IOM_DIS_XX__AUDIO_1049_IOM_FEA_XX_sadtalker.mp4,1,done,sadtalker,1049,IOM,disgust,fear,yes
FAKE_T3_1049_IOM_FEA_XX__AUDIO_1049_IOM_HAP_XX_sadtalker,data\synthetic\track3_fakes\videos\FAKE_T3_1049_IOM_FEA_XX__AUDIO_1049_IOM_HAP_XX_sadtalker.mp4,1,done,sadtalker,1049,IOM,fear,happy,yes
FAKE_T3_1049_IOM_NEU_XX__AUDIO_1049_IOM_SAD_XX_sadtalker,data\synthetic\track3_fakes\videos\FAKE_T3_1049_IOM_NEU_XX__AUDIO_1049_IOM_SAD_XX_sadtalker.mp4,1,done,sadtalker,1049,IOM,neutral,sad,yes
FAKE_T3_1049_ITH_DIS_XX__AUDIO_1049_ITH_FEA_XX_sadtalker,data\synthetic\track3_fakes\videos\FAKE_T3_1049_ITH_DIS_XX__AUDIO_1049_ITH_FEA_XX_sadtalker.mp4,1,done,sadtalker,1049,ITH,disgust,fear,yes
FAKE_T3_1049_ITH_HAP_XX__AUDIO_1049_ITH_NEU_XX_sadtalker,data\synthetic\track3_fakes\videos\FAKE_T3_1049_ITH_HAP_XX__AUDIO_1049_ITH_NEU_XX_sadtalker.mp4,1,done,sadtalker,1049,ITH,happy,neutral,yes
FAKE_T3_1049_ITS_ANG_XX__AUDIO_1049_ITS_DIS_XX_sadtalker,data\synthetic\track3_fakes\videos\FAKE_T3_1049_ITS_ANG_XX__AUDIO_1049_ITS_DIS_XX_sadtalker.mp4,1,done,sadtalker,1049,ITS,angry,disgust,yes
FAKE_T3_1049_ITS_DIS_XX__AUDIO_1049_ITS_FEA_XX_sadtalker,data\synthetic\track3_fakes\videos\FAKE_T3_1049_ITS_DIS_XX__AUDIO_1049_ITS_FEA_XX_sadtalker.mp4,1,done,sadtalker,1049,ITS,disgust,fear,yes
FAKE_T3_1049_ITS_FEA_XX__AUDIO_1049_ITS_HAP_XX_sadtalker,data\synthetic\track3_fakes\videos\FAKE_T3_1049_ITS_FEA_XX__AUDIO_1049_ITS_HAP_XX_sadtalker.mp4,1,done,sadtalker,1049,ITS,fear,happy,yes
FAKE_T3_1049_ITS_HAP_XX__AUDIO_1049_ITS_NEU_XX_sadtalker,data\synthetic\track3_fakes\videos\FAKE_T3_1049_ITS_HAP_XX__AUDIO_1049_ITS_NEU_XX_sadtalker.mp4,1,done,sadtalker,1049,ITS,happy,neutral,yes
FAKE_T3_1049_ITS_NEU_XX__AUDIO_1049_ITS_SAD_XX_sadtalker,data\synthetic\track3_fakes\videos\FAKE_T3_1049_ITS_NEU_XX__AUDIO_1049_ITS_SAD_XX_sadtalker.mp4,1,done,sadtalker,1049,ITS,neutral,sad,yes
FAKE_T3_1049_ITS_SAD_XX__AUDIO_1049_ITS_ANG_XX_sadtalker,data\synthetic\track3_fakes\videos\FAKE_T3_1049_ITS_SAD_XX__AUDIO_1049_ITS_ANG_XX_sadtalker.mp4,1,done,sadtalker,1049,ITS,sad,angry,yes
FAKE_T3_1049_IWL_NEU_XX__AUDIO_1049_IWL_SAD_XX_sadtalker,data\synthetic\track3_fakes\videos\FAKE_T3_1049_IWL_NEU_XX__AUDIO_1049_IWL_SAD_XX_sadtalker.mp4,1,done,sadtalker,1049,IWL,neutral,sad,yes
FAKE_T3_1049_IWW_FEA_XX__AUDIO_1049_IWW_HAP_XX_sadtalker,data\synthetic\track3_fakes\videos\FAKE_T3_1049_IWW_FEA_XX__AUDIO_1049_IWW_HAP_XX_sadtalker.mp4,1,done,sadtalker,1049,IWW,fear,happy,yes
FAKE_T3_1049_IWW_NEU_XX__AUDIO_1049_IWW_SAD_XX_sadtalker,data\synthetic\track3_fakes\videos\FAKE_T3_1049_IWW_NEU_XX__AUDIO_1049_IWW_SAD_XX_sadtalker.mp4,1,done,sadtalker,1049,IWW,neutral,sad,yes
FAKE_T3_1049_MTI_ANG_XX__AUDIO_1049_MTI_DIS_XX_sadtalker,data\synthetic\track3_fakes\videos\FAKE_T3_1049_MTI_ANG_XX__AUDIO_1049_MTI_DIS_XX_sadtalker.mp4,1,done,sadtalker,1049,MTI,angry,disgust,yes
FAKE_T3_1049_MTI_HAP_XX__AUDIO_1049_MTI_NEU_XX_sadtalker,data\synthetic\track3_fakes\videos\FAKE_T3_1049_MTI_HAP_XX__AUDIO_1049_MTI_NEU_XX_sadtalker.mp4,1,done,sadtalker,1049,MTI,happy,neutral,yes
FAKE_T3_1049_TAI_DIS_XX__AUDIO_1049_TAI_FEA_XX_sadtalker,data\synthetic\track3_fakes\videos\FAKE_T3_1049_TAI_DIS_XX__AUDIO_1049_TAI_FEA_XX_sadtalker.mp4,1,done,sadtalker,1049,TAI,disgust,fear,yes
FAKE_T3_1049_TAI_NEU_XX__AUDIO_1049_TAI_SAD_XX_sadtalker,data\synthetic\track3_fakes\videos\FAKE_T3_1049_TAI_NEU_XX__AUDIO_1049_TAI_SAD_XX_sadtalker.mp4,1,done,sadtalker,1049,TAI,neutral,sad,yes
FAKE_T3_1049_TAI_SAD_XX__AUDIO_1049_TAI_ANG_XX_sadtalker,data\synthetic\track3_fakes\videos\FAKE_T3_1049_TAI_SAD_XX__AUDIO_1049_TAI_ANG_XX_sadtalker.mp4,1,done,sadtalker,1049,TAI,sad,angry,yes
FAKE_T3_1049_TIE_DIS_XX__AUDIO_1049_TIE_FEA_XX_sadtalker,data\synthetic\track3_fakes\videos\FAKE_T3_1049_TIE_DIS_XX__AUDIO_1049_TIE_FEA_XX_sadtalker.mp4,1,done,sadtalker,1049,TIE,disgust,fear,yes
FAKE_T3_1049_TIE_FEA_XX__AUDIO_1049_TIE_HAP_XX_sadtalker,data\synthetic\track3_fakes\videos\FAKE_T3_1049_TIE_FEA_XX__AUDIO_1049_TIE_HAP_XX_sadtalker.mp4,1,done,sadtalker,1049,TIE,fear,happy,yes
FAKE_T3_1049_TIE_NEU_XX__AUDIO_1049_TIE_SAD_XX_sadtalker,data\synthetic\track3_fakes\videos\FAKE_T3_1049_TIE_NEU_XX__AUDIO_1049_TIE_SAD_XX_sadtalker.mp4,1,done,sadtalker,1049,TIE,neutral,sad,yes
FAKE_T3_1049_TIE_SAD_XX__AUDIO_1049_TIE_ANG_XX_sadtalker,data\synthetic\track3_fakes\videos\FAKE_T3_1049_TIE_SAD_XX__AUDIO_1049_TIE_ANG_XX_sadtalker.mp4,1,done,sadtalker,1049,TIE,sad,angry,yes
FAKE_T3_1049_TSI_HAP_XX__AUDIO_1049_TSI_NEU_XX_sadtalker,data\synthetic\track3_fakes\videos\FAKE_T3_1049_TSI_HAP_XX__AUDIO_1049_TSI_NEU_XX_sadtalker.mp4,1,done,sadtalker,1049,TSI,happy,neutral,yes
FAKE_T3_1049_TSI_NEU_XX__AUDIO_1049_TSI_SAD_XX_sadtalker,data\synthetic\track3_fakes\videos\FAKE_T3_1049_TSI_NEU_XX__AUDIO_1049_TSI_SAD_XX_sadtalker.mp4,1,done,sadtalker,1049,TSI,neutral,sad,yes
FAKE_T3_1049_WSI_DIS_XX__AUDIO_1049_WSI_FEA_XX_sadtalker,data\synthetic\track3_fakes\videos\FAKE_T3_1049_WSI_DIS_XX__AUDIO_1049_WSI_FEA_XX_sadtalker.mp4,1,done,sadtalker,1049,WSI,disgust,fear,yes
FAKE_T3_1049_WSI_FEA_XX__AUDIO_1049_WSI_HAP_XX_sadtalker,data\synthetic\track3_fakes\videos\FAKE_T3_1049_WSI_FEA_XX__AUDIO_1049_WSI_HAP_XX_sadtalker.mp4,1,done,sadtalker,1049,WSI,fear,happy,yes
FAKE_T3_1049_WSI_NEU_XX__AUDIO_1049_WSI_SAD_XX_sadtalker,data\synthetic\track3_fakes\videos\FAKE_T3_1049_WSI_NEU_XX__AUDIO_1049_WSI_SAD_XX_sadtalker.mp4,1,done,sadtalker,1049,WSI,neutral,sad,yes
FAKE_T3_1050_DFA_ANG_XX__AUDIO_1050_DFA_DIS_XX_sadtalker,data\synthetic\track3_fakes\videos\FAKE_T3_1050_DFA_ANG_XX__AUDIO_1050_DFA_DIS_XX_sadtalker.mp4,1,done,sadtalker,1050,DFA,angry,disgust,yes
FAKE_T3_1050_DFA_NEU_XX__AUDIO_1050_DFA_SAD_XX_sadtalker,data\synthetic\track3_fakes\videos\FAKE_T3_1050_DFA_NEU_XX__AUDIO_1050_DFA_SAD_XX_sadtalker.mp4,1,done,sadtalker,1050,DFA,neutral,sad,yes
FAKE_T3_1050_DFA_SAD_XX__AUDIO_1050_DFA_ANG_XX_sadtalker,data\synthetic\track3_fakes\videos\FAKE_T3_1050_DFA_SAD_XX__AUDIO_1050_DFA_ANG_XX_sadtalker.mp4,1,done,sadtalker,1050,DFA,sad,angry,yes
FAKE_T3_1050_IEO_ANG_HI__AUDIO_1050_IEO_DIS_HI_sadtalker,data\synthetic\track3_fakes\videos\FAKE_T3_1050_IEO_ANG_HI__AUDIO_1050_IEO_DIS_HI_sadtalker.mp4,1,done,sadtalker,1050,IEO,angry,disgust,yes
FAKE_T3_1050_IEO_FEA_LO__AUDIO_1050_IEO_HAP_LO_sadtalker,data\synthetic\track3_fakes\videos\FAKE_T3_1050_IEO_FEA_LO__AUDIO_1050_IEO_HAP_LO_sadtalker.mp4,1,done,sadtalker,1050,IEO,fear,happy,yes
FAKE_T3_1050_IEO_SAD_HI__AUDIO_1050_IEO_ANG_HI_sadtalker,data\synthetic\track3_fakes\videos\FAKE_T3_1050_IEO_SAD_HI__AUDIO_1050_IEO_ANG_HI_sadtalker.mp4,1,done,sadtalker,1050,IEO,sad,angry,yes
FAKE_T3_1050_IEO_SAD_LO__AUDIO_1050_IEO_ANG_LO_sadtalker,data\synthetic\track3_fakes\videos\FAKE_T3_1050_IEO_SAD_LO__AUDIO_1050_IEO_ANG_LO_sadtalker.mp4,1,done,sadtalker,1050,IEO,sad,angry,yes
FAKE_T3_1050_IEO_SAD_MD__AUDIO_1050_IEO_ANG_MD_sadtalker,data\synthetic\track3_fakes\videos\FAKE_T3_1050_IEO_SAD_MD__AUDIO_1050_IEO_ANG_MD_sadtalker.mp4,1,done,sadtalker,1050,IEO,sad,angry,yes
FAKE_T3_1050_IOM_ANG_XX__AUDIO_1050_IOM_DIS_XX_sadtalker,data\synthetic\track3_fakes\videos\FAKE_T3_1050_IOM_ANG_XX__AUDIO_1050_IOM_DIS_XX_sadtalker.mp4,1,done,sadtalker,1050,IOM,angry,disgust,yes
FAKE_T3_1050_IOM_DIS_XX__AUDIO_1050_IOM_FEA_XX_sadtalker,data\synthetic\track3_fakes\videos\FAKE_T3_1050_IOM_DIS_XX__AUDIO_1050_IOM_FEA_XX_sadtalker.mp4,1,done,sadtalker,1050,IOM,disgust,fear,yes
FAKE_T3_1050_IOM_FEA_XX__AUDIO_1050_IOM_HAP_XX_sadtalker,data\synthetic\track3_fakes\videos\FAKE_T3_1050_IOM_FEA_XX__AUDIO_1050_IOM_HAP_XX_sadtalker.mp4,1,done,sadtalker,1050,IOM,fear,happy,yes
FAKE_T3_1050_IOM_HAP_XX__AUDIO_1050_IOM_NEU_XX_sadtalker,data\synthetic\track3_fakes\videos\FAKE_T3_1050_IOM_HAP_XX__AUDIO_1050_IOM_NEU_XX_sadtalker.mp4,1,done,sadtalker,1050,IOM,happy,neutral,yes
FAKE_T3_1050_IOM_NEU_XX__AUDIO_1050_IOM_SAD_XX_sadtalker,data\synthetic\track3_fakes\videos\FAKE_T3_1050_IOM_NEU_XX__AUDIO_1050_IOM_SAD_XX_sadtalker.mp4,1,done,sadtalker,1050,IOM,neutral,sad,yes
FAKE_T3_1050_IOM_SAD_XX__AUDIO_1050_IOM_ANG_XX_sadtalker,data\synthetic\track3_fakes\videos\FAKE_T3_1050_IOM_SAD_XX__AUDIO_1050_IOM_ANG_XX_sadtalker.mp4,1,done,sadtalker,1050,IOM,sad,angry,yes
FAKE_T3_1050_ITH_HAP_XX__AUDIO_1050_ITH_NEU_XX_sadtalker,data\synthetic\track3_fakes\videos\FAKE_T3_1050_ITH_HAP_XX__AUDIO_1050_ITH_NEU_XX_sadtalker.mp4,1,done,sadtalker,1050,ITH,happy,neutral,yes
FAKE_T3_1050_ITS_ANG_XX__AUDIO_1050_ITS_DIS_XX_sadtalker,data\synthetic\track3_fakes\videos\FAKE_T3_1050_ITS_ANG_XX__AUDIO_1050_ITS_DIS_XX_sadtalker.mp4,1,done,sadtalker,1050,ITS,angry,disgust,yes
FAKE_T3_1050_ITS_FEA_XX__AUDIO_1050_ITS_HAP_XX_sadtalker,data\synthetic\track3_fakes\videos\FAKE_T3_1050_ITS_FEA_XX__AUDIO_1050_ITS_HAP_XX_sadtalker.mp4,1,done,sadtalker,1050,ITS,fear,happy,yes
FAKE_T3_1050_ITS_HAP_XX__AUDIO_1050_ITS_NEU_XX_sadtalker,data\synthetic\track3_fakes\videos\FAKE_T3_1050_ITS_HAP_XX__AUDIO_1050_ITS_NEU_XX_sadtalker.mp4,1,done,sadtalker,1050,ITS,happy,neutral,yes
FAKE_T3_1050_ITS_SAD_XX__AUDIO_1050_ITS_ANG_XX_sadtalker,data\synthetic\track3_fakes\videos\FAKE_T3_1050_ITS_SAD_XX__AUDIO_1050_ITS_ANG_XX_sadtalker.mp4,1,done,sadtalker,1050,ITS,sad,angry,yes
FAKE_T3_1050_IWL_FEA_XX__AUDIO_1050_IWL_HAP_XX_sadtalker,data\synthetic\track3_fakes\videos\FAKE_T3_1050_IWL_FEA_XX__AUDIO_1050_IWL_HAP_XX_sadtalker.mp4,1,done,sadtalker,1050,IWL,fear,happy,yes
FAKE_T3_1050_IWL_HAP_XX__AUDIO_1050_IWL_NEU_XX_sadtalker,data\synthetic\track3_fakes\videos\FAKE_T3_1050_IWL_HAP_XX__AUDIO_1050_IWL_NEU_XX_sadtalker.mp4,1,done,sadtalker,1050,IWL,happy,neutral,yes
FAKE_T3_1050_IWL_NEU_XX__AUDIO_1050_IWL_SAD_XX_sadtalker,data\synthetic\track3_fakes\videos\FAKE_T3_1050_IWL_NEU_XX__AUDIO_1050_IWL_SAD_XX_sadtalker.mp4,1,done,sadtalker,1050,IWL,neutral,sad,yes
FAKE_T3_1050_IWW_HAP_XX__AUDIO_1050_IWW_NEU_XX_sadtalker,data\synthetic\track3_fakes\videos\FAKE_T3_1050_IWW_HAP_XX__AUDIO_1050_IWW_NEU_XX_sadtalker.mp4,1,done,sadtalker,1050,IWW,happy,neutral,yes
FAKE_T3_1050_IWW_SAD_XX__AUDIO_1050_IWW_ANG_XX_sadtalker,data\synthetic\track3_fakes\videos\FAKE_T3_1050_IWW_SAD_XX__AUDIO_1050_IWW_ANG_XX_sadtalker.mp4,1,done,sadtalker,1050,IWW,sad,angry,yes
FAKE_T3_1050_MTI_ANG_XX__AUDIO_1050_MTI_DIS_XX_sadtalker,data\synthetic\track3_fakes\videos\FAKE_T3_1050_MTI_ANG_XX__AUDIO_1050_MTI_DIS_XX_sadtalker.mp4,1,done,sadtalker,1050,MTI,angry,disgust,yes
FAKE_T3_1050_MTI_DIS_XX__AUDIO_1050_MTI_FEA_XX_sadtalker,data\synthetic\track3_fakes\videos\FAKE_T3_1050_MTI_DIS_XX__AUDIO_1050_MTI_FEA_XX_sadtalker.mp4,1,done,sadtalker,1050,MTI,disgust,fear,yes
FAKE_T3_1050_MTI_SAD_XX__AUDIO_1050_MTI_ANG_XX_sadtalker,data\synthetic\track3_fakes\videos\FAKE_T3_1050_MTI_SAD_XX__AUDIO_1050_MTI_ANG_XX_sadtalker.mp4,1,done,sadtalker,1050,MTI,sad,angry,yes
FAKE_T3_1050_TAI_DIS_XX__AUDIO_1050_TAI_FEA_XX_sadtalker,data\synthetic\track3_fakes\videos\FAKE_T3_1050_TAI_DIS_XX__AUDIO_1050_TAI_FEA_XX_sadtalker.mp4,1,done,sadtalker,1050,TAI,disgust,fear,yes
FAKE_T3_1050_TAI_FEA_XX__AUDIO_1050_TAI_HAP_XX_sadtalker,data\synthetic\track3_fakes\videos\FAKE_T3_1050_TAI_FEA_XX__AUDIO_1050_TAI_HAP_XX_sadtalker.mp4,1,done,sadtalker,1050,TAI,fear,happy,yes
FAKE_T3_1050_TAI_HAP_XX__AUDIO_1050_TAI_NEU_XX_sadtalker,data\synthetic\track3_fakes\videos\FAKE_T3_1050_TAI_HAP_XX__AUDIO_1050_TAI_NEU_XX_sadtalker.mp4,1,done,sadtalker,1050,TAI,happy,neutral,yes
FAKE_T3_1050_TAI_SAD_XX__AUDIO_1050_TAI_ANG_XX_sadtalker,data\synthetic\track3_fakes\videos\FAKE_T3_1050_TAI_SAD_XX__AUDIO_1050_TAI_ANG_XX_sadtalker.mp4,1,done,sadtalker,1050,TAI,sad,angry,yes
FAKE_T3_1050_TIE_FEA_XX__AUDIO_1050_TIE_HAP_XX_sadtalker,data\synthetic\track3_fakes\videos\FAKE_T3_1050_TIE_FEA_XX__AUDIO_1050_TIE_HAP_XX_sadtalker.mp4,1,done,sadtalker,1050,TIE,fear,happy,yes
FAKE_T3_1050_TIE_NEU_XX__AUDIO_1050_TIE_SAD_XX_sadtalker,data\synthetic\track3_fakes\videos\FAKE_T3_1050_TIE_NEU_XX__AUDIO_1050_TIE_SAD_XX_sadtalker.mp4,1,done,sadtalker,1050,TIE,neutral,sad,yes
FAKE_T3_1050_TIE_SAD_XX__AUDIO_1050_TIE_ANG_XX_sadtalker,data\synthetic\track3_fakes\videos\FAKE_T3_1050_TIE_SAD_XX__AUDIO_1050_TIE_ANG_XX_sadtalker.mp4,1,done,sadtalker,1050,TIE,sad,angry,yes
FAKE_T3_1050_TSI_ANG_XX__AUDIO_1050_TSI_DIS_XX_sadtalker,data\synthetic\track3_fakes\videos\FAKE_T3_1050_TSI_ANG_XX__AUDIO_1050_TSI_DIS_XX_sadtalker.mp4,1,done,sadtalker,1050,TSI,angry,disgust,yes
FAKE_T3_1050_TSI_HAP_XX__AUDIO_1050_TSI_NEU_XX_sadtalker,data\synthetic\track3_fakes\videos\FAKE_T3_1050_TSI_HAP_XX__AUDIO_1050_TSI_NEU_XX_sadtalker.mp4,1,done,sadtalker,1050,TSI,happy,neutral,yes
FAKE_T3_1050_TSI_NEU_XX__AUDIO_1050_TSI_SAD_XX_sadtalker,data\synthetic\track3_fakes\videos\FAKE_T3_1050_TSI_NEU_XX__AUDIO_1050_TSI_SAD_XX_sadtalker.mp4,1,done,sadtalker,1050,TSI,neutral,sad,yes
FAKE_T3_1050_TSI_SAD_XX__AUDIO_1050_TSI_ANG_XX_sadtalker,data\synthetic\track3_fakes\videos\FAKE_T3_1050_TSI_SAD_XX__AUDIO_1050_TSI_ANG_XX_sadtalker.mp4,1,done,sadtalker,1050,TSI,sad,angry,yes
FAKE_T3_1050_WSI_FEA_XX__AUDIO_1050_WSI_HAP_XX_sadtalker,data\synthetic\track3_fakes\videos\FAKE_T3_1050_WSI_FEA_XX__AUDIO_1050_WSI_HAP_XX_sadtalker.mp4,1,done,sadtalker,1050,WSI,fear,happy,yes
FAKE_T3_1050_WSI_HAP_XX__AUDIO_1050_WSI_NEU_XX_sadtalker,data\synthetic\track3_fakes\videos\FAKE_T3_1050_WSI_HAP_XX__AUDIO_1050_WSI_NEU_XX_sadtalker.mp4,1,done,sadtalker,1050,WSI,happy,neutral,yes
FAKE_T3_1050_WSI_SAD_XX__AUDIO_1050_WSI_ANG_XX_sadtalker,data\synthetic\track3_fakes\videos\FAKE_T3_1050_WSI_SAD_XX__AUDIO_1050_WSI_ANG_XX_sadtalker.mp4,1,done,sadtalker,1050,WSI,sad,angry,yes
FAKE_T3_1051_DFA_ANG_XX__AUDIO_1051_DFA_DIS_XX_sadtalker,data\synthetic\track3_fakes\videos\FAKE_T3_1051_DFA_ANG_XX__AUDIO_1051_DFA_DIS_XX_sadtalker.mp4,1,done,sadtalker,1051,DFA,angry,disgust,yes
FAKE_T3_1051_DFA_FEA_XX__AUDIO_1051_DFA_HAP_XX_sadtalker,data\synthetic\track3_fakes\videos\FAKE_T3_1051_DFA_FEA_XX__AUDIO_1051_DFA_HAP_XX_sadtalker.mp4,1,done,sadtalker,1051,DFA,fear,happy,yes
FAKE_T3_1051_IEO_ANG_HI__AUDIO_1051_IEO_DIS_HI_sadtalker,data\synthetic\track3_fakes\videos\FAKE_T3_1051_IEO_ANG_HI__AUDIO_1051_IEO_DIS_HI_sadtalker.mp4,1,done,sadtalker,1051,IEO,angry,disgust,yes
FAKE_T3_1051_IEO_ANG_LO__AUDIO_1051_IEO_DIS_LO_sadtalker,data\synthetic\track3_fakes\videos\FAKE_T3_1051_IEO_ANG_LO__AUDIO_1051_IEO_DIS_LO_sadtalker.mp4,1,done,sadtalker,1051,IEO,angry,disgust,yes
FAKE_T3_1051_IEO_DIS_LO__AUDIO_1051_IEO_FEA_LO_sadtalker,data\synthetic\track3_fakes\videos\FAKE_T3_1051_IEO_DIS_LO__AUDIO_1051_IEO_FEA_LO_sadtalker.mp4,1,done,sadtalker,1051,IEO,disgust,fear,yes
FAKE_T3_1051_IEO_FEA_LO__AUDIO_1051_IEO_HAP_LO_sadtalker,data\synthetic\track3_fakes\videos\FAKE_T3_1051_IEO_FEA_LO__AUDIO_1051_IEO_HAP_LO_sadtalker.mp4,1,done,sadtalker,1051,IEO,fear,happy,yes
FAKE_T3_1051_IEO_HAP_HI__AUDIO_1051_IEO_NEU_XX_sadtalker,data\synthetic\track3_fakes\videos\FAKE_T3_1051_IEO_HAP_HI__AUDIO_1051_IEO_NEU_XX_sadtalker.mp4,1,done,sadtalker,1051,IEO,happy,neutral,yes
FAKE_T3_1051_IEO_HAP_LO__AUDIO_1051_IEO_NEU_XX_sadtalker,data\synthetic\track3_fakes\videos\FAKE_T3_1051_IEO_HAP_LO__AUDIO_1051_IEO_NEU_XX_sadtalker.mp4,1,done,sadtalker,1051,IEO,happy,neutral,yes
FAKE_T3_1051_IEO_HAP_MD__AUDIO_1051_IEO_NEU_XX_sadtalker,data\synthetic\track3_fakes\videos\FAKE_T3_1051_IEO_HAP_MD__AUDIO_1051_IEO_NEU_XX_sadtalker.mp4,1,done,sadtalker,1051,IEO,happy,neutral,yes
FAKE_T3_1051_IEO_NEU_XX__AUDIO_1051_IEO_SAD_HI_sadtalker,data\synthetic\track3_fakes\videos\FAKE_T3_1051_IEO_NEU_XX__AUDIO_1051_IEO_SAD_HI_sadtalker.mp4,1,done,sadtalker,1051,IEO,neutral,sad,yes
FAKE_T3_1051_IOM_ANG_XX__AUDIO_1051_IOM_DIS_XX_sadtalker,data\synthetic\track3_fakes\videos\FAKE_T3_1051_IOM_ANG_XX__AUDIO_1051_IOM_DIS_XX_sadtalker.mp4,1,done,sadtalker,1051,IOM,angry,disgust,yes
FAKE_T3_1051_IOM_DIS_XX__AUDIO_1051_IOM_FEA_XX_sadtalker,data\synthetic\track3_fakes\videos\FAKE_T3_1051_IOM_DIS_XX__AUDIO_1051_IOM_FEA_XX_sadtalker.mp4,1,done,sadtalker,1051,IOM,disgust,fear,yes
FAKE_T3_1051_ITH_NEU_XX__AUDIO_1051_ITH_SAD_XX_sadtalker,data\synthetic\track3_fakes\videos\FAKE_T3_1051_ITH_NEU_XX__AUDIO_1051_ITH_SAD_XX_sadtalker.mp4,1,done,sadtalker,1051,ITH,neutral,sad,yes
FAKE_T3_1051_ITS_DIS_XX__AUDIO_1051_ITS_FEA_XX_sadtalker,data\synthetic\track3_fakes\videos\FAKE_T3_1051_ITS_DIS_XX__AUDIO_1051_ITS_FEA_XX_sadtalker.mp4,1,done,sadtalker,1051,ITS,disgust,fear,yes
FAKE_T3_1051_ITS_FEA_XX__AUDIO_1051_ITS_HAP_XX_sadtalker,data\synthetic\track3_fakes\videos\FAKE_T3_1051_ITS_FEA_XX__AUDIO_1051_ITS_HAP_XX_sadtalker.mp4,1,done,sadtalker,1051,ITS,fear,happy,yes
FAKE_T3_1051_ITS_NEU_XX__AUDIO_1051_ITS_SAD_XX_sadtalker,data\synthetic\track3_fakes\videos\FAKE_T3_1051_ITS_NEU_XX__AUDIO_1051_ITS_SAD_XX_sadtalker.mp4,1,done,sadtalker,1051,ITS,neutral,sad,yes
FAKE_T3_1051_ITS_SAD_XX__AUDIO_1051_ITS_ANG_XX_sadtalker,data\synthetic\track3_fakes\videos\FAKE_T3_1051_ITS_SAD_XX__AUDIO_1051_ITS_ANG_XX_sadtalker.mp4,1,done,sadtalker,1051,ITS,sad,angry,yes
FAKE_T3_1051_IWL_FEA_XX__AUDIO_1051_IWL_HAP_XX_sadtalker,data\synthetic\track3_fakes\videos\FAKE_T3_1051_IWL_FEA_XX__AUDIO_1051_IWL_HAP_XX_sadtalker.mp4,1,done,sadtalker,1051,IWL,fear,happy,yes
FAKE_T3_1051_IWL_NEU_XX__AUDIO_1051_IWL_SAD_XX_sadtalker,data\synthetic\track3_fakes\videos\FAKE_T3_1051_IWL_NEU_XX__AUDIO_1051_IWL_SAD_XX_sadtalker.mp4,1,done,sadtalker,1051,IWL,neutral,sad,yes
FAKE_T3_1051_IWL_SAD_XX__AUDIO_1051_IWL_ANG_XX_sadtalker,data\synthetic\track3_fakes\videos\FAKE_T3_1051_IWL_SAD_XX__AUDIO_1051_IWL_ANG_XX_sadtalker.mp4,1,done,sadtalker,1051,IWL,sad,angry,yes
FAKE_T3_1051_IWW_NEU_XX__AUDIO_1051_IWW_SAD_XX_sadtalker,data\synthetic\track3_fakes\videos\FAKE_T3_1051_IWW_NEU_XX__AUDIO_1051_IWW_SAD_XX_sadtalker.mp4,1,done,sadtalker,1051,IWW,neutral,sad,yes
FAKE_T3_1051_IWW_SAD_XX__AUDIO_1051_IWW_ANG_XX_sadtalker,data\synthetic\track3_fakes\videos\FAKE_T3_1051_IWW_SAD_XX__AUDIO_1051_IWW_ANG_XX_sadtalker.mp4,1,done,sadtalker,1051,IWW,sad,angry,yes
FAKE_T3_1051_MTI_ANG_XX__AUDIO_1051_MTI_DIS_XX_sadtalker,data\synthetic\track3_fakes\videos\FAKE_T3_1051_MTI_ANG_XX__AUDIO_1051_MTI_DIS_XX_sadtalker.mp4,1,done,sadtalker,1051,MTI,angry,disgust,yes
FAKE_T3_1051_MTI_DIS_XX__AUDIO_1051_MTI_FEA_XX_sadtalker,data\synthetic\track3_fakes\videos\FAKE_T3_1051_MTI_DIS_XX__AUDIO_1051_MTI_FEA_XX_sadtalker.mp4,1,done,sadtalker,1051,MTI,disgust,fear,yes
FAKE_T3_1051_MTI_FEA_XX__AUDIO_1051_MTI_HAP_XX_sadtalker,data\synthetic\track3_fakes\videos\FAKE_T3_1051_MTI_FEA_XX__AUDIO_1051_MTI_HAP_XX_sadtalker.mp4,1,done,sadtalker,1051,MTI,fear,happy,yes
FAKE_T3_1051_TAI_DIS_XX__AUDIO_1051_TAI_FEA_XX_sadtalker,data\synthetic\track3_fakes\videos\FAKE_T3_1051_TAI_DIS_XX__AUDIO_1051_TAI_FEA_XX_sadtalker.mp4,1,done,sadtalker,1051,TAI,disgust,fear,yes
FAKE_T3_1051_TAI_NEU_XX__AUDIO_1051_TAI_SAD_XX_sadtalker,data\synthetic\track3_fakes\videos\FAKE_T3_1051_TAI_NEU_XX__AUDIO_1051_TAI_SAD_XX_sadtalker.mp4,1,done,sadtalker,1051,TAI,neutral,sad,yes
FAKE_T3_1051_TAI_SAD_XX__AUDIO_1051_TAI_ANG_XX_sadtalker,data\synthetic\track3_fakes\videos\FAKE_T3_1051_TAI_SAD_XX__AUDIO_1051_TAI_ANG_XX_sadtalker.mp4,1,done,sadtalker,1051,TAI,sad,angry,yes
FAKE_T3_1051_TIE_ANG_XX__AUDIO_1051_TIE_DIS_XX_sadtalker,data\synthetic\track3_fakes\videos\FAKE_T3_1051_TIE_ANG_XX__AUDIO_1051_TIE_DIS_XX_sadtalker.mp4,1,done,sadtalker,1051,TIE,angry,disgust,yes
FAKE_T3_1051_TIE_DIS_XX__AUDIO_1051_TIE_FEA_XX_sadtalker,data\synthetic\track3_fakes\videos\FAKE_T3_1051_TIE_DIS_XX__AUDIO_1051_TIE_FEA_XX_sadtalker.mp4,1,done,sadtalker,1051,TIE,disgust,fear,yes
FAKE_T3_1051_TIE_FEA_XX__AUDIO_1051_TIE_HAP_XX_sadtalker,data\synthetic\track3_fakes\videos\FAKE_T3_1051_TIE_FEA_XX__AUDIO_1051_TIE_HAP_XX_sadtalker.mp4,1,done,sadtalker,1051,TIE,fear,happy,yes
FAKE_T3_1051_TIE_HAP_XX__AUDIO_1051_TIE_NEU_XX_sadtalker,data\synthetic\track3_fakes\videos\FAKE_T3_1051_TIE_HAP_XX__AUDIO_1051_TIE_NEU_XX_sadtalker.mp4,1,done,sadtalker,1051,TIE,happy,neutral,yes
FAKE_T3_1051_TIE_SAD_XX__AUDIO_1051_TIE_ANG_XX_sadtalker,data\synthetic\track3_fakes\videos\FAKE_T3_1051_TIE_SAD_XX__AUDIO_1051_TIE_ANG_XX_sadtalker.mp4,1,done,sadtalker,1051,TIE,sad,angry,yes
FAKE_T3_1051_TSI_ANG_XX__AUDIO_1051_TSI_DIS_XX_sadtalker,data\synthetic\track3_fakes\videos\FAKE_T3_1051_TSI_ANG_XX__AUDIO_1051_TSI_DIS_XX_sadtalker.mp4,1,done,sadtalker,1051,TSI,angry,disgust,yes
FAKE_T3_1051_TSI_FEA_XX__AUDIO_1051_TSI_HAP_XX_sadtalker,data\synthetic\track3_fakes\videos\FAKE_T3_1051_TSI_FEA_XX__AUDIO_1051_TSI_HAP_XX_sadtalker.mp4,1,done,sadtalker,1051,TSI,fear,happy,yes
FAKE_T3_1051_TSI_HAP_XX__AUDIO_1051_TSI_NEU_XX_sadtalker,data\synthetic\track3_fakes\videos\FAKE_T3_1051_TSI_HAP_XX__AUDIO_1051_TSI_NEU_XX_sadtalker.mp4,1,done,sadtalker,1051,TSI,happy,neutral,yes
FAKE_T3_1051_TSI_NEU_XX__AUDIO_1051_TSI_SAD_XX_sadtalker,data\synthetic\track3_fakes\videos\FAKE_T3_1051_TSI_NEU_XX__AUDIO_1051_TSI_SAD_XX_sadtalker.mp4,1,done,sadtalker,1051,TSI,neutral,sad,yes
FAKE_T3_1051_WSI_ANG_XX__AUDIO_1051_WSI_DIS_XX_sadtalker,data\synthetic\track3_fakes\videos\FAKE_T3_1051_WSI_ANG_XX__AUDIO_1051_WSI_DIS_XX_sadtalker.mp4,1,done,sadtalker,1051,WSI,angry,disgust,yes
FAKE_T3_1051_WSI_FEA_XX__AUDIO_1051_WSI_HAP_XX_sadtalker,data\synthetic\track3_fakes\videos\FAKE_T3_1051_WSI_FEA_XX__AUDIO_1051_WSI_HAP_XX_sadtalker.mp4,1,done,sadtalker,1051,WSI,fear,happy,yes
FAKE_T3_1051_WSI_HAP_XX__AUDIO_1051_WSI_NEU_XX_sadtalker,data\synthetic\track3_fakes\videos\FAKE_T3_1051_WSI_HAP_XX__AUDIO_1051_WSI_NEU_XX_sadtalker.mp4,1,done,sadtalker,1051,WSI,happy,neutral,yes
FAKE_T3_1051_WSI_NEU_XX__AUDIO_1051_WSI_SAD_XX_sadtalker,data\synthetic\track3_fakes\videos\FAKE_T3_1051_WSI_NEU_XX__AUDIO_1051_WSI_SAD_XX_sadtalker.mp4,1,done,sadtalker,1051,WSI,neutral,sad,yes
FAKE_T3_1052_DFA_ANG_XX__AUDIO_1052_DFA_DIS_XX_sadtalker,data\synthetic\track3_fakes\videos\FAKE_T3_1052_DFA_ANG_XX__AUDIO_1052_DFA_DIS_XX_sadtalker.mp4,1,done,sadtalker,1052,DFA,angry,disgust,yes
FAKE_T3_1052_DFA_DIS_XX__AUDIO_1052_DFA_FEA_XX_sadtalker,data\synthetic\track3_fakes\videos\FAKE_T3_1052_DFA_DIS_XX__AUDIO_1052_DFA_FEA_XX_sadtalker.mp4,1,done,sadtalker,1052,DFA,disgust,fear,yes
FAKE_T3_1052_DFA_FEA_XX__AUDIO_1052_DFA_HAP_XX_sadtalker,data\synthetic\track3_fakes\videos\FAKE_T3_1052_DFA_FEA_XX__AUDIO_1052_DFA_HAP_XX_sadtalker.mp4,1,done,sadtalker,1052,DFA,fear,happy,yes
FAKE_T3_1052_DFA_NEU_XX__AUDIO_1052_DFA_SAD_XX_sadtalker,data\synthetic\track3_fakes\videos\FAKE_T3_1052_DFA_NEU_XX__AUDIO_1052_DFA_SAD_XX_sadtalker.mp4,1,done,sadtalker,1052,DFA,neutral,sad,yes
FAKE_T3_1052_DFA_SAD_XX__AUDIO_1052_DFA_ANG_XX_sadtalker,data\synthetic\track3_fakes\videos\FAKE_T3_1052_DFA_SAD_XX__AUDIO_1052_DFA_ANG_XX_sadtalker.mp4,1,done,sadtalker,1052,DFA,sad,angry,yes
FAKE_T3_1052_IEO_ANG_HI__AUDIO_1052_IEO_DIS_HI_sadtalker,data\synthetic\track3_fakes\videos\FAKE_T3_1052_IEO_ANG_HI__AUDIO_1052_IEO_DIS_HI_sadtalker.mp4,1,done,sadtalker,1052,IEO,angry,disgust,yes
FAKE_T3_1052_IEO_ANG_LO__AUDIO_1052_IEO_DIS_LO_sadtalker,data\synthetic\track3_fakes\videos\FAKE_T3_1052_IEO_ANG_LO__AUDIO_1052_IEO_DIS_LO_sadtalker.mp4,1,done,sadtalker,1052,IEO,angry,disgust,yes
FAKE_T3_1052_IEO_DIS_MD__AUDIO_1052_IEO_FEA_MD_sadtalker,data\synthetic\track3_fakes\videos\FAKE_T3_1052_IEO_DIS_MD__AUDIO_1052_IEO_FEA_MD_sadtalker.mp4,1,done,sadtalker,1052,IEO,disgust,fear,yes
FAKE_T3_1052_IEO_FEA_HI__AUDIO_1052_IEO_HAP_HI_sadtalker,data\synthetic\track3_fakes\videos\FAKE_T3_1052_IEO_FEA_HI__AUDIO_1052_IEO_HAP_HI_sadtalker.mp4,1,done,sadtalker,1052,IEO,fear,happy,yes
FAKE_T3_1052_IEO_NEU_XX__AUDIO_1052_IEO_SAD_HI_sadtalker,data\synthetic\track3_fakes\videos\FAKE_T3_1052_IEO_NEU_XX__AUDIO_1052_IEO_SAD_HI_sadtalker.mp4,1,done,sadtalker,1052,IEO,neutral,sad,yes
FAKE_T3_1052_IEO_SAD_MD__AUDIO_1052_IEO_ANG_MD_sadtalker,data\synthetic\track3_fakes\videos\FAKE_T3_1052_IEO_SAD_MD__AUDIO_1052_IEO_ANG_MD_sadtalker.mp4,1,done,sadtalker,1052,IEO,sad,angry,yes
FAKE_T3_1052_IOM_ANG_XX__AUDIO_1052_IOM_DIS_XX_sadtalker,data\synthetic\track3_fakes\videos\FAKE_T3_1052_IOM_ANG_XX__AUDIO_1052_IOM_DIS_XX_sadtalker.mp4,1,done,sadtalker,1052,IOM,angry,disgust,yes
FAKE_T3_1052_IOM_DIS_XX__AUDIO_1052_IOM_FEA_XX_sadtalker,data\synthetic\track3_fakes\videos\FAKE_T3_1052_IOM_DIS_XX__AUDIO_1052_IOM_FEA_XX_sadtalker.mp4,1,done,sadtalker,1052,IOM,disgust,fear,yes
FAKE_T3_1052_IOM_NEU_XX__AUDIO_1052_IOM_SAD_XX_sadtalker,data\synthetic\track3_fakes\videos\FAKE_T3_1052_IOM_NEU_XX__AUDIO_1052_IOM_SAD_XX_sadtalker.mp4,1,done,sadtalker,1052,IOM,neutral,sad,yes
FAKE_T3_1052_IOM_SAD_XX__AUDIO_1052_IOM_ANG_XX_sadtalker,data\synthetic\track3_fakes\videos\FAKE_T3_1052_IOM_SAD_XX__AUDIO_1052_IOM_ANG_XX_sadtalker.mp4,1,done,sadtalker,1052,IOM,sad,angry,yes
FAKE_T3_1052_ITH_DIS_XX__AUDIO_1052_ITH_FEA_XX_sadtalker,data\synthetic\track3_fakes\videos\FAKE_T3_1052_ITH_DIS_XX__AUDIO_1052_ITH_FEA_XX_sadtalker.mp4,1,done,sadtalker,1052,ITH,disgust,fear,yes
FAKE_T3_1052_ITH_NEU_XX__AUDIO_1052_ITH_SAD_XX_sadtalker,data\synthetic\track3_fakes\videos\FAKE_T3_1052_ITH_NEU_XX__AUDIO_1052_ITH_SAD_XX_sadtalker.mp4,1,done,sadtalker,1052,ITH,neutral,sad,yes
FAKE_T3_1052_ITS_DIS_XX__AUDIO_1052_ITS_FEA_XX_sadtalker,data\synthetic\track3_fakes\videos\FAKE_T3_1052_ITS_DIS_XX__AUDIO_1052_ITS_FEA_XX_sadtalker.mp4,1,done,sadtalker,1052,ITS,disgust,fear,yes
FAKE_T3_1052_ITS_FEA_XX__AUDIO_1052_ITS_HAP_XX_sadtalker,data\synthetic\track3_fakes\videos\FAKE_T3_1052_ITS_FEA_XX__AUDIO_1052_ITS_HAP_XX_sadtalker.mp4,1,done,sadtalker,1052,ITS,fear,happy,yes
FAKE_T3_1052_ITS_NEU_XX__AUDIO_1052_ITS_SAD_XX_sadtalker,data\synthetic\track3_fakes\videos\FAKE_T3_1052_ITS_NEU_XX__AUDIO_1052_ITS_SAD_XX_sadtalker.mp4,1,done,sadtalker,1052,ITS,neutral,sad,yes
FAKE_T3_1052_ITS_SAD_XX__AUDIO_1052_ITS_ANG_XX_sadtalker,data\synthetic\track3_fakes\videos\FAKE_T3_1052_ITS_SAD_XX__AUDIO_1052_ITS_ANG_XX_sadtalker.mp4,1,done,sadtalker,1052,ITS,sad,angry,yes
FAKE_T3_1052_IWL_HAP_XX__AUDIO_1052_IWL_NEU_XX_sadtalker,data\synthetic\track3_fakes\videos\FAKE_T3_1052_IWL_HAP_XX__AUDIO_1052_IWL_NEU_XX_sadtalker.mp4,1,done,sadtalker,1052,IWL,happy,neutral,yes
FAKE_T3_1052_IWL_NEU_XX__AUDIO_1052_IWL_SAD_XX_sadtalker,data\synthetic\track3_fakes\videos\FAKE_T3_1052_IWL_NEU_XX__AUDIO_1052_IWL_SAD_XX_sadtalker.mp4,1,done,sadtalker,1052,IWL,neutral,sad,yes
FAKE_T3_1052_IWW_DIS_XX__AUDIO_1052_IWW_FEA_XX_sadtalker,data\synthetic\track3_fakes\videos\FAKE_T3_1052_IWW_DIS_XX__AUDIO_1052_IWW_FEA_XX_sadtalker.mp4,1,done,sadtalker,1052,IWW,disgust,fear,yes
FAKE_T3_1052_IWW_FEA_XX__AUDIO_1052_IWW_HAP_XX_sadtalker,data\synthetic\track3_fakes\videos\FAKE_T3_1052_IWW_FEA_XX__AUDIO_1052_IWW_HAP_XX_sadtalker.mp4,1,done,sadtalker,1052,IWW,fear,happy,yes
FAKE_T3_1052_IWW_HAP_XX__AUDIO_1052_IWW_NEU_XX_sadtalker,data\synthetic\track3_fakes\videos\FAKE_T3_1052_IWW_HAP_XX__AUDIO_1052_IWW_NEU_XX_sadtalker.mp4,1,done,sadtalker,1052,IWW,happy,neutral,yes
FAKE_T3_1052_MTI_HAP_XX__AUDIO_1052_MTI_NEU_XX_sadtalker,data\synthetic\track3_fakes\videos\FAKE_T3_1052_MTI_HAP_XX__AUDIO_1052_MTI_NEU_XX_sadtalker.mp4,1,done,sadtalker,1052,MTI,happy,neutral,yes
FAKE_T3_1052_MTI_SAD_XX__AUDIO_1052_MTI_ANG_XX_sadtalker,data\synthetic\track3_fakes\videos\FAKE_T3_1052_MTI_SAD_XX__AUDIO_1052_MTI_ANG_XX_sadtalker.mp4,1,done,sadtalker,1052,MTI,sad,angry,yes
FAKE_T3_1052_TAI_DIS_XX__AUDIO_1052_TAI_FEA_XX_sadtalker,data\synthetic\track3_fakes\videos\FAKE_T3_1052_TAI_DIS_XX__AUDIO_1052_TAI_FEA_XX_sadtalker.mp4,1,done,sadtalker,1052,TAI,disgust,fear,yes
FAKE_T3_1052_TAI_HAP_XX__AUDIO_1052_TAI_NEU_XX_sadtalker,data\synthetic\track3_fakes\videos\FAKE_T3_1052_TAI_HAP_XX__AUDIO_1052_TAI_NEU_XX_sadtalker.mp4,1,done,sadtalker,1052,TAI,happy,neutral,yes
FAKE_T3_1052_TAI_NEU_XX__AUDIO_1052_TAI_SAD_XX_sadtalker,data\synthetic\track3_fakes\videos\FAKE_T3_1052_TAI_NEU_XX__AUDIO_1052_TAI_SAD_XX_sadtalker.mp4,1,done,sadtalker,1052,TAI,neutral,sad,yes
FAKE_T3_1052_TAI_SAD_XX__AUDIO_1052_TAI_ANG_XX_sadtalker,data\synthetic\track3_fakes\videos\FAKE_T3_1052_TAI_SAD_XX__AUDIO_1052_TAI_ANG_XX_sadtalker.mp4,1,done,sadtalker,1052,TAI,sad,angry,yes
FAKE_T3_1052_TIE_HAP_XX__AUDIO_1052_TIE_NEU_XX_sadtalker,data\synthetic\track3_fakes\videos\FAKE_T3_1052_TIE_HAP_XX__AUDIO_1052_TIE_NEU_XX_sadtalker.mp4,1,done,sadtalker,1052,TIE,happy,neutral,yes
FAKE_T3_1052_TIE_SAD_XX__AUDIO_1052_TIE_ANG_XX_sadtalker,data\synthetic\track3_fakes\videos\FAKE_T3_1052_TIE_SAD_XX__AUDIO_1052_TIE_ANG_XX_sadtalker.mp4,1,done,sadtalker,1052,TIE,sad,angry,yes
FAKE_T3_1052_TSI_ANG_XX__AUDIO_1052_TSI_DIS_XX_sadtalker,data\synthetic\track3_fakes\videos\FAKE_T3_1052_TSI_ANG_XX__AUDIO_1052_TSI_DIS_XX_sadtalker.mp4,1,done,sadtalker,1052,TSI,angry,disgust,yes
FAKE_T3_1052_TSI_DIS_XX__AUDIO_1052_TSI_FEA_XX_sadtalker,data\synthetic\track3_fakes\videos\FAKE_T3_1052_TSI_DIS_XX__AUDIO_1052_TSI_FEA_XX_sadtalker.mp4,1,done,sadtalker,1052,TSI,disgust,fear,yes
FAKE_T3_1052_TSI_HAP_XX__AUDIO_1052_TSI_NEU_XX_sadtalker,data\synthetic\track3_fakes\videos\FAKE_T3_1052_TSI_HAP_XX__AUDIO_1052_TSI_NEU_XX_sadtalker.mp4,1,done,sadtalker,1052,TSI,happy,neutral,yes
FAKE_T3_1052_WSI_ANG_XX__AUDIO_1052_WSI_DIS_XX_sadtalker,data\synthetic\track3_fakes\videos\FAKE_T3_1052_WSI_ANG_XX__AUDIO_1052_WSI_DIS_XX_sadtalker.mp4,1,done,sadtalker,1052,WSI,angry,disgust,yes
FAKE_T3_1052_WSI_DIS_XX__AUDIO_1052_WSI_FEA_XX_sadtalker,data\synthetic\track3_fakes\videos\FAKE_T3_1052_WSI_DIS_XX__AUDIO_1052_WSI_FEA_XX_sadtalker.mp4,1,done,sadtalker,1052,WSI,disgust,fear,yes
FAKE_T3_1052_WSI_FEA_XX__AUDIO_1052_WSI_HAP_XX_sadtalker,data\synthetic\track3_fakes\videos\FAKE_T3_1052_WSI_FEA_XX__AUDIO_1052_WSI_HAP_XX_sadtalker.mp4,1,done,sadtalker,1052,WSI,fear,happy,yes
FAKE_T3_1052_WSI_NEU_XX__AUDIO_1052_WSI_SAD_XX_sadtalker,data\synthetic\track3_fakes\videos\FAKE_T3_1052_WSI_NEU_XX__AUDIO_1052_WSI_SAD_XX_sadtalker.mp4,1,done,sadtalker,1052,WSI,neutral,sad,yes
FAKE_T3_1053_DFA_FEA_XX__AUDIO_1053_DFA_HAP_XX_sadtalker,data\synthetic\track3_fakes\videos\FAKE_T3_1053_DFA_FEA_XX__AUDIO_1053_DFA_HAP_XX_sadtalker.mp4,1,done,sadtalker,1053,DFA,fear,happy,yes
FAKE_T3_1053_DFA_HAP_XX__AUDIO_1053_DFA_NEU_XX_sadtalker,data\synthetic\track3_fakes\videos\FAKE_T3_1053_DFA_HAP_XX__AUDIO_1053_DFA_NEU_XX_sadtalker.mp4,1,done,sadtalker,1053,DFA,happy,neutral,yes
FAKE_T3_1053_IEO_ANG_HI__AUDIO_1053_IEO_DIS_HI_sadtalker,data\synthetic\track3_fakes\videos\FAKE_T3_1053_IEO_ANG_HI__AUDIO_1053_IEO_DIS_HI_sadtalker.mp4,1,done,sadtalker,1053,IEO,angry,disgust,yes
FAKE_T3_1053_IEO_ANG_LO__AUDIO_1053_IEO_DIS_LO_sadtalker,data\synthetic\track3_fakes\videos\FAKE_T3_1053_IEO_ANG_LO__AUDIO_1053_IEO_DIS_LO_sadtalker.mp4,1,done,sadtalker,1053,IEO,angry,disgust,yes
FAKE_T3_1053_IEO_DIS_HI__AUDIO_1053_IEO_FEA_HI_sadtalker,data\synthetic\track3_fakes\videos\FAKE_T3_1053_IEO_DIS_HI__AUDIO_1053_IEO_FEA_HI_sadtalker.mp4,1,done,sadtalker,1053,IEO,disgust,fear,yes
FAKE_T3_1053_IEO_DIS_MD__AUDIO_1053_IEO_FEA_MD_sadtalker,data\synthetic\track3_fakes\videos\FAKE_T3_1053_IEO_DIS_MD__AUDIO_1053_IEO_FEA_MD_sadtalker.mp4,1,done,sadtalker,1053,IEO,disgust,fear,yes
FAKE_T3_1053_IEO_FEA_HI__AUDIO_1053_IEO_HAP_HI_sadtalker,data\synthetic\track3_fakes\videos\FAKE_T3_1053_IEO_FEA_HI__AUDIO_1053_IEO_HAP_HI_sadtalker.mp4,1,done,sadtalker,1053,IEO,fear,happy,yes
FAKE_T3_1053_IEO_FEA_LO__AUDIO_1053_IEO_HAP_LO_sadtalker,data\synthetic\track3_fakes\videos\FAKE_T3_1053_IEO_FEA_LO__AUDIO_1053_IEO_HAP_LO_sadtalker.mp4,1,done,sadtalker,1053,IEO,fear,happy,yes
FAKE_T3_1053_IEO_FEA_MD__AUDIO_1053_IEO_HAP_MD_sadtalker,data\synthetic\track3_fakes\videos\FAKE_T3_1053_IEO_FEA_MD__AUDIO_1053_IEO_HAP_MD_sadtalker.mp4,1,done,sadtalker,1053,IEO,fear,happy,yes
FAKE_T3_1053_IEO_HAP_LO__AUDIO_1053_IEO_NEU_XX_sadtalker,data\synthetic\track3_fakes\videos\FAKE_T3_1053_IEO_HAP_LO__AUDIO_1053_IEO_NEU_XX_sadtalker.mp4,1,done,sadtalker,1053,IEO,happy,neutral,yes
FAKE_T3_1053_IEO_HAP_MD__AUDIO_1053_IEO_NEU_XX_sadtalker,data\synthetic\track3_fakes\videos\FAKE_T3_1053_IEO_HAP_MD__AUDIO_1053_IEO_NEU_XX_sadtalker.mp4,1,done,sadtalker,1053,IEO,happy,neutral,yes
FAKE_T3_1053_IEO_SAD_LO__AUDIO_1053_IEO_ANG_LO_sadtalker,data\synthetic\track3_fakes\videos\FAKE_T3_1053_IEO_SAD_LO__AUDIO_1053_IEO_ANG_LO_sadtalker.mp4,1,done,sadtalker,1053,IEO,sad,angry,yes
FAKE_T3_1053_IOM_ANG_XX__AUDIO_1053_IOM_DIS_XX_sadtalker,data\synthetic\track3_fakes\videos\FAKE_T3_1053_IOM_ANG_XX__AUDIO_1053_IOM_DIS_XX_sadtalker.mp4,1,done,sadtalker,1053,IOM,angry,disgust,yes
FAKE_T3_1053_IOM_FEA_XX__AUDIO_1053_IOM_HAP_XX_sadtalker,data\synthetic\track3_fakes\videos\FAKE_T3_1053_IOM_FEA_XX__AUDIO_1053_IOM_HAP_XX_sadtalker.mp4,1,done,sadtalker,1053,IOM,fear,happy,yes
FAKE_T3_1053_IOM_HAP_XX__AUDIO_1053_IOM_NEU_XX_sadtalker,data\synthetic\track3_fakes\videos\FAKE_T3_1053_IOM_HAP_XX__AUDIO_1053_IOM_NEU_XX_sadtalker.mp4,1,done,sadtalker,1053,IOM,happy,neutral,yes
FAKE_T3_1053_IOM_NEU_XX__AUDIO_1053_IOM_SAD_XX_sadtalker,data\synthetic\track3_fakes\videos\FAKE_T3_1053_IOM_NEU_XX__AUDIO_1053_IOM_SAD_XX_sadtalker.mp4,1,done,sadtalker,1053,IOM,neutral,sad,yes
FAKE_T3_1053_ITH_DIS_XX__AUDIO_1053_ITH_FEA_XX_sadtalker,data\synthetic\track3_fakes\videos\FAKE_T3_1053_ITH_DIS_XX__AUDIO_1053_ITH_FEA_XX_sadtalker.mp4,1,done,sadtalker,1053,ITH,disgust,fear,yes
FAKE_T3_1053_ITH_FEA_XX__AUDIO_1053_ITH_HAP_XX_sadtalker,data\synthetic\track3_fakes\videos\FAKE_T3_1053_ITH_FEA_XX__AUDIO_1053_ITH_HAP_XX_sadtalker.mp4,1,done,sadtalker,1053,ITH,fear,happy,yes
FAKE_T3_1053_ITH_HAP_XX__AUDIO_1053_ITH_NEU_XX_sadtalker,data\synthetic\track3_fakes\videos\FAKE_T3_1053_ITH_HAP_XX__AUDIO_1053_ITH_NEU_XX_sadtalker.mp4,1,done,sadtalker,1053,ITH,happy,neutral,yes
FAKE_T3_1053_ITS_FEA_XX__AUDIO_1053_ITS_HAP_XX_sadtalker,data\synthetic\track3_fakes\videos\FAKE_T3_1053_ITS_FEA_XX__AUDIO_1053_ITS_HAP_XX_sadtalker.mp4,1,done,sadtalker,1053,ITS,fear,happy,yes
FAKE_T3_1053_ITS_HAP_XX__AUDIO_1053_ITS_NEU_XX_sadtalker,data\synthetic\track3_fakes\videos\FAKE_T3_1053_ITS_HAP_XX__AUDIO_1053_ITS_NEU_XX_sadtalker.mp4,1,done,sadtalker,1053,ITS,happy,neutral,yes
FAKE_T3_1053_ITS_SAD_XX__AUDIO_1053_ITS_ANG_XX_sadtalker,data\synthetic\track3_fakes\videos\FAKE_T3_1053_ITS_SAD_XX__AUDIO_1053_ITS_ANG_XX_sadtalker.mp4,1,done,sadtalker,1053,ITS,sad,angry,yes
FAKE_T3_1053_IWL_ANG_XX__AUDIO_1053_IWL_DIS_XX_sadtalker,data\synthetic\track3_fakes\videos\FAKE_T3_1053_IWL_ANG_XX__AUDIO_1053_IWL_DIS_XX_sadtalker.mp4,1,done,sadtalker,1053,IWL,angry,disgust,yes
FAKE_T3_1053_IWL_DIS_XX__AUDIO_1053_IWL_FEA_XX_sadtalker,data\synthetic\track3_fakes\videos\FAKE_T3_1053_IWL_DIS_XX__AUDIO_1053_IWL_FEA_XX_sadtalker.mp4,1,done,sadtalker,1053,IWL,disgust,fear,yes
FAKE_T3_1053_IWL_NEU_XX__AUDIO_1053_IWL_SAD_XX_sadtalker,data\synthetic\track3_fakes\videos\FAKE_T3_1053_IWL_NEU_XX__AUDIO_1053_IWL_SAD_XX_sadtalker.mp4,1,done,sadtalker,1053,IWL,neutral,sad,yes
FAKE_T3_1053_IWW_ANG_XX__AUDIO_1053_IWW_DIS_XX_sadtalker,data\synthetic\track3_fakes\videos\FAKE_T3_1053_IWW_ANG_XX__AUDIO_1053_IWW_DIS_XX_sadtalker.mp4,1,done,sadtalker,1053,IWW,angry,disgust,yes
FAKE_T3_1053_IWW_DIS_XX__AUDIO_1053_IWW_FEA_XX_sadtalker,data\synthetic\track3_fakes\videos\FAKE_T3_1053_IWW_DIS_XX__AUDIO_1053_IWW_FEA_XX_sadtalker.mp4,1,done,sadtalker,1053,IWW,disgust,fear,yes
FAKE_T3_1053_IWW_FEA_XX__AUDIO_1053_IWW_HAP_XX_sadtalker,data\synthetic\track3_fakes\videos\FAKE_T3_1053_IWW_FEA_XX__AUDIO_1053_IWW_HAP_XX_sadtalker.mp4,1,done,sadtalker,1053,IWW,fear,happy,yes
FAKE_T3_1053_IWW_NEU_XX__AUDIO_1053_IWW_SAD_XX_sadtalker,data\synthetic\track3_fakes\videos\FAKE_T3_1053_IWW_NEU_XX__AUDIO_1053_IWW_SAD_XX_sadtalker.mp4,1,done,sadtalker,1053,IWW,neutral,sad,yes
FAKE_T3_1053_MTI_NEU_XX__AUDIO_1053_MTI_SAD_XX_sadtalker,data\synthetic\track3_fakes\videos\FAKE_T3_1053_MTI_NEU_XX__AUDIO_1053_MTI_SAD_XX_sadtalker.mp4,1,done,sadtalker,1053,MTI,neutral,sad,yes
FAKE_T3_1053_MTI_SAD_XX__AUDIO_1053_MTI_ANG_XX_sadtalker,data\synthetic\track3_fakes\videos\FAKE_T3_1053_MTI_SAD_XX__AUDIO_1053_MTI_ANG_XX_sadtalker.mp4,1,done,sadtalker,1053,MTI,sad,angry,yes
FAKE_T3_1053_TAI_ANG_XX__AUDIO_1053_TAI_DIS_XX_sadtalker,data\synthetic\track3_fakes\videos\FAKE_T3_1053_TAI_ANG_XX__AUDIO_1053_TAI_DIS_XX_sadtalker.mp4,1,done,sadtalker,1053,TAI,angry,disgust,yes
FAKE_T3_1053_TIE_DIS_XX__AUDIO_1053_TIE_FEA_XX_sadtalker,data\synthetic\track3_fakes\videos\FAKE_T3_1053_TIE_DIS_XX__AUDIO_1053_TIE_FEA_XX_sadtalker.mp4,1,done,sadtalker,1053,TIE,disgust,fear,yes
FAKE_T3_1053_TSI_DIS_XX__AUDIO_1053_TSI_FEA_XX_sadtalker,data\synthetic\track3_fakes\videos\FAKE_T3_1053_TSI_DIS_XX__AUDIO_1053_TSI_FEA_XX_sadtalker.mp4,1,done,sadtalker,1053,TSI,disgust,fear,yes
FAKE_T3_1053_TSI_HAP_XX__AUDIO_1053_TSI_NEU_XX_sadtalker,data\synthetic\track3_fakes\videos\FAKE_T3_1053_TSI_HAP_XX__AUDIO_1053_TSI_NEU_XX_sadtalker.mp4,1,done,sadtalker,1053,TSI,happy,neutral,yes
FAKE_T3_1053_TSI_NEU_XX__AUDIO_1053_TSI_SAD_XX_sadtalker,data\synthetic\track3_fakes\videos\FAKE_T3_1053_TSI_NEU_XX__AUDIO_1053_TSI_SAD_XX_sadtalker.mp4,1,done,sadtalker,1053,TSI,neutral,sad,yes
FAKE_T3_1053_TSI_SAD_XX__AUDIO_1053_TSI_ANG_XX_sadtalker,data\synthetic\track3_fakes\videos\FAKE_T3_1053_TSI_SAD_XX__AUDIO_1053_TSI_ANG_XX_sadtalker.mp4,1,done,sadtalker,1053,TSI,sad,angry,yes
FAKE_T3_1053_WSI_DIS_XX__AUDIO_1053_WSI_FEA_XX_sadtalker,data\synthetic\track3_fakes\videos\FAKE_T3_1053_WSI_DIS_XX__AUDIO_1053_WSI_FEA_XX_sadtalker.mp4,1,done,sadtalker,1053,WSI,disgust,fear,yes
FAKE_T3_1053_WSI_FEA_XX__AUDIO_1053_WSI_HAP_XX_sadtalker,data\synthetic\track3_fakes\videos\FAKE_T3_1053_WSI_FEA_XX__AUDIO_1053_WSI_HAP_XX_sadtalker.mp4,1,done,sadtalker,1053,WSI,fear,happy,yes
FAKE_T3_1053_WSI_NEU_XX__AUDIO_1053_WSI_SAD_XX_sadtalker,data\synthetic\track3_fakes\videos\FAKE_T3_1053_WSI_NEU_XX__AUDIO_1053_WSI_SAD_XX_sadtalker.mp4,1,done,sadtalker,1053,WSI,neutral,sad,yes
FAKE_T3_1053_WSI_SAD_XX__AUDIO_1053_WSI_ANG_XX_sadtalker,data\synthetic\track3_fakes\videos\FAKE_T3_1053_WSI_SAD_XX__AUDIO_1053_WSI_ANG_XX_sadtalker.mp4,1,done,sadtalker,1053,WSI,sad,angry,yes
FAKE_T3_1054_DFA_ANG_XX__AUDIO_1054_DFA_DIS_XX_sadtalker,data\synthetic\track3_fakes\videos\FAKE_T3_1054_DFA_ANG_XX__AUDIO_1054_DFA_DIS_XX_sadtalker.mp4,1,done,sadtalker,1054,DFA,angry,disgust,yes
FAKE_T3_1054_DFA_DIS_XX__AUDIO_1054_DFA_FEA_XX_sadtalker,data\synthetic\track3_fakes\videos\FAKE_T3_1054_DFA_DIS_XX__AUDIO_1054_DFA_FEA_XX_sadtalker.mp4,1,done,sadtalker,1054,DFA,disgust,fear,yes
FAKE_T3_1054_DFA_FEA_XX__AUDIO_1054_DFA_HAP_XX_sadtalker,data\synthetic\track3_fakes\videos\FAKE_T3_1054_DFA_FEA_XX__AUDIO_1054_DFA_HAP_XX_sadtalker.mp4,1,done,sadtalker,1054,DFA,fear,happy,yes
FAKE_T3_1054_DFA_HAP_XX__AUDIO_1054_DFA_NEU_XX_sadtalker,data\synthetic\track3_fakes\videos\FAKE_T3_1054_DFA_HAP_XX__AUDIO_1054_DFA_NEU_XX_sadtalker.mp4,1,done,sadtalker,1054,DFA,happy,neutral,yes
FAKE_T3_1054_DFA_SAD_XX__AUDIO_1054_DFA_ANG_XX_sadtalker,data\synthetic\track3_fakes\videos\FAKE_T3_1054_DFA_SAD_XX__AUDIO_1054_DFA_ANG_XX_sadtalker.mp4,1,done,sadtalker,1054,DFA,sad,angry,yes
FAKE_T3_1054_IEO_ANG_HI__AUDIO_1054_IEO_DIS_HI_sadtalker,data\synthetic\track3_fakes\videos\FAKE_T3_1054_IEO_ANG_HI__AUDIO_1054_IEO_DIS_HI_sadtalker.mp4,1,done,sadtalker,1054,IEO,angry,disgust,yes
FAKE_T3_1054_IEO_ANG_LO__AUDIO_1054_IEO_DIS_LO_sadtalker,data\synthetic\track3_fakes\videos\FAKE_T3_1054_IEO_ANG_LO__AUDIO_1054_IEO_DIS_LO_sadtalker.mp4,1,done,sadtalker,1054,IEO,angry,disgust,yes
FAKE_T3_1054_IEO_ANG_MD__AUDIO_1054_IEO_DIS_MD_sadtalker,data\synthetic\track3_fakes\videos\FAKE_T3_1054_IEO_ANG_MD__AUDIO_1054_IEO_DIS_MD_sadtalker.mp4,1,done,sadtalker,1054,IEO,angry,disgust,yes
FAKE_T3_1054_IEO_DIS_MD__AUDIO_1054_IEO_FEA_MD_sadtalker,data\synthetic\track3_fakes\videos\FAKE_T3_1054_IEO_DIS_MD__AUDIO_1054_IEO_FEA_MD_sadtalker.mp4,1,done,sadtalker,1054,IEO,disgust,fear,yes
FAKE_T3_1054_IEO_FEA_HI__AUDIO_1054_IEO_HAP_HI_sadtalker,data\synthetic\track3_fakes\videos\FAKE_T3_1054_IEO_FEA_HI__AUDIO_1054_IEO_HAP_HI_sadtalker.mp4,1,done,sadtalker,1054,IEO,fear,happy,yes
FAKE_T3_1054_IEO_FEA_LO__AUDIO_1054_IEO_HAP_LO_sadtalker,data\synthetic\track3_fakes\videos\FAKE_T3_1054_IEO_FEA_LO__AUDIO_1054_IEO_HAP_LO_sadtalker.mp4,1,done,sadtalker,1054,IEO,fear,happy,yes
FAKE_T3_1054_IEO_HAP_HI__AUDIO_1054_IEO_NEU_XX_sadtalker,data\synthetic\track3_fakes\videos\FAKE_T3_1054_IEO_HAP_HI__AUDIO_1054_IEO_NEU_XX_sadtalker.mp4,1,done,sadtalker,1054,IEO,happy,neutral,yes
FAKE_T3_1054_IEO_HAP_LO__AUDIO_1054_IEO_NEU_XX_sadtalker,data\synthetic\track3_fakes\videos\FAKE_T3_1054_IEO_HAP_LO__AUDIO_1054_IEO_NEU_XX_sadtalker.mp4,1,done,sadtalker,1054,IEO,happy,neutral,yes
FAKE_T3_1054_IEO_SAD_MD__AUDIO_1054_IEO_ANG_MD_sadtalker,data\synthetic\track3_fakes\videos\FAKE_T3_1054_IEO_SAD_MD__AUDIO_1054_IEO_ANG_MD_sadtalker.mp4,1,done,sadtalker,1054,IEO,sad,angry,yes
FAKE_T3_1054_IOM_DIS_XX__AUDIO_1054_IOM_FEA_XX_sadtalker,data\synthetic\track3_fakes\videos\FAKE_T3_1054_IOM_DIS_XX__AUDIO_1054_IOM_FEA_XX_sadtalker.mp4,1,done,sadtalker,1054,IOM,disgust,fear,yes
FAKE_T3_1054_IOM_FEA_XX__AUDIO_1054_IOM_HAP_XX_sadtalker,data\synthetic\track3_fakes\videos\FAKE_T3_1054_IOM_FEA_XX__AUDIO_1054_IOM_HAP_XX_sadtalker.mp4,1,done,sadtalker,1054,IOM,fear,happy,yes
FAKE_T3_1054_IOM_HAP_XX__AUDIO_1054_IOM_NEU_XX_sadtalker,data\synthetic\track3_fakes\videos\FAKE_T3_1054_IOM_HAP_XX__AUDIO_1054_IOM_NEU_XX_sadtalker.mp4,1,done,sadtalker,1054,IOM,happy,neutral,yes
FAKE_T3_1054_ITH_ANG_XX__AUDIO_1054_ITH_DIS_XX_sadtalker,data\synthetic\track3_fakes\videos\FAKE_T3_1054_ITH_ANG_XX__AUDIO_1054_ITH_DIS_XX_sadtalker.mp4,1,done,sadtalker,1054,ITH,angry,disgust,yes
FAKE_T3_1054_ITH_DIS_XX__AUDIO_1054_ITH_FEA_XX_sadtalker,data\synthetic\track3_fakes\videos\FAKE_T3_1054_ITH_DIS_XX__AUDIO_1054_ITH_FEA_XX_sadtalker.mp4,1,done,sadtalker,1054,ITH,disgust,fear,yes
FAKE_T3_1054_ITH_FEA_XX__AUDIO_1054_ITH_HAP_XX_sadtalker,data\synthetic\track3_fakes\videos\FAKE_T3_1054_ITH_FEA_XX__AUDIO_1054_ITH_HAP_XX_sadtalker.mp4,1,done,sadtalker,1054,ITH,fear,happy,yes
FAKE_T3_1054_ITH_SAD_XX__AUDIO_1054_ITH_ANG_XX_sadtalker,data\synthetic\track3_fakes\videos\FAKE_T3_1054_ITH_SAD_XX__AUDIO_1054_ITH_ANG_XX_sadtalker.mp4,1,done,sadtalker,1054,ITH,sad,angry,yes
FAKE_T3_1054_ITS_HAP_XX__AUDIO_1054_ITS_NEU_XX_sadtalker,data\synthetic\track3_fakes\videos\FAKE_T3_1054_ITS_HAP_XX__AUDIO_1054_ITS_NEU_XX_sadtalker.mp4,1,done,sadtalker,1054,ITS,happy,neutral,yes
FAKE_T3_1054_ITS_NEU_XX__AUDIO_1054_ITS_SAD_XX_sadtalker,data\synthetic\track3_fakes\videos\FAKE_T3_1054_ITS_NEU_XX__AUDIO_1054_ITS_SAD_XX_sadtalker.mp4,1,done,sadtalker,1054,ITS,neutral,sad,yes
FAKE_T3_1054_IWL_DIS_XX__AUDIO_1054_IWL_FEA_XX_sadtalker,data\synthetic\track3_fakes\videos\FAKE_T3_1054_IWL_DIS_XX__AUDIO_1054_IWL_FEA_XX_sadtalker.mp4,1,done,sadtalker,1054,IWL,disgust,fear,yes
FAKE_T3_1054_IWL_HAP_XX__AUDIO_1054_IWL_NEU_XX_sadtalker,data\synthetic\track3_fakes\videos\FAKE_T3_1054_IWL_HAP_XX__AUDIO_1054_IWL_NEU_XX_sadtalker.mp4,1,done,sadtalker,1054,IWL,happy,neutral,yes
FAKE_T3_1054_IWL_SAD_XX__AUDIO_1054_IWL_ANG_XX_sadtalker,data\synthetic\track3_fakes\videos\FAKE_T3_1054_IWL_SAD_XX__AUDIO_1054_IWL_ANG_XX_sadtalker.mp4,1,done,sadtalker,1054,IWL,sad,angry,yes
FAKE_T3_1054_IWW_ANG_XX__AUDIO_1054_IWW_DIS_XX_sadtalker,data\synthetic\track3_fakes\videos\FAKE_T3_1054_IWW_ANG_XX__AUDIO_1054_IWW_DIS_XX_sadtalker.mp4,1,done,sadtalker,1054,IWW,angry,disgust,yes
FAKE_T3_1054_IWW_HAP_XX__AUDIO_1054_IWW_NEU_XX_sadtalker,data\synthetic\track3_fakes\videos\FAKE_T3_1054_IWW_HAP_XX__AUDIO_1054_IWW_NEU_XX_sadtalker.mp4,1,done,sadtalker,1054,IWW,happy,neutral,yes
FAKE_T3_1054_IWW_SAD_XX__AUDIO_1054_IWW_ANG_XX_sadtalker,data\synthetic\track3_fakes\videos\FAKE_T3_1054_IWW_SAD_XX__AUDIO_1054_IWW_ANG_XX_sadtalker.mp4,1,done,sadtalker,1054,IWW,sad,angry,yes
FAKE_T3_1054_MTI_ANG_XX__AUDIO_1054_MTI_DIS_XX_sadtalker,data\synthetic\track3_fakes\videos\FAKE_T3_1054_MTI_ANG_XX__AUDIO_1054_MTI_DIS_XX_sadtalker.mp4,1,done,sadtalker,1054,MTI,angry,disgust,yes
FAKE_T3_1054_MTI_HAP_XX__AUDIO_1054_MTI_NEU_XX_sadtalker,data\synthetic\track3_fakes\videos\FAKE_T3_1054_MTI_HAP_XX__AUDIO_1054_MTI_NEU_XX_sadtalker.mp4,1,done,sadtalker,1054,MTI,happy,neutral,yes
FAKE_T3_1054_MTI_NEU_XX__AUDIO_1054_MTI_SAD_XX_sadtalker,data\synthetic\track3_fakes\videos\FAKE_T3_1054_MTI_NEU_XX__AUDIO_1054_MTI_SAD_XX_sadtalker.mp4,1,done,sadtalker,1054,MTI,neutral,sad,yes
FAKE_T3_1054_TAI_HAP_XX__AUDIO_1054_TAI_NEU_XX_sadtalker,data\synthetic\track3_fakes\videos\FAKE_T3_1054_TAI_HAP_XX__AUDIO_1054_TAI_NEU_XX_sadtalker.mp4,1,done,sadtalker,1054,TAI,happy,neutral,yes
FAKE_T3_1054_TAI_SAD_XX__AUDIO_1054_TAI_ANG_XX_sadtalker,data\synthetic\track3_fakes\videos\FAKE_T3_1054_TAI_SAD_XX__AUDIO_1054_TAI_ANG_XX_sadtalker.mp4,1,done,sadtalker,1054,TAI,sad,angry,yes
FAKE_T3_1054_TSI_DIS_XX__AUDIO_1054_TSI_FEA_XX_sadtalker,data\synthetic\track3_fakes\videos\FAKE_T3_1054_TSI_DIS_XX__AUDIO_1054_TSI_FEA_XX_sadtalker.mp4,1,done,sadtalker,1054,TSI,disgust,fear,yes
FAKE_T3_1054_TSI_NEU_XX__AUDIO_1054_TSI_SAD_XX_sadtalker,data\synthetic\track3_fakes\videos\FAKE_T3_1054_TSI_NEU_XX__AUDIO_1054_TSI_SAD_XX_sadtalker.mp4,1,done,sadtalker,1054,TSI,neutral,sad,yes
FAKE_T3_1054_TSI_SAD_XX__AUDIO_1054_TSI_ANG_XX_sadtalker,data\synthetic\track3_fakes\videos\FAKE_T3_1054_TSI_SAD_XX__AUDIO_1054_TSI_ANG_XX_sadtalker.mp4,1,done,sadtalker,1054,TSI,sad,angry,yes
FAKE_T3_1054_WSI_DIS_XX__AUDIO_1054_WSI_FEA_XX_sadtalker,data\synthetic\track3_fakes\videos\FAKE_T3_1054_WSI_DIS_XX__AUDIO_1054_WSI_FEA_XX_sadtalker.mp4,1,done,sadtalker,1054,WSI,disgust,fear,yes
FAKE_T3_1054_WSI_HAP_XX__AUDIO_1054_WSI_NEU_XX_sadtalker,data\synthetic\track3_fakes\videos\FAKE_T3_1054_WSI_HAP_XX__AUDIO_1054_WSI_NEU_XX_sadtalker.mp4,1,done,sadtalker,1054,WSI,happy,neutral,yes
FAKE_T3_1054_WSI_NEU_XX__AUDIO_1054_WSI_SAD_XX_sadtalker,data\synthetic\track3_fakes\videos\FAKE_T3_1054_WSI_NEU_XX__AUDIO_1054_WSI_SAD_XX_sadtalker.mp4,1,done,sadtalker,1054,WSI,neutral,sad,yes
FAKE_T3_1054_WSI_SAD_XX__AUDIO_1054_WSI_ANG_XX_sadtalker,data\synthetic\track3_fakes\videos\FAKE_T3_1054_WSI_SAD_XX__AUDIO_1054_WSI_ANG_XX_sadtalker.mp4,1,done,sadtalker,1054,WSI,sad,angry,yes
FAKE_T3_1055_DFA_ANG_XX__AUDIO_1055_DFA_DIS_XX_sadtalker,data\synthetic\track3_fakes\videos\FAKE_T3_1055_DFA_ANG_XX__AUDIO_1055_DFA_DIS_XX_sadtalker.mp4,1,done,sadtalker,1055,DFA,angry,disgust,yes
FAKE_T3_1055_DFA_DIS_XX__AUDIO_1055_DFA_FEA_XX_sadtalker,data\synthetic\track3_fakes\videos\FAKE_T3_1055_DFA_DIS_XX__AUDIO_1055_DFA_FEA_XX_sadtalker.mp4,1,done,sadtalker,1055,DFA,disgust,fear,yes
FAKE_T3_1055_DFA_HAP_XX__AUDIO_1055_DFA_NEU_XX_sadtalker,data\synthetic\track3_fakes\videos\FAKE_T3_1055_DFA_HAP_XX__AUDIO_1055_DFA_NEU_XX_sadtalker.mp4,1,done,sadtalker,1055,DFA,happy,neutral,yes
FAKE_T3_1055_DFA_NEU_XX__AUDIO_1055_DFA_SAD_XX_sadtalker,data\synthetic\track3_fakes\videos\FAKE_T3_1055_DFA_NEU_XX__AUDIO_1055_DFA_SAD_XX_sadtalker.mp4,1,done,sadtalker,1055,DFA,neutral,sad,yes
FAKE_T3_1055_DFA_SAD_XX__AUDIO_1055_DFA_ANG_XX_sadtalker,data\synthetic\track3_fakes\videos\FAKE_T3_1055_DFA_SAD_XX__AUDIO_1055_DFA_ANG_XX_sadtalker.mp4,1,done,sadtalker,1055,DFA,sad,angry,yes
FAKE_T3_1055_IEO_ANG_LO__AUDIO_1055_IEO_DIS_LO_sadtalker,data\synthetic\track3_fakes\videos\FAKE_T3_1055_IEO_ANG_LO__AUDIO_1055_IEO_DIS_LO_sadtalker.mp4,1,done,sadtalker,1055,IEO,angry,disgust,yes
FAKE_T3_1055_IEO_DIS_LO__AUDIO_1055_IEO_FEA_LO_sadtalker,data\synthetic\track3_fakes\videos\FAKE_T3_1055_IEO_DIS_LO__AUDIO_1055_IEO_FEA_LO_sadtalker.mp4,1,done,sadtalker,1055,IEO,disgust,fear,yes
FAKE_T3_1055_IEO_FEA_MD__AUDIO_1055_IEO_HAP_MD_sadtalker,data\synthetic\track3_fakes\videos\FAKE_T3_1055_IEO_FEA_MD__AUDIO_1055_IEO_HAP_MD_sadtalker.mp4,1,done,sadtalker,1055,IEO,fear,happy,yes
FAKE_T3_1055_IEO_HAP_MD__AUDIO_1055_IEO_NEU_XX_sadtalker,data\synthetic\track3_fakes\videos\FAKE_T3_1055_IEO_HAP_MD__AUDIO_1055_IEO_NEU_XX_sadtalker.mp4,1,done,sadtalker,1055,IEO,happy,neutral,yes
FAKE_T3_1055_IEO_NEU_XX__AUDIO_1055_IEO_SAD_HI_sadtalker,data\synthetic\track3_fakes\videos\FAKE_T3_1055_IEO_NEU_XX__AUDIO_1055_IEO_SAD_HI_sadtalker.mp4,1,done,sadtalker,1055,IEO,neutral,sad,yes
FAKE_T3_1055_IEO_SAD_MD__AUDIO_1055_IEO_ANG_MD_sadtalker,data\synthetic\track3_fakes\videos\FAKE_T3_1055_IEO_SAD_MD__AUDIO_1055_IEO_ANG_MD_sadtalker.mp4,1,done,sadtalker,1055,IEO,sad,angry,yes
FAKE_T3_1055_IOM_ANG_XX__AUDIO_1055_IOM_DIS_XX_sadtalker,data\synthetic\track3_fakes\videos\FAKE_T3_1055_IOM_ANG_XX__AUDIO_1055_IOM_DIS_XX_sadtalker.mp4,1,done,sadtalker,1055,IOM,angry,disgust,yes
FAKE_T3_1055_IOM_DIS_XX__AUDIO_1055_IOM_FEA_XX_sadtalker,data\synthetic\track3_fakes\videos\FAKE_T3_1055_IOM_DIS_XX__AUDIO_1055_IOM_FEA_XX_sadtalker.mp4,1,done,sadtalker,1055,IOM,disgust,fear,yes
FAKE_T3_1055_IOM_FEA_XX__AUDIO_1055_IOM_HAP_XX_sadtalker,data\synthetic\track3_fakes\videos\FAKE_T3_1055_IOM_FEA_XX__AUDIO_1055_IOM_HAP_XX_sadtalker.mp4,1,done,sadtalker,1055,IOM,fear,happy,yes
FAKE_T3_1055_IOM_NEU_XX__AUDIO_1055_IOM_SAD_XX_sadtalker,data\synthetic\track3_fakes\videos\FAKE_T3_1055_IOM_NEU_XX__AUDIO_1055_IOM_SAD_XX_sadtalker.mp4,1,done,sadtalker,1055,IOM,neutral,sad,yes
FAKE_T3_1055_ITH_HAP_XX__AUDIO_1055_ITH_NEU_XX_sadtalker,data\synthetic\track3_fakes\videos\FAKE_T3_1055_ITH_HAP_XX__AUDIO_1055_ITH_NEU_XX_sadtalker.mp4,1,done,sadtalker,1055,ITH,happy,neutral,yes
FAKE_T3_1055_ITH_NEU_XX__AUDIO_1055_ITH_SAD_XX_sadtalker,data\synthetic\track3_fakes\videos\FAKE_T3_1055_ITH_NEU_XX__AUDIO_1055_ITH_SAD_XX_sadtalker.mp4,1,done,sadtalker,1055,ITH,neutral,sad,yes
FAKE_T3_1055_ITS_DIS_XX__AUDIO_1055_ITS_FEA_XX_sadtalker,data\synthetic\track3_fakes\videos\FAKE_T3_1055_ITS_DIS_XX__AUDIO_1055_ITS_FEA_XX_sadtalker.mp4,1,done,sadtalker,1055,ITS,disgust,fear,yes
FAKE_T3_1055_ITS_FEA_XX__AUDIO_1055_ITS_HAP_XX_sadtalker,data\synthetic\track3_fakes\videos\FAKE_T3_1055_ITS_FEA_XX__AUDIO_1055_ITS_HAP_XX_sadtalker.mp4,1,done,sadtalker,1055,ITS,fear,happy,yes
FAKE_T3_1055_ITS_HAP_XX__AUDIO_1055_ITS_NEU_XX_sadtalker,data\synthetic\track3_fakes\videos\FAKE_T3_1055_ITS_HAP_XX__AUDIO_1055_ITS_NEU_XX_sadtalker.mp4,1,done,sadtalker,1055,ITS,happy,neutral,yes
FAKE_T3_1055_ITS_NEU_XX__AUDIO_1055_ITS_SAD_XX_sadtalker,data\synthetic\track3_fakes\videos\FAKE_T3_1055_ITS_NEU_XX__AUDIO_1055_ITS_SAD_XX_sadtalker.mp4,1,done,sadtalker,1055,ITS,neutral,sad,yes
FAKE_T3_1055_ITS_SAD_XX__AUDIO_1055_ITS_ANG_XX_sadtalker,data\synthetic\track3_fakes\videos\FAKE_T3_1055_ITS_SAD_XX__AUDIO_1055_ITS_ANG_XX_sadtalker.mp4,1,done,sadtalker,1055,ITS,sad,angry,yes
FAKE_T3_1055_IWL_ANG_XX__AUDIO_1055_IWL_DIS_XX_sadtalker,data\synthetic\track3_fakes\videos\FAKE_T3_1055_IWL_ANG_XX__AUDIO_1055_IWL_DIS_XX_sadtalker.mp4,1,done,sadtalker,1055,IWL,angry,disgust,yes
FAKE_T3_1055_IWW_ANG_XX__AUDIO_1055_IWW_DIS_XX_sadtalker,data\synthetic\track3_fakes\videos\FAKE_T3_1055_IWW_ANG_XX__AUDIO_1055_IWW_DIS_XX_sadtalker.mp4,1,done,sadtalker,1055,IWW,angry,disgust,yes
FAKE_T3_1055_IWW_DIS_XX__AUDIO_1055_IWW_FEA_XX_sadtalker,data\synthetic\track3_fakes\videos\FAKE_T3_1055_IWW_DIS_XX__AUDIO_1055_IWW_FEA_XX_sadtalker.mp4,1,done,sadtalker,1055,IWW,disgust,fear,yes
FAKE_T3_1055_IWW_FEA_XX__AUDIO_1055_IWW_HAP_XX_sadtalker,data\synthetic\track3_fakes\videos\FAKE_T3_1055_IWW_FEA_XX__AUDIO_1055_IWW_HAP_XX_sadtalker.mp4,1,done,sadtalker,1055,IWW,fear,happy,yes
FAKE_T3_1055_IWW_HAP_XX__AUDIO_1055_IWW_NEU_XX_sadtalker,data\synthetic\track3_fakes\videos\FAKE_T3_1055_IWW_HAP_XX__AUDIO_1055_IWW_NEU_XX_sadtalker.mp4,1,done,sadtalker,1055,IWW,happy,neutral,yes
FAKE_T3_1055_IWW_NEU_XX__AUDIO_1055_IWW_SAD_XX_sadtalker,data\synthetic\track3_fakes\videos\FAKE_T3_1055_IWW_NEU_XX__AUDIO_1055_IWW_SAD_XX_sadtalker.mp4,1,done,sadtalker,1055,IWW,neutral,sad,yes
FAKE_T3_1055_IWW_SAD_XX__AUDIO_1055_IWW_ANG_XX_sadtalker,data\synthetic\track3_fakes\videos\FAKE_T3_1055_IWW_SAD_XX__AUDIO_1055_IWW_ANG_XX_sadtalker.mp4,1,done,sadtalker,1055,IWW,sad,angry,yes
FAKE_T3_1055_MTI_DIS_XX__AUDIO_1055_MTI_FEA_XX_sadtalker,data\synthetic\track3_fakes\videos\FAKE_T3_1055_MTI_DIS_XX__AUDIO_1055_MTI_FEA_XX_sadtalker.mp4,1,done,sadtalker,1055,MTI,disgust,fear,yes
FAKE_T3_1055_TAI_DIS_XX__AUDIO_1055_TAI_FEA_XX_sadtalker,data\synthetic\track3_fakes\videos\FAKE_T3_1055_TAI_DIS_XX__AUDIO_1055_TAI_FEA_XX_sadtalker.mp4,1,done,sadtalker,1055,TAI,disgust,fear,yes
FAKE_T3_1055_TAI_HAP_XX__AUDIO_1055_TAI_NEU_XX_sadtalker,data\synthetic\track3_fakes\videos\FAKE_T3_1055_TAI_HAP_XX__AUDIO_1055_TAI_NEU_XX_sadtalker.mp4,1,done,sadtalker,1055,TAI,happy,neutral,yes
FAKE_T3_1055_TAI_NEU_XX__AUDIO_1055_TAI_SAD_XX_sadtalker,data\synthetic\track3_fakes\videos\FAKE_T3_1055_TAI_NEU_XX__AUDIO_1055_TAI_SAD_XX_sadtalker.mp4,1,done,sadtalker,1055,TAI,neutral,sad,yes
FAKE_T3_1055_TIE_DIS_XX__AUDIO_1055_TIE_FEA_XX_sadtalker,data\synthetic\track3_fakes\videos\FAKE_T3_1055_TIE_DIS_XX__AUDIO_1055_TIE_FEA_XX_sadtalker.mp4,1,done,sadtalker,1055,TIE,disgust,fear,yes
FAKE_T3_1055_TIE_FEA_XX__AUDIO_1055_TIE_HAP_XX_sadtalker,data\synthetic\track3_fakes\videos\FAKE_T3_1055_TIE_FEA_XX__AUDIO_1055_TIE_HAP_XX_sadtalker.mp4,1,done,sadtalker,1055,TIE,fear,happy,yes
FAKE_T3_1055_TIE_SAD_XX__AUDIO_1055_TIE_ANG_XX_sadtalker,data\synthetic\track3_fakes\videos\FAKE_T3_1055_TIE_SAD_XX__AUDIO_1055_TIE_ANG_XX_sadtalker.mp4,1,done,sadtalker,1055,TIE,sad,angry,yes
FAKE_T3_1055_TSI_ANG_XX__AUDIO_1055_TSI_DIS_XX_sadtalker,data\synthetic\track3_fakes\videos\FAKE_T3_1055_TSI_ANG_XX__AUDIO_1055_TSI_DIS_XX_sadtalker.mp4,1,done,sadtalker,1055,TSI,angry,disgust,yes
FAKE_T3_1055_TSI_DIS_XX__AUDIO_1055_TSI_FEA_XX_sadtalker,data\synthetic\track3_fakes\videos\FAKE_T3_1055_TSI_DIS_XX__AUDIO_1055_TSI_FEA_XX_sadtalker.mp4,1,done,sadtalker,1055,TSI,disgust,fear,yes
FAKE_T3_1055_TSI_FEA_XX__AUDIO_1055_TSI_HAP_XX_sadtalker,data\synthetic\track3_fakes\videos\FAKE_T3_1055_TSI_FEA_XX__AUDIO_1055_TSI_HAP_XX_sadtalker.mp4,1,done,sadtalker,1055,TSI,fear,happy,yes
FAKE_T3_1055_TSI_HAP_XX__AUDIO_1055_TSI_NEU_XX_sadtalker,data\synthetic\track3_fakes\videos\FAKE_T3_1055_TSI_HAP_XX__AUDIO_1055_TSI_NEU_XX_sadtalker.mp4,1,done,sadtalker,1055,TSI,happy,neutral,yes
FAKE_T3_1055_WSI_HAP_XX__AUDIO_1055_WSI_NEU_XX_sadtalker,data\synthetic\track3_fakes\videos\FAKE_T3_1055_WSI_HAP_XX__AUDIO_1055_WSI_NEU_XX_sadtalker.mp4,1,done,sadtalker,1055,WSI,happy,neutral,yes
FAKE_T3_1056_DFA_DIS_XX__AUDIO_1056_DFA_FEA_XX_sadtalker,data\synthetic\track3_fakes\videos\FAKE_T3_1056_DFA_DIS_XX__AUDIO_1056_DFA_FEA_XX_sadtalker.mp4,1,done,sadtalker,1056,DFA,disgust,fear,yes
FAKE_T3_1056_DFA_HAP_XX__AUDIO_1056_DFA_NEU_XX_sadtalker,data\synthetic\track3_fakes\videos\FAKE_T3_1056_DFA_HAP_XX__AUDIO_1056_DFA_NEU_XX_sadtalker.mp4,1,done,sadtalker,1056,DFA,happy,neutral,yes
FAKE_T3_1056_DFA_NEU_XX__AUDIO_1056_DFA_SAD_XX_sadtalker,data\synthetic\track3_fakes\videos\FAKE_T3_1056_DFA_NEU_XX__AUDIO_1056_DFA_SAD_XX_sadtalker.mp4,1,done,sadtalker,1056,DFA,neutral,sad,yes
FAKE_T3_1056_DFA_SAD_XX__AUDIO_1056_DFA_ANG_XX_sadtalker,data\synthetic\track3_fakes\videos\FAKE_T3_1056_DFA_SAD_XX__AUDIO_1056_DFA_ANG_XX_sadtalker.mp4,1,done,sadtalker,1056,DFA,sad,angry,yes
FAKE_T3_1056_IEO_ANG_LO__AUDIO_1056_IEO_DIS_LO_sadtalker,data\synthetic\track3_fakes\videos\FAKE_T3_1056_IEO_ANG_LO__AUDIO_1056_IEO_DIS_LO_sadtalker.mp4,1,done,sadtalker,1056,IEO,angry,disgust,yes
FAKE_T3_1056_IEO_FEA_MD__AUDIO_1056_IEO_HAP_MD_sadtalker,data\synthetic\track3_fakes\videos\FAKE_T3_1056_IEO_FEA_MD__AUDIO_1056_IEO_HAP_MD_sadtalker.mp4,1,done,sadtalker,1056,IEO,fear,happy,yes
FAKE_T3_1056_IEO_HAP_HI__AUDIO_1056_IEO_NEU_XX_sadtalker,data\synthetic\track3_fakes\videos\FAKE_T3_1056_IEO_HAP_HI__AUDIO_1056_IEO_NEU_XX_sadtalker.mp4,1,done,sadtalker,1056,IEO,happy,neutral,yes
FAKE_T3_1056_IEO_HAP_LO__AUDIO_1056_IEO_NEU_XX_sadtalker,data\synthetic\track3_fakes\videos\FAKE_T3_1056_IEO_HAP_LO__AUDIO_1056_IEO_NEU_XX_sadtalker.mp4,1,done,sadtalker,1056,IEO,happy,neutral,yes
FAKE_T3_1056_IEO_HAP_MD__AUDIO_1056_IEO_NEU_XX_sadtalker,data\synthetic\track3_fakes\videos\FAKE_T3_1056_IEO_HAP_MD__AUDIO_1056_IEO_NEU_XX_sadtalker.mp4,1,done,sadtalker,1056,IEO,happy,neutral,yes
FAKE_T3_1056_IEO_SAD_LO__AUDIO_1056_IEO_ANG_LO_sadtalker,data\synthetic\track3_fakes\videos\FAKE_T3_1056_IEO_SAD_LO__AUDIO_1056_IEO_ANG_LO_sadtalker.mp4,1,done,sadtalker,1056,IEO,sad,angry,yes
FAKE_T3_1056_IEO_SAD_MD__AUDIO_1056_IEO_ANG_MD_sadtalker,data\synthetic\track3_fakes\videos\FAKE_T3_1056_IEO_SAD_MD__AUDIO_1056_IEO_ANG_MD_sadtalker.mp4,1,done,sadtalker,1056,IEO,sad,angry,yes
FAKE_T3_1056_IOM_ANG_XX__AUDIO_1056_IOM_DIS_XX_sadtalker,data\synthetic\track3_fakes\videos\FAKE_T3_1056_IOM_ANG_XX__AUDIO_1056_IOM_DIS_XX_sadtalker.mp4,1,done,sadtalker,1056,IOM,angry,disgust,yes
FAKE_T3_1056_IOM_DIS_XX__AUDIO_1056_IOM_FEA_XX_sadtalker,data\synthetic\track3_fakes\videos\FAKE_T3_1056_IOM_DIS_XX__AUDIO_1056_IOM_FEA_XX_sadtalker.mp4,1,done,sadtalker,1056,IOM,disgust,fear,yes
FAKE_T3_1056_IOM_HAP_XX__AUDIO_1056_IOM_NEU_XX_sadtalker,data\synthetic\track3_fakes\videos\FAKE_T3_1056_IOM_HAP_XX__AUDIO_1056_IOM_NEU_XX_sadtalker.mp4,1,done,sadtalker,1056,IOM,happy,neutral,yes
FAKE_T3_1056_ITH_FEA_XX__AUDIO_1056_ITH_HAP_XX_sadtalker,data\synthetic\track3_fakes\videos\FAKE_T3_1056_ITH_FEA_XX__AUDIO_1056_ITH_HAP_XX_sadtalker.mp4,1,done,sadtalker,1056,ITH,fear,happy,yes
FAKE_T3_1056_ITH_HAP_XX__AUDIO_1056_ITH_NEU_XX_sadtalker,data\synthetic\track3_fakes\videos\FAKE_T3_1056_ITH_HAP_XX__AUDIO_1056_ITH_NEU_XX_sadtalker.mp4,1,done,sadtalker,1056,ITH,happy,neutral,yes
FAKE_T3_1056_ITH_NEU_XX__AUDIO_1056_ITH_SAD_XX_sadtalker,data\synthetic\track3_fakes\videos\FAKE_T3_1056_ITH_NEU_XX__AUDIO_1056_ITH_SAD_XX_sadtalker.mp4,1,done,sadtalker,1056,ITH,neutral,sad,yes
FAKE_T3_1056_ITS_ANG_XX__AUDIO_1056_ITS_DIS_XX_sadtalker,data\synthetic\track3_fakes\videos\FAKE_T3_1056_ITS_ANG_XX__AUDIO_1056_ITS_DIS_XX_sadtalker.mp4,1,done,sadtalker,1056,ITS,angry,disgust,yes
FAKE_T3_1056_ITS_FEA_XX__AUDIO_1056_ITS_HAP_XX_sadtalker,data\synthetic\track3_fakes\videos\FAKE_T3_1056_ITS_FEA_XX__AUDIO_1056_ITS_HAP_XX_sadtalker.mp4,1,done,sadtalker,1056,ITS,fear,happy,yes
FAKE_T3_1056_IWL_ANG_XX__AUDIO_1056_IWL_DIS_XX_sadtalker,data\synthetic\track3_fakes\videos\FAKE_T3_1056_IWL_ANG_XX__AUDIO_1056_IWL_DIS_XX_sadtalker.mp4,1,done,sadtalker,1056,IWL,angry,disgust,yes
FAKE_T3_1056_IWL_SAD_XX__AUDIO_1056_IWL_ANG_XX_sadtalker,data\synthetic\track3_fakes\videos\FAKE_T3_1056_IWL_SAD_XX__AUDIO_1056_IWL_ANG_XX_sadtalker.mp4,1,done,sadtalker,1056,IWL,sad,angry,yes
FAKE_T3_1056_IWW_ANG_XX__AUDIO_1056_IWW_DIS_XX_sadtalker,data\synthetic\track3_fakes\videos\FAKE_T3_1056_IWW_ANG_XX__AUDIO_1056_IWW_DIS_XX_sadtalker.mp4,1,done,sadtalker,1056,IWW,angry,disgust,yes
FAKE_T3_1056_IWW_FEA_XX__AUDIO_1056_IWW_HAP_XX_sadtalker,data\synthetic\track3_fakes\videos\FAKE_T3_1056_IWW_FEA_XX__AUDIO_1056_IWW_HAP_XX_sadtalker.mp4,1,done,sadtalker,1056,IWW,fear,happy,yes
FAKE_T3_1056_IWW_HAP_XX__AUDIO_1056_IWW_NEU_XX_sadtalker,data\synthetic\track3_fakes\videos\FAKE_T3_1056_IWW_HAP_XX__AUDIO_1056_IWW_NEU_XX_sadtalker.mp4,1,done,sadtalker,1056,IWW,happy,neutral,yes
FAKE_T3_1056_IWW_NEU_XX__AUDIO_1056_IWW_SAD_XX_sadtalker,data\synthetic\track3_fakes\videos\FAKE_T3_1056_IWW_NEU_XX__AUDIO_1056_IWW_SAD_XX_sadtalker.mp4,1,done,sadtalker,1056,IWW,neutral,sad,yes
FAKE_T3_1056_MTI_ANG_XX__AUDIO_1056_MTI_DIS_XX_sadtalker,data\synthetic\track3_fakes\videos\FAKE_T3_1056_MTI_ANG_XX__AUDIO_1056_MTI_DIS_XX_sadtalker.mp4,1,done,sadtalker,1056,MTI,angry,disgust,yes
FAKE_T3_1056_MTI_FEA_XX__AUDIO_1056_MTI_HAP_XX_sadtalker,data\synthetic\track3_fakes\videos\FAKE_T3_1056_MTI_FEA_XX__AUDIO_1056_MTI_HAP_XX_sadtalker.mp4,1,done,sadtalker,1056,MTI,fear,happy,yes
FAKE_T3_1056_MTI_HAP_XX__AUDIO_1056_MTI_NEU_XX_sadtalker,data\synthetic\track3_fakes\videos\FAKE_T3_1056_MTI_HAP_XX__AUDIO_1056_MTI_NEU_XX_sadtalker.mp4,1,done,sadtalker,1056,MTI,happy,neutral,yes
FAKE_T3_1056_MTI_NEU_XX__AUDIO_1056_MTI_SAD_XX_sadtalker,data\synthetic\track3_fakes\videos\FAKE_T3_1056_MTI_NEU_XX__AUDIO_1056_MTI_SAD_XX_sadtalker.mp4,1,done,sadtalker,1056,MTI,neutral,sad,yes
FAKE_T3_1056_TAI_ANG_XX__AUDIO_1056_TAI_DIS_XX_sadtalker,data\synthetic\track3_fakes\videos\FAKE_T3_1056_TAI_ANG_XX__AUDIO_1056_TAI_DIS_XX_sadtalker.mp4,1,done,sadtalker,1056,TAI,angry,disgust,yes
FAKE_T3_1056_TAI_DIS_XX__AUDIO_1056_TAI_FEA_XX_sadtalker,data\synthetic\track3_fakes\videos\FAKE_T3_1056_TAI_DIS_XX__AUDIO_1056_TAI_FEA_XX_sadtalker.mp4,1,done,sadtalker,1056,TAI,disgust,fear,yes
FAKE_T3_1056_TAI_NEU_XX__AUDIO_1056_TAI_SAD_XX_sadtalker,data\synthetic\track3_fakes\videos\FAKE_T3_1056_TAI_NEU_XX__AUDIO_1056_TAI_SAD_XX_sadtalker.mp4,1,done,sadtalker,1056,TAI,neutral,sad,yes
FAKE_T3_1056_TAI_SAD_XX__AUDIO_1056_TAI_ANG_XX_sadtalker,data\synthetic\track3_fakes\videos\FAKE_T3_1056_TAI_SAD_XX__AUDIO_1056_TAI_ANG_XX_sadtalker.mp4,1,done,sadtalker,1056,TAI,sad,angry,yes
FAKE_T3_1056_TIE_DIS_XX__AUDIO_1056_TIE_FEA_XX_sadtalker,data\synthetic\track3_fakes\videos\FAKE_T3_1056_TIE_DIS_XX__AUDIO_1056_TIE_FEA_XX_sadtalker.mp4,1,done,sadtalker,1056,TIE,disgust,fear,yes
FAKE_T3_1056_TIE_FEA_XX__AUDIO_1056_TIE_HAP_XX_sadtalker,data\synthetic\track3_fakes\videos\FAKE_T3_1056_TIE_FEA_XX__AUDIO_1056_TIE_HAP_XX_sadtalker.mp4,1,done,sadtalker,1056,TIE,fear,happy,yes
FAKE_T3_1056_TIE_NEU_XX__AUDIO_1056_TIE_SAD_XX_sadtalker,data\synthetic\track3_fakes\videos\FAKE_T3_1056_TIE_NEU_XX__AUDIO_1056_TIE_SAD_XX_sadtalker.mp4,1,done,sadtalker,1056,TIE,neutral,sad,yes
FAKE_T3_1056_TSI_ANG_XX__AUDIO_1056_TSI_DIS_XX_sadtalker,data\synthetic\track3_fakes\videos\FAKE_T3_1056_TSI_ANG_XX__AUDIO_1056_TSI_DIS_XX_sadtalker.mp4,1,done,sadtalker,1056,TSI,angry,disgust,yes
FAKE_T3_1056_TSI_DIS_XX__AUDIO_1056_TSI_FEA_XX_sadtalker,data\synthetic\track3_fakes\videos\FAKE_T3_1056_TSI_DIS_XX__AUDIO_1056_TSI_FEA_XX_sadtalker.mp4,1,done,sadtalker,1056,TSI,disgust,fear,yes
FAKE_T3_1056_WSI_ANG_XX__AUDIO_1056_WSI_DIS_XX_sadtalker,data\synthetic\track3_fakes\videos\FAKE_T3_1056_WSI_ANG_XX__AUDIO_1056_WSI_DIS_XX_sadtalker.mp4,1,done,sadtalker,1056,WSI,angry,disgust,yes
FAKE_T3_1056_WSI_HAP_XX__AUDIO_1056_WSI_NEU_XX_sadtalker,data\synthetic\track3_fakes\videos\FAKE_T3_1056_WSI_HAP_XX__AUDIO_1056_WSI_NEU_XX_sadtalker.mp4,1,done,sadtalker,1056,WSI,happy,neutral,yes
FAKE_T3_1056_WSI_NEU_XX__AUDIO_1056_WSI_SAD_XX_sadtalker,data\synthetic\track3_fakes\videos\FAKE_T3_1056_WSI_NEU_XX__AUDIO_1056_WSI_SAD_XX_sadtalker.mp4,1,done,sadtalker,1056,WSI,neutral,sad,yes
FAKE_T3_1057_DFA_FEA_XX__AUDIO_1057_DFA_HAP_XX_sadtalker,data\synthetic\track3_fakes\videos\FAKE_T3_1057_DFA_FEA_XX__AUDIO_1057_DFA_HAP_XX_sadtalker.mp4,1,done,sadtalker,1057,DFA,fear,happy,yes
FAKE_T3_1057_DFA_NEU_XX__AUDIO_1057_DFA_SAD_XX_sadtalker,data\synthetic\track3_fakes\videos\FAKE_T3_1057_DFA_NEU_XX__AUDIO_1057_DFA_SAD_XX_sadtalker.mp4,1,done,sadtalker,1057,DFA,neutral,sad,yes
FAKE_T3_1057_IEO_ANG_HI__AUDIO_1057_IEO_DIS_HI_sadtalker,data\synthetic\track3_fakes\videos\FAKE_T3_1057_IEO_ANG_HI__AUDIO_1057_IEO_DIS_HI_sadtalker.mp4,1,done,sadtalker,1057,IEO,angry,disgust,yes
FAKE_T3_1057_IEO_ANG_LO__AUDIO_1057_IEO_DIS_LO_sadtalker,data\synthetic\track3_fakes\videos\FAKE_T3_1057_IEO_ANG_LO__AUDIO_1057_IEO_DIS_LO_sadtalker.mp4,1,done,sadtalker,1057,IEO,angry,disgust,yes
FAKE_T3_1057_IEO_DIS_HI__AUDIO_1057_IEO_FEA_HI_sadtalker,data\synthetic\track3_fakes\videos\FAKE_T3_1057_IEO_DIS_HI__AUDIO_1057_IEO_FEA_HI_sadtalker.mp4,1,done,sadtalker,1057,IEO,disgust,fear,yes
FAKE_T3_1057_IEO_DIS_LO__AUDIO_1057_IEO_FEA_LO_sadtalker,data\synthetic\track3_fakes\videos\FAKE_T3_1057_IEO_DIS_LO__AUDIO_1057_IEO_FEA_LO_sadtalker.mp4,1,done,sadtalker,1057,IEO,disgust,fear,yes
FAKE_T3_1057_IEO_DIS_MD__AUDIO_1057_IEO_FEA_MD_sadtalker,data\synthetic\track3_fakes\videos\FAKE_T3_1057_IEO_DIS_MD__AUDIO_1057_IEO_FEA_MD_sadtalker.mp4,1,done,sadtalker,1057,IEO,disgust,fear,yes
FAKE_T3_1057_IEO_HAP_LO__AUDIO_1057_IEO_NEU_XX_sadtalker,data\synthetic\track3_fakes\videos\FAKE_T3_1057_IEO_HAP_LO__AUDIO_1057_IEO_NEU_XX_sadtalker.mp4,1,done,sadtalker,1057,IEO,happy,neutral,yes
FAKE_T3_1057_IEO_HAP_MD__AUDIO_1057_IEO_NEU_XX_sadtalker,data\synthetic\track3_fakes\videos\FAKE_T3_1057_IEO_HAP_MD__AUDIO_1057_IEO_NEU_XX_sadtalker.mp4,1,done,sadtalker,1057,IEO,happy,neutral,yes
FAKE_T3_1057_IEO_NEU_XX__AUDIO_1057_IEO_SAD_HI_sadtalker,data\synthetic\track3_fakes\videos\FAKE_T3_1057_IEO_NEU_XX__AUDIO_1057_IEO_SAD_HI_sadtalker.mp4,1,done,sadtalker,1057,IEO,neutral,sad,yes
FAKE_T3_1057_IEO_SAD_LO__AUDIO_1057_IEO_ANG_LO_sadtalker,data\synthetic\track3_fakes\videos\FAKE_T3_1057_IEO_SAD_LO__AUDIO_1057_IEO_ANG_LO_sadtalker.mp4,1,done,sadtalker,1057,IEO,sad,angry,yes
FAKE_T3_1057_IOM_NEU_XX__AUDIO_1057_IOM_SAD_XX_sadtalker,data\synthetic\track3_fakes\videos\FAKE_T3_1057_IOM_NEU_XX__AUDIO_1057_IOM_SAD_XX_sadtalker.mp4,1,done,sadtalker,1057,IOM,neutral,sad,yes
FAKE_T3_1057_IOM_SAD_XX__AUDIO_1057_IOM_ANG_XX_sadtalker,data\synthetic\track3_fakes\videos\FAKE_T3_1057_IOM_SAD_XX__AUDIO_1057_IOM_ANG_XX_sadtalker.mp4,1,done,sadtalker,1057,IOM,sad,angry,yes
FAKE_T3_1057_ITH_FEA_XX__AUDIO_1057_ITH_HAP_XX_sadtalker,data\synthetic\track3_fakes\videos\FAKE_T3_1057_ITH_FEA_XX__AUDIO_1057_ITH_HAP_XX_sadtalker.mp4,1,done,sadtalker,1057,ITH,fear,happy,yes
FAKE_T3_1057_ITH_SAD_XX__AUDIO_1057_ITH_ANG_XX_sadtalker,data\synthetic\track3_fakes\videos\FAKE_T3_1057_ITH_SAD_XX__AUDIO_1057_ITH_ANG_XX_sadtalker.mp4,1,done,sadtalker,1057,ITH,sad,angry,yes
FAKE_T3_1057_ITS_ANG_XX__AUDIO_1057_ITS_DIS_XX_sadtalker,data\synthetic\track3_fakes\videos\FAKE_T3_1057_ITS_ANG_XX__AUDIO_1057_ITS_DIS_XX_sadtalker.mp4,1,done,sadtalker,1057,ITS,angry,disgust,yes
FAKE_T3_1057_ITS_DIS_XX__AUDIO_1057_ITS_FEA_XX_sadtalker,data\synthetic\track3_fakes\videos\FAKE_T3_1057_ITS_DIS_XX__AUDIO_1057_ITS_FEA_XX_sadtalker.mp4,1,done,sadtalker,1057,ITS,disgust,fear,yes
FAKE_T3_1057_ITS_HAP_XX__AUDIO_1057_ITS_NEU_XX_sadtalker,data\synthetic\track3_fakes\videos\FAKE_T3_1057_ITS_HAP_XX__AUDIO_1057_ITS_NEU_XX_sadtalker.mp4,1,done,sadtalker,1057,ITS,happy,neutral,yes
FAKE_T3_1057_IWL_ANG_XX__AUDIO_1057_IWL_DIS_XX_sadtalker,data\synthetic\track3_fakes\videos\FAKE_T3_1057_IWL_ANG_XX__AUDIO_1057_IWL_DIS_XX_sadtalker.mp4,1,done,sadtalker,1057,IWL,angry,disgust,yes
FAKE_T3_1057_IWL_DIS_XX__AUDIO_1057_IWL_FEA_XX_sadtalker,data\synthetic\track3_fakes\videos\FAKE_T3_1057_IWL_DIS_XX__AUDIO_1057_IWL_FEA_XX_sadtalker.mp4,1,done,sadtalker,1057,IWL,disgust,fear,yes
FAKE_T3_1057_IWL_HAP_XX__AUDIO_1057_IWL_NEU_XX_sadtalker,data\synthetic\track3_fakes\videos\FAKE_T3_1057_IWL_HAP_XX__AUDIO_1057_IWL_NEU_XX_sadtalker.mp4,1,done,sadtalker,1057,IWL,happy,neutral,yes
FAKE_T3_1057_IWW_ANG_XX__AUDIO_1057_IWW_DIS_XX_sadtalker,data\synthetic\track3_fakes\videos\FAKE_T3_1057_IWW_ANG_XX__AUDIO_1057_IWW_DIS_XX_sadtalker.mp4,1,done,sadtalker,1057,IWW,angry,disgust,yes
FAKE_T3_1057_IWW_FEA_XX__AUDIO_1057_IWW_HAP_XX_sadtalker,data\synthetic\track3_fakes\videos\FAKE_T3_1057_IWW_FEA_XX__AUDIO_1057_IWW_HAP_XX_sadtalker.mp4,1,done,sadtalker,1057,IWW,fear,happy,yes
FAKE_T3_1057_IWW_SAD_XX__AUDIO_1057_IWW_ANG_XX_sadtalker,data\synthetic\track3_fakes\videos\FAKE_T3_1057_IWW_SAD_XX__AUDIO_1057_IWW_ANG_XX_sadtalker.mp4,1,done,sadtalker,1057,IWW,sad,angry,yes
FAKE_T3_1057_MTI_ANG_XX__AUDIO_1057_MTI_DIS_XX_sadtalker,data\synthetic\track3_fakes\videos\FAKE_T3_1057_MTI_ANG_XX__AUDIO_1057_MTI_DIS_XX_sadtalker.mp4,1,done,sadtalker,1057,MTI,angry,disgust,yes
FAKE_T3_1057_MTI_DIS_XX__AUDIO_1057_MTI_FEA_XX_sadtalker,data\synthetic\track3_fakes\videos\FAKE_T3_1057_MTI_DIS_XX__AUDIO_1057_MTI_FEA_XX_sadtalker.mp4,1,done,sadtalker,1057,MTI,disgust,fear,yes
FAKE_T3_1057_MTI_SAD_XX__AUDIO_1057_MTI_ANG_XX_sadtalker,data\synthetic\track3_fakes\videos\FAKE_T3_1057_MTI_SAD_XX__AUDIO_1057_MTI_ANG_XX_sadtalker.mp4,1,done,sadtalker,1057,MTI,sad,angry,yes
FAKE_T3_1057_TAI_ANG_XX__AUDIO_1057_TAI_DIS_XX_sadtalker,data\synthetic\track3_fakes\videos\FAKE_T3_1057_TAI_ANG_XX__AUDIO_1057_TAI_DIS_XX_sadtalker.mp4,1,done,sadtalker,1057,TAI,angry,disgust,yes
FAKE_T3_1057_TAI_DIS_XX__AUDIO_1057_TAI_FEA_XX_sadtalker,data\synthetic\track3_fakes\videos\FAKE_T3_1057_TAI_DIS_XX__AUDIO_1057_TAI_FEA_XX_sadtalker.mp4,1,done,sadtalker,1057,TAI,disgust,fear,yes
FAKE_T3_1057_TAI_FEA_XX__AUDIO_1057_TAI_HAP_XX_sadtalker,data\synthetic\track3_fakes\videos\FAKE_T3_1057_TAI_FEA_XX__AUDIO_1057_TAI_HAP_XX_sadtalker.mp4,1,done,sadtalker,1057,TAI,fear,happy,yes
FAKE_T3_1057_TAI_NEU_XX__AUDIO_1057_TAI_SAD_XX_sadtalker,data\synthetic\track3_fakes\videos\FAKE_T3_1057_TAI_NEU_XX__AUDIO_1057_TAI_SAD_XX_sadtalker.mp4,1,done,sadtalker,1057,TAI,neutral,sad,yes
FAKE_T3_1057_TIE_ANG_XX__AUDIO_1057_TIE_DIS_XX_sadtalker,data\synthetic\track3_fakes\videos\FAKE_T3_1057_TIE_ANG_XX__AUDIO_1057_TIE_DIS_XX_sadtalker.mp4,1,done,sadtalker,1057,TIE,angry,disgust,yes
FAKE_T3_1057_TIE_DIS_XX__AUDIO_1057_TIE_FEA_XX_sadtalker,data\synthetic\track3_fakes\videos\FAKE_T3_1057_TIE_DIS_XX__AUDIO_1057_TIE_FEA_XX_sadtalker.mp4,1,done,sadtalker,1057,TIE,disgust,fear,yes
FAKE_T3_1057_TIE_FEA_XX__AUDIO_1057_TIE_HAP_XX_sadtalker,data\synthetic\track3_fakes\videos\FAKE_T3_1057_TIE_FEA_XX__AUDIO_1057_TIE_HAP_XX_sadtalker.mp4,1,done,sadtalker,1057,TIE,fear,happy,yes
FAKE_T3_1057_TIE_HAP_XX__AUDIO_1057_TIE_NEU_XX_sadtalker,data\synthetic\track3_fakes\videos\FAKE_T3_1057_TIE_HAP_XX__AUDIO_1057_TIE_NEU_XX_sadtalker.mp4,1,done,sadtalker,1057,TIE,happy,neutral,yes
FAKE_T3_1057_TIE_SAD_XX__AUDIO_1057_TIE_ANG_XX_sadtalker,data\synthetic\track3_fakes\videos\FAKE_T3_1057_TIE_SAD_XX__AUDIO_1057_TIE_ANG_XX_sadtalker.mp4,1,done,sadtalker,1057,TIE,sad,angry,yes
FAKE_T3_1057_TSI_FEA_XX__AUDIO_1057_TSI_HAP_XX_sadtalker,data\synthetic\track3_fakes\videos\FAKE_T3_1057_TSI_FEA_XX__AUDIO_1057_TSI_HAP_XX_sadtalker.mp4,1,done,sadtalker,1057,TSI,fear,happy,yes
FAKE_T3_1057_TSI_SAD_XX__AUDIO_1057_TSI_ANG_XX_sadtalker,data\synthetic\track3_fakes\videos\FAKE_T3_1057_TSI_SAD_XX__AUDIO_1057_TSI_ANG_XX_sadtalker.mp4,1,done,sadtalker,1057,TSI,sad,angry,yes
FAKE_T3_1057_WSI_DIS_XX__AUDIO_1057_WSI_FEA_XX_sadtalker,data\synthetic\track3_fakes\videos\FAKE_T3_1057_WSI_DIS_XX__AUDIO_1057_WSI_FEA_XX_sadtalker.mp4,1,done,sadtalker,1057,WSI,disgust,fear,yes
FAKE_T3_1057_WSI_HAP_XX__AUDIO_1057_WSI_NEU_XX_sadtalker,data\synthetic\track3_fakes\videos\FAKE_T3_1057_WSI_HAP_XX__AUDIO_1057_WSI_NEU_XX_sadtalker.mp4,1,done,sadtalker,1057,WSI,happy,neutral,yes
FAKE_T3_1057_WSI_NEU_XX__AUDIO_1057_WSI_SAD_XX_sadtalker,data\synthetic\track3_fakes\videos\FAKE_T3_1057_WSI_NEU_XX__AUDIO_1057_WSI_SAD_XX_sadtalker.mp4,1,done,sadtalker,1057,WSI,neutral,sad,yes
FAKE_T3_1058_DFA_NEU_XX__AUDIO_1058_DFA_SAD_XX_sadtalker,data\synthetic\track3_fakes\videos\FAKE_T3_1058_DFA_NEU_XX__AUDIO_1058_DFA_SAD_XX_sadtalker.mp4,1,done,sadtalker,1058,DFA,neutral,sad,yes
FAKE_T3_1058_IEO_ANG_HI__AUDIO_1058_IEO_DIS_HI_sadtalker,data\synthetic\track3_fakes\videos\FAKE_T3_1058_IEO_ANG_HI__AUDIO_1058_IEO_DIS_HI_sadtalker.mp4,1,done,sadtalker,1058,IEO,angry,disgust,yes
FAKE_T3_1058_IEO_ANG_LO__AUDIO_1058_IEO_DIS_LO_sadtalker,data\synthetic\track3_fakes\videos\FAKE_T3_1058_IEO_ANG_LO__AUDIO_1058_IEO_DIS_LO_sadtalker.mp4,1,done,sadtalker,1058,IEO,angry,disgust,yes
FAKE_T3_1058_IEO_DIS_HI__AUDIO_1058_IEO_FEA_HI_sadtalker,data\synthetic\track3_fakes\videos\FAKE_T3_1058_IEO_DIS_HI__AUDIO_1058_IEO_FEA_HI_sadtalker.mp4,1,done,sadtalker,1058,IEO,disgust,fear,yes
FAKE_T3_1058_IEO_DIS_LO__AUDIO_1058_IEO_FEA_LO_sadtalker,data\synthetic\track3_fakes\videos\FAKE_T3_1058_IEO_DIS_LO__AUDIO_1058_IEO_FEA_LO_sadtalker.mp4,1,done,sadtalker,1058,IEO,disgust,fear,yes
FAKE_T3_1058_IEO_DIS_MD__AUDIO_1058_IEO_FEA_MD_sadtalker,data\synthetic\track3_fakes\videos\FAKE_T3_1058_IEO_DIS_MD__AUDIO_1058_IEO_FEA_MD_sadtalker.mp4,1,done,sadtalker,1058,IEO,disgust,fear,yes
FAKE_T3_1058_IEO_FEA_HI__AUDIO_1058_IEO_HAP_HI_sadtalker,data\synthetic\track3_fakes\videos\FAKE_T3_1058_IEO_FEA_HI__AUDIO_1058_IEO_HAP_HI_sadtalker.mp4,1,done,sadtalker,1058,IEO,fear,happy,yes
FAKE_T3_1058_IEO_FEA_MD__AUDIO_1058_IEO_HAP_MD_sadtalker,data\synthetic\track3_fakes\videos\FAKE_T3_1058_IEO_FEA_MD__AUDIO_1058_IEO_HAP_MD_sadtalker.mp4,1,done,sadtalker,1058,IEO,fear,happy,yes
FAKE_T3_1058_IEO_HAP_MD__AUDIO_1058_IEO_NEU_XX_sadtalker,data\synthetic\track3_fakes\videos\FAKE_T3_1058_IEO_HAP_MD__AUDIO_1058_IEO_NEU_XX_sadtalker.mp4,1,done,sadtalker,1058,IEO,happy,neutral,yes
FAKE_T3_1058_IEO_SAD_LO__AUDIO_1058_IEO_ANG_LO_sadtalker,data\synthetic\track3_fakes\videos\FAKE_T3_1058_IEO_SAD_LO__AUDIO_1058_IEO_ANG_LO_sadtalker.mp4,1,done,sadtalker,1058,IEO,sad,angry,yes
FAKE_T3_1058_IOM_ANG_XX__AUDIO_1058_IOM_DIS_XX_sadtalker,data\synthetic\track3_fakes\videos\FAKE_T3_1058_IOM_ANG_XX__AUDIO_1058_IOM_DIS_XX_sadtalker.mp4,1,done,sadtalker,1058,IOM,angry,disgust,yes
FAKE_T3_1058_IOM_FEA_XX__AUDIO_1058_IOM_HAP_XX_sadtalker,data\synthetic\track3_fakes\videos\FAKE_T3_1058_IOM_FEA_XX__AUDIO_1058_IOM_HAP_XX_sadtalker.mp4,1,done,sadtalker,1058,IOM,fear,happy,yes
FAKE_T3_1058_IOM_HAP_XX__AUDIO_1058_IOM_NEU_XX_sadtalker,data\synthetic\track3_fakes\videos\FAKE_T3_1058_IOM_HAP_XX__AUDIO_1058_IOM_NEU_XX_sadtalker.mp4,1,done,sadtalker,1058,IOM,happy,neutral,yes
FAKE_T3_1058_IOM_SAD_XX__AUDIO_1058_IOM_ANG_XX_sadtalker,data\synthetic\track3_fakes\videos\FAKE_T3_1058_IOM_SAD_XX__AUDIO_1058_IOM_ANG_XX_sadtalker.mp4,1,done,sadtalker,1058,IOM,sad,angry,yes
FAKE_T3_1058_ITH_DIS_XX__AUDIO_1058_ITH_FEA_XX_sadtalker,data\synthetic\track3_fakes\videos\FAKE_T3_1058_ITH_DIS_XX__AUDIO_1058_ITH_FEA_XX_sadtalker.mp4,1,done,sadtalker,1058,ITH,disgust,fear,yes
FAKE_T3_1058_ITH_FEA_XX__AUDIO_1058_ITH_HAP_XX_sadtalker,data\synthetic\track3_fakes\videos\FAKE_T3_1058_ITH_FEA_XX__AUDIO_1058_ITH_HAP_XX_sadtalker.mp4,1,done,sadtalker,1058,ITH,fear,happy,yes
FAKE_T3_1058_ITH_NEU_XX__AUDIO_1058_ITH_SAD_XX_sadtalker,data\synthetic\track3_fakes\videos\FAKE_T3_1058_ITH_NEU_XX__AUDIO_1058_ITH_SAD_XX_sadtalker.mp4,1,done,sadtalker,1058,ITH,neutral,sad,yes
FAKE_T3_1058_ITS_ANG_XX__AUDIO_1058_ITS_DIS_XX_sadtalker,data\synthetic\track3_fakes\videos\FAKE_T3_1058_ITS_ANG_XX__AUDIO_1058_ITS_DIS_XX_sadtalker.mp4,1,done,sadtalker,1058,ITS,angry,disgust,yes
FAKE_T3_1058_ITS_DIS_XX__AUDIO_1058_ITS_FEA_XX_sadtalker,data\synthetic\track3_fakes\videos\FAKE_T3_1058_ITS_DIS_XX__AUDIO_1058_ITS_FEA_XX_sadtalker.mp4,1,done,sadtalker,1058,ITS,disgust,fear,yes
FAKE_T3_1058_ITS_FEA_XX__AUDIO_1058_ITS_HAP_XX_sadtalker,data\synthetic\track3_fakes\videos\FAKE_T3_1058_ITS_FEA_XX__AUDIO_1058_ITS_HAP_XX_sadtalker.mp4,1,done,sadtalker,1058,ITS,fear,happy,yes
FAKE_T3_1058_IWL_DIS_XX__AUDIO_1058_IWL_FEA_XX_sadtalker,data\synthetic\track3_fakes\videos\FAKE_T3_1058_IWL_DIS_XX__AUDIO_1058_IWL_FEA_XX_sadtalker.mp4,1,done,sadtalker,1058,IWL,disgust,fear,yes
FAKE_T3_1058_IWL_FEA_XX__AUDIO_1058_IWL_HAP_XX_sadtalker,data\synthetic\track3_fakes\videos\FAKE_T3_1058_IWL_FEA_XX__AUDIO_1058_IWL_HAP_XX_sadtalker.mp4,1,done,sadtalker,1058,IWL,fear,happy,yes
FAKE_T3_1058_IWL_HAP_XX__AUDIO_1058_IWL_NEU_XX_sadtalker,data\synthetic\track3_fakes\videos\FAKE_T3_1058_IWL_HAP_XX__AUDIO_1058_IWL_NEU_XX_sadtalker.mp4,1,done,sadtalker,1058,IWL,happy,neutral,yes
FAKE_T3_1058_IWL_NEU_XX__AUDIO_1058_IWL_SAD_XX_sadtalker,data\synthetic\track3_fakes\videos\FAKE_T3_1058_IWL_NEU_XX__AUDIO_1058_IWL_SAD_XX_sadtalker.mp4,1,done,sadtalker,1058,IWL,neutral,sad,yes
FAKE_T3_1058_IWW_ANG_XX__AUDIO_1058_IWW_DIS_XX_sadtalker,data\synthetic\track3_fakes\videos\FAKE_T3_1058_IWW_ANG_XX__AUDIO_1058_IWW_DIS_XX_sadtalker.mp4,1,done,sadtalker,1058,IWW,angry,disgust,yes
FAKE_T3_1058_IWW_SAD_XX__AUDIO_1058_IWW_ANG_XX_sadtalker,data\synthetic\track3_fakes\videos\FAKE_T3_1058_IWW_SAD_XX__AUDIO_1058_IWW_ANG_XX_sadtalker.mp4,1,done,sadtalker,1058,IWW,sad,angry,yes
FAKE_T3_1058_MTI_ANG_XX__AUDIO_1058_MTI_DIS_XX_sadtalker,data\synthetic\track3_fakes\videos\FAKE_T3_1058_MTI_ANG_XX__AUDIO_1058_MTI_DIS_XX_sadtalker.mp4,1,done,sadtalker,1058,MTI,angry,disgust,yes
FAKE_T3_1058_MTI_FEA_XX__AUDIO_1058_MTI_HAP_XX_sadtalker,data\synthetic\track3_fakes\videos\FAKE_T3_1058_MTI_FEA_XX__AUDIO_1058_MTI_HAP_XX_sadtalker.mp4,1,done,sadtalker,1058,MTI,fear,happy,yes
FAKE_T3_1058_MTI_HAP_XX__AUDIO_1058_MTI_NEU_XX_sadtalker,data\synthetic\track3_fakes\videos\FAKE_T3_1058_MTI_HAP_XX__AUDIO_1058_MTI_NEU_XX_sadtalker.mp4,1,done,sadtalker,1058,MTI,happy,neutral,yes
FAKE_T3_1058_MTI_NEU_XX__AUDIO_1058_MTI_SAD_XX_sadtalker,data\synthetic\track3_fakes\videos\FAKE_T3_1058_MTI_NEU_XX__AUDIO_1058_MTI_SAD_XX_sadtalker.mp4,1,done,sadtalker,1058,MTI,neutral,sad,yes
FAKE_T3_1058_TAI_DIS_XX__AUDIO_1058_TAI_FEA_XX_sadtalker,data\synthetic\track3_fakes\videos\FAKE_T3_1058_TAI_DIS_XX__AUDIO_1058_TAI_FEA_XX_sadtalker.mp4,1,done,sadtalker,1058,TAI,disgust,fear,yes
FAKE_T3_1058_TAI_FEA_XX__AUDIO_1058_TAI_HAP_XX_sadtalker,data\synthetic\track3_fakes\videos\FAKE_T3_1058_TAI_FEA_XX__AUDIO_1058_TAI_HAP_XX_sadtalker.mp4,1,done,sadtalker,1058,TAI,fear,happy,yes
FAKE_T3_1058_TAI_NEU_XX__AUDIO_1058_TAI_SAD_XX_sadtalker,data\synthetic\track3_fakes\videos\FAKE_T3_1058_TAI_NEU_XX__AUDIO_1058_TAI_SAD_XX_sadtalker.mp4,1,done,sadtalker,1058,TAI,neutral,sad,yes
FAKE_T3_1058_TIE_HAP_XX__AUDIO_1058_TIE_NEU_XX_sadtalker,data\synthetic\track3_fakes\videos\FAKE_T3_1058_TIE_HAP_XX__AUDIO_1058_TIE_NEU_XX_sadtalker.mp4,1,done,sadtalker,1058,TIE,happy,neutral,yes
FAKE_T3_1058_TSI_ANG_XX__AUDIO_1058_TSI_DIS_XX_sadtalker,data\synthetic\track3_fakes\videos\FAKE_T3_1058_TSI_ANG_XX__AUDIO_1058_TSI_DIS_XX_sadtalker.mp4,1,done,sadtalker,1058,TSI,angry,disgust,yes
FAKE_T3_1058_TSI_FEA_XX__AUDIO_1058_TSI_HAP_XX_sadtalker,data\synthetic\track3_fakes\videos\FAKE_T3_1058_TSI_FEA_XX__AUDIO_1058_TSI_HAP_XX_sadtalker.mp4,1,done,sadtalker,1058,TSI,fear,happy,yes
FAKE_T3_1058_TSI_NEU_XX__AUDIO_1058_TSI_SAD_XX_sadtalker,data\synthetic\track3_fakes\videos\FAKE_T3_1058_TSI_NEU_XX__AUDIO_1058_TSI_SAD_XX_sadtalker.mp4,1,done,sadtalker,1058,TSI,neutral,sad,yes
FAKE_T3_1058_TSI_SAD_XX__AUDIO_1058_TSI_ANG_XX_sadtalker,data\synthetic\track3_fakes\videos\FAKE_T3_1058_TSI_SAD_XX__AUDIO_1058_TSI_ANG_XX_sadtalker.mp4,1,done,sadtalker,1058,TSI,sad,angry,yes
FAKE_T3_1058_WSI_FEA_XX__AUDIO_1058_WSI_HAP_XX_sadtalker,data\synthetic\track3_fakes\videos\FAKE_T3_1058_WSI_FEA_XX__AUDIO_1058_WSI_HAP_XX_sadtalker.mp4,1,done,sadtalker,1058,WSI,fear,happy,yes
FAKE_T3_1058_WSI_HAP_XX__AUDIO_1058_WSI_NEU_XX_sadtalker,data\synthetic\track3_fakes\videos\FAKE_T3_1058_WSI_HAP_XX__AUDIO_1058_WSI_NEU_XX_sadtalker.mp4,1,done,sadtalker,1058,WSI,happy,neutral,yes
FAKE_T3_1058_WSI_SAD_XX__AUDIO_1058_WSI_ANG_XX_sadtalker,data\synthetic\track3_fakes\videos\FAKE_T3_1058_WSI_SAD_XX__AUDIO_1058_WSI_ANG_XX_sadtalker.mp4,1,done,sadtalker,1058,WSI,sad,angry,yes
FAKE_T3_1059_DFA_ANG_XX__AUDIO_1059_DFA_DIS_XX_sadtalker,data\synthetic\track3_fakes\videos\FAKE_T3_1059_DFA_ANG_XX__AUDIO_1059_DFA_DIS_XX_sadtalker.mp4,1,done,sadtalker,1059,DFA,angry,disgust,yes
FAKE_T3_1059_DFA_HAP_XX__AUDIO_1059_DFA_NEU_XX_sadtalker,data\synthetic\track3_fakes\videos\FAKE_T3_1059_DFA_HAP_XX__AUDIO_1059_DFA_NEU_XX_sadtalker.mp4,1,done,sadtalker,1059,DFA,happy,neutral,yes
FAKE_T3_1059_DFA_NEU_XX__AUDIO_1059_DFA_SAD_XX_sadtalker,data\synthetic\track3_fakes\videos\FAKE_T3_1059_DFA_NEU_XX__AUDIO_1059_DFA_SAD_XX_sadtalker.mp4,1,done,sadtalker,1059,DFA,neutral,sad,yes
FAKE_T3_1059_DFA_SAD_XX__AUDIO_1059_DFA_ANG_XX_sadtalker,data\synthetic\track3_fakes\videos\FAKE_T3_1059_DFA_SAD_XX__AUDIO_1059_DFA_ANG_XX_sadtalker.mp4,1,done,sadtalker,1059,DFA,sad,angry,yes
FAKE_T3_1059_IEO_ANG_HI__AUDIO_1059_IEO_DIS_HI_sadtalker,data\synthetic\track3_fakes\videos\FAKE_T3_1059_IEO_ANG_HI__AUDIO_1059_IEO_DIS_HI_sadtalker.mp4,1,done,sadtalker,1059,IEO,angry,disgust,yes
FAKE_T3_1059_IEO_ANG_LO__AUDIO_1059_IEO_DIS_LO_sadtalker,data\synthetic\track3_fakes\videos\FAKE_T3_1059_IEO_ANG_LO__AUDIO_1059_IEO_DIS_LO_sadtalker.mp4,1,done,sadtalker,1059,IEO,angry,disgust,yes
FAKE_T3_1059_IEO_DIS_HI__AUDIO_1059_IEO_FEA_HI_sadtalker,data\synthetic\track3_fakes\videos\FAKE_T3_1059_IEO_DIS_HI__AUDIO_1059_IEO_FEA_HI_sadtalker.mp4,1,done,sadtalker,1059,IEO,disgust,fear,yes
FAKE_T3_1059_IEO_DIS_MD__AUDIO_1059_IEO_FEA_MD_sadtalker,data\synthetic\track3_fakes\videos\FAKE_T3_1059_IEO_DIS_MD__AUDIO_1059_IEO_FEA_MD_sadtalker.mp4,1,done,sadtalker,1059,IEO,disgust,fear,yes
FAKE_T3_1059_IEO_HAP_HI__AUDIO_1059_IEO_NEU_XX_sadtalker,data\synthetic\track3_fakes\videos\FAKE_T3_1059_IEO_HAP_HI__AUDIO_1059_IEO_NEU_XX_sadtalker.mp4,1,done,sadtalker,1059,IEO,happy,neutral,yes
FAKE_T3_1059_IEO_SAD_LO__AUDIO_1059_IEO_ANG_LO_sadtalker,data\synthetic\track3_fakes\videos\FAKE_T3_1059_IEO_SAD_LO__AUDIO_1059_IEO_ANG_LO_sadtalker.mp4,1,done,sadtalker,1059,IEO,sad,angry,yes
FAKE_T3_1059_IOM_ANG_XX__AUDIO_1059_IOM_DIS_XX_sadtalker,data\synthetic\track3_fakes\videos\FAKE_T3_1059_IOM_ANG_XX__AUDIO_1059_IOM_DIS_XX_sadtalker.mp4,1,done,sadtalker,1059,IOM,angry,disgust,yes
FAKE_T3_1059_IOM_DIS_XX__AUDIO_1059_IOM_FEA_XX_sadtalker,data\synthetic\track3_fakes\videos\FAKE_T3_1059_IOM_DIS_XX__AUDIO_1059_IOM_FEA_XX_sadtalker.mp4,1,done,sadtalker,1059,IOM,disgust,fear,yes
FAKE_T3_1059_IOM_FEA_XX__AUDIO_1059_IOM_HAP_XX_sadtalker,data\synthetic\track3_fakes\videos\FAKE_T3_1059_IOM_FEA_XX__AUDIO_1059_IOM_HAP_XX_sadtalker.mp4,1,done,sadtalker,1059,IOM,fear,happy,yes
FAKE_T3_1059_IOM_HAP_XX__AUDIO_1059_IOM_NEU_XX_sadtalker,data\synthetic\track3_fakes\videos\FAKE_T3_1059_IOM_HAP_XX__AUDIO_1059_IOM_NEU_XX_sadtalker.mp4,1,done,sadtalker,1059,IOM,happy,neutral,yes
FAKE_T3_1059_ITH_DIS_XX__AUDIO_1059_ITH_FEA_XX_sadtalker,data\synthetic\track3_fakes\videos\FAKE_T3_1059_ITH_DIS_XX__AUDIO_1059_ITH_FEA_XX_sadtalker.mp4,1,done,sadtalker,1059,ITH,disgust,fear,yes
FAKE_T3_1059_ITH_FEA_XX__AUDIO_1059_ITH_HAP_XX_sadtalker,data\synthetic\track3_fakes\videos\FAKE_T3_1059_ITH_FEA_XX__AUDIO_1059_ITH_HAP_XX_sadtalker.mp4,1,done,sadtalker,1059,ITH,fear,happy,yes
FAKE_T3_1059_ITS_DIS_XX__AUDIO_1059_ITS_FEA_XX_sadtalker,data\synthetic\track3_fakes\videos\FAKE_T3_1059_ITS_DIS_XX__AUDIO_1059_ITS_FEA_XX_sadtalker.mp4,1,done,sadtalker,1059,ITS,disgust,fear,yes
FAKE_T3_1059_ITS_FEA_XX__AUDIO_1059_ITS_HAP_XX_sadtalker,data\synthetic\track3_fakes\videos\FAKE_T3_1059_ITS_FEA_XX__AUDIO_1059_ITS_HAP_XX_sadtalker.mp4,1,done,sadtalker,1059,ITS,fear,happy,yes
FAKE_T3_1059_ITS_NEU_XX__AUDIO_1059_ITS_SAD_XX_sadtalker,data\synthetic\track3_fakes\videos\FAKE_T3_1059_ITS_NEU_XX__AUDIO_1059_ITS_SAD_XX_sadtalker.mp4,1,done,sadtalker,1059,ITS,neutral,sad,yes
FAKE_T3_1059_IWL_DIS_XX__AUDIO_1059_IWL_FEA_XX_sadtalker,data\synthetic\track3_fakes\videos\FAKE_T3_1059_IWL_DIS_XX__AUDIO_1059_IWL_FEA_XX_sadtalker.mp4,1,done,sadtalker,1059,IWL,disgust,fear,yes
FAKE_T3_1059_IWL_HAP_XX__AUDIO_1059_IWL_NEU_XX_sadtalker,data\synthetic\track3_fakes\videos\FAKE_T3_1059_IWL_HAP_XX__AUDIO_1059_IWL_NEU_XX_sadtalker.mp4,1,done,sadtalker,1059,IWL,happy,neutral,yes
FAKE_T3_1059_IWL_NEU_XX__AUDIO_1059_IWL_SAD_XX_sadtalker,data\synthetic\track3_fakes\videos\FAKE_T3_1059_IWL_NEU_XX__AUDIO_1059_IWL_SAD_XX_sadtalker.mp4,1,done,sadtalker,1059,IWL,neutral,sad,yes
FAKE_T3_1059_IWW_ANG_XX__AUDIO_1059_IWW_DIS_XX_sadtalker,data\synthetic\track3_fakes\videos\FAKE_T3_1059_IWW_ANG_XX__AUDIO_1059_IWW_DIS_XX_sadtalker.mp4,1,done,sadtalker,1059,IWW,angry,disgust,yes
FAKE_T3_1059_IWW_FEA_XX__AUDIO_1059_IWW_HAP_XX_sadtalker,data\synthetic\track3_fakes\videos\FAKE_T3_1059_IWW_FEA_XX__AUDIO_1059_IWW_HAP_XX_sadtalker.mp4,1,done,sadtalker,1059,IWW,fear,happy,yes
FAKE_T3_1059_MTI_DIS_XX__AUDIO_1059_MTI_FEA_XX_sadtalker,data\synthetic\track3_fakes\videos\FAKE_T3_1059_MTI_DIS_XX__AUDIO_1059_MTI_FEA_XX_sadtalker.mp4,1,done,sadtalker,1059,MTI,disgust,fear,yes
FAKE_T3_1059_MTI_HAP_XX__AUDIO_1059_MTI_NEU_XX_sadtalker,data\synthetic\track3_fakes\videos\FAKE_T3_1059_MTI_HAP_XX__AUDIO_1059_MTI_NEU_XX_sadtalker.mp4,1,done,sadtalker,1059,MTI,happy,neutral,yes
FAKE_T3_1059_MTI_NEU_XX__AUDIO_1059_MTI_SAD_XX_sadtalker,data\synthetic\track3_fakes\videos\FAKE_T3_1059_MTI_NEU_XX__AUDIO_1059_MTI_SAD_XX_sadtalker.mp4,1,done,sadtalker,1059,MTI,neutral,sad,yes
FAKE_T3_1059_MTI_SAD_XX__AUDIO_1059_MTI_ANG_XX_sadtalker,data\synthetic\track3_fakes\videos\FAKE_T3_1059_MTI_SAD_XX__AUDIO_1059_MTI_ANG_XX_sadtalker.mp4,1,done,sadtalker,1059,MTI,sad,angry,yes
FAKE_T3_1059_TAI_ANG_XX__AUDIO_1059_TAI_DIS_XX_sadtalker,data\synthetic\track3_fakes\videos\FAKE_T3_1059_TAI_ANG_XX__AUDIO_1059_TAI_DIS_XX_sadtalker.mp4,1,done,sadtalker,1059,TAI,angry,disgust,yes
FAKE_T3_1059_TAI_HAP_XX__AUDIO_1059_TAI_NEU_XX_sadtalker,data\synthetic\track3_fakes\videos\FAKE_T3_1059_TAI_HAP_XX__AUDIO_1059_TAI_NEU_XX_sadtalker.mp4,1,done,sadtalker,1059,TAI,happy,neutral,yes
FAKE_T3_1059_TAI_NEU_XX__AUDIO_1059_TAI_SAD_XX_sadtalker,data\synthetic\track3_fakes\videos\FAKE_T3_1059_TAI_NEU_XX__AUDIO_1059_TAI_SAD_XX_sadtalker.mp4,1,done,sadtalker,1059,TAI,neutral,sad,yes
FAKE_T3_1059_TAI_SAD_XX__AUDIO_1059_TAI_ANG_XX_sadtalker,data\synthetic\track3_fakes\videos\FAKE_T3_1059_TAI_SAD_XX__AUDIO_1059_TAI_ANG_XX_sadtalker.mp4,1,done,sadtalker,1059,TAI,sad,angry,yes
FAKE_T3_1059_TIE_HAP_XX__AUDIO_1059_TIE_NEU_XX_sadtalker,data\synthetic\track3_fakes\videos\FAKE_T3_1059_TIE_HAP_XX__AUDIO_1059_TIE_NEU_XX_sadtalker.mp4,1,done,sadtalker,1059,TIE,happy,neutral,yes
FAKE_T3_1059_TIE_NEU_XX__AUDIO_1059_TIE_SAD_XX_sadtalker,data\synthetic\track3_fakes\videos\FAKE_T3_1059_TIE_NEU_XX__AUDIO_1059_TIE_SAD_XX_sadtalker.mp4,1,done,sadtalker,1059,TIE,neutral,sad,yes
FAKE_T3_1059_TSI_FEA_XX__AUDIO_1059_TSI_HAP_XX_sadtalker,data\synthetic\track3_fakes\videos\FAKE_T3_1059_TSI_FEA_XX__AUDIO_1059_TSI_HAP_XX_sadtalker.mp4,1,done,sadtalker,1059,TSI,fear,happy,yes
FAKE_T3_1059_TSI_HAP_XX__AUDIO_1059_TSI_NEU_XX_sadtalker,data\synthetic\track3_fakes\videos\FAKE_T3_1059_TSI_HAP_XX__AUDIO_1059_TSI_NEU_XX_sadtalker.mp4,1,done,sadtalker,1059,TSI,happy,neutral,yes
FAKE_T3_1059_TSI_NEU_XX__AUDIO_1059_TSI_SAD_XX_sadtalker,data\synthetic\track3_fakes\videos\FAKE_T3_1059_TSI_NEU_XX__AUDIO_1059_TSI_SAD_XX_sadtalker.mp4,1,done,sadtalker,1059,TSI,neutral,sad,yes
FAKE_T3_1059_TSI_SAD_XX__AUDIO_1059_TSI_ANG_XX_sadtalker,data\synthetic\track3_fakes\videos\FAKE_T3_1059_TSI_SAD_XX__AUDIO_1059_TSI_ANG_XX_sadtalker.mp4,1,done,sadtalker,1059,TSI,sad,angry,yes
FAKE_T3_1059_WSI_DIS_XX__AUDIO_1059_WSI_FEA_XX_sadtalker,data\synthetic\track3_fakes\videos\FAKE_T3_1059_WSI_DIS_XX__AUDIO_1059_WSI_FEA_XX_sadtalker.mp4,1,done,sadtalker,1059,WSI,disgust,fear,yes
FAKE_T3_1059_WSI_HAP_XX__AUDIO_1059_WSI_NEU_XX_sadtalker,data\synthetic\track3_fakes\videos\FAKE_T3_1059_WSI_HAP_XX__AUDIO_1059_WSI_NEU_XX_sadtalker.mp4,1,done,sadtalker,1059,WSI,happy,neutral,yes
FAKE_T3_1059_WSI_NEU_XX__AUDIO_1059_WSI_SAD_XX_sadtalker,data\synthetic\track3_fakes\videos\FAKE_T3_1059_WSI_NEU_XX__AUDIO_1059_WSI_SAD_XX_sadtalker.mp4,1,done,sadtalker,1059,WSI,neutral,sad,yes
FAKE_T3_1060_DFA_DIS_XX__AUDIO_1060_DFA_FEA_XX_sadtalker,data\synthetic\track3_fakes\videos\FAKE_T3_1060_DFA_DIS_XX__AUDIO_1060_DFA_FEA_XX_sadtalker.mp4,1,done,sadtalker,1060,DFA,disgust,fear,yes
FAKE_T3_1060_DFA_FEA_XX__AUDIO_1060_DFA_HAP_XX_sadtalker,data\synthetic\track3_fakes\videos\FAKE_T3_1060_DFA_FEA_XX__AUDIO_1060_DFA_HAP_XX_sadtalker.mp4,1,done,sadtalker,1060,DFA,fear,happy,yes
FAKE_T3_1060_DFA_NEU_XX__AUDIO_1060_DFA_SAD_XX_sadtalker,data\synthetic\track3_fakes\videos\FAKE_T3_1060_DFA_NEU_XX__AUDIO_1060_DFA_SAD_XX_sadtalker.mp4,1,done,sadtalker,1060,DFA,neutral,sad,yes
FAKE_T3_1060_DFA_SAD_XX__AUDIO_1060_DFA_ANG_XX_sadtalker,data\synthetic\track3_fakes\videos\FAKE_T3_1060_DFA_SAD_XX__AUDIO_1060_DFA_ANG_XX_sadtalker.mp4,1,done,sadtalker,1060,DFA,sad,angry,yes
FAKE_T3_1060_IEO_ANG_MD__AUDIO_1060_IEO_DIS_MD_sadtalker,data\synthetic\track3_fakes\videos\FAKE_T3_1060_IEO_ANG_MD__AUDIO_1060_IEO_DIS_MD_sadtalker.mp4,1,done,sadtalker,1060,IEO,angry,disgust,yes
FAKE_T3_1060_IEO_DIS_MD__AUDIO_1060_IEO_FEA_MD_sadtalker,data\synthetic\track3_fakes\videos\FAKE_T3_1060_IEO_DIS_MD__AUDIO_1060_IEO_FEA_MD_sadtalker.mp4,1,done,sadtalker,1060,IEO,disgust,fear,yes
FAKE_T3_1060_IEO_FEA_HI__AUDIO_1060_IEO_HAP_HI_sadtalker,data\synthetic\track3_fakes\videos\FAKE_T3_1060_IEO_FEA_HI__AUDIO_1060_IEO_HAP_HI_sadtalker.mp4,1,done,sadtalker,1060,IEO,fear,happy,yes
FAKE_T3_1060_IEO_FEA_MD__AUDIO_1060_IEO_HAP_MD_sadtalker,data\synthetic\track3_fakes\videos\FAKE_T3_1060_IEO_FEA_MD__AUDIO_1060_IEO_HAP_MD_sadtalker.mp4,1,done,sadtalker,1060,IEO,fear,happy,yes
FAKE_T3_1060_IEO_HAP_LO__AUDIO_1060_IEO_NEU_XX_sadtalker,data\synthetic\track3_fakes\videos\FAKE_T3_1060_IEO_HAP_LO__AUDIO_1060_IEO_NEU_XX_sadtalker.mp4,1,done,sadtalker,1060,IEO,happy,neutral,yes
FAKE_T3_1060_IEO_HAP_MD__AUDIO_1060_IEO_NEU_XX_sadtalker,data\synthetic\track3_fakes\videos\FAKE_T3_1060_IEO_HAP_MD__AUDIO_1060_IEO_NEU_XX_sadtalker.mp4,1,done,sadtalker,1060,IEO,happy,neutral,yes
FAKE_T3_1060_IEO_SAD_HI__AUDIO_1060_IEO_ANG_HI_sadtalker,data\synthetic\track3_fakes\videos\FAKE_T3_1060_IEO_SAD_HI__AUDIO_1060_IEO_ANG_HI_sadtalker.mp4,1,done,sadtalker,1060,IEO,sad,angry,yes
FAKE_T3_1060_IEO_SAD_MD__AUDIO_1060_IEO_ANG_MD_sadtalker,data\synthetic\track3_fakes\videos\FAKE_T3_1060_IEO_SAD_MD__AUDIO_1060_IEO_ANG_MD_sadtalker.mp4,1,done,sadtalker,1060,IEO,sad,angry,yes
FAKE_T3_1060_IOM_HAP_XX__AUDIO_1060_IOM_NEU_XX_sadtalker,data\synthetic\track3_fakes\videos\FAKE_T3_1060_IOM_HAP_XX__AUDIO_1060_IOM_NEU_XX_sadtalker.mp4,1,done,sadtalker,1060,IOM,happy,neutral,yes
FAKE_T3_1060_ITH_ANG_XX__AUDIO_1060_ITH_DIS_XX_sadtalker,data\synthetic\track3_fakes\videos\FAKE_T3_1060_ITH_ANG_XX__AUDIO_1060_ITH_DIS_XX_sadtalker.mp4,1,done,sadtalker,1060,ITH,angry,disgust,yes
FAKE_T3_1060_ITH_FEA_XX__AUDIO_1060_ITH_HAP_XX_sadtalker,data\synthetic\track3_fakes\videos\FAKE_T3_1060_ITH_FEA_XX__AUDIO_1060_ITH_HAP_XX_sadtalker.mp4,1,done,sadtalker,1060,ITH,fear,happy,yes
FAKE_T3_1060_ITH_HAP_XX__AUDIO_1060_ITH_NEU_XX_sadtalker,data\synthetic\track3_fakes\videos\FAKE_T3_1060_ITH_HAP_XX__AUDIO_1060_ITH_NEU_XX_sadtalker.mp4,1,done,sadtalker,1060,ITH,happy,neutral,yes
FAKE_T3_1060_ITH_SAD_XX__AUDIO_1060_ITH_ANG_XX_sadtalker,data\synthetic\track3_fakes\videos\FAKE_T3_1060_ITH_SAD_XX__AUDIO_1060_ITH_ANG_XX_sadtalker.mp4,1,done,sadtalker,1060,ITH,sad,angry,yes
FAKE_T3_1060_ITS_DIS_XX__AUDIO_1060_ITS_FEA_XX_sadtalker,data\synthetic\track3_fakes\videos\FAKE_T3_1060_ITS_DIS_XX__AUDIO_1060_ITS_FEA_XX_sadtalker.mp4,1,done,sadtalker,1060,ITS,disgust,fear,yes
FAKE_T3_1060_ITS_HAP_XX__AUDIO_1060_ITS_NEU_XX_sadtalker,data\synthetic\track3_fakes\videos\FAKE_T3_1060_ITS_HAP_XX__AUDIO_1060_ITS_NEU_XX_sadtalker.mp4,1,done,sadtalker,1060,ITS,happy,neutral,yes
FAKE_T3_1060_IWL_FEA_XX__AUDIO_1060_IWL_HAP_XX_sadtalker,data\synthetic\track3_fakes\videos\FAKE_T3_1060_IWL_FEA_XX__AUDIO_1060_IWL_HAP_XX_sadtalker.mp4,1,done,sadtalker,1060,IWL,fear,happy,yes
FAKE_T3_1060_IWL_HAP_XX__AUDIO_1060_IWL_NEU_XX_sadtalker,data\synthetic\track3_fakes\videos\FAKE_T3_1060_IWL_HAP_XX__AUDIO_1060_IWL_NEU_XX_sadtalker.mp4,1,done,sadtalker,1060,IWL,happy,neutral,yes
FAKE_T3_1060_IWL_NEU_XX__AUDIO_1060_IWL_SAD_XX_sadtalker,data\synthetic\track3_fakes\videos\FAKE_T3_1060_IWL_NEU_XX__AUDIO_1060_IWL_SAD_XX_sadtalker.mp4,1,done,sadtalker,1060,IWL,neutral,sad,yes
FAKE_T3_1060_IWL_SAD_XX__AUDIO_1060_IWL_ANG_XX_sadtalker,data\synthetic\track3_fakes\videos\FAKE_T3_1060_IWL_SAD_XX__AUDIO_1060_IWL_ANG_XX_sadtalker.mp4,1,done,sadtalker,1060,IWL,sad,angry,yes
FAKE_T3_1060_IWW_DIS_XX__AUDIO_1060_IWW_FEA_XX_sadtalker,data\synthetic\track3_fakes\videos\FAKE_T3_1060_IWW_DIS_XX__AUDIO_1060_IWW_FEA_XX_sadtalker.mp4,1,done,sadtalker,1060,IWW,disgust,fear,yes
FAKE_T3_1060_IWW_FEA_XX__AUDIO_1060_IWW_HAP_XX_sadtalker,data\synthetic\track3_fakes\videos\FAKE_T3_1060_IWW_FEA_XX__AUDIO_1060_IWW_HAP_XX_sadtalker.mp4,1,done,sadtalker,1060,IWW,fear,happy,yes
FAKE_T3_1060_IWW_NEU_XX__AUDIO_1060_IWW_SAD_XX_sadtalker,data\synthetic\track3_fakes\videos\FAKE_T3_1060_IWW_NEU_XX__AUDIO_1060_IWW_SAD_XX_sadtalker.mp4,1,done,sadtalker,1060,IWW,neutral,sad,yes
FAKE_T3_1060_MTI_ANG_XX__AUDIO_1060_MTI_DIS_XX_sadtalker,data\synthetic\track3_fakes\videos\FAKE_T3_1060_MTI_ANG_XX__AUDIO_1060_MTI_DIS_XX_sadtalker.mp4,1,done,sadtalker,1060,MTI,angry,disgust,yes
FAKE_T3_1060_MTI_DIS_XX__AUDIO_1060_MTI_FEA_XX_sadtalker,data\synthetic\track3_fakes\videos\FAKE_T3_1060_MTI_DIS_XX__AUDIO_1060_MTI_FEA_XX_sadtalker.mp4,1,done,sadtalker,1060,MTI,disgust,fear,yes
FAKE_T3_1060_MTI_FEA_XX__AUDIO_1060_MTI_HAP_XX_sadtalker,data\synthetic\track3_fakes\videos\FAKE_T3_1060_MTI_FEA_XX__AUDIO_1060_MTI_HAP_XX_sadtalker.mp4,1,done,sadtalker,1060,MTI,fear,happy,yes
FAKE_T3_1060_MTI_HAP_XX__AUDIO_1060_MTI_NEU_XX_sadtalker,data\synthetic\track3_fakes\videos\FAKE_T3_1060_MTI_HAP_XX__AUDIO_1060_MTI_NEU_XX_sadtalker.mp4,1,done,sadtalker,1060,MTI,happy,neutral,yes
FAKE_T3_1060_TAI_DIS_XX__AUDIO_1060_TAI_FEA_XX_sadtalker,data\synthetic\track3_fakes\videos\FAKE_T3_1060_TAI_DIS_XX__AUDIO_1060_TAI_FEA_XX_sadtalker.mp4,1,done,sadtalker,1060,TAI,disgust,fear,yes
FAKE_T3_1060_TAI_SAD_XX__AUDIO_1060_TAI_ANG_XX_sadtalker,data\synthetic\track3_fakes\videos\FAKE_T3_1060_TAI_SAD_XX__AUDIO_1060_TAI_ANG_XX_sadtalker.mp4,1,done,sadtalker,1060,TAI,sad,angry,yes
FAKE_T3_1060_TIE_ANG_XX__AUDIO_1060_TIE_DIS_XX_sadtalker,data\synthetic\track3_fakes\videos\FAKE_T3_1060_TIE_ANG_XX__AUDIO_1060_TIE_DIS_XX_sadtalker.mp4,1,done,sadtalker,1060,TIE,angry,disgust,yes
FAKE_T3_1060_TIE_DIS_XX__AUDIO_1060_TIE_FEA_XX_sadtalker,data\synthetic\track3_fakes\videos\FAKE_T3_1060_TIE_DIS_XX__AUDIO_1060_TIE_FEA_XX_sadtalker.mp4,1,done,sadtalker,1060,TIE,disgust,fear,yes
FAKE_T3_1060_TIE_HAP_XX__AUDIO_1060_TIE_NEU_XX_sadtalker,data\synthetic\track3_fakes\videos\FAKE_T3_1060_TIE_HAP_XX__AUDIO_1060_TIE_NEU_XX_sadtalker.mp4,1,done,sadtalker,1060,TIE,happy,neutral,yes
FAKE_T3_1060_TIE_SAD_XX__AUDIO_1060_TIE_ANG_XX_sadtalker,data\synthetic\track3_fakes\videos\FAKE_T3_1060_TIE_SAD_XX__AUDIO_1060_TIE_ANG_XX_sadtalker.mp4,1,done,sadtalker,1060,TIE,sad,angry,yes
FAKE_T3_1060_TSI_DIS_XX__AUDIO_1060_TSI_FEA_XX_sadtalker,data\synthetic\track3_fakes\videos\FAKE_T3_1060_TSI_DIS_XX__AUDIO_1060_TSI_FEA_XX_sadtalker.mp4,1,done,sadtalker,1060,TSI,disgust,fear,yes
FAKE_T3_1060_TSI_HAP_XX__AUDIO_1060_TSI_NEU_XX_sadtalker,data\synthetic\track3_fakes\videos\FAKE_T3_1060_TSI_HAP_XX__AUDIO_1060_TSI_NEU_XX_sadtalker.mp4,1,done,sadtalker,1060,TSI,happy,neutral,yes
FAKE_T3_1060_TSI_NEU_XX__AUDIO_1060_TSI_SAD_XX_sadtalker,data\synthetic\track3_fakes\videos\FAKE_T3_1060_TSI_NEU_XX__AUDIO_1060_TSI_SAD_XX_sadtalker.mp4,1,done,sadtalker,1060,TSI,neutral,sad,yes
FAKE_T3_1060_WSI_ANG_XX__AUDIO_1060_WSI_DIS_XX_sadtalker,data\synthetic\track3_fakes\videos\FAKE_T3_1060_WSI_ANG_XX__AUDIO_1060_WSI_DIS_XX_sadtalker.mp4,1,done,sadtalker,1060,WSI,angry,disgust,yes
FAKE_T3_1060_WSI_SAD_XX__AUDIO_1060_WSI_ANG_XX_sadtalker,data\synthetic\track3_fakes\videos\FAKE_T3_1060_WSI_SAD_XX__AUDIO_1060_WSI_ANG_XX_sadtalker.mp4,1,done,sadtalker,1060,WSI,sad,angry,yes
FAKE_T3_1061_DFA_ANG_XX__AUDIO_1061_DFA_DIS_XX_sadtalker,data\synthetic\track3_fakes\videos\FAKE_T3_1061_DFA_ANG_XX__AUDIO_1061_DFA_DIS_XX_sadtalker.mp4,1,done,sadtalker,1061,DFA,angry,disgust,yes
FAKE_T3_1061_DFA_HAP_XX__AUDIO_1061_DFA_NEU_XX_sadtalker,data\synthetic\track3_fakes\videos\FAKE_T3_1061_DFA_HAP_XX__AUDIO_1061_DFA_NEU_XX_sadtalker.mp4,1,done,sadtalker,1061,DFA,happy,neutral,yes
FAKE_T3_1061_DFA_SAD_XX__AUDIO_1061_DFA_ANG_XX_sadtalker,data\synthetic\track3_fakes\videos\FAKE_T3_1061_DFA_SAD_XX__AUDIO_1061_DFA_ANG_XX_sadtalker.mp4,1,done,sadtalker,1061,DFA,sad,angry,yes
FAKE_T3_1061_IEO_ANG_HI__AUDIO_1061_IEO_DIS_HI_sadtalker,data\synthetic\track3_fakes\videos\FAKE_T3_1061_IEO_ANG_HI__AUDIO_1061_IEO_DIS_HI_sadtalker.mp4,1,done,sadtalker,1061,IEO,angry,disgust,yes
FAKE_T3_1061_IEO_ANG_LO__AUDIO_1061_IEO_DIS_LO_sadtalker,data\synthetic\track3_fakes\videos\FAKE_T3_1061_IEO_ANG_LO__AUDIO_1061_IEO_DIS_LO_sadtalker.mp4,1,done,sadtalker,1061,IEO,angry,disgust,yes
FAKE_T3_1061_IEO_DIS_HI__AUDIO_1061_IEO_FEA_HI_sadtalker,data\synthetic\track3_fakes\videos\FAKE_T3_1061_IEO_DIS_HI__AUDIO_1061_IEO_FEA_HI_sadtalker.mp4,1,done,sadtalker,1061,IEO,disgust,fear,yes
FAKE_T3_1061_IEO_FEA_LO__AUDIO_1061_IEO_HAP_LO_sadtalker,data\synthetic\track3_fakes\videos\FAKE_T3_1061_IEO_FEA_LO__AUDIO_1061_IEO_HAP_LO_sadtalker.mp4,1,done,sadtalker,1061,IEO,fear,happy,yes
FAKE_T3_1061_IEO_HAP_HI__AUDIO_1061_IEO_NEU_XX_sadtalker,data\synthetic\track3_fakes\videos\FAKE_T3_1061_IEO_HAP_HI__AUDIO_1061_IEO_NEU_XX_sadtalker.mp4,1,done,sadtalker,1061,IEO,happy,neutral,yes
FAKE_T3_1061_IEO_HAP_LO__AUDIO_1061_IEO_NEU_XX_sadtalker,data\synthetic\track3_fakes\videos\FAKE_T3_1061_IEO_HAP_LO__AUDIO_1061_IEO_NEU_XX_sadtalker.mp4,1,done,sadtalker,1061,IEO,happy,neutral,yes
FAKE_T3_1061_IEO_HAP_MD__AUDIO_1061_IEO_NEU_XX_sadtalker,data\synthetic\track3_fakes\videos\FAKE_T3_1061_IEO_HAP_MD__AUDIO_1061_IEO_NEU_XX_sadtalker.mp4,1,done,sadtalker,1061,IEO,happy,neutral,yes
FAKE_T3_1061_IEO_NEU_XX__AUDIO_1061_IEO_SAD_HI_sadtalker,data\synthetic\track3_fakes\videos\FAKE_T3_1061_IEO_NEU_XX__AUDIO_1061_IEO_SAD_HI_sadtalker.mp4,1,done,sadtalker,1061,IEO,neutral,sad,yes
FAKE_T3_1061_IEO_SAD_HI__AUDIO_1061_IEO_ANG_HI_sadtalker,data\synthetic\track3_fakes\videos\FAKE_T3_1061_IEO_SAD_HI__AUDIO_1061_IEO_ANG_HI_sadtalker.mp4,1,done,sadtalker,1061,IEO,sad,angry,yes
FAKE_T3_1061_IOM_DIS_XX__AUDIO_1061_IOM_FEA_XX_sadtalker,data\synthetic\track3_fakes\videos\FAKE_T3_1061_IOM_DIS_XX__AUDIO_1061_IOM_FEA_XX_sadtalker.mp4,1,done,sadtalker,1061,IOM,disgust,fear,yes
FAKE_T3_1061_IOM_FEA_XX__AUDIO_1061_IOM_HAP_XX_sadtalker,data\synthetic\track3_fakes\videos\FAKE_T3_1061_IOM_FEA_XX__AUDIO_1061_IOM_HAP_XX_sadtalker.mp4,1,done,sadtalker,1061,IOM,fear,happy,yes
FAKE_T3_1061_IOM_SAD_XX__AUDIO_1061_IOM_ANG_XX_sadtalker,data\synthetic\track3_fakes\videos\FAKE_T3_1061_IOM_SAD_XX__AUDIO_1061_IOM_ANG_XX_sadtalker.mp4,1,done,sadtalker,1061,IOM,sad,angry,yes
FAKE_T3_1061_ITH_ANG_XX__AUDIO_1061_ITH_DIS_XX_sadtalker,data\synthetic\track3_fakes\videos\FAKE_T3_1061_ITH_ANG_XX__AUDIO_1061_ITH_DIS_XX_sadtalker.mp4,1,done,sadtalker,1061,ITH,angry,disgust,yes
FAKE_T3_1061_ITH_SAD_XX__AUDIO_1061_ITH_ANG_XX_sadtalker,data\synthetic\track3_fakes\videos\FAKE_T3_1061_ITH_SAD_XX__AUDIO_1061_ITH_ANG_XX_sadtalker.mp4,1,done,sadtalker,1061,ITH,sad,angry,yes
FAKE_T3_1061_ITS_ANG_XX__AUDIO_1061_ITS_DIS_XX_sadtalker,data\synthetic\track3_fakes\videos\FAKE_T3_1061_ITS_ANG_XX__AUDIO_1061_ITS_DIS_XX_sadtalker.mp4,1,done,sadtalker,1061,ITS,angry,disgust,yes
FAKE_T3_1061_ITS_DIS_XX__AUDIO_1061_ITS_FEA_XX_sadtalker,data\synthetic\track3_fakes\videos\FAKE_T3_1061_ITS_DIS_XX__AUDIO_1061_ITS_FEA_XX_sadtalker.mp4,1,done,sadtalker,1061,ITS,disgust,fear,yes
FAKE_T3_1061_ITS_SAD_XX__AUDIO_1061_ITS_ANG_XX_sadtalker,data\synthetic\track3_fakes\videos\FAKE_T3_1061_ITS_SAD_XX__AUDIO_1061_ITS_ANG_XX_sadtalker.mp4,1,done,sadtalker,1061,ITS,sad,angry,yes
FAKE_T3_1061_IWL_ANG_XX__AUDIO_1061_IWL_DIS_XX_sadtalker,data\synthetic\track3_fakes\videos\FAKE_T3_1061_IWL_ANG_XX__AUDIO_1061_IWL_DIS_XX_sadtalker.mp4,1,done,sadtalker,1061,IWL,angry,disgust,yes
FAKE_T3_1061_IWL_FEA_XX__AUDIO_1061_IWL_HAP_XX_sadtalker,data\synthetic\track3_fakes\videos\FAKE_T3_1061_IWL_FEA_XX__AUDIO_1061_IWL_HAP_XX_sadtalker.mp4,1,done,sadtalker,1061,IWL,fear,happy,yes
FAKE_T3_1061_IWL_NEU_XX__AUDIO_1061_IWL_SAD_XX_sadtalker,data\synthetic\track3_fakes\videos\FAKE_T3_1061_IWL_NEU_XX__AUDIO_1061_IWL_SAD_XX_sadtalker.mp4,1,done,sadtalker,1061,IWL,neutral,sad,yes
FAKE_T3_1061_IWL_SAD_XX__AUDIO_1061_IWL_ANG_XX_sadtalker,data\synthetic\track3_fakes\videos\FAKE_T3_1061_IWL_SAD_XX__AUDIO_1061_IWL_ANG_XX_sadtalker.mp4,1,done,sadtalker,1061,IWL,sad,angry,yes
FAKE_T3_1061_IWW_ANG_XX__AUDIO_1061_IWW_DIS_XX_sadtalker,data\synthetic\track3_fakes\videos\FAKE_T3_1061_IWW_ANG_XX__AUDIO_1061_IWW_DIS_XX_sadtalker.mp4,1,done,sadtalker,1061,IWW,angry,disgust,yes
FAKE_T3_1061_IWW_FEA_XX__AUDIO_1061_IWW_HAP_XX_sadtalker,data\synthetic\track3_fakes\videos\FAKE_T3_1061_IWW_FEA_XX__AUDIO_1061_IWW_HAP_XX_sadtalker.mp4,1,done,sadtalker,1061,IWW,fear,happy,yes
FAKE_T3_1061_IWW_NEU_XX__AUDIO_1061_IWW_SAD_XX_sadtalker,data\synthetic\track3_fakes\videos\FAKE_T3_1061_IWW_NEU_XX__AUDIO_1061_IWW_SAD_XX_sadtalker.mp4,1,done,sadtalker,1061,IWW,neutral,sad,yes
FAKE_T3_1061_MTI_FEA_XX__AUDIO_1061_MTI_HAP_XX_sadtalker,data\synthetic\track3_fakes\videos\FAKE_T3_1061_MTI_FEA_XX__AUDIO_1061_MTI_HAP_XX_sadtalker.mp4,1,done,sadtalker,1061,MTI,fear,happy,yes
FAKE_T3_1061_MTI_NEU_XX__AUDIO_1061_MTI_SAD_XX_sadtalker,data\synthetic\track3_fakes\videos\FAKE_T3_1061_MTI_NEU_XX__AUDIO_1061_MTI_SAD_XX_sadtalker.mp4,1,done,sadtalker,1061,MTI,neutral,sad,yes
FAKE_T3_1061_TAI_DIS_XX__AUDIO_1061_TAI_FEA_XX_sadtalker,data\synthetic\track3_fakes\videos\FAKE_T3_1061_TAI_DIS_XX__AUDIO_1061_TAI_FEA_XX_sadtalker.mp4,1,done,sadtalker,1061,TAI,disgust,fear,yes
FAKE_T3_1061_TAI_SAD_XX__AUDIO_1061_TAI_ANG_XX_sadtalker,data\synthetic\track3_fakes\videos\FAKE_T3_1061_TAI_SAD_XX__AUDIO_1061_TAI_ANG_XX_sadtalker.mp4,1,done,sadtalker,1061,TAI,sad,angry,yes
FAKE_T3_1061_TIE_DIS_XX__AUDIO_1061_TIE_FEA_XX_sadtalker,data\synthetic\track3_fakes\videos\FAKE_T3_1061_TIE_DIS_XX__AUDIO_1061_TIE_FEA_XX_sadtalker.mp4,1,done,sadtalker,1061,TIE,disgust,fear,yes
FAKE_T3_1061_TIE_FEA_XX__AUDIO_1061_TIE_HAP_XX_sadtalker,data\synthetic\track3_fakes\videos\FAKE_T3_1061_TIE_FEA_XX__AUDIO_1061_TIE_HAP_XX_sadtalker.mp4,1,done,sadtalker,1061,TIE,fear,happy,yes
FAKE_T3_1061_TIE_SAD_XX__AUDIO_1061_TIE_ANG_XX_sadtalker,data\synthetic\track3_fakes\videos\FAKE_T3_1061_TIE_SAD_XX__AUDIO_1061_TIE_ANG_XX_sadtalker.mp4,1,done,sadtalker,1061,TIE,sad,angry,yes
FAKE_T3_1061_TSI_HAP_XX__AUDIO_1061_TSI_NEU_XX_sadtalker,data\synthetic\track3_fakes\videos\FAKE_T3_1061_TSI_HAP_XX__AUDIO_1061_TSI_NEU_XX_sadtalker.mp4,1,done,sadtalker,1061,TSI,happy,neutral,yes
FAKE_T3_1061_TSI_SAD_XX__AUDIO_1061_TSI_ANG_XX_sadtalker,data\synthetic\track3_fakes\videos\FAKE_T3_1061_TSI_SAD_XX__AUDIO_1061_TSI_ANG_XX_sadtalker.mp4,1,done,sadtalker,1061,TSI,sad,angry,yes
FAKE_T3_1061_WSI_ANG_XX__AUDIO_1061_WSI_DIS_XX_sadtalker,data\synthetic\track3_fakes\videos\FAKE_T3_1061_WSI_ANG_XX__AUDIO_1061_WSI_DIS_XX_sadtalker.mp4,1,done,sadtalker,1061,WSI,angry,disgust,yes
FAKE_T3_1061_WSI_DIS_XX__AUDIO_1061_WSI_FEA_XX_sadtalker,data\synthetic\track3_fakes\videos\FAKE_T3_1061_WSI_DIS_XX__AUDIO_1061_WSI_FEA_XX_sadtalker.mp4,1,done,sadtalker,1061,WSI,disgust,fear,yes
FAKE_T3_1061_WSI_HAP_XX__AUDIO_1061_WSI_NEU_XX_sadtalker,data\synthetic\track3_fakes\videos\FAKE_T3_1061_WSI_HAP_XX__AUDIO_1061_WSI_NEU_XX_sadtalker.mp4,1,done,sadtalker,1061,WSI,happy,neutral,yes
FAKE_T3_1061_WSI_NEU_XX__AUDIO_1061_WSI_SAD_XX_sadtalker,data\synthetic\track3_fakes\videos\FAKE_T3_1061_WSI_NEU_XX__AUDIO_1061_WSI_SAD_XX_sadtalker.mp4,1,done,sadtalker,1061,WSI,neutral,sad,yes
FAKE_T3_1061_WSI_SAD_XX__AUDIO_1061_WSI_ANG_XX_sadtalker,data\synthetic\track3_fakes\videos\FAKE_T3_1061_WSI_SAD_XX__AUDIO_1061_WSI_ANG_XX_sadtalker.mp4,1,done,sadtalker,1061,WSI,sad,angry,yes
FAKE_T3_1062_DFA_DIS_XX__AUDIO_1062_DFA_FEA_XX_sadtalker,data\synthetic\track3_fakes\videos\FAKE_T3_1062_DFA_DIS_XX__AUDIO_1062_DFA_FEA_XX_sadtalker.mp4,1,done,sadtalker,1062,DFA,disgust,fear,yes
FAKE_T3_1062_DFA_HAP_XX__AUDIO_1062_DFA_NEU_XX_sadtalker,data\synthetic\track3_fakes\videos\FAKE_T3_1062_DFA_HAP_XX__AUDIO_1062_DFA_NEU_XX_sadtalker.mp4,1,done,sadtalker,1062,DFA,happy,neutral,yes
FAKE_T3_1062_DFA_NEU_XX__AUDIO_1062_DFA_SAD_XX_sadtalker,data\synthetic\track3_fakes\videos\FAKE_T3_1062_DFA_NEU_XX__AUDIO_1062_DFA_SAD_XX_sadtalker.mp4,1,done,sadtalker,1062,DFA,neutral,sad,yes
FAKE_T3_1062_IEO_ANG_LO__AUDIO_1062_IEO_DIS_LO_sadtalker,data\synthetic\track3_fakes\videos\FAKE_T3_1062_IEO_ANG_LO__AUDIO_1062_IEO_DIS_LO_sadtalker.mp4,1,done,sadtalker,1062,IEO,angry,disgust,yes
FAKE_T3_1062_IEO_DIS_HI__AUDIO_1062_IEO_FEA_HI_sadtalker,data\synthetic\track3_fakes\videos\FAKE_T3_1062_IEO_DIS_HI__AUDIO_1062_IEO_FEA_HI_sadtalker.mp4,1,done,sadtalker,1062,IEO,disgust,fear,yes
FAKE_T3_1062_IEO_DIS_MD__AUDIO_1062_IEO_FEA_MD_sadtalker,data\synthetic\track3_fakes\videos\FAKE_T3_1062_IEO_DIS_MD__AUDIO_1062_IEO_FEA_MD_sadtalker.mp4,1,done,sadtalker,1062,IEO,disgust,fear,yes
FAKE_T3_1062_IEO_FEA_LO__AUDIO_1062_IEO_HAP_LO_sadtalker,data\synthetic\track3_fakes\videos\FAKE_T3_1062_IEO_FEA_LO__AUDIO_1062_IEO_HAP_LO_sadtalker.mp4,1,done,sadtalker,1062,IEO,fear,happy,yes
FAKE_T3_1062_IEO_HAP_HI__AUDIO_1062_IEO_NEU_XX_sadtalker,data\synthetic\track3_fakes\videos\FAKE_T3_1062_IEO_HAP_HI__AUDIO_1062_IEO_NEU_XX_sadtalker.mp4,1,done,sadtalker,1062,IEO,happy,neutral,yes
FAKE_T3_1062_IEO_HAP_LO__AUDIO_1062_IEO_NEU_XX_sadtalker,data\synthetic\track3_fakes\videos\FAKE_T3_1062_IEO_HAP_LO__AUDIO_1062_IEO_NEU_XX_sadtalker.mp4,1,done,sadtalker,1062,IEO,happy,neutral,yes
FAKE_T3_1062_IEO_HAP_MD__AUDIO_1062_IEO_NEU_XX_sadtalker,data\synthetic\track3_fakes\videos\FAKE_T3_1062_IEO_HAP_MD__AUDIO_1062_IEO_NEU_XX_sadtalker.mp4,1,done,sadtalker,1062,IEO,happy,neutral,yes
FAKE_T3_1062_IEO_NEU_XX__AUDIO_1062_IEO_SAD_HI_sadtalker,data\synthetic\track3_fakes\videos\FAKE_T3_1062_IEO_NEU_XX__AUDIO_1062_IEO_SAD_HI_sadtalker.mp4,1,done,sadtalker,1062,IEO,neutral,sad,yes
FAKE_T3_1062_IEO_SAD_LO__AUDIO_1062_IEO_ANG_LO_sadtalker,data\synthetic\track3_fakes\videos\FAKE_T3_1062_IEO_SAD_LO__AUDIO_1062_IEO_ANG_LO_sadtalker.mp4,1,done,sadtalker,1062,IEO,sad,angry,yes
FAKE_T3_1062_IOM_ANG_XX__AUDIO_1062_IOM_DIS_XX_sadtalker,data\synthetic\track3_fakes\videos\FAKE_T3_1062_IOM_ANG_XX__AUDIO_1062_IOM_DIS_XX_sadtalker.mp4,1,done,sadtalker,1062,IOM,angry,disgust,yes
FAKE_T3_1062_ITH_ANG_XX__AUDIO_1062_ITH_DIS_XX_sadtalker,data\synthetic\track3_fakes\videos\FAKE_T3_1062_ITH_ANG_XX__AUDIO_1062_ITH_DIS_XX_sadtalker.mp4,1,done,sadtalker,1062,ITH,angry,disgust,yes
FAKE_T3_1062_ITH_FEA_XX__AUDIO_1062_ITH_HAP_XX_sadtalker,data\synthetic\track3_fakes\videos\FAKE_T3_1062_ITH_FEA_XX__AUDIO_1062_ITH_HAP_XX_sadtalker.mp4,1,done,sadtalker,1062,ITH,fear,happy,yes
FAKE_T3_1062_ITH_NEU_XX__AUDIO_1062_ITH_SAD_XX_sadtalker,data\synthetic\track3_fakes\videos\FAKE_T3_1062_ITH_NEU_XX__AUDIO_1062_ITH_SAD_XX_sadtalker.mp4,1,done,sadtalker,1062,ITH,neutral,sad,yes
FAKE_T3_1062_ITH_SAD_XX__AUDIO_1062_ITH_ANG_XX_sadtalker,data\synthetic\track3_fakes\videos\FAKE_T3_1062_ITH_SAD_XX__AUDIO_1062_ITH_ANG_XX_sadtalker.mp4,1,done,sadtalker,1062,ITH,sad,angry,yes
FAKE_T3_1062_ITS_FEA_XX__AUDIO_1062_ITS_HAP_XX_sadtalker,data\synthetic\track3_fakes\videos\FAKE_T3_1062_ITS_FEA_XX__AUDIO_1062_ITS_HAP_XX_sadtalker.mp4,1,done,sadtalker,1062,ITS,fear,happy,yes
FAKE_T3_1062_ITS_HAP_XX__AUDIO_1062_ITS_NEU_XX_sadtalker,data\synthetic\track3_fakes\videos\FAKE_T3_1062_ITS_HAP_XX__AUDIO_1062_ITS_NEU_XX_sadtalker.mp4,1,done,sadtalker,1062,ITS,happy,neutral,yes
FAKE_T3_1062_IWL_FEA_XX__AUDIO_1062_IWL_HAP_XX_sadtalker,data\synthetic\track3_fakes\videos\FAKE_T3_1062_IWL_FEA_XX__AUDIO_1062_IWL_HAP_XX_sadtalker.mp4,1,done,sadtalker,1062,IWL,fear,happy,yes
FAKE_T3_1062_IWL_SAD_XX__AUDIO_1062_IWL_ANG_XX_sadtalker,data\synthetic\track3_fakes\videos\FAKE_T3_1062_IWL_SAD_XX__AUDIO_1062_IWL_ANG_XX_sadtalker.mp4,1,done,sadtalker,1062,IWL,sad,angry,yes
FAKE_T3_1062_IWW_ANG_XX__AUDIO_1062_IWW_DIS_XX_sadtalker,data\synthetic\track3_fakes\videos\FAKE_T3_1062_IWW_ANG_XX__AUDIO_1062_IWW_DIS_XX_sadtalker.mp4,1,done,sadtalker,1062,IWW,angry,disgust,yes
FAKE_T3_1062_IWW_DIS_XX__AUDIO_1062_IWW_FEA_XX_sadtalker,data\synthetic\track3_fakes\videos\FAKE_T3_1062_IWW_DIS_XX__AUDIO_1062_IWW_FEA_XX_sadtalker.mp4,1,done,sadtalker,1062,IWW,disgust,fear,yes
FAKE_T3_1062_IWW_HAP_XX__AUDIO_1062_IWW_NEU_XX_sadtalker,data\synthetic\track3_fakes\videos\FAKE_T3_1062_IWW_HAP_XX__AUDIO_1062_IWW_NEU_XX_sadtalker.mp4,1,done,sadtalker,1062,IWW,happy,neutral,yes
FAKE_T3_1062_MTI_ANG_XX__AUDIO_1062_MTI_DIS_XX_sadtalker,data\synthetic\track3_fakes\videos\FAKE_T3_1062_MTI_ANG_XX__AUDIO_1062_MTI_DIS_XX_sadtalker.mp4,1,done,sadtalker,1062,MTI,angry,disgust,yes
FAKE_T3_1062_MTI_HAP_XX__AUDIO_1062_MTI_NEU_XX_sadtalker,data\synthetic\track3_fakes\videos\FAKE_T3_1062_MTI_HAP_XX__AUDIO_1062_MTI_NEU_XX_sadtalker.mp4,1,done,sadtalker,1062,MTI,happy,neutral,yes
FAKE_T3_1062_MTI_SAD_XX__AUDIO_1062_MTI_ANG_XX_sadtalker,data\synthetic\track3_fakes\videos\FAKE_T3_1062_MTI_SAD_XX__AUDIO_1062_MTI_ANG_XX_sadtalker.mp4,1,done,sadtalker,1062,MTI,sad,angry,yes
FAKE_T3_1062_TAI_ANG_XX__AUDIO_1062_TAI_DIS_XX_sadtalker,data\synthetic\track3_fakes\videos\FAKE_T3_1062_TAI_ANG_XX__AUDIO_1062_TAI_DIS_XX_sadtalker.mp4,1,done,sadtalker,1062,TAI,angry,disgust,yes
FAKE_T3_1062_TAI_DIS_XX__AUDIO_1062_TAI_FEA_XX_sadtalker,data\synthetic\track3_fakes\videos\FAKE_T3_1062_TAI_DIS_XX__AUDIO_1062_TAI_FEA_XX_sadtalker.mp4,1,done,sadtalker,1062,TAI,disgust,fear,yes
FAKE_T3_1062_TAI_NEU_XX__AUDIO_1062_TAI_SAD_XX_sadtalker,data\synthetic\track3_fakes\videos\FAKE_T3_1062_TAI_NEU_XX__AUDIO_1062_TAI_SAD_XX_sadtalker.mp4,1,done,sadtalker,1062,TAI,neutral,sad,yes
FAKE_T3_1062_TIE_ANG_XX__AUDIO_1062_TIE_DIS_XX_sadtalker,data\synthetic\track3_fakes\videos\FAKE_T3_1062_TIE_ANG_XX__AUDIO_1062_TIE_DIS_XX_sadtalker.mp4,1,done,sadtalker,1062,TIE,angry,disgust,yes
FAKE_T3_1062_TIE_DIS_XX__AUDIO_1062_TIE_FEA_XX_sadtalker,data\synthetic\track3_fakes\videos\FAKE_T3_1062_TIE_DIS_XX__AUDIO_1062_TIE_FEA_XX_sadtalker.mp4,1,done,sadtalker,1062,TIE,disgust,fear,yes
FAKE_T3_1062_TIE_HAP_XX__AUDIO_1062_TIE_NEU_XX_sadtalker,data\synthetic\track3_fakes\videos\FAKE_T3_1062_TIE_HAP_XX__AUDIO_1062_TIE_NEU_XX_sadtalker.mp4,1,done,sadtalker,1062,TIE,happy,neutral,yes
FAKE_T3_1062_TIE_NEU_XX__AUDIO_1062_TIE_SAD_XX_sadtalker,data\synthetic\track3_fakes\videos\FAKE_T3_1062_TIE_NEU_XX__AUDIO_1062_TIE_SAD_XX_sadtalker.mp4,1,done,sadtalker,1062,TIE,neutral,sad,yes
FAKE_T3_1062_TSI_FEA_XX__AUDIO_1062_TSI_HAP_XX_sadtalker,data\synthetic\track3_fakes\videos\FAKE_T3_1062_TSI_FEA_XX__AUDIO_1062_TSI_HAP_XX_sadtalker.mp4,1,done,sadtalker,1062,TSI,fear,happy,yes
FAKE_T3_1062_TSI_HAP_XX__AUDIO_1062_TSI_NEU_XX_sadtalker,data\synthetic\track3_fakes\videos\FAKE_T3_1062_TSI_HAP_XX__AUDIO_1062_TSI_NEU_XX_sadtalker.mp4,1,done,sadtalker,1062,TSI,happy,neutral,yes
FAKE_T3_1062_TSI_NEU_XX__AUDIO_1062_TSI_SAD_XX_sadtalker,data\synthetic\track3_fakes\videos\FAKE_T3_1062_TSI_NEU_XX__AUDIO_1062_TSI_SAD_XX_sadtalker.mp4,1,done,sadtalker,1062,TSI,neutral,sad,yes
FAKE_T3_1062_TSI_SAD_XX__AUDIO_1062_TSI_ANG_XX_sadtalker,data\synthetic\track3_fakes\videos\FAKE_T3_1062_TSI_SAD_XX__AUDIO_1062_TSI_ANG_XX_sadtalker.mp4,1,done,sadtalker,1062,TSI,sad,angry,yes
FAKE_T3_1062_WSI_ANG_XX__AUDIO_1062_WSI_DIS_XX_sadtalker,data\synthetic\track3_fakes\videos\FAKE_T3_1062_WSI_ANG_XX__AUDIO_1062_WSI_DIS_XX_sadtalker.mp4,1,done,sadtalker,1062,WSI,angry,disgust,yes
FAKE_T3_1062_WSI_DIS_XX__AUDIO_1062_WSI_FEA_XX_sadtalker,data\synthetic\track3_fakes\videos\FAKE_T3_1062_WSI_DIS_XX__AUDIO_1062_WSI_FEA_XX_sadtalker.mp4,1,done,sadtalker,1062,WSI,disgust,fear,yes
FAKE_T3_1062_WSI_NEU_XX__AUDIO_1062_WSI_SAD_XX_sadtalker,data\synthetic\track3_fakes\videos\FAKE_T3_1062_WSI_NEU_XX__AUDIO_1062_WSI_SAD_XX_sadtalker.mp4,1,done,sadtalker,1062,WSI,neutral,sad,yes
FAKE_T3_1063_DFA_DIS_XX__AUDIO_1063_DFA_FEA_XX_sadtalker,data\synthetic\track3_fakes\videos\FAKE_T3_1063_DFA_DIS_XX__AUDIO_1063_DFA_FEA_XX_sadtalker.mp4,1,done,sadtalker,1063,DFA,disgust,fear,yes
FAKE_T3_1063_DFA_FEA_XX__AUDIO_1063_DFA_HAP_XX_sadtalker,data\synthetic\track3_fakes\videos\FAKE_T3_1063_DFA_FEA_XX__AUDIO_1063_DFA_HAP_XX_sadtalker.mp4,1,done,sadtalker,1063,DFA,fear,happy,yes
FAKE_T3_1063_DFA_HAP_XX__AUDIO_1063_DFA_NEU_XX_sadtalker,data\synthetic\track3_fakes\videos\FAKE_T3_1063_DFA_HAP_XX__AUDIO_1063_DFA_NEU_XX_sadtalker.mp4,1,done,sadtalker,1063,DFA,happy,neutral,yes
FAKE_T3_1063_DFA_NEU_XX__AUDIO_1063_DFA_SAD_XX_sadtalker,data\synthetic\track3_fakes\videos\FAKE_T3_1063_DFA_NEU_XX__AUDIO_1063_DFA_SAD_XX_sadtalker.mp4,1,done,sadtalker,1063,DFA,neutral,sad,yes
FAKE_T3_1063_DFA_SAD_XX__AUDIO_1063_DFA_ANG_XX_sadtalker,data\synthetic\track3_fakes\videos\FAKE_T3_1063_DFA_SAD_XX__AUDIO_1063_DFA_ANG_XX_sadtalker.mp4,1,done,sadtalker,1063,DFA,sad,angry,yes
FAKE_T3_1063_IEO_ANG_HI__AUDIO_1063_IEO_DIS_HI_sadtalker,data\synthetic\track3_fakes\videos\FAKE_T3_1063_IEO_ANG_HI__AUDIO_1063_IEO_DIS_HI_sadtalker.mp4,1,done,sadtalker,1063,IEO,angry,disgust,yes
FAKE_T3_1063_IEO_ANG_LO__AUDIO_1063_IEO_DIS_LO_sadtalker,data\synthetic\track3_fakes\videos\FAKE_T3_1063_IEO_ANG_LO__AUDIO_1063_IEO_DIS_LO_sadtalker.mp4,1,done,sadtalker,1063,IEO,angry,disgust,yes
FAKE_T3_1063_IEO_DIS_HI__AUDIO_1063_IEO_FEA_HI_sadtalker,data\synthetic\track3_fakes\videos\FAKE_T3_1063_IEO_DIS_HI__AUDIO_1063_IEO_FEA_HI_sadtalker.mp4,1,done,sadtalker,1063,IEO,disgust,fear,yes
FAKE_T3_1063_IEO_DIS_LO__AUDIO_1063_IEO_FEA_LO_sadtalker,data\synthetic\track3_fakes\videos\FAKE_T3_1063_IEO_DIS_LO__AUDIO_1063_IEO_FEA_LO_sadtalker.mp4,1,done,sadtalker,1063,IEO,disgust,fear,yes
FAKE_T3_1063_IEO_FEA_LO__AUDIO_1063_IEO_HAP_LO_sadtalker,data\synthetic\track3_fakes\videos\FAKE_T3_1063_IEO_FEA_LO__AUDIO_1063_IEO_HAP_LO_sadtalker.mp4,1,done,sadtalker,1063,IEO,fear,happy,yes
FAKE_T3_1063_IEO_HAP_HI__AUDIO_1063_IEO_NEU_XX_sadtalker,data\synthetic\track3_fakes\videos\FAKE_T3_1063_IEO_HAP_HI__AUDIO_1063_IEO_NEU_XX_sadtalker.mp4,1,done,sadtalker,1063,IEO,happy,neutral,yes
FAKE_T3_1063_IEO_SAD_LO__AUDIO_1063_IEO_ANG_LO_sadtalker,data\synthetic\track3_fakes\videos\FAKE_T3_1063_IEO_SAD_LO__AUDIO_1063_IEO_ANG_LO_sadtalker.mp4,1,done,sadtalker,1063,IEO,sad,angry,yes
FAKE_T3_1063_IEO_SAD_MD__AUDIO_1063_IEO_ANG_MD_sadtalker,data\synthetic\track3_fakes\videos\FAKE_T3_1063_IEO_SAD_MD__AUDIO_1063_IEO_ANG_MD_sadtalker.mp4,1,done,sadtalker,1063,IEO,sad,angry,yes
FAKE_T3_1063_IOM_ANG_XX__AUDIO_1063_IOM_DIS_XX_sadtalker,data\synthetic\track3_fakes\videos\FAKE_T3_1063_IOM_ANG_XX__AUDIO_1063_IOM_DIS_XX_sadtalker.mp4,1,done,sadtalker,1063,IOM,angry,disgust,yes
FAKE_T3_1063_IOM_DIS_XX__AUDIO_1063_IOM_FEA_XX_sadtalker,data\synthetic\track3_fakes\videos\FAKE_T3_1063_IOM_DIS_XX__AUDIO_1063_IOM_FEA_XX_sadtalker.mp4,1,done,sadtalker,1063,IOM,disgust,fear,yes
FAKE_T3_1063_IOM_HAP_XX__AUDIO_1063_IOM_NEU_XX_sadtalker,data\synthetic\track3_fakes\videos\FAKE_T3_1063_IOM_HAP_XX__AUDIO_1063_IOM_NEU_XX_sadtalker.mp4,1,done,sadtalker,1063,IOM,happy,neutral,yes
FAKE_T3_1063_ITH_FEA_XX__AUDIO_1063_ITH_HAP_XX_sadtalker,data\synthetic\track3_fakes\videos\FAKE_T3_1063_ITH_FEA_XX__AUDIO_1063_ITH_HAP_XX_sadtalker.mp4,1,done,sadtalker,1063,ITH,fear,happy,yes
FAKE_T3_1063_ITH_NEU_XX__AUDIO_1063_ITH_SAD_XX_sadtalker,data\synthetic\track3_fakes\videos\FAKE_T3_1063_ITH_NEU_XX__AUDIO_1063_ITH_SAD_XX_sadtalker.mp4,1,done,sadtalker,1063,ITH,neutral,sad,yes
FAKE_T3_1063_ITH_SAD_XX__AUDIO_1063_ITH_ANG_XX_sadtalker,data\synthetic\track3_fakes\videos\FAKE_T3_1063_ITH_SAD_XX__AUDIO_1063_ITH_ANG_XX_sadtalker.mp4,1,done,sadtalker,1063,ITH,sad,angry,yes
FAKE_T3_1063_ITS_NEU_XX__AUDIO_1063_ITS_SAD_XX_sadtalker,data\synthetic\track3_fakes\videos\FAKE_T3_1063_ITS_NEU_XX__AUDIO_1063_ITS_SAD_XX_sadtalker.mp4,1,done,sadtalker,1063,ITS,neutral,sad,yes
FAKE_T3_1063_IWL_ANG_XX__AUDIO_1063_IWL_DIS_XX_sadtalker,data\synthetic\track3_fakes\videos\FAKE_T3_1063_IWL_ANG_XX__AUDIO_1063_IWL_DIS_XX_sadtalker.mp4,1,done,sadtalker,1063,IWL,angry,disgust,yes
FAKE_T3_1063_IWL_FEA_XX__AUDIO_1063_IWL_HAP_XX_sadtalker,data\synthetic\track3_fakes\videos\FAKE_T3_1063_IWL_FEA_XX__AUDIO_1063_IWL_HAP_XX_sadtalker.mp4,1,done,sadtalker,1063,IWL,fear,happy,yes
FAKE_T3_1063_IWL_HAP_XX__AUDIO_1063_IWL_NEU_XX_sadtalker,data\synthetic\track3_fakes\videos\FAKE_T3_1063_IWL_HAP_XX__AUDIO_1063_IWL_NEU_XX_sadtalker.mp4,1,done,sadtalker,1063,IWL,happy,neutral,yes
FAKE_T3_1063_IWW_ANG_XX__AUDIO_1063_IWW_DIS_XX_sadtalker,data\synthetic\track3_fakes\videos\FAKE_T3_1063_IWW_ANG_XX__AUDIO_1063_IWW_DIS_XX_sadtalker.mp4,1,done,sadtalker,1063,IWW,angry,disgust,yes
FAKE_T3_1063_IWW_DIS_XX__AUDIO_1063_IWW_FEA_XX_sadtalker,data\synthetic\track3_fakes\videos\FAKE_T3_1063_IWW_DIS_XX__AUDIO_1063_IWW_FEA_XX_sadtalker.mp4,1,done,sadtalker,1063,IWW,disgust,fear,yes
FAKE_T3_1063_IWW_HAP_XX__AUDIO_1063_IWW_NEU_XX_sadtalker,data\synthetic\track3_fakes\videos\FAKE_T3_1063_IWW_HAP_XX__AUDIO_1063_IWW_NEU_XX_sadtalker.mp4,1,done,sadtalker,1063,IWW,happy,neutral,yes
FAKE_T3_1063_IWW_NEU_XX__AUDIO_1063_IWW_SAD_XX_sadtalker,data\synthetic\track3_fakes\videos\FAKE_T3_1063_IWW_NEU_XX__AUDIO_1063_IWW_SAD_XX_sadtalker.mp4,1,done,sadtalker,1063,IWW,neutral,sad,yes
FAKE_T3_1063_IWW_SAD_XX__AUDIO_1063_IWW_ANG_XX_sadtalker,data\synthetic\track3_fakes\videos\FAKE_T3_1063_IWW_SAD_XX__AUDIO_1063_IWW_ANG_XX_sadtalker.mp4,1,done,sadtalker,1063,IWW,sad,angry,yes
FAKE_T3_1063_MTI_HAP_XX__AUDIO_1063_MTI_NEU_XX_sadtalker,data\synthetic\track3_fakes\videos\FAKE_T3_1063_MTI_HAP_XX__AUDIO_1063_MTI_NEU_XX_sadtalker.mp4,1,done,sadtalker,1063,MTI,happy,neutral,yes
FAKE_T3_1063_MTI_SAD_XX__AUDIO_1063_MTI_ANG_XX_sadtalker,data\synthetic\track3_fakes\videos\FAKE_T3_1063_MTI_SAD_XX__AUDIO_1063_MTI_ANG_XX_sadtalker.mp4,1,done,sadtalker,1063,MTI,sad,angry,yes
FAKE_T3_1063_TAI_ANG_XX__AUDIO_1063_TAI_DIS_XX_sadtalker,data\synthetic\track3_fakes\videos\FAKE_T3_1063_TAI_ANG_XX__AUDIO_1063_TAI_DIS_XX_sadtalker.mp4,1,done,sadtalker,1063,TAI,angry,disgust,yes
FAKE_T3_1063_TAI_HAP_XX__AUDIO_1063_TAI_NEU_XX_sadtalker,data\synthetic\track3_fakes\videos\FAKE_T3_1063_TAI_HAP_XX__AUDIO_1063_TAI_NEU_XX_sadtalker.mp4,1,done,sadtalker,1063,TAI,happy,neutral,yes
FAKE_T3_1063_TAI_NEU_XX__AUDIO_1063_TAI_SAD_XX_sadtalker,data\synthetic\track3_fakes\videos\FAKE_T3_1063_TAI_NEU_XX__AUDIO_1063_TAI_SAD_XX_sadtalker.mp4,1,done,sadtalker,1063,TAI,neutral,sad,yes
FAKE_T3_1063_TIE_ANG_XX__AUDIO_1063_TIE_DIS_XX_sadtalker,data\synthetic\track3_fakes\videos\FAKE_T3_1063_TIE_ANG_XX__AUDIO_1063_TIE_DIS_XX_sadtalker.mp4,1,done,sadtalker,1063,TIE,angry,disgust,yes
FAKE_T3_1063_TIE_FEA_XX__AUDIO_1063_TIE_HAP_XX_sadtalker,data\synthetic\track3_fakes\videos\FAKE_T3_1063_TIE_FEA_XX__AUDIO_1063_TIE_HAP_XX_sadtalker.mp4,1,done,sadtalker,1063,TIE,fear,happy,yes
FAKE_T3_1063_TIE_NEU_XX__AUDIO_1063_TIE_SAD_XX_sadtalker,data\synthetic\track3_fakes\videos\FAKE_T3_1063_TIE_NEU_XX__AUDIO_1063_TIE_SAD_XX_sadtalker.mp4,1,done,sadtalker,1063,TIE,neutral,sad,yes
FAKE_T3_1063_TSI_HAP_XX__AUDIO_1063_TSI_NEU_XX_sadtalker,data\synthetic\track3_fakes\videos\FAKE_T3_1063_TSI_HAP_XX__AUDIO_1063_TSI_NEU_XX_sadtalker.mp4,1,done,sadtalker,1063,TSI,happy,neutral,yes
FAKE_T3_1063_TSI_SAD_XX__AUDIO_1063_TSI_ANG_XX_sadtalker,data\synthetic\track3_fakes\videos\FAKE_T3_1063_TSI_SAD_XX__AUDIO_1063_TSI_ANG_XX_sadtalker.mp4,1,done,sadtalker,1063,TSI,sad,angry,yes
FAKE_T3_1063_WSI_FEA_XX__AUDIO_1063_WSI_HAP_XX_sadtalker,data\synthetic\track3_fakes\videos\FAKE_T3_1063_WSI_FEA_XX__AUDIO_1063_WSI_HAP_XX_sadtalker.mp4,1,done,sadtalker,1063,WSI,fear,happy,yes
FAKE_T3_1063_WSI_NEU_XX__AUDIO_1063_WSI_SAD_XX_sadtalker,data\synthetic\track3_fakes\videos\FAKE_T3_1063_WSI_NEU_XX__AUDIO_1063_WSI_SAD_XX_sadtalker.mp4,1,done,sadtalker,1063,WSI,neutral,sad,yes
FAKE_T3_1063_WSI_SAD_XX__AUDIO_1063_WSI_ANG_XX_sadtalker,data\synthetic\track3_fakes\videos\FAKE_T3_1063_WSI_SAD_XX__AUDIO_1063_WSI_ANG_XX_sadtalker.mp4,1,done,sadtalker,1063,WSI,sad,angry,yes
FAKE_T3_1064_DFA_ANG_XX__AUDIO_1064_DFA_DIS_XX_sadtalker,data\synthetic\track3_fakes\videos\FAKE_T3_1064_DFA_ANG_XX__AUDIO_1064_DFA_DIS_XX_sadtalker.mp4,1,done,sadtalker,1064,DFA,angry,disgust,yes
FAKE_T3_1064_DFA_DIS_XX__AUDIO_1064_DFA_FEA_XX_sadtalker,data\synthetic\track3_fakes\videos\FAKE_T3_1064_DFA_DIS_XX__AUDIO_1064_DFA_FEA_XX_sadtalker.mp4,1,done,sadtalker,1064,DFA,disgust,fear,yes
FAKE_T3_1064_DFA_FEA_XX__AUDIO_1064_DFA_HAP_XX_sadtalker,data\synthetic\track3_fakes\videos\FAKE_T3_1064_DFA_FEA_XX__AUDIO_1064_DFA_HAP_XX_sadtalker.mp4,1,done,sadtalker,1064,DFA,fear,happy,yes
FAKE_T3_1064_DFA_HAP_XX__AUDIO_1064_DFA_NEU_XX_sadtalker,data\synthetic\track3_fakes\videos\FAKE_T3_1064_DFA_HAP_XX__AUDIO_1064_DFA_NEU_XX_sadtalker.mp4,1,done,sadtalker,1064,DFA,happy,neutral,yes
FAKE_T3_1064_DFA_NEU_XX__AUDIO_1064_DFA_SAD_XX_sadtalker,data\synthetic\track3_fakes\videos\FAKE_T3_1064_DFA_NEU_XX__AUDIO_1064_DFA_SAD_XX_sadtalker.mp4,1,done,sadtalker,1064,DFA,neutral,sad,yes
FAKE_T3_1064_IEO_ANG_LO__AUDIO_1064_IEO_DIS_LO_sadtalker,data\synthetic\track3_fakes\videos\FAKE_T3_1064_IEO_ANG_LO__AUDIO_1064_IEO_DIS_LO_sadtalker.mp4,1,done,sadtalker,1064,IEO,angry,disgust,yes
FAKE_T3_1064_IEO_DIS_HI__AUDIO_1064_IEO_FEA_HI_sadtalker,data\synthetic\track3_fakes\videos\FAKE_T3_1064_IEO_DIS_HI__AUDIO_1064_IEO_FEA_HI_sadtalker.mp4,1,done,sadtalker,1064,IEO,disgust,fear,yes
FAKE_T3_1064_IEO_DIS_LO__AUDIO_1064_IEO_FEA_LO_sadtalker,data\synthetic\track3_fakes\videos\FAKE_T3_1064_IEO_DIS_LO__AUDIO_1064_IEO_FEA_LO_sadtalker.mp4,1,done,sadtalker,1064,IEO,disgust,fear,yes
FAKE_T3_1064_IEO_DIS_MD__AUDIO_1064_IEO_FEA_MD_sadtalker,data\synthetic\track3_fakes\videos\FAKE_T3_1064_IEO_DIS_MD__AUDIO_1064_IEO_FEA_MD_sadtalker.mp4,1,done,sadtalker,1064,IEO,disgust,fear,yes
FAKE_T3_1064_IEO_FEA_LO__AUDIO_1064_IEO_HAP_LO_sadtalker,data\synthetic\track3_fakes\videos\FAKE_T3_1064_IEO_FEA_LO__AUDIO_1064_IEO_HAP_LO_sadtalker.mp4,1,done,sadtalker,1064,IEO,fear,happy,yes
FAKE_T3_1064_IEO_HAP_HI__AUDIO_1064_IEO_NEU_XX_sadtalker,data\synthetic\track3_fakes\videos\FAKE_T3_1064_IEO_HAP_HI__AUDIO_1064_IEO_NEU_XX_sadtalker.mp4,1,done,sadtalker,1064,IEO,happy,neutral,yes
FAKE_T3_1064_IEO_SAD_MD__AUDIO_1064_IEO_ANG_MD_sadtalker,data\synthetic\track3_fakes\videos\FAKE_T3_1064_IEO_SAD_MD__AUDIO_1064_IEO_ANG_MD_sadtalker.mp4,1,done,sadtalker,1064,IEO,sad,angry,yes
FAKE_T3_1064_IOM_NEU_XX__AUDIO_1064_IOM_SAD_XX_sadtalker,data\synthetic\track3_fakes\videos\FAKE_T3_1064_IOM_NEU_XX__AUDIO_1064_IOM_SAD_XX_sadtalker.mp4,1,done,sadtalker,1064,IOM,neutral,sad,yes
FAKE_T3_1064_ITH_DIS_XX__AUDIO_1064_ITH_FEA_XX_sadtalker,data\synthetic\track3_fakes\videos\FAKE_T3_1064_ITH_DIS_XX__AUDIO_1064_ITH_FEA_XX_sadtalker.mp4,1,done,sadtalker,1064,ITH,disgust,fear,yes
FAKE_T3_1064_ITH_NEU_XX__AUDIO_1064_ITH_SAD_XX_sadtalker,data\synthetic\track3_fakes\videos\FAKE_T3_1064_ITH_NEU_XX__AUDIO_1064_ITH_SAD_XX_sadtalker.mp4,1,done,sadtalker,1064,ITH,neutral,sad,yes
FAKE_T3_1064_ITH_SAD_XX__AUDIO_1064_ITH_ANG_XX_sadtalker,data\synthetic\track3_fakes\videos\FAKE_T3_1064_ITH_SAD_XX__AUDIO_1064_ITH_ANG_XX_sadtalker.mp4,1,done,sadtalker,1064,ITH,sad,angry,yes
FAKE_T3_1064_ITS_FEA_XX__AUDIO_1064_ITS_HAP_XX_sadtalker,data\synthetic\track3_fakes\videos\FAKE_T3_1064_ITS_FEA_XX__AUDIO_1064_ITS_HAP_XX_sadtalker.mp4,1,done,sadtalker,1064,ITS,fear,happy,yes
FAKE_T3_1064_ITS_HAP_XX__AUDIO_1064_ITS_NEU_XX_sadtalker,data\synthetic\track3_fakes\videos\FAKE_T3_1064_ITS_HAP_XX__AUDIO_1064_ITS_NEU_XX_sadtalker.mp4,1,done,sadtalker,1064,ITS,happy,neutral,yes
FAKE_T3_1064_ITS_NEU_XX__AUDIO_1064_ITS_SAD_XX_sadtalker,data\synthetic\track3_fakes\videos\FAKE_T3_1064_ITS_NEU_XX__AUDIO_1064_ITS_SAD_XX_sadtalker.mp4,1,done,sadtalker,1064,ITS,neutral,sad,yes
FAKE_T3_1064_ITS_SAD_XX__AUDIO_1064_ITS_ANG_XX_sadtalker,data\synthetic\track3_fakes\videos\FAKE_T3_1064_ITS_SAD_XX__AUDIO_1064_ITS_ANG_XX_sadtalker.mp4,1,done,sadtalker,1064,ITS,sad,angry,yes
FAKE_T3_1064_IWL_DIS_XX__AUDIO_1064_IWL_FEA_XX_sadtalker,data\synthetic\track3_fakes\videos\FAKE_T3_1064_IWL_DIS_XX__AUDIO_1064_IWL_FEA_XX_sadtalker.mp4,1,done,sadtalker,1064,IWL,disgust,fear,yes
FAKE_T3_1064_IWL_SAD_XX__AUDIO_1064_IWL_ANG_XX_sadtalker,data\synthetic\track3_fakes\videos\FAKE_T3_1064_IWL_SAD_XX__AUDIO_1064_IWL_ANG_XX_sadtalker.mp4,1,done,sadtalker,1064,IWL,sad,angry,yes
FAKE_T3_1064_IWW_ANG_XX__AUDIO_1064_IWW_DIS_XX_sadtalker,data\synthetic\track3_fakes\videos\FAKE_T3_1064_IWW_ANG_XX__AUDIO_1064_IWW_DIS_XX_sadtalker.mp4,1,done,sadtalker,1064,IWW,angry,disgust,yes
FAKE_T3_1064_IWW_DIS_XX__AUDIO_1064_IWW_FEA_XX_sadtalker,data\synthetic\track3_fakes\videos\FAKE_T3_1064_IWW_DIS_XX__AUDIO_1064_IWW_FEA_XX_sadtalker.mp4,1,done,sadtalker,1064,IWW,disgust,fear,yes
FAKE_T3_1064_IWW_HAP_XX__AUDIO_1064_IWW_NEU_XX_sadtalker,data\synthetic\track3_fakes\videos\FAKE_T3_1064_IWW_HAP_XX__AUDIO_1064_IWW_NEU_XX_sadtalker.mp4,1,done,sadtalker,1064,IWW,happy,neutral,yes
FAKE_T3_1064_IWW_NEU_XX__AUDIO_1064_IWW_SAD_XX_sadtalker,data\synthetic\track3_fakes\videos\FAKE_T3_1064_IWW_NEU_XX__AUDIO_1064_IWW_SAD_XX_sadtalker.mp4,1,done,sadtalker,1064,IWW,neutral,sad,yes
FAKE_T3_1064_MTI_ANG_XX__AUDIO_1064_MTI_DIS_XX_sadtalker,data\synthetic\track3_fakes\videos\FAKE_T3_1064_MTI_ANG_XX__AUDIO_1064_MTI_DIS_XX_sadtalker.mp4,1,done,sadtalker,1064,MTI,angry,disgust,yes
FAKE_T3_1064_MTI_FEA_XX__AUDIO_1064_MTI_HAP_XX_sadtalker,data\synthetic\track3_fakes\videos\FAKE_T3_1064_MTI_FEA_XX__AUDIO_1064_MTI_HAP_XX_sadtalker.mp4,1,done,sadtalker,1064,MTI,fear,happy,yes
FAKE_T3_1064_MTI_NEU_XX__AUDIO_1064_MTI_SAD_XX_sadtalker,data\synthetic\track3_fakes\videos\FAKE_T3_1064_MTI_NEU_XX__AUDIO_1064_MTI_SAD_XX_sadtalker.mp4,1,done,sadtalker,1064,MTI,neutral,sad,yes
FAKE_T3_1064_MTI_SAD_XX__AUDIO_1064_MTI_ANG_XX_sadtalker,data\synthetic\track3_fakes\videos\FAKE_T3_1064_MTI_SAD_XX__AUDIO_1064_MTI_ANG_XX_sadtalker.mp4,1,done,sadtalker,1064,MTI,sad,angry,yes
FAKE_T3_1064_TAI_FEA_XX__AUDIO_1064_TAI_HAP_XX_sadtalker,data\synthetic\track3_fakes\videos\FAKE_T3_1064_TAI_FEA_XX__AUDIO_1064_TAI_HAP_XX_sadtalker.mp4,1,done,sadtalker,1064,TAI,fear,happy,yes
FAKE_T3_1064_TAI_HAP_XX__AUDIO_1064_TAI_NEU_XX_sadtalker,data\synthetic\track3_fakes\videos\FAKE_T3_1064_TAI_HAP_XX__AUDIO_1064_TAI_NEU_XX_sadtalker.mp4,1,done,sadtalker,1064,TAI,happy,neutral,yes
FAKE_T3_1064_TAI_SAD_XX__AUDIO_1064_TAI_ANG_XX_sadtalker,data\synthetic\track3_fakes\videos\FAKE_T3_1064_TAI_SAD_XX__AUDIO_1064_TAI_ANG_XX_sadtalker.mp4,1,done,sadtalker,1064,TAI,sad,angry,yes
FAKE_T3_1064_TIE_FEA_XX__AUDIO_1064_TIE_HAP_XX_sadtalker,data\synthetic\track3_fakes\videos\FAKE_T3_1064_TIE_FEA_XX__AUDIO_1064_TIE_HAP_XX_sadtalker.mp4,1,done,sadtalker,1064,TIE,fear,happy,yes
FAKE_T3_1064_TIE_HAP_XX__AUDIO_1064_TIE_NEU_XX_sadtalker,data\synthetic\track3_fakes\videos\FAKE_T3_1064_TIE_HAP_XX__AUDIO_1064_TIE_NEU_XX_sadtalker.mp4,1,done,sadtalker,1064,TIE,happy,neutral,yes
FAKE_T3_1064_TIE_SAD_XX__AUDIO_1064_TIE_ANG_XX_sadtalker,data\synthetic\track3_fakes\videos\FAKE_T3_1064_TIE_SAD_XX__AUDIO_1064_TIE_ANG_XX_sadtalker.mp4,1,done,sadtalker,1064,TIE,sad,angry,yes
FAKE_T3_1064_TSI_DIS_XX__AUDIO_1064_TSI_FEA_XX_sadtalker,data\synthetic\track3_fakes\videos\FAKE_T3_1064_TSI_DIS_XX__AUDIO_1064_TSI_FEA_XX_sadtalker.mp4,1,done,sadtalker,1064,TSI,disgust,fear,yes
FAKE_T3_1064_TSI_FEA_XX__AUDIO_1064_TSI_HAP_XX_sadtalker,data\synthetic\track3_fakes\videos\FAKE_T3_1064_TSI_FEA_XX__AUDIO_1064_TSI_HAP_XX_sadtalker.mp4,1,done,sadtalker,1064,TSI,fear,happy,yes
FAKE_T3_1064_TSI_NEU_XX__AUDIO_1064_TSI_SAD_XX_sadtalker,data\synthetic\track3_fakes\videos\FAKE_T3_1064_TSI_NEU_XX__AUDIO_1064_TSI_SAD_XX_sadtalker.mp4,1,done,sadtalker,1064,TSI,neutral,sad,yes
FAKE_T3_1064_WSI_DIS_XX__AUDIO_1064_WSI_FEA_XX_sadtalker,data\synthetic\track3_fakes\videos\FAKE_T3_1064_WSI_DIS_XX__AUDIO_1064_WSI_FEA_XX_sadtalker.mp4,1,done,sadtalker,1064,WSI,disgust,fear,yes
FAKE_T3_1064_WSI_SAD_XX__AUDIO_1064_WSI_ANG_XX_sadtalker,data\synthetic\track3_fakes\videos\FAKE_T3_1064_WSI_SAD_XX__AUDIO_1064_WSI_ANG_XX_sadtalker.mp4,1,done,sadtalker,1064,WSI,sad,angry,yes
FAKE_T3_1065_DFA_FEA_XX__AUDIO_1065_DFA_HAP_XX_sadtalker,data\synthetic\track3_fakes\videos\FAKE_T3_1065_DFA_FEA_XX__AUDIO_1065_DFA_HAP_XX_sadtalker.mp4,1,done,sadtalker,1065,DFA,fear,happy,yes
FAKE_T3_1065_DFA_SAD_XX__AUDIO_1065_DFA_ANG_XX_sadtalker,data\synthetic\track3_fakes\videos\FAKE_T3_1065_DFA_SAD_XX__AUDIO_1065_DFA_ANG_XX_sadtalker.mp4,1,done,sadtalker,1065,DFA,sad,angry,yes
FAKE_T3_1065_IEO_ANG_MD__AUDIO_1065_IEO_DIS_MD_sadtalker,data\synthetic\track3_fakes\videos\FAKE_T3_1065_IEO_ANG_MD__AUDIO_1065_IEO_DIS_MD_sadtalker.mp4,1,done,sadtalker,1065,IEO,angry,disgust,yes
FAKE_T3_1065_IEO_DIS_HI__AUDIO_1065_IEO_FEA_HI_sadtalker,data\synthetic\track3_fakes\videos\FAKE_T3_1065_IEO_DIS_HI__AUDIO_1065_IEO_FEA_HI_sadtalker.mp4,1,done,sadtalker,1065,IEO,disgust,fear,yes
FAKE_T3_1065_IEO_DIS_LO__AUDIO_1065_IEO_FEA_LO_sadtalker,data\synthetic\track3_fakes\videos\FAKE_T3_1065_IEO_DIS_LO__AUDIO_1065_IEO_FEA_LO_sadtalker.mp4,1,done,sadtalker,1065,IEO,disgust,fear,yes
FAKE_T3_1065_IEO_DIS_MD__AUDIO_1065_IEO_FEA_MD_sadtalker,data\synthetic\track3_fakes\videos\FAKE_T3_1065_IEO_DIS_MD__AUDIO_1065_IEO_FEA_MD_sadtalker.mp4,1,done,sadtalker,1065,IEO,disgust,fear,yes
FAKE_T3_1065_IEO_FEA_LO__AUDIO_1065_IEO_HAP_LO_sadtalker,data\synthetic\track3_fakes\videos\FAKE_T3_1065_IEO_FEA_LO__AUDIO_1065_IEO_HAP_LO_sadtalker.mp4,1,done,sadtalker,1065,IEO,fear,happy,yes
FAKE_T3_1065_IEO_FEA_MD__AUDIO_1065_IEO_HAP_MD_sadtalker,data\synthetic\track3_fakes\videos\FAKE_T3_1065_IEO_FEA_MD__AUDIO_1065_IEO_HAP_MD_sadtalker.mp4,1,done,sadtalker,1065,IEO,fear,happy,yes
FAKE_T3_1065_IEO_HAP_MD__AUDIO_1065_IEO_NEU_XX_sadtalker,data\synthetic\track3_fakes\videos\FAKE_T3_1065_IEO_HAP_MD__AUDIO_1065_IEO_NEU_XX_sadtalker.mp4,1,done,sadtalker,1065,IEO,happy,neutral,yes
FAKE_T3_1065_IEO_NEU_XX__AUDIO_1065_IEO_SAD_HI_sadtalker,data\synthetic\track3_fakes\videos\FAKE_T3_1065_IEO_NEU_XX__AUDIO_1065_IEO_SAD_HI_sadtalker.mp4,1,done,sadtalker,1065,IEO,neutral,sad,yes
FAKE_T3_1065_IEO_SAD_HI__AUDIO_1065_IEO_ANG_HI_sadtalker,data\synthetic\track3_fakes\videos\FAKE_T3_1065_IEO_SAD_HI__AUDIO_1065_IEO_ANG_HI_sadtalker.mp4,1,done,sadtalker,1065,IEO,sad,angry,yes
FAKE_T3_1065_IEO_SAD_LO__AUDIO_1065_IEO_ANG_LO_sadtalker,data\synthetic\track3_fakes\videos\FAKE_T3_1065_IEO_SAD_LO__AUDIO_1065_IEO_ANG_LO_sadtalker.mp4,1,done,sadtalker,1065,IEO,sad,angry,yes
FAKE_T3_1065_IEO_SAD_MD__AUDIO_1065_IEO_ANG_MD_sadtalker,data\synthetic\track3_fakes\videos\FAKE_T3_1065_IEO_SAD_MD__AUDIO_1065_IEO_ANG_MD_sadtalker.mp4,1,done,sadtalker,1065,IEO,sad,angry,yes
FAKE_T3_1065_IOM_FEA_XX__AUDIO_1065_IOM_HAP_XX_sadtalker,data\synthetic\track3_fakes\videos\FAKE_T3_1065_IOM_FEA_XX__AUDIO_1065_IOM_HAP_XX_sadtalker.mp4,1,done,sadtalker,1065,IOM,fear,happy,yes
FAKE_T3_1065_IOM_HAP_XX__AUDIO_1065_IOM_NEU_XX_sadtalker,data\synthetic\track3_fakes\videos\FAKE_T3_1065_IOM_HAP_XX__AUDIO_1065_IOM_NEU_XX_sadtalker.mp4,1,done,sadtalker,1065,IOM,happy,neutral,yes
FAKE_T3_1065_IOM_SAD_XX__AUDIO_1065_IOM_ANG_XX_sadtalker,data\synthetic\track3_fakes\videos\FAKE_T3_1065_IOM_SAD_XX__AUDIO_1065_IOM_ANG_XX_sadtalker.mp4,1,done,sadtalker,1065,IOM,sad,angry,yes
FAKE_T3_1065_ITH_FEA_XX__AUDIO_1065_ITH_HAP_XX_sadtalker,data\synthetic\track3_fakes\videos\FAKE_T3_1065_ITH_FEA_XX__AUDIO_1065_ITH_HAP_XX_sadtalker.mp4,1,done,sadtalker,1065,ITH,fear,happy,yes
FAKE_T3_1065_ITH_HAP_XX__AUDIO_1065_ITH_NEU_XX_sadtalker,data\synthetic\track3_fakes\videos\FAKE_T3_1065_ITH_HAP_XX__AUDIO_1065_ITH_NEU_XX_sadtalker.mp4,1,done,sadtalker,1065,ITH,happy,neutral,yes
FAKE_T3_1065_ITS_ANG_XX__AUDIO_1065_ITS_DIS_XX_sadtalker,data\synthetic\track3_fakes\videos\FAKE_T3_1065_ITS_ANG_XX__AUDIO_1065_ITS_DIS_XX_sadtalker.mp4,1,done,sadtalker,1065,ITS,angry,disgust,yes
FAKE_T3_1065_ITS_FEA_XX__AUDIO_1065_ITS_HAP_XX_sadtalker,data\synthetic\track3_fakes\videos\FAKE_T3_1065_ITS_FEA_XX__AUDIO_1065_ITS_HAP_XX_sadtalker.mp4,1,done,sadtalker,1065,ITS,fear,happy,yes
FAKE_T3_1065_ITS_NEU_XX__AUDIO_1065_ITS_SAD_XX_sadtalker,data\synthetic\track3_fakes\videos\FAKE_T3_1065_ITS_NEU_XX__AUDIO_1065_ITS_SAD_XX_sadtalker.mp4,1,done,sadtalker,1065,ITS,neutral,sad,yes
FAKE_T3_1065_IWL_ANG_XX__AUDIO_1065_IWL_DIS_XX_sadtalker,data\synthetic\track3_fakes\videos\FAKE_T3_1065_IWL_ANG_XX__AUDIO_1065_IWL_DIS_XX_sadtalker.mp4,1,done,sadtalker,1065,IWL,angry,disgust,yes
FAKE_T3_1065_IWL_DIS_XX__AUDIO_1065_IWL_FEA_XX_sadtalker,data\synthetic\track3_fakes\videos\FAKE_T3_1065_IWL_DIS_XX__AUDIO_1065_IWL_FEA_XX_sadtalker.mp4,1,done,sadtalker,1065,IWL,disgust,fear,yes
FAKE_T3_1065_IWW_ANG_XX__AUDIO_1065_IWW_DIS_XX_sadtalker,data\synthetic\track3_fakes\videos\FAKE_T3_1065_IWW_ANG_XX__AUDIO_1065_IWW_DIS_XX_sadtalker.mp4,1,done,sadtalker,1065,IWW,angry,disgust,yes
FAKE_T3_1065_IWW_DIS_XX__AUDIO_1065_IWW_FEA_XX_sadtalker,data\synthetic\track3_fakes\videos\FAKE_T3_1065_IWW_DIS_XX__AUDIO_1065_IWW_FEA_XX_sadtalker.mp4,1,done,sadtalker,1065,IWW,disgust,fear,yes
FAKE_T3_1065_IWW_FEA_XX__AUDIO_1065_IWW_HAP_XX_sadtalker,data\synthetic\track3_fakes\videos\FAKE_T3_1065_IWW_FEA_XX__AUDIO_1065_IWW_HAP_XX_sadtalker.mp4,1,done,sadtalker,1065,IWW,fear,happy,yes
FAKE_T3_1065_MTI_ANG_XX__AUDIO_1065_MTI_DIS_XX_sadtalker,data\synthetic\track3_fakes\videos\FAKE_T3_1065_MTI_ANG_XX__AUDIO_1065_MTI_DIS_XX_sadtalker.mp4,1,done,sadtalker,1065,MTI,angry,disgust,yes
FAKE_T3_1065_MTI_FEA_XX__AUDIO_1065_MTI_HAP_XX_sadtalker,data\synthetic\track3_fakes\videos\FAKE_T3_1065_MTI_FEA_XX__AUDIO_1065_MTI_HAP_XX_sadtalker.mp4,1,done,sadtalker,1065,MTI,fear,happy,yes
FAKE_T3_1065_MTI_HAP_XX__AUDIO_1065_MTI_NEU_XX_sadtalker,data\synthetic\track3_fakes\videos\FAKE_T3_1065_MTI_HAP_XX__AUDIO_1065_MTI_NEU_XX_sadtalker.mp4,1,done,sadtalker,1065,MTI,happy,neutral,yes
FAKE_T3_1065_TAI_DIS_XX__AUDIO_1065_TAI_FEA_XX_sadtalker,data\synthetic\track3_fakes\videos\FAKE_T3_1065_TAI_DIS_XX__AUDIO_1065_TAI_FEA_XX_sadtalker.mp4,1,done,sadtalker,1065,TAI,disgust,fear,yes
FAKE_T3_1065_TAI_HAP_XX__AUDIO_1065_TAI_NEU_XX_sadtalker,data\synthetic\track3_fakes\videos\FAKE_T3_1065_TAI_HAP_XX__AUDIO_1065_TAI_NEU_XX_sadtalker.mp4,1,done,sadtalker,1065,TAI,happy,neutral,yes
FAKE_T3_1065_TIE_ANG_XX__AUDIO_1065_TIE_DIS_XX_sadtalker,data\synthetic\track3_fakes\videos\FAKE_T3_1065_TIE_ANG_XX__AUDIO_1065_TIE_DIS_XX_sadtalker.mp4,1,done,sadtalker,1065,TIE,angry,disgust,yes
FAKE_T3_1065_TIE_DIS_XX__AUDIO_1065_TIE_FEA_XX_sadtalker,data\synthetic\track3_fakes\videos\FAKE_T3_1065_TIE_DIS_XX__AUDIO_1065_TIE_FEA_XX_sadtalker.mp4,1,done,sadtalker,1065,TIE,disgust,fear,yes
FAKE_T3_1065_TIE_FEA_XX__AUDIO_1065_TIE_HAP_XX_sadtalker,data\synthetic\track3_fakes\videos\FAKE_T3_1065_TIE_FEA_XX__AUDIO_1065_TIE_HAP_XX_sadtalker.mp4,1,done,sadtalker,1065,TIE,fear,happy,yes
FAKE_T3_1065_TIE_HAP_XX__AUDIO_1065_TIE_NEU_XX_sadtalker,data\synthetic\track3_fakes\videos\FAKE_T3_1065_TIE_HAP_XX__AUDIO_1065_TIE_NEU_XX_sadtalker.mp4,1,done,sadtalker,1065,TIE,happy,neutral,yes
FAKE_T3_1065_TIE_SAD_XX__AUDIO_1065_TIE_ANG_XX_sadtalker,data\synthetic\track3_fakes\videos\FAKE_T3_1065_TIE_SAD_XX__AUDIO_1065_TIE_ANG_XX_sadtalker.mp4,1,done,sadtalker,1065,TIE,sad,angry,yes
FAKE_T3_1065_TSI_DIS_XX__AUDIO_1065_TSI_FEA_XX_sadtalker,data\synthetic\track3_fakes\videos\FAKE_T3_1065_TSI_DIS_XX__AUDIO_1065_TSI_FEA_XX_sadtalker.mp4,1,done,sadtalker,1065,TSI,disgust,fear,yes
FAKE_T3_1065_TSI_FEA_XX__AUDIO_1065_TSI_HAP_XX_sadtalker,data\synthetic\track3_fakes\videos\FAKE_T3_1065_TSI_FEA_XX__AUDIO_1065_TSI_HAP_XX_sadtalker.mp4,1,done,sadtalker,1065,TSI,fear,happy,yes
FAKE_T3_1065_TSI_NEU_XX__AUDIO_1065_TSI_SAD_XX_sadtalker,data\synthetic\track3_fakes\videos\FAKE_T3_1065_TSI_NEU_XX__AUDIO_1065_TSI_SAD_XX_sadtalker.mp4,1,done,sadtalker,1065,TSI,neutral,sad,yes
FAKE_T3_1065_TSI_SAD_XX__AUDIO_1065_TSI_ANG_XX_sadtalker,data\synthetic\track3_fakes\videos\FAKE_T3_1065_TSI_SAD_XX__AUDIO_1065_TSI_ANG_XX_sadtalker.mp4,1,done,sadtalker,1065,TSI,sad,angry,yes
FAKE_T3_1065_WSI_FEA_XX__AUDIO_1065_WSI_HAP_XX_sadtalker,data\synthetic\track3_fakes\videos\FAKE_T3_1065_WSI_FEA_XX__AUDIO_1065_WSI_HAP_XX_sadtalker.mp4,1,done,sadtalker,1065,WSI,fear,happy,yes
FAKE_T3_1066_DFA_SAD_XX__AUDIO_1066_DFA_ANG_XX_sadtalker,data\synthetic\track3_fakes\videos\FAKE_T3_1066_DFA_SAD_XX__AUDIO_1066_DFA_ANG_XX_sadtalker.mp4,1,done,sadtalker,1066,DFA,sad,angry,yes
FAKE_T3_1066_IEO_ANG_HI__AUDIO_1066_IEO_DIS_HI_sadtalker,data\synthetic\track3_fakes\videos\FAKE_T3_1066_IEO_ANG_HI__AUDIO_1066_IEO_DIS_HI_sadtalker.mp4,1,done,sadtalker,1066,IEO,angry,disgust,yes
FAKE_T3_1066_IEO_DIS_LO__AUDIO_1066_IEO_FEA_LO_sadtalker,data\synthetic\track3_fakes\videos\FAKE_T3_1066_IEO_DIS_LO__AUDIO_1066_IEO_FEA_LO_sadtalker.mp4,1,done,sadtalker,1066,IEO,disgust,fear,yes
FAKE_T3_1066_IEO_FEA_LO__AUDIO_1066_IEO_HAP_LO_sadtalker,data\synthetic\track3_fakes\videos\FAKE_T3_1066_IEO_FEA_LO__AUDIO_1066_IEO_HAP_LO_sadtalker.mp4,1,done,sadtalker,1066,IEO,fear,happy,yes
FAKE_T3_1066_IEO_FEA_MD__AUDIO_1066_IEO_HAP_MD_sadtalker,data\synthetic\track3_fakes\videos\FAKE_T3_1066_IEO_FEA_MD__AUDIO_1066_IEO_HAP_MD_sadtalker.mp4,1,done,sadtalker,1066,IEO,fear,happy,yes
FAKE_T3_1066_IEO_HAP_LO__AUDIO_1066_IEO_NEU_XX_sadtalker,data\synthetic\track3_fakes\videos\FAKE_T3_1066_IEO_HAP_LO__AUDIO_1066_IEO_NEU_XX_sadtalker.mp4,1,done,sadtalker,1066,IEO,happy,neutral,yes
FAKE_T3_1066_IEO_HAP_MD__AUDIO_1066_IEO_NEU_XX_sadtalker,data\synthetic\track3_fakes\videos\FAKE_T3_1066_IEO_HAP_MD__AUDIO_1066_IEO_NEU_XX_sadtalker.mp4,1,done,sadtalker,1066,IEO,happy,neutral,yes
FAKE_T3_1066_IEO_NEU_XX__AUDIO_1066_IEO_SAD_HI_sadtalker,data\synthetic\track3_fakes\videos\FAKE_T3_1066_IEO_NEU_XX__AUDIO_1066_IEO_SAD_HI_sadtalker.mp4,1,done,sadtalker,1066,IEO,neutral,sad,yes
FAKE_T3_1066_IOM_ANG_XX__AUDIO_1066_IOM_DIS_XX_sadtalker,data\synthetic\track3_fakes\videos\FAKE_T3_1066_IOM_ANG_XX__AUDIO_1066_IOM_DIS_XX_sadtalker.mp4,1,done,sadtalker,1066,IOM,angry,disgust,yes
FAKE_T3_1066_IOM_DIS_XX__AUDIO_1066_IOM_FEA_XX_sadtalker,data\synthetic\track3_fakes\videos\FAKE_T3_1066_IOM_DIS_XX__AUDIO_1066_IOM_FEA_XX_sadtalker.mp4,1,done,sadtalker,1066,IOM,disgust,fear,yes
FAKE_T3_1066_IOM_FEA_XX__AUDIO_1066_IOM_HAP_XX_sadtalker,data\synthetic\track3_fakes\videos\FAKE_T3_1066_IOM_FEA_XX__AUDIO_1066_IOM_HAP_XX_sadtalker.mp4,1,done,sadtalker,1066,IOM,fear,happy,yes
FAKE_T3_1066_IOM_SAD_XX__AUDIO_1066_IOM_ANG_XX_sadtalker,data\synthetic\track3_fakes\videos\FAKE_T3_1066_IOM_SAD_XX__AUDIO_1066_IOM_ANG_XX_sadtalker.mp4,1,done,sadtalker,1066,IOM,sad,angry,yes
FAKE_T3_1066_ITH_ANG_XX__AUDIO_1066_ITH_DIS_XX_sadtalker,data\synthetic\track3_fakes\videos\FAKE_T3_1066_ITH_ANG_XX__AUDIO_1066_ITH_DIS_XX_sadtalker.mp4,1,done,sadtalker,1066,ITH,angry,disgust,yes
FAKE_T3_1066_ITH_FEA_XX__AUDIO_1066_ITH_HAP_XX_sadtalker,data\synthetic\track3_fakes\videos\FAKE_T3_1066_ITH_FEA_XX__AUDIO_1066_ITH_HAP_XX_sadtalker.mp4,1,done,sadtalker,1066,ITH,fear,happy,yes
FAKE_T3_1066_ITH_HAP_XX__AUDIO_1066_ITH_NEU_XX_sadtalker,data\synthetic\track3_fakes\videos\FAKE_T3_1066_ITH_HAP_XX__AUDIO_1066_ITH_NEU_XX_sadtalker.mp4,1,done,sadtalker,1066,ITH,happy,neutral,yes
FAKE_T3_1066_ITH_SAD_XX__AUDIO_1066_ITH_ANG_XX_sadtalker,data\synthetic\track3_fakes\videos\FAKE_T3_1066_ITH_SAD_XX__AUDIO_1066_ITH_ANG_XX_sadtalker.mp4,1,done,sadtalker,1066,ITH,sad,angry,yes
FAKE_T3_1066_ITS_ANG_XX__AUDIO_1066_ITS_DIS_XX_sadtalker,data\synthetic\track3_fakes\videos\FAKE_T3_1066_ITS_ANG_XX__AUDIO_1066_ITS_DIS_XX_sadtalker.mp4,1,done,sadtalker,1066,ITS,angry,disgust,yes
FAKE_T3_1066_ITS_DIS_XX__AUDIO_1066_ITS_FEA_XX_sadtalker,data\synthetic\track3_fakes\videos\FAKE_T3_1066_ITS_DIS_XX__AUDIO_1066_ITS_FEA_XX_sadtalker.mp4,1,done,sadtalker,1066,ITS,disgust,fear,yes
FAKE_T3_1066_ITS_FEA_XX__AUDIO_1066_ITS_HAP_XX_sadtalker,data\synthetic\track3_fakes\videos\FAKE_T3_1066_ITS_FEA_XX__AUDIO_1066_ITS_HAP_XX_sadtalker.mp4,1,done,sadtalker,1066,ITS,fear,happy,yes
FAKE_T3_1066_ITS_HAP_XX__AUDIO_1066_ITS_NEU_XX_sadtalker,data\synthetic\track3_fakes\videos\FAKE_T3_1066_ITS_HAP_XX__AUDIO_1066_ITS_NEU_XX_sadtalker.mp4,1,done,sadtalker,1066,ITS,happy,neutral,yes
FAKE_T3_1066_ITS_NEU_XX__AUDIO_1066_ITS_SAD_XX_sadtalker,data\synthetic\track3_fakes\videos\FAKE_T3_1066_ITS_NEU_XX__AUDIO_1066_ITS_SAD_XX_sadtalker.mp4,1,done,sadtalker,1066,ITS,neutral,sad,yes
FAKE_T3_1066_ITS_SAD_XX__AUDIO_1066_ITS_ANG_XX_sadtalker,data\synthetic\track3_fakes\videos\FAKE_T3_1066_ITS_SAD_XX__AUDIO_1066_ITS_ANG_XX_sadtalker.mp4,1,done,sadtalker,1066,ITS,sad,angry,yes
FAKE_T3_1066_IWL_NEU_XX__AUDIO_1066_IWL_SAD_XX_sadtalker,data\synthetic\track3_fakes\videos\FAKE_T3_1066_IWL_NEU_XX__AUDIO_1066_IWL_SAD_XX_sadtalker.mp4,1,done,sadtalker,1066,IWL,neutral,sad,yes
FAKE_T3_1066_IWL_SAD_XX__AUDIO_1066_IWL_ANG_XX_sadtalker,data\synthetic\track3_fakes\videos\FAKE_T3_1066_IWL_SAD_XX__AUDIO_1066_IWL_ANG_XX_sadtalker.mp4,1,done,sadtalker,1066,IWL,sad,angry,yes
FAKE_T3_1066_IWW_SAD_XX__AUDIO_1066_IWW_ANG_XX_sadtalker,data\synthetic\track3_fakes\videos\FAKE_T3_1066_IWW_SAD_XX__AUDIO_1066_IWW_ANG_XX_sadtalker.mp4,1,done,sadtalker,1066,IWW,sad,angry,yes
FAKE_T3_1066_MTI_ANG_XX__AUDIO_1066_MTI_DIS_XX_sadtalker,data\synthetic\track3_fakes\videos\FAKE_T3_1066_MTI_ANG_XX__AUDIO_1066_MTI_DIS_XX_sadtalker.mp4,1,done,sadtalker,1066,MTI,angry,disgust,yes
FAKE_T3_1066_MTI_DIS_XX__AUDIO_1066_MTI_FEA_XX_sadtalker,data\synthetic\track3_fakes\videos\FAKE_T3_1066_MTI_DIS_XX__AUDIO_1066_MTI_FEA_XX_sadtalker.mp4,1,done,sadtalker,1066,MTI,disgust,fear,yes
FAKE_T3_1066_MTI_HAP_XX__AUDIO_1066_MTI_NEU_XX_sadtalker,data\synthetic\track3_fakes\videos\FAKE_T3_1066_MTI_HAP_XX__AUDIO_1066_MTI_NEU_XX_sadtalker.mp4,1,done,sadtalker,1066,MTI,happy,neutral,yes
FAKE_T3_1066_TAI_ANG_XX__AUDIO_1066_TAI_DIS_XX_sadtalker,data\synthetic\track3_fakes\videos\FAKE_T3_1066_TAI_ANG_XX__AUDIO_1066_TAI_DIS_XX_sadtalker.mp4,1,done,sadtalker,1066,TAI,angry,disgust,yes
FAKE_T3_1066_TAI_FEA_XX__AUDIO_1066_TAI_HAP_XX_sadtalker,data\synthetic\track3_fakes\videos\FAKE_T3_1066_TAI_FEA_XX__AUDIO_1066_TAI_HAP_XX_sadtalker.mp4,1,done,sadtalker,1066,TAI,fear,happy,yes
FAKE_T3_1066_TAI_HAP_XX__AUDIO_1066_TAI_NEU_XX_sadtalker,data\synthetic\track3_fakes\videos\FAKE_T3_1066_TAI_HAP_XX__AUDIO_1066_TAI_NEU_XX_sadtalker.mp4,1,done,sadtalker,1066,TAI,happy,neutral,yes
FAKE_T3_1066_TAI_SAD_XX__AUDIO_1066_TAI_ANG_XX_sadtalker,data\synthetic\track3_fakes\videos\FAKE_T3_1066_TAI_SAD_XX__AUDIO_1066_TAI_ANG_XX_sadtalker.mp4,1,done,sadtalker,1066,TAI,sad,angry,yes
FAKE_T3_1066_TIE_ANG_XX__AUDIO_1066_TIE_DIS_XX_sadtalker,data\synthetic\track3_fakes\videos\FAKE_T3_1066_TIE_ANG_XX__AUDIO_1066_TIE_DIS_XX_sadtalker.mp4,1,done,sadtalker,1066,TIE,angry,disgust,yes
FAKE_T3_1066_TIE_FEA_XX__AUDIO_1066_TIE_HAP_XX_sadtalker,data\synthetic\track3_fakes\videos\FAKE_T3_1066_TIE_FEA_XX__AUDIO_1066_TIE_HAP_XX_sadtalker.mp4,1,done,sadtalker,1066,TIE,fear,happy,yes
FAKE_T3_1066_TIE_NEU_XX__AUDIO_1066_TIE_SAD_XX_sadtalker,data\synthetic\track3_fakes\videos\FAKE_T3_1066_TIE_NEU_XX__AUDIO_1066_TIE_SAD_XX_sadtalker.mp4,1,done,sadtalker,1066,TIE,neutral,sad,yes
FAKE_T3_1066_TSI_ANG_XX__AUDIO_1066_TSI_DIS_XX_sadtalker,data\synthetic\track3_fakes\videos\FAKE_T3_1066_TSI_ANG_XX__AUDIO_1066_TSI_DIS_XX_sadtalker.mp4,1,done,sadtalker,1066,TSI,angry,disgust,yes
FAKE_T3_1066_TSI_DIS_XX__AUDIO_1066_TSI_FEA_XX_sadtalker,data\synthetic\track3_fakes\videos\FAKE_T3_1066_TSI_DIS_XX__AUDIO_1066_TSI_FEA_XX_sadtalker.mp4,1,done,sadtalker,1066,TSI,disgust,fear,yes
FAKE_T3_1066_TSI_FEA_XX__AUDIO_1066_TSI_HAP_XX_sadtalker,data\synthetic\track3_fakes\videos\FAKE_T3_1066_TSI_FEA_XX__AUDIO_1066_TSI_HAP_XX_sadtalker.mp4,1,done,sadtalker,1066,TSI,fear,happy,yes
FAKE_T3_1066_TSI_HAP_XX__AUDIO_1066_TSI_NEU_XX_sadtalker,data\synthetic\track3_fakes\videos\FAKE_T3_1066_TSI_HAP_XX__AUDIO_1066_TSI_NEU_XX_sadtalker.mp4,1,done,sadtalker,1066,TSI,happy,neutral,yes
FAKE_T3_1066_WSI_NEU_XX__AUDIO_1066_WSI_SAD_XX_sadtalker,data\synthetic\track3_fakes\videos\FAKE_T3_1066_WSI_NEU_XX__AUDIO_1066_WSI_SAD_XX_sadtalker.mp4,1,done,sadtalker,1066,WSI,neutral,sad,yes
FAKE_T3_1066_WSI_SAD_XX__AUDIO_1066_WSI_ANG_XX_sadtalker,data\synthetic\track3_fakes\videos\FAKE_T3_1066_WSI_SAD_XX__AUDIO_1066_WSI_ANG_XX_sadtalker.mp4,1,done,sadtalker,1066,WSI,sad,angry,yes
FAKE_T3_1067_DFA_ANG_XX__AUDIO_1067_DFA_DIS_XX_sadtalker,data\synthetic\track3_fakes\videos\FAKE_T3_1067_DFA_ANG_XX__AUDIO_1067_DFA_DIS_XX_sadtalker.mp4,1,done,sadtalker,1067,DFA,angry,disgust,yes
FAKE_T3_1067_DFA_DIS_XX__AUDIO_1067_DFA_FEA_XX_sadtalker,data\synthetic\track3_fakes\videos\FAKE_T3_1067_DFA_DIS_XX__AUDIO_1067_DFA_FEA_XX_sadtalker.mp4,1,done,sadtalker,1067,DFA,disgust,fear,yes
FAKE_T3_1067_DFA_FEA_XX__AUDIO_1067_DFA_HAP_XX_sadtalker,data\synthetic\track3_fakes\videos\FAKE_T3_1067_DFA_FEA_XX__AUDIO_1067_DFA_HAP_XX_sadtalker.mp4,1,done,sadtalker,1067,DFA,fear,happy,yes
FAKE_T3_1067_DFA_SAD_XX__AUDIO_1067_DFA_ANG_XX_sadtalker,data\synthetic\track3_fakes\videos\FAKE_T3_1067_DFA_SAD_XX__AUDIO_1067_DFA_ANG_XX_sadtalker.mp4,1,done,sadtalker,1067,DFA,sad,angry,yes
FAKE_T3_1067_IEO_ANG_HI__AUDIO_1067_IEO_DIS_HI_sadtalker,data\synthetic\track3_fakes\videos\FAKE_T3_1067_IEO_ANG_HI__AUDIO_1067_IEO_DIS_HI_sadtalker.mp4,1,done,sadtalker,1067,IEO,angry,disgust,yes
FAKE_T3_1067_IEO_ANG_MD__AUDIO_1067_IEO_DIS_MD_sadtalker,data\synthetic\track3_fakes\videos\FAKE_T3_1067_IEO_ANG_MD__AUDIO_1067_IEO_DIS_MD_sadtalker.mp4,1,done,sadtalker,1067,IEO,angry,disgust,yes
FAKE_T3_1067_IEO_DIS_HI__AUDIO_1067_IEO_FEA_HI_sadtalker,data\synthetic\track3_fakes\videos\FAKE_T3_1067_IEO_DIS_HI__AUDIO_1067_IEO_FEA_HI_sadtalker.mp4,1,done,sadtalker,1067,IEO,disgust,fear,yes
FAKE_T3_1067_IEO_HAP_HI__AUDIO_1067_IEO_NEU_XX_sadtalker,data\synthetic\track3_fakes\videos\FAKE_T3_1067_IEO_HAP_HI__AUDIO_1067_IEO_NEU_XX_sadtalker.mp4,1,done,sadtalker,1067,IEO,happy,neutral,yes
FAKE_T3_1067_IEO_HAP_LO__AUDIO_1067_IEO_NEU_XX_sadtalker,data\synthetic\track3_fakes\videos\FAKE_T3_1067_IEO_HAP_LO__AUDIO_1067_IEO_NEU_XX_sadtalker.mp4,1,done,sadtalker,1067,IEO,happy,neutral,yes
FAKE_T3_1067_IEO_SAD_HI__AUDIO_1067_IEO_ANG_HI_sadtalker,data\synthetic\track3_fakes\videos\FAKE_T3_1067_IEO_SAD_HI__AUDIO_1067_IEO_ANG_HI_sadtalker.mp4,1,done,sadtalker,1067,IEO,sad,angry,yes
FAKE_T3_1067_IEO_SAD_MD__AUDIO_1067_IEO_ANG_MD_sadtalker,data\synthetic\track3_fakes\videos\FAKE_T3_1067_IEO_SAD_MD__AUDIO_1067_IEO_ANG_MD_sadtalker.mp4,1,done,sadtalker,1067,IEO,sad,angry,yes
FAKE_T3_1067_IOM_HAP_XX__AUDIO_1067_IOM_NEU_XX_sadtalker,data\synthetic\track3_fakes\videos\FAKE_T3_1067_IOM_HAP_XX__AUDIO_1067_IOM_NEU_XX_sadtalker.mp4,1,done,sadtalker,1067,IOM,happy,neutral,yes
FAKE_T3_1067_ITH_ANG_XX__AUDIO_1067_ITH_DIS_XX_sadtalker,data\synthetic\track3_fakes\videos\FAKE_T3_1067_ITH_ANG_XX__AUDIO_1067_ITH_DIS_XX_sadtalker.mp4,1,done,sadtalker,1067,ITH,angry,disgust,yes
FAKE_T3_1067_ITH_SAD_XX__AUDIO_1067_ITH_ANG_XX_sadtalker,data\synthetic\track3_fakes\videos\FAKE_T3_1067_ITH_SAD_XX__AUDIO_1067_ITH_ANG_XX_sadtalker.mp4,1,done,sadtalker,1067,ITH,sad,angry,yes
FAKE_T3_1067_ITS_DIS_XX__AUDIO_1067_ITS_FEA_XX_sadtalker,data\synthetic\track3_fakes\videos\FAKE_T3_1067_ITS_DIS_XX__AUDIO_1067_ITS_FEA_XX_sadtalker.mp4,1,done,sadtalker,1067,ITS,disgust,fear,yes
FAKE_T3_1067_ITS_NEU_XX__AUDIO_1067_ITS_SAD_XX_sadtalker,data\synthetic\track3_fakes\videos\FAKE_T3_1067_ITS_NEU_XX__AUDIO_1067_ITS_SAD_XX_sadtalker.mp4,1,done,sadtalker,1067,ITS,neutral,sad,yes
FAKE_T3_1067_IWL_ANG_XX__AUDIO_1067_IWL_DIS_XX_sadtalker,data\synthetic\track3_fakes\videos\FAKE_T3_1067_IWL_ANG_XX__AUDIO_1067_IWL_DIS_XX_sadtalker.mp4,1,done,sadtalker,1067,IWL,angry,disgust,yes
FAKE_T3_1067_IWL_DIS_XX__AUDIO_1067_IWL_FEA_XX_sadtalker,data\synthetic\track3_fakes\videos\FAKE_T3_1067_IWL_DIS_XX__AUDIO_1067_IWL_FEA_XX_sadtalker.mp4,1,done,sadtalker,1067,IWL,disgust,fear,yes
FAKE_T3_1067_IWL_FEA_XX__AUDIO_1067_IWL_HAP_XX_sadtalker,data\synthetic\track3_fakes\videos\FAKE_T3_1067_IWL_FEA_XX__AUDIO_1067_IWL_HAP_XX_sadtalker.mp4,1,done,sadtalker,1067,IWL,fear,happy,yes
FAKE_T3_1067_IWL_NEU_XX__AUDIO_1067_IWL_SAD_XX_sadtalker,data\synthetic\track3_fakes\videos\FAKE_T3_1067_IWL_NEU_XX__AUDIO_1067_IWL_SAD_XX_sadtalker.mp4,1,done,sadtalker,1067,IWL,neutral,sad,yes
FAKE_T3_1067_IWL_SAD_XX__AUDIO_1067_IWL_ANG_XX_sadtalker,data\synthetic\track3_fakes\videos\FAKE_T3_1067_IWL_SAD_XX__AUDIO_1067_IWL_ANG_XX_sadtalker.mp4,1,done,sadtalker,1067,IWL,sad,angry,yes
FAKE_T3_1067_IWW_ANG_XX__AUDIO_1067_IWW_DIS_XX_sadtalker,data\synthetic\track3_fakes\videos\FAKE_T3_1067_IWW_ANG_XX__AUDIO_1067_IWW_DIS_XX_sadtalker.mp4,1,done,sadtalker,1067,IWW,angry,disgust,yes
FAKE_T3_1067_IWW_DIS_XX__AUDIO_1067_IWW_FEA_XX_sadtalker,data\synthetic\track3_fakes\videos\FAKE_T3_1067_IWW_DIS_XX__AUDIO_1067_IWW_FEA_XX_sadtalker.mp4,1,done,sadtalker,1067,IWW,disgust,fear,yes
FAKE_T3_1067_IWW_SAD_XX__AUDIO_1067_IWW_ANG_XX_sadtalker,data\synthetic\track3_fakes\videos\FAKE_T3_1067_IWW_SAD_XX__AUDIO_1067_IWW_ANG_XX_sadtalker.mp4,1,done,sadtalker,1067,IWW,sad,angry,yes
FAKE_T3_1067_MTI_ANG_XX__AUDIO_1067_MTI_DIS_XX_sadtalker,data\synthetic\track3_fakes\videos\FAKE_T3_1067_MTI_ANG_XX__AUDIO_1067_MTI_DIS_XX_sadtalker.mp4,1,done,sadtalker,1067,MTI,angry,disgust,yes
FAKE_T3_1067_MTI_DIS_XX__AUDIO_1067_MTI_FEA_XX_sadtalker,data\synthetic\track3_fakes\videos\FAKE_T3_1067_MTI_DIS_XX__AUDIO_1067_MTI_FEA_XX_sadtalker.mp4,1,done,sadtalker,1067,MTI,disgust,fear,yes
FAKE_T3_1067_MTI_FEA_XX__AUDIO_1067_MTI_HAP_XX_sadtalker,data\synthetic\track3_fakes\videos\FAKE_T3_1067_MTI_FEA_XX__AUDIO_1067_MTI_HAP_XX_sadtalker.mp4,1,done,sadtalker,1067,MTI,fear,happy,yes
FAKE_T3_1067_MTI_HAP_XX__AUDIO_1067_MTI_NEU_XX_sadtalker,data\synthetic\track3_fakes\videos\FAKE_T3_1067_MTI_HAP_XX__AUDIO_1067_MTI_NEU_XX_sadtalker.mp4,1,done,sadtalker,1067,MTI,happy,neutral,yes
FAKE_T3_1067_TAI_NEU_XX__AUDIO_1067_TAI_SAD_XX_sadtalker,data\synthetic\track3_fakes\videos\FAKE_T3_1067_TAI_NEU_XX__AUDIO_1067_TAI_SAD_XX_sadtalker.mp4,1,done,sadtalker,1067,TAI,neutral,sad,yes
FAKE_T3_1067_TAI_SAD_XX__AUDIO_1067_TAI_ANG_XX_sadtalker,data\synthetic\track3_fakes\videos\FAKE_T3_1067_TAI_SAD_XX__AUDIO_1067_TAI_ANG_XX_sadtalker.mp4,1,done,sadtalker,1067,TAI,sad,angry,yes
FAKE_T3_1067_TIE_DIS_XX__AUDIO_1067_TIE_FEA_XX_sadtalker,data\synthetic\track3_fakes\videos\FAKE_T3_1067_TIE_DIS_XX__AUDIO_1067_TIE_FEA_XX_sadtalker.mp4,1,done,sadtalker,1067,TIE,disgust,fear,yes
FAKE_T3_1067_TIE_FEA_XX__AUDIO_1067_TIE_HAP_XX_sadtalker,data\synthetic\track3_fakes\videos\FAKE_T3_1067_TIE_FEA_XX__AUDIO_1067_TIE_HAP_XX_sadtalker.mp4,1,done,sadtalker,1067,TIE,fear,happy,yes
FAKE_T3_1067_TIE_HAP_XX__AUDIO_1067_TIE_NEU_XX_sadtalker,data\synthetic\track3_fakes\videos\FAKE_T3_1067_TIE_HAP_XX__AUDIO_1067_TIE_NEU_XX_sadtalker.mp4,1,done,sadtalker,1067,TIE,happy,neutral,yes
FAKE_T3_1067_TIE_NEU_XX__AUDIO_1067_TIE_SAD_XX_sadtalker,data\synthetic\track3_fakes\videos\FAKE_T3_1067_TIE_NEU_XX__AUDIO_1067_TIE_SAD_XX_sadtalker.mp4,1,done,sadtalker,1067,TIE,neutral,sad,yes
FAKE_T3_1067_TSI_HAP_XX__AUDIO_1067_TSI_NEU_XX_sadtalker,data\synthetic\track3_fakes\videos\FAKE_T3_1067_TSI_HAP_XX__AUDIO_1067_TSI_NEU_XX_sadtalker.mp4,1,done,sadtalker,1067,TSI,happy,neutral,yes
FAKE_T3_1067_TSI_NEU_XX__AUDIO_1067_TSI_SAD_XX_sadtalker,data\synthetic\track3_fakes\videos\FAKE_T3_1067_TSI_NEU_XX__AUDIO_1067_TSI_SAD_XX_sadtalker.mp4,1,done,sadtalker,1067,TSI,neutral,sad,yes
FAKE_T3_1067_TSI_SAD_XX__AUDIO_1067_TSI_ANG_XX_sadtalker,data\synthetic\track3_fakes\videos\FAKE_T3_1067_TSI_SAD_XX__AUDIO_1067_TSI_ANG_XX_sadtalker.mp4,1,done,sadtalker,1067,TSI,sad,angry,yes
FAKE_T3_1067_WSI_ANG_XX__AUDIO_1067_WSI_DIS_XX_sadtalker,data\synthetic\track3_fakes\videos\FAKE_T3_1067_WSI_ANG_XX__AUDIO_1067_WSI_DIS_XX_sadtalker.mp4,1,done,sadtalker,1067,WSI,angry,disgust,yes
FAKE_T3_1067_WSI_HAP_XX__AUDIO_1067_WSI_NEU_XX_sadtalker,data\synthetic\track3_fakes\videos\FAKE_T3_1067_WSI_HAP_XX__AUDIO_1067_WSI_NEU_XX_sadtalker.mp4,1,done,sadtalker,1067,WSI,happy,neutral,yes
FAKE_T3_1067_WSI_NEU_XX__AUDIO_1067_WSI_SAD_XX_sadtalker,data\synthetic\track3_fakes\videos\FAKE_T3_1067_WSI_NEU_XX__AUDIO_1067_WSI_SAD_XX_sadtalker.mp4,1,done,sadtalker,1067,WSI,neutral,sad,yes
FAKE_T3_1067_WSI_SAD_XX__AUDIO_1067_WSI_ANG_XX_sadtalker,data\synthetic\track3_fakes\videos\FAKE_T3_1067_WSI_SAD_XX__AUDIO_1067_WSI_ANG_XX_sadtalker.mp4,1,done,sadtalker,1067,WSI,sad,angry,yes
FAKE_T3_1068_DFA_ANG_XX__AUDIO_1068_DFA_DIS_XX_sadtalker,data\synthetic\track3_fakes\videos\FAKE_T3_1068_DFA_ANG_XX__AUDIO_1068_DFA_DIS_XX_sadtalker.mp4,1,done,sadtalker,1068,DFA,angry,disgust,yes
FAKE_T3_1068_DFA_DIS_XX__AUDIO_1068_DFA_FEA_XX_sadtalker,data\synthetic\track3_fakes\videos\FAKE_T3_1068_DFA_DIS_XX__AUDIO_1068_DFA_FEA_XX_sadtalker.mp4,1,done,sadtalker,1068,DFA,disgust,fear,yes
FAKE_T3_1068_DFA_FEA_XX__AUDIO_1068_DFA_HAP_XX_sadtalker,data\synthetic\track3_fakes\videos\FAKE_T3_1068_DFA_FEA_XX__AUDIO_1068_DFA_HAP_XX_sadtalker.mp4,1,done,sadtalker,1068,DFA,fear,happy,yes
FAKE_T3_1068_DFA_NEU_XX__AUDIO_1068_DFA_SAD_XX_sadtalker,data\synthetic\track3_fakes\videos\FAKE_T3_1068_DFA_NEU_XX__AUDIO_1068_DFA_SAD_XX_sadtalker.mp4,1,done,sadtalker,1068,DFA,neutral,sad,yes
FAKE_T3_1068_IEO_ANG_HI__AUDIO_1068_IEO_DIS_HI_sadtalker,data\synthetic\track3_fakes\videos\FAKE_T3_1068_IEO_ANG_HI__AUDIO_1068_IEO_DIS_HI_sadtalker.mp4,1,done,sadtalker,1068,IEO,angry,disgust,yes
FAKE_T3_1068_IEO_ANG_LO__AUDIO_1068_IEO_DIS_LO_sadtalker,data\synthetic\track3_fakes\videos\FAKE_T3_1068_IEO_ANG_LO__AUDIO_1068_IEO_DIS_LO_sadtalker.mp4,1,done,sadtalker,1068,IEO,angry,disgust,yes
FAKE_T3_1068_IEO_ANG_MD__AUDIO_1068_IEO_DIS_MD_sadtalker,data\synthetic\track3_fakes\videos\FAKE_T3_1068_IEO_ANG_MD__AUDIO_1068_IEO_DIS_MD_sadtalker.mp4,1,done,sadtalker,1068,IEO,angry,disgust,yes
FAKE_T3_1068_IEO_DIS_HI__AUDIO_1068_IEO_FEA_HI_sadtalker,data\synthetic\track3_fakes\videos\FAKE_T3_1068_IEO_DIS_HI__AUDIO_1068_IEO_FEA_HI_sadtalker.mp4,1,done,sadtalker,1068,IEO,disgust,fear,yes
FAKE_T3_1068_IEO_DIS_LO__AUDIO_1068_IEO_FEA_LO_sadtalker,data\synthetic\track3_fakes\videos\FAKE_T3_1068_IEO_DIS_LO__AUDIO_1068_IEO_FEA_LO_sadtalker.mp4,1,done,sadtalker,1068,IEO,disgust,fear,yes
FAKE_T3_1068_IEO_DIS_MD__AUDIO_1068_IEO_FEA_MD_sadtalker,data\synthetic\track3_fakes\videos\FAKE_T3_1068_IEO_DIS_MD__AUDIO_1068_IEO_FEA_MD_sadtalker.mp4,1,done,sadtalker,1068,IEO,disgust,fear,yes
FAKE_T3_1068_IEO_FEA_HI__AUDIO_1068_IEO_HAP_HI_sadtalker,data\synthetic\track3_fakes\videos\FAKE_T3_1068_IEO_FEA_HI__AUDIO_1068_IEO_HAP_HI_sadtalker.mp4,1,done,sadtalker,1068,IEO,fear,happy,yes
FAKE_T3_1068_IEO_SAD_HI__AUDIO_1068_IEO_ANG_HI_sadtalker,data\synthetic\track3_fakes\videos\FAKE_T3_1068_IEO_SAD_HI__AUDIO_1068_IEO_ANG_HI_sadtalker.mp4,1,done,sadtalker,1068,IEO,sad,angry,yes
FAKE_T3_1068_IEO_SAD_MD__AUDIO_1068_IEO_ANG_MD_sadtalker,data\synthetic\track3_fakes\videos\FAKE_T3_1068_IEO_SAD_MD__AUDIO_1068_IEO_ANG_MD_sadtalker.mp4,1,done,sadtalker,1068,IEO,sad,angry,yes
FAKE_T3_1068_IOM_HAP_XX__AUDIO_1068_IOM_NEU_XX_sadtalker,data\synthetic\track3_fakes\videos\FAKE_T3_1068_IOM_HAP_XX__AUDIO_1068_IOM_NEU_XX_sadtalker.mp4,1,done,sadtalker,1068,IOM,happy,neutral,yes
FAKE_T3_1068_IOM_NEU_XX__AUDIO_1068_IOM_SAD_XX_sadtalker,data\synthetic\track3_fakes\videos\FAKE_T3_1068_IOM_NEU_XX__AUDIO_1068_IOM_SAD_XX_sadtalker.mp4,1,done,sadtalker,1068,IOM,neutral,sad,yes
FAKE_T3_1068_IOM_SAD_XX__AUDIO_1068_IOM_ANG_XX_sadtalker,data\synthetic\track3_fakes\videos\FAKE_T3_1068_IOM_SAD_XX__AUDIO_1068_IOM_ANG_XX_sadtalker.mp4,1,done,sadtalker,1068,IOM,sad,angry,yes
FAKE_T3_1068_ITH_ANG_XX__AUDIO_1068_ITH_DIS_XX_sadtalker,data\synthetic\track3_fakes\videos\FAKE_T3_1068_ITH_ANG_XX__AUDIO_1068_ITH_DIS_XX_sadtalker.mp4,1,done,sadtalker,1068,ITH,angry,disgust,yes
FAKE_T3_1068_ITH_DIS_XX__AUDIO_1068_ITH_FEA_XX_sadtalker,data\synthetic\track3_fakes\videos\FAKE_T3_1068_ITH_DIS_XX__AUDIO_1068_ITH_FEA_XX_sadtalker.mp4,1,done,sadtalker,1068,ITH,disgust,fear,yes
FAKE_T3_1068_ITH_FEA_XX__AUDIO_1068_ITH_HAP_XX_sadtalker,data\synthetic\track3_fakes\videos\FAKE_T3_1068_ITH_FEA_XX__AUDIO_1068_ITH_HAP_XX_sadtalker.mp4,1,done,sadtalker,1068,ITH,fear,happy,yes
FAKE_T3_1068_ITH_HAP_XX__AUDIO_1068_ITH_NEU_XX_sadtalker,data\synthetic\track3_fakes\videos\FAKE_T3_1068_ITH_HAP_XX__AUDIO_1068_ITH_NEU_XX_sadtalker.mp4,1,done,sadtalker,1068,ITH,happy,neutral,yes
FAKE_T3_1068_ITS_FEA_XX__AUDIO_1068_ITS_HAP_XX_sadtalker,data\synthetic\track3_fakes\videos\FAKE_T3_1068_ITS_FEA_XX__AUDIO_1068_ITS_HAP_XX_sadtalker.mp4,1,done,sadtalker,1068,ITS,fear,happy,yes
FAKE_T3_1068_ITS_SAD_XX__AUDIO_1068_ITS_ANG_XX_sadtalker,data\synthetic\track3_fakes\videos\FAKE_T3_1068_ITS_SAD_XX__AUDIO_1068_ITS_ANG_XX_sadtalker.mp4,1,done,sadtalker,1068,ITS,sad,angry,yes
FAKE_T3_1068_IWL_ANG_XX__AUDIO_1068_IWL_DIS_XX_sadtalker,data\synthetic\track3_fakes\videos\FAKE_T3_1068_IWL_ANG_XX__AUDIO_1068_IWL_DIS_XX_sadtalker.mp4,1,done,sadtalker,1068,IWL,angry,disgust,yes
FAKE_T3_1068_IWL_FEA_XX__AUDIO_1068_IWL_HAP_XX_sadtalker,data\synthetic\track3_fakes\videos\FAKE_T3_1068_IWL_FEA_XX__AUDIO_1068_IWL_HAP_XX_sadtalker.mp4,1,done,sadtalker,1068,IWL,fear,happy,yes
FAKE_T3_1068_IWL_NEU_XX__AUDIO_1068_IWL_SAD_XX_sadtalker,data\synthetic\track3_fakes\videos\FAKE_T3_1068_IWL_NEU_XX__AUDIO_1068_IWL_SAD_XX_sadtalker.mp4,1,done,sadtalker,1068,IWL,neutral,sad,yes
FAKE_T3_1068_IWW_ANG_XX__AUDIO_1068_IWW_DIS_XX_sadtalker,data\synthetic\track3_fakes\videos\FAKE_T3_1068_IWW_ANG_XX__AUDIO_1068_IWW_DIS_XX_sadtalker.mp4,1,done,sadtalker,1068,IWW,angry,disgust,yes
FAKE_T3_1068_IWW_DIS_XX__AUDIO_1068_IWW_FEA_XX_sadtalker,data\synthetic\track3_fakes\videos\FAKE_T3_1068_IWW_DIS_XX__AUDIO_1068_IWW_FEA_XX_sadtalker.mp4,1,done,sadtalker,1068,IWW,disgust,fear,yes
FAKE_T3_1068_IWW_SAD_XX__AUDIO_1068_IWW_ANG_XX_sadtalker,data\synthetic\track3_fakes\videos\FAKE_T3_1068_IWW_SAD_XX__AUDIO_1068_IWW_ANG_XX_sadtalker.mp4,1,done,sadtalker,1068,IWW,sad,angry,yes
FAKE_T3_1068_MTI_DIS_XX__AUDIO_1068_MTI_FEA_XX_sadtalker,data\synthetic\track3_fakes\videos\FAKE_T3_1068_MTI_DIS_XX__AUDIO_1068_MTI_FEA_XX_sadtalker.mp4,1,done,sadtalker,1068,MTI,disgust,fear,yes
FAKE_T3_1068_MTI_NEU_XX__AUDIO_1068_MTI_SAD_XX_sadtalker,data\synthetic\track3_fakes\videos\FAKE_T3_1068_MTI_NEU_XX__AUDIO_1068_MTI_SAD_XX_sadtalker.mp4,1,done,sadtalker,1068,MTI,neutral,sad,yes
FAKE_T3_1068_TAI_DIS_XX__AUDIO_1068_TAI_FEA_XX_sadtalker,data\synthetic\track3_fakes\videos\FAKE_T3_1068_TAI_DIS_XX__AUDIO_1068_TAI_FEA_XX_sadtalker.mp4,1,done,sadtalker,1068,TAI,disgust,fear,yes
FAKE_T3_1068_TAI_HAP_XX__AUDIO_1068_TAI_NEU_XX_sadtalker,data\synthetic\track3_fakes\videos\FAKE_T3_1068_TAI_HAP_XX__AUDIO_1068_TAI_NEU_XX_sadtalker.mp4,1,done,sadtalker,1068,TAI,happy,neutral,yes
FAKE_T3_1068_TAI_NEU_XX__AUDIO_1068_TAI_SAD_XX_sadtalker,data\synthetic\track3_fakes\videos\FAKE_T3_1068_TAI_NEU_XX__AUDIO_1068_TAI_SAD_XX_sadtalker.mp4,1,done,sadtalker,1068,TAI,neutral,sad,yes
FAKE_T3_1068_TIE_HAP_XX__AUDIO_1068_TIE_NEU_XX_sadtalker,data\synthetic\track3_fakes\videos\FAKE_T3_1068_TIE_HAP_XX__AUDIO_1068_TIE_NEU_XX_sadtalker.mp4,1,done,sadtalker,1068,TIE,happy,neutral,yes
FAKE_T3_1068_TIE_NEU_XX__AUDIO_1068_TIE_SAD_XX_sadtalker,data\synthetic\track3_fakes\videos\FAKE_T3_1068_TIE_NEU_XX__AUDIO_1068_TIE_SAD_XX_sadtalker.mp4,1,done,sadtalker,1068,TIE,neutral,sad,yes
FAKE_T3_1068_TIE_SAD_XX__AUDIO_1068_TIE_ANG_XX_sadtalker,data\synthetic\track3_fakes\videos\FAKE_T3_1068_TIE_SAD_XX__AUDIO_1068_TIE_ANG_XX_sadtalker.mp4,1,done,sadtalker,1068,TIE,sad,angry,yes
FAKE_T3_1068_TSI_ANG_XX__AUDIO_1068_TSI_DIS_XX_sadtalker,data\synthetic\track3_fakes\videos\FAKE_T3_1068_TSI_ANG_XX__AUDIO_1068_TSI_DIS_XX_sadtalker.mp4,1,done,sadtalker,1068,TSI,angry,disgust,yes
FAKE_T3_1068_TSI_FEA_XX__AUDIO_1068_TSI_HAP_XX_sadtalker,data\synthetic\track3_fakes\videos\FAKE_T3_1068_TSI_FEA_XX__AUDIO_1068_TSI_HAP_XX_sadtalker.mp4,1,done,sadtalker,1068,TSI,fear,happy,yes
FAKE_T3_1068_TSI_NEU_XX__AUDIO_1068_TSI_SAD_XX_sadtalker,data\synthetic\track3_fakes\videos\FAKE_T3_1068_TSI_NEU_XX__AUDIO_1068_TSI_SAD_XX_sadtalker.mp4,1,done,sadtalker,1068,TSI,neutral,sad,yes
FAKE_T3_1068_TSI_SAD_XX__AUDIO_1068_TSI_ANG_XX_sadtalker,data\synthetic\track3_fakes\videos\FAKE_T3_1068_TSI_SAD_XX__AUDIO_1068_TSI_ANG_XX_sadtalker.mp4,1,done,sadtalker,1068,TSI,sad,angry,yes
FAKE_T3_1068_WSI_NEU_XX__AUDIO_1068_WSI_SAD_XX_sadtalker,data\synthetic\track3_fakes\videos\FAKE_T3_1068_WSI_NEU_XX__AUDIO_1068_WSI_SAD_XX_sadtalker.mp4,1,done,sadtalker,1068,WSI,neutral,sad,yes
FAKE_T3_1069_DFA_DIS_XX__AUDIO_1069_DFA_FEA_XX_sadtalker,data\synthetic\track3_fakes\videos\FAKE_T3_1069_DFA_DIS_XX__AUDIO_1069_DFA_FEA_XX_sadtalker.mp4,1,done,sadtalker,1069,DFA,disgust,fear,yes
FAKE_T3_1069_DFA_HAP_XX__AUDIO_1069_DFA_NEU_XX_sadtalker,data\synthetic\track3_fakes\videos\FAKE_T3_1069_DFA_HAP_XX__AUDIO_1069_DFA_NEU_XX_sadtalker.mp4,1,done,sadtalker,1069,DFA,happy,neutral,yes
FAKE_T3_1069_DFA_NEU_XX__AUDIO_1069_DFA_SAD_XX_sadtalker,data\synthetic\track3_fakes\videos\FAKE_T3_1069_DFA_NEU_XX__AUDIO_1069_DFA_SAD_XX_sadtalker.mp4,1,done,sadtalker,1069,DFA,neutral,sad,yes
FAKE_T3_1069_DFA_SAD_XX__AUDIO_1069_DFA_ANG_XX_sadtalker,data\synthetic\track3_fakes\videos\FAKE_T3_1069_DFA_SAD_XX__AUDIO_1069_DFA_ANG_XX_sadtalker.mp4,1,done,sadtalker,1069,DFA,sad,angry,yes
FAKE_T3_1069_IEO_ANG_LO__AUDIO_1069_IEO_DIS_LO_sadtalker,data\synthetic\track3_fakes\videos\FAKE_T3_1069_IEO_ANG_LO__AUDIO_1069_IEO_DIS_LO_sadtalker.mp4,1,done,sadtalker,1069,IEO,angry,disgust,yes
FAKE_T3_1069_IEO_ANG_MD__AUDIO_1069_IEO_DIS_MD_sadtalker,data\synthetic\track3_fakes\videos\FAKE_T3_1069_IEO_ANG_MD__AUDIO_1069_IEO_DIS_MD_sadtalker.mp4,1,done,sadtalker,1069,IEO,angry,disgust,yes
FAKE_T3_1069_IEO_DIS_LO__AUDIO_1069_IEO_FEA_LO_sadtalker,data\synthetic\track3_fakes\videos\FAKE_T3_1069_IEO_DIS_LO__AUDIO_1069_IEO_FEA_LO_sadtalker.mp4,1,done,sadtalker,1069,IEO,disgust,fear,yes
FAKE_T3_1069_IEO_FEA_HI__AUDIO_1069_IEO_HAP_HI_sadtalker,data\synthetic\track3_fakes\videos\FAKE_T3_1069_IEO_FEA_HI__AUDIO_1069_IEO_HAP_HI_sadtalker.mp4,1,done,sadtalker,1069,IEO,fear,happy,yes
FAKE_T3_1069_IEO_HAP_HI__AUDIO_1069_IEO_NEU_XX_sadtalker,data\synthetic\track3_fakes\videos\FAKE_T3_1069_IEO_HAP_HI__AUDIO_1069_IEO_NEU_XX_sadtalker.mp4,1,done,sadtalker,1069,IEO,happy,neutral,yes
FAKE_T3_1069_IEO_SAD_HI__AUDIO_1069_IEO_ANG_HI_sadtalker,data\synthetic\track3_fakes\videos\FAKE_T3_1069_IEO_SAD_HI__AUDIO_1069_IEO_ANG_HI_sadtalker.mp4,1,done,sadtalker,1069,IEO,sad,angry,yes
FAKE_T3_1069_IOM_NEU_XX__AUDIO_1069_IOM_SAD_XX_sadtalker,data\synthetic\track3_fakes\videos\FAKE_T3_1069_IOM_NEU_XX__AUDIO_1069_IOM_SAD_XX_sadtalker.mp4,1,done,sadtalker,1069,IOM,neutral,sad,yes
FAKE_T3_1069_IOM_SAD_XX__AUDIO_1069_IOM_ANG_XX_sadtalker,data\synthetic\track3_fakes\videos\FAKE_T3_1069_IOM_SAD_XX__AUDIO_1069_IOM_ANG_XX_sadtalker.mp4,1,done,sadtalker,1069,IOM,sad,angry,yes
FAKE_T3_1069_ITH_HAP_XX__AUDIO_1069_ITH_NEU_XX_sadtalker,data\synthetic\track3_fakes\videos\FAKE_T3_1069_ITH_HAP_XX__AUDIO_1069_ITH_NEU_XX_sadtalker.mp4,1,done,sadtalker,1069,ITH,happy,neutral,yes
FAKE_T3_1069_ITH_NEU_XX__AUDIO_1069_ITH_SAD_XX_sadtalker,data\synthetic\track3_fakes\videos\FAKE_T3_1069_ITH_NEU_XX__AUDIO_1069_ITH_SAD_XX_sadtalker.mp4,1,done,sadtalker,1069,ITH,neutral,sad,yes
FAKE_T3_1069_ITH_SAD_XX__AUDIO_1069_ITH_ANG_XX_sadtalker,data\synthetic\track3_fakes\videos\FAKE_T3_1069_ITH_SAD_XX__AUDIO_1069_ITH_ANG_XX_sadtalker.mp4,1,done,sadtalker,1069,ITH,sad,angry,yes
FAKE_T3_1069_ITS_ANG_XX__AUDIO_1069_ITS_DIS_XX_sadtalker,data\synthetic\track3_fakes\videos\FAKE_T3_1069_ITS_ANG_XX__AUDIO_1069_ITS_DIS_XX_sadtalker.mp4,1,done,sadtalker,1069,ITS,angry,disgust,yes
FAKE_T3_1069_ITS_SAD_XX__AUDIO_1069_ITS_ANG_XX_sadtalker,data\synthetic\track3_fakes\videos\FAKE_T3_1069_ITS_SAD_XX__AUDIO_1069_ITS_ANG_XX_sadtalker.mp4,1,done,sadtalker,1069,ITS,sad,angry,yes
FAKE_T3_1069_IWL_ANG_XX__AUDIO_1069_IWL_DIS_XX_sadtalker,data\synthetic\track3_fakes\videos\FAKE_T3_1069_IWL_ANG_XX__AUDIO_1069_IWL_DIS_XX_sadtalker.mp4,1,done,sadtalker,1069,IWL,angry,disgust,yes
FAKE_T3_1069_IWL_FEA_XX__AUDIO_1069_IWL_HAP_XX_sadtalker,data\synthetic\track3_fakes\videos\FAKE_T3_1069_IWL_FEA_XX__AUDIO_1069_IWL_HAP_XX_sadtalker.mp4,1,done,sadtalker,1069,IWL,fear,happy,yes
FAKE_T3_1069_IWL_HAP_XX__AUDIO_1069_IWL_NEU_XX_sadtalker,data\synthetic\track3_fakes\videos\FAKE_T3_1069_IWL_HAP_XX__AUDIO_1069_IWL_NEU_XX_sadtalker.mp4,1,done,sadtalker,1069,IWL,happy,neutral,yes
FAKE_T3_1069_IWL_NEU_XX__AUDIO_1069_IWL_SAD_XX_sadtalker,data\synthetic\track3_fakes\videos\FAKE_T3_1069_IWL_NEU_XX__AUDIO_1069_IWL_SAD_XX_sadtalker.mp4,1,done,sadtalker,1069,IWL,neutral,sad,yes
FAKE_T3_1069_IWW_ANG_XX__AUDIO_1069_IWW_DIS_XX_sadtalker,data\synthetic\track3_fakes\videos\FAKE_T3_1069_IWW_ANG_XX__AUDIO_1069_IWW_DIS_XX_sadtalker.mp4,1,done,sadtalker,1069,IWW,angry,disgust,yes
FAKE_T3_1069_IWW_HAP_XX__AUDIO_1069_IWW_NEU_XX_sadtalker,data\synthetic\track3_fakes\videos\FAKE_T3_1069_IWW_HAP_XX__AUDIO_1069_IWW_NEU_XX_sadtalker.mp4,1,done,sadtalker,1069,IWW,happy,neutral,yes
FAKE_T3_1069_MTI_DIS_XX__AUDIO_1069_MTI_FEA_XX_sadtalker,data\synthetic\track3_fakes\videos\FAKE_T3_1069_MTI_DIS_XX__AUDIO_1069_MTI_FEA_XX_sadtalker.mp4,1,done,sadtalker,1069,MTI,disgust,fear,yes
FAKE_T3_1069_MTI_FEA_XX__AUDIO_1069_MTI_HAP_XX_sadtalker,data\synthetic\track3_fakes\videos\FAKE_T3_1069_MTI_FEA_XX__AUDIO_1069_MTI_HAP_XX_sadtalker.mp4,1,done,sadtalker,1069,MTI,fear,happy,yes
FAKE_T3_1069_MTI_HAP_XX__AUDIO_1069_MTI_NEU_XX_sadtalker,data\synthetic\track3_fakes\videos\FAKE_T3_1069_MTI_HAP_XX__AUDIO_1069_MTI_NEU_XX_sadtalker.mp4,1,done,sadtalker,1069,MTI,happy,neutral,yes
FAKE_T3_1069_MTI_NEU_XX__AUDIO_1069_MTI_SAD_XX_sadtalker,data\synthetic\track3_fakes\videos\FAKE_T3_1069_MTI_NEU_XX__AUDIO_1069_MTI_SAD_XX_sadtalker.mp4,1,done,sadtalker,1069,MTI,neutral,sad,yes
FAKE_T3_1069_TAI_DIS_XX__AUDIO_1069_TAI_FEA_XX_sadtalker,data\synthetic\track3_fakes\videos\FAKE_T3_1069_TAI_DIS_XX__AUDIO_1069_TAI_FEA_XX_sadtalker.mp4,1,done,sadtalker,1069,TAI,disgust,fear,yes
FAKE_T3_1069_TAI_FEA_XX__AUDIO_1069_TAI_HAP_XX_sadtalker,data\synthetic\track3_fakes\videos\FAKE_T3_1069_TAI_FEA_XX__AUDIO_1069_TAI_HAP_XX_sadtalker.mp4,1,done,sadtalker,1069,TAI,fear,happy,yes
FAKE_T3_1069_TAI_HAP_XX__AUDIO_1069_TAI_NEU_XX_sadtalker,data\synthetic\track3_fakes\videos\FAKE_T3_1069_TAI_HAP_XX__AUDIO_1069_TAI_NEU_XX_sadtalker.mp4,1,done,sadtalker,1069,TAI,happy,neutral,yes
FAKE_T3_1069_TAI_NEU_XX__AUDIO_1069_TAI_SAD_XX_sadtalker,data\synthetic\track3_fakes\videos\FAKE_T3_1069_TAI_NEU_XX__AUDIO_1069_TAI_SAD_XX_sadtalker.mp4,1,done,sadtalker,1069,TAI,neutral,sad,yes
FAKE_T3_1069_TIE_ANG_XX__AUDIO_1069_TIE_DIS_XX_sadtalker,data\synthetic\track3_fakes\videos\FAKE_T3_1069_TIE_ANG_XX__AUDIO_1069_TIE_DIS_XX_sadtalker.mp4,1,done,sadtalker,1069,TIE,angry,disgust,yes
FAKE_T3_1069_TIE_DIS_XX__AUDIO_1069_TIE_FEA_XX_sadtalker,data\synthetic\track3_fakes\videos\FAKE_T3_1069_TIE_DIS_XX__AUDIO_1069_TIE_FEA_XX_sadtalker.mp4,1,done,sadtalker,1069,TIE,disgust,fear,yes
FAKE_T3_1069_TIE_FEA_XX__AUDIO_1069_TIE_HAP_XX_sadtalker,data\synthetic\track3_fakes\videos\FAKE_T3_1069_TIE_FEA_XX__AUDIO_1069_TIE_HAP_XX_sadtalker.mp4,1,done,sadtalker,1069,TIE,fear,happy,yes
FAKE_T3_1069_TIE_NEU_XX__AUDIO_1069_TIE_SAD_XX_sadtalker,data\synthetic\track3_fakes\videos\FAKE_T3_1069_TIE_NEU_XX__AUDIO_1069_TIE_SAD_XX_sadtalker.mp4,1,done,sadtalker,1069,TIE,neutral,sad,yes
FAKE_T3_1069_TSI_ANG_XX__AUDIO_1069_TSI_DIS_XX_sadtalker,data\synthetic\track3_fakes\videos\FAKE_T3_1069_TSI_ANG_XX__AUDIO_1069_TSI_DIS_XX_sadtalker.mp4,1,done,sadtalker,1069,TSI,angry,disgust,yes
FAKE_T3_1069_TSI_FEA_XX__AUDIO_1069_TSI_HAP_XX_sadtalker,data\synthetic\track3_fakes\videos\FAKE_T3_1069_TSI_FEA_XX__AUDIO_1069_TSI_HAP_XX_sadtalker.mp4,1,done,sadtalker,1069,TSI,fear,happy,yes
FAKE_T3_1069_TSI_NEU_XX__AUDIO_1069_TSI_SAD_XX_sadtalker,data\synthetic\track3_fakes\videos\FAKE_T3_1069_TSI_NEU_XX__AUDIO_1069_TSI_SAD_XX_sadtalker.mp4,1,done,sadtalker,1069,TSI,neutral,sad,yes
FAKE_T3_1069_TSI_SAD_XX__AUDIO_1069_TSI_ANG_XX_sadtalker,data\synthetic\track3_fakes\videos\FAKE_T3_1069_TSI_SAD_XX__AUDIO_1069_TSI_ANG_XX_sadtalker.mp4,1,done,sadtalker,1069,TSI,sad,angry,yes
FAKE_T3_1069_WSI_DIS_XX__AUDIO_1069_WSI_FEA_XX_sadtalker,data\synthetic\track3_fakes\videos\FAKE_T3_1069_WSI_DIS_XX__AUDIO_1069_WSI_FEA_XX_sadtalker.mp4,1,done,sadtalker,1069,WSI,disgust,fear,yes
FAKE_T3_1069_WSI_SAD_XX__AUDIO_1069_WSI_ANG_XX_sadtalker,data\synthetic\track3_fakes\videos\FAKE_T3_1069_WSI_SAD_XX__AUDIO_1069_WSI_ANG_XX_sadtalker.mp4,1,done,sadtalker,1069,WSI,sad,angry,yes
FAKE_T3_1070_DFA_ANG_XX__AUDIO_1070_DFA_DIS_XX_sadtalker,data\synthetic\track3_fakes\videos\FAKE_T3_1070_DFA_ANG_XX__AUDIO_1070_DFA_DIS_XX_sadtalker.mp4,1,done,sadtalker,1070,DFA,angry,disgust,yes
FAKE_T3_1070_DFA_DIS_XX__AUDIO_1070_DFA_FEA_XX_sadtalker,data\synthetic\track3_fakes\videos\FAKE_T3_1070_DFA_DIS_XX__AUDIO_1070_DFA_FEA_XX_sadtalker.mp4,1,done,sadtalker,1070,DFA,disgust,fear,yes
FAKE_T3_1070_DFA_SAD_XX__AUDIO_1070_DFA_ANG_XX_sadtalker,data\synthetic\track3_fakes\videos\FAKE_T3_1070_DFA_SAD_XX__AUDIO_1070_DFA_ANG_XX_sadtalker.mp4,1,done,sadtalker,1070,DFA,sad,angry,yes
FAKE_T3_1070_IEO_ANG_HI__AUDIO_1070_IEO_DIS_HI_sadtalker,data\synthetic\track3_fakes\videos\FAKE_T3_1070_IEO_ANG_HI__AUDIO_1070_IEO_DIS_HI_sadtalker.mp4,1,done,sadtalker,1070,IEO,angry,disgust,yes
FAKE_T3_1070_IEO_ANG_MD__AUDIO_1070_IEO_DIS_MD_sadtalker,data\synthetic\track3_fakes\videos\FAKE_T3_1070_IEO_ANG_MD__AUDIO_1070_IEO_DIS_MD_sadtalker.mp4,1,done,sadtalker,1070,IEO,angry,disgust,yes
FAKE_T3_1070_IEO_DIS_HI__AUDIO_1070_IEO_FEA_HI_sadtalker,data\synthetic\track3_fakes\videos\FAKE_T3_1070_IEO_DIS_HI__AUDIO_1070_IEO_FEA_HI_sadtalker.mp4,1,done,sadtalker,1070,IEO,disgust,fear,yes
FAKE_T3_1070_IEO_HAP_LO__AUDIO_1070_IEO_NEU_XX_sadtalker,data\synthetic\track3_fakes\videos\FAKE_T3_1070_IEO_HAP_LO__AUDIO_1070_IEO_NEU_XX_sadtalker.mp4,1,done,sadtalker,1070,IEO,happy,neutral,yes
FAKE_T3_1070_IEO_SAD_LO__AUDIO_1070_IEO_ANG_LO_sadtalker,data\synthetic\track3_fakes\videos\FAKE_T3_1070_IEO_SAD_LO__AUDIO_1070_IEO_ANG_LO_sadtalker.mp4,1,done,sadtalker,1070,IEO,sad,angry,yes
FAKE_T3_1070_IOM_ANG_XX__AUDIO_1070_IOM_DIS_XX_sadtalker,data\synthetic\track3_fakes\videos\FAKE_T3_1070_IOM_ANG_XX__AUDIO_1070_IOM_DIS_XX_sadtalker.mp4,1,done,sadtalker,1070,IOM,angry,disgust,yes
FAKE_T3_1070_IOM_FEA_XX__AUDIO_1070_IOM_HAP_XX_sadtalker,data\synthetic\track3_fakes\videos\FAKE_T3_1070_IOM_FEA_XX__AUDIO_1070_IOM_HAP_XX_sadtalker.mp4,1,done,sadtalker,1070,IOM,fear,happy,yes
FAKE_T3_1070_IOM_HAP_XX__AUDIO_1070_IOM_NEU_XX_sadtalker,data\synthetic\track3_fakes\videos\FAKE_T3_1070_IOM_HAP_XX__AUDIO_1070_IOM_NEU_XX_sadtalker.mp4,1,done,sadtalker,1070,IOM,happy,neutral,yes
FAKE_T3_1070_IOM_NEU_XX__AUDIO_1070_IOM_SAD_XX_sadtalker,data\synthetic\track3_fakes\videos\FAKE_T3_1070_IOM_NEU_XX__AUDIO_1070_IOM_SAD_XX_sadtalker.mp4,1,done,sadtalker,1070,IOM,neutral,sad,yes
FAKE_T3_1070_ITH_ANG_XX__AUDIO_1070_ITH_DIS_XX_sadtalker,data\synthetic\track3_fakes\videos\FAKE_T3_1070_ITH_ANG_XX__AUDIO_1070_ITH_DIS_XX_sadtalker.mp4,1,done,sadtalker,1070,ITH,angry,disgust,yes
FAKE_T3_1070_ITH_DIS_XX__AUDIO_1070_ITH_FEA_XX_sadtalker,data\synthetic\track3_fakes\videos\FAKE_T3_1070_ITH_DIS_XX__AUDIO_1070_ITH_FEA_XX_sadtalker.mp4,1,done,sadtalker,1070,ITH,disgust,fear,yes
FAKE_T3_1070_ITH_NEU_XX__AUDIO_1070_ITH_SAD_XX_sadtalker,data\synthetic\track3_fakes\videos\FAKE_T3_1070_ITH_NEU_XX__AUDIO_1070_ITH_SAD_XX_sadtalker.mp4,1,done,sadtalker,1070,ITH,neutral,sad,yes
FAKE_T3_1070_ITS_ANG_XX__AUDIO_1070_ITS_DIS_XX_sadtalker,data\synthetic\track3_fakes\videos\FAKE_T3_1070_ITS_ANG_XX__AUDIO_1070_ITS_DIS_XX_sadtalker.mp4,1,done,sadtalker,1070,ITS,angry,disgust,yes
FAKE_T3_1070_IWL_ANG_XX__AUDIO_1070_IWL_DIS_XX_sadtalker,data\synthetic\track3_fakes\videos\FAKE_T3_1070_IWL_ANG_XX__AUDIO_1070_IWL_DIS_XX_sadtalker.mp4,1,done,sadtalker,1070,IWL,angry,disgust,yes
FAKE_T3_1070_IWL_DIS_XX__AUDIO_1070_IWL_FEA_XX_sadtalker,data\synthetic\track3_fakes\videos\FAKE_T3_1070_IWL_DIS_XX__AUDIO_1070_IWL_FEA_XX_sadtalker.mp4,1,done,sadtalker,1070,IWL,disgust,fear,yes
FAKE_T3_1070_IWL_FEA_XX__AUDIO_1070_IWL_HAP_XX_sadtalker,data\synthetic\track3_fakes\videos\FAKE_T3_1070_IWL_FEA_XX__AUDIO_1070_IWL_HAP_XX_sadtalker.mp4,1,done,sadtalker,1070,IWL,fear,happy,yes
FAKE_T3_1070_IWL_HAP_XX__AUDIO_1070_IWL_NEU_XX_sadtalker,data\synthetic\track3_fakes\videos\FAKE_T3_1070_IWL_HAP_XX__AUDIO_1070_IWL_NEU_XX_sadtalker.mp4,1,done,sadtalker,1070,IWL,happy,neutral,yes
FAKE_T3_1070_IWL_NEU_XX__AUDIO_1070_IWL_SAD_XX_sadtalker,data\synthetic\track3_fakes\videos\FAKE_T3_1070_IWL_NEU_XX__AUDIO_1070_IWL_SAD_XX_sadtalker.mp4,1,done,sadtalker,1070,IWL,neutral,sad,yes
FAKE_T3_1070_IWL_SAD_XX__AUDIO_1070_IWL_ANG_XX_sadtalker,data\synthetic\track3_fakes\videos\FAKE_T3_1070_IWL_SAD_XX__AUDIO_1070_IWL_ANG_XX_sadtalker.mp4,1,done,sadtalker,1070,IWL,sad,angry,yes
FAKE_T3_1070_IWW_NEU_XX__AUDIO_1070_IWW_SAD_XX_sadtalker,data\synthetic\track3_fakes\videos\FAKE_T3_1070_IWW_NEU_XX__AUDIO_1070_IWW_SAD_XX_sadtalker.mp4,1,done,sadtalker,1070,IWW,neutral,sad,yes
FAKE_T3_1070_IWW_SAD_XX__AUDIO_1070_IWW_ANG_XX_sadtalker,data\synthetic\track3_fakes\videos\FAKE_T3_1070_IWW_SAD_XX__AUDIO_1070_IWW_ANG_XX_sadtalker.mp4,1,done,sadtalker,1070,IWW,sad,angry,yes
FAKE_T3_1070_MTI_ANG_XX__AUDIO_1070_MTI_DIS_XX_sadtalker,data\synthetic\track3_fakes\videos\FAKE_T3_1070_MTI_ANG_XX__AUDIO_1070_MTI_DIS_XX_sadtalker.mp4,1,done,sadtalker,1070,MTI,angry,disgust,yes
FAKE_T3_1070_MTI_HAP_XX__AUDIO_1070_MTI_NEU_XX_sadtalker,data\synthetic\track3_fakes\videos\FAKE_T3_1070_MTI_HAP_XX__AUDIO_1070_MTI_NEU_XX_sadtalker.mp4,1,done,sadtalker,1070,MTI,happy,neutral,yes
FAKE_T3_1070_TAI_ANG_XX__AUDIO_1070_TAI_DIS_XX_sadtalker,data\synthetic\track3_fakes\videos\FAKE_T3_1070_TAI_ANG_XX__AUDIO_1070_TAI_DIS_XX_sadtalker.mp4,1,done,sadtalker,1070,TAI,angry,disgust,yes
FAKE_T3_1070_TAI_DIS_XX__AUDIO_1070_TAI_FEA_XX_sadtalker,data\synthetic\track3_fakes\videos\FAKE_T3_1070_TAI_DIS_XX__AUDIO_1070_TAI_FEA_XX_sadtalker.mp4,1,done,sadtalker,1070,TAI,disgust,fear,yes
FAKE_T3_1070_TAI_FEA_XX__AUDIO_1070_TAI_HAP_XX_sadtalker,data\synthetic\track3_fakes\videos\FAKE_T3_1070_TAI_FEA_XX__AUDIO_1070_TAI_HAP_XX_sadtalker.mp4,1,done,sadtalker,1070,TAI,fear,happy,yes
FAKE_T3_1070_TAI_NEU_XX__AUDIO_1070_TAI_SAD_XX_sadtalker,data\synthetic\track3_fakes\videos\FAKE_T3_1070_TAI_NEU_XX__AUDIO_1070_TAI_SAD_XX_sadtalker.mp4,1,done,sadtalker,1070,TAI,neutral,sad,yes
FAKE_T3_1070_TAI_SAD_XX__AUDIO_1070_TAI_ANG_XX_sadtalker,data\synthetic\track3_fakes\videos\FAKE_T3_1070_TAI_SAD_XX__AUDIO_1070_TAI_ANG_XX_sadtalker.mp4,1,done,sadtalker,1070,TAI,sad,angry,yes
FAKE_T3_1070_TIE_ANG_XX__AUDIO_1070_TIE_DIS_XX_sadtalker,data\synthetic\track3_fakes\videos\FAKE_T3_1070_TIE_ANG_XX__AUDIO_1070_TIE_DIS_XX_sadtalker.mp4,1,done,sadtalker,1070,TIE,angry,disgust,yes
FAKE_T3_1070_TIE_DIS_XX__AUDIO_1070_TIE_FEA_XX_sadtalker,data\synthetic\track3_fakes\videos\FAKE_T3_1070_TIE_DIS_XX__AUDIO_1070_TIE_FEA_XX_sadtalker.mp4,1,done,sadtalker,1070,TIE,disgust,fear,yes
FAKE_T3_1070_TIE_HAP_XX__AUDIO_1070_TIE_NEU_XX_sadtalker,data\synthetic\track3_fakes\videos\FAKE_T3_1070_TIE_HAP_XX__AUDIO_1070_TIE_NEU_XX_sadtalker.mp4,1,done,sadtalker,1070,TIE,happy,neutral,yes
FAKE_T3_1070_TSI_ANG_XX__AUDIO_1070_TSI_DIS_XX_sadtalker,data\synthetic\track3_fakes\videos\FAKE_T3_1070_TSI_ANG_XX__AUDIO_1070_TSI_DIS_XX_sadtalker.mp4,1,done,sadtalker,1070,TSI,angry,disgust,yes
FAKE_T3_1070_TSI_FEA_XX__AUDIO_1070_TSI_HAP_XX_sadtalker,data\synthetic\track3_fakes\videos\FAKE_T3_1070_TSI_FEA_XX__AUDIO_1070_TSI_HAP_XX_sadtalker.mp4,1,done,sadtalker,1070,TSI,fear,happy,yes
FAKE_T3_1070_WSI_ANG_XX__AUDIO_1070_WSI_DIS_XX_sadtalker,data\synthetic\track3_fakes\videos\FAKE_T3_1070_WSI_ANG_XX__AUDIO_1070_WSI_DIS_XX_sadtalker.mp4,1,done,sadtalker,1070,WSI,angry,disgust,yes
FAKE_T3_1070_WSI_DIS_XX__AUDIO_1070_WSI_FEA_XX_sadtalker,data\synthetic\track3_fakes\videos\FAKE_T3_1070_WSI_DIS_XX__AUDIO_1070_WSI_FEA_XX_sadtalker.mp4,1,done,sadtalker,1070,WSI,disgust,fear,yes
FAKE_T3_1070_WSI_HAP_XX__AUDIO_1070_WSI_NEU_XX_sadtalker,data\synthetic\track3_fakes\videos\FAKE_T3_1070_WSI_HAP_XX__AUDIO_1070_WSI_NEU_XX_sadtalker.mp4,1,done,sadtalker,1070,WSI,happy,neutral,yes
FAKE_T3_1070_WSI_NEU_XX__AUDIO_1070_WSI_SAD_XX_sadtalker,data\synthetic\track3_fakes\videos\FAKE_T3_1070_WSI_NEU_XX__AUDIO_1070_WSI_SAD_XX_sadtalker.mp4,1,done,sadtalker,1070,WSI,neutral,sad,yes
FAKE_T3_1070_WSI_SAD_XX__AUDIO_1070_WSI_ANG_XX_sadtalker,data\synthetic\track3_fakes\videos\FAKE_T3_1070_WSI_SAD_XX__AUDIO_1070_WSI_ANG_XX_sadtalker.mp4,1,done,sadtalker,1070,WSI,sad,angry,yes
FAKE_T3_1071_DFA_ANG_XX__AUDIO_1071_DFA_DIS_XX_sadtalker,data\synthetic\track3_fakes\videos\FAKE_T3_1071_DFA_ANG_XX__AUDIO_1071_DFA_DIS_XX_sadtalker.mp4,1,done,sadtalker,1071,DFA,angry,disgust,yes
FAKE_T3_1071_DFA_DIS_XX__AUDIO_1071_DFA_FEA_XX_sadtalker,data\synthetic\track3_fakes\videos\FAKE_T3_1071_DFA_DIS_XX__AUDIO_1071_DFA_FEA_XX_sadtalker.mp4,1,done,sadtalker,1071,DFA,disgust,fear,yes
FAKE_T3_1071_DFA_FEA_XX__AUDIO_1071_DFA_HAP_XX_sadtalker,data\synthetic\track3_fakes\videos\FAKE_T3_1071_DFA_FEA_XX__AUDIO_1071_DFA_HAP_XX_sadtalker.mp4,1,done,sadtalker,1071,DFA,fear,happy,yes
FAKE_T3_1071_DFA_HAP_XX__AUDIO_1071_DFA_NEU_XX_sadtalker,data\synthetic\track3_fakes\videos\FAKE_T3_1071_DFA_HAP_XX__AUDIO_1071_DFA_NEU_XX_sadtalker.mp4,1,done,sadtalker,1071,DFA,happy,neutral,yes
FAKE_T3_1071_DFA_NEU_XX__AUDIO_1071_DFA_SAD_XX_sadtalker,data\synthetic\track3_fakes\videos\FAKE_T3_1071_DFA_NEU_XX__AUDIO_1071_DFA_SAD_XX_sadtalker.mp4,1,done,sadtalker,1071,DFA,neutral,sad,yes
FAKE_T3_1071_IEO_ANG_LO__AUDIO_1071_IEO_DIS_LO_sadtalker,data\synthetic\track3_fakes\videos\FAKE_T3_1071_IEO_ANG_LO__AUDIO_1071_IEO_DIS_LO_sadtalker.mp4,1,done,sadtalker,1071,IEO,angry,disgust,yes
FAKE_T3_1071_IEO_ANG_MD__AUDIO_1071_IEO_DIS_MD_sadtalker,data\synthetic\track3_fakes\videos\FAKE_T3_1071_IEO_ANG_MD__AUDIO_1071_IEO_DIS_MD_sadtalker.mp4,1,done,sadtalker,1071,IEO,angry,disgust,yes
FAKE_T3_1071_IEO_DIS_HI__AUDIO_1071_IEO_FEA_HI_sadtalker,data\synthetic\track3_fakes\videos\FAKE_T3_1071_IEO_DIS_HI__AUDIO_1071_IEO_FEA_HI_sadtalker.mp4,1,done,sadtalker,1071,IEO,disgust,fear,yes
FAKE_T3_1071_IEO_FEA_HI__AUDIO_1071_IEO_HAP_HI_sadtalker,data\synthetic\track3_fakes\videos\FAKE_T3_1071_IEO_FEA_HI__AUDIO_1071_IEO_HAP_HI_sadtalker.mp4,1,done,sadtalker,1071,IEO,fear,happy,yes
FAKE_T3_1071_IEO_FEA_LO__AUDIO_1071_IEO_HAP_LO_sadtalker,data\synthetic\track3_fakes\videos\FAKE_T3_1071_IEO_FEA_LO__AUDIO_1071_IEO_HAP_LO_sadtalker.mp4,1,done,sadtalker,1071,IEO,fear,happy,yes
FAKE_T3_1071_IEO_SAD_HI__AUDIO_1071_IEO_ANG_HI_sadtalker,data\synthetic\track3_fakes\videos\FAKE_T3_1071_IEO_SAD_HI__AUDIO_1071_IEO_ANG_HI_sadtalker.mp4,1,done,sadtalker,1071,IEO,sad,angry,yes
FAKE_T3_1071_IEO_SAD_MD__AUDIO_1071_IEO_ANG_MD_sadtalker,data\synthetic\track3_fakes\videos\FAKE_T3_1071_IEO_SAD_MD__AUDIO_1071_IEO_ANG_MD_sadtalker.mp4,1,done,sadtalker,1071,IEO,sad,angry,yes
FAKE_T3_1071_IOM_ANG_XX__AUDIO_1071_IOM_DIS_XX_sadtalker,data\synthetic\track3_fakes\videos\FAKE_T3_1071_IOM_ANG_XX__AUDIO_1071_IOM_DIS_XX_sadtalker.mp4,1,done,sadtalker,1071,IOM,angry,disgust,yes
FAKE_T3_1071_IOM_FEA_XX__AUDIO_1071_IOM_HAP_XX_sadtalker,data\synthetic\track3_fakes\videos\FAKE_T3_1071_IOM_FEA_XX__AUDIO_1071_IOM_HAP_XX_sadtalker.mp4,1,done,sadtalker,1071,IOM,fear,happy,yes
FAKE_T3_1071_IOM_HAP_XX__AUDIO_1071_IOM_NEU_XX_sadtalker,data\synthetic\track3_fakes\videos\FAKE_T3_1071_IOM_HAP_XX__AUDIO_1071_IOM_NEU_XX_sadtalker.mp4,1,done,sadtalker,1071,IOM,happy,neutral,yes
FAKE_T3_1071_IOM_NEU_XX__AUDIO_1071_IOM_SAD_XX_sadtalker,data\synthetic\track3_fakes\videos\FAKE_T3_1071_IOM_NEU_XX__AUDIO_1071_IOM_SAD_XX_sadtalker.mp4,1,done,sadtalker,1071,IOM,neutral,sad,yes
FAKE_T3_1071_ITH_DIS_XX__AUDIO_1071_ITH_FEA_XX_sadtalker,data\synthetic\track3_fakes\videos\FAKE_T3_1071_ITH_DIS_XX__AUDIO_1071_ITH_FEA_XX_sadtalker.mp4,1,done,sadtalker,1071,ITH,disgust,fear,yes
FAKE_T3_1071_ITH_HAP_XX__AUDIO_1071_ITH_NEU_XX_sadtalker,data\synthetic\track3_fakes\videos\FAKE_T3_1071_ITH_HAP_XX__AUDIO_1071_ITH_NEU_XX_sadtalker.mp4,1,done,sadtalker,1071,ITH,happy,neutral,yes
FAKE_T3_1071_ITS_DIS_XX__AUDIO_1071_ITS_FEA_XX_sadtalker,data\synthetic\track3_fakes\videos\FAKE_T3_1071_ITS_DIS_XX__AUDIO_1071_ITS_FEA_XX_sadtalker.mp4,1,done,sadtalker,1071,ITS,disgust,fear,yes
FAKE_T3_1071_ITS_FEA_XX__AUDIO_1071_ITS_HAP_XX_sadtalker,data\synthetic\track3_fakes\videos\FAKE_T3_1071_ITS_FEA_XX__AUDIO_1071_ITS_HAP_XX_sadtalker.mp4,1,done,sadtalker,1071,ITS,fear,happy,yes
FAKE_T3_1071_ITS_NEU_XX__AUDIO_1071_ITS_SAD_XX_sadtalker,data\synthetic\track3_fakes\videos\FAKE_T3_1071_ITS_NEU_XX__AUDIO_1071_ITS_SAD_XX_sadtalker.mp4,1,done,sadtalker,1071,ITS,neutral,sad,yes
FAKE_T3_1071_IWL_DIS_XX__AUDIO_1071_IWL_FEA_XX_sadtalker,data\synthetic\track3_fakes\videos\FAKE_T3_1071_IWL_DIS_XX__AUDIO_1071_IWL_FEA_XX_sadtalker.mp4,1,done,sadtalker,1071,IWL,disgust,fear,yes
FAKE_T3_1071_IWL_FEA_XX__AUDIO_1071_IWL_HAP_XX_sadtalker,data\synthetic\track3_fakes\videos\FAKE_T3_1071_IWL_FEA_XX__AUDIO_1071_IWL_HAP_XX_sadtalker.mp4,1,done,sadtalker,1071,IWL,fear,happy,yes
FAKE_T3_1071_IWL_HAP_XX__AUDIO_1071_IWL_NEU_XX_sadtalker,data\synthetic\track3_fakes\videos\FAKE_T3_1071_IWL_HAP_XX__AUDIO_1071_IWL_NEU_XX_sadtalker.mp4,1,done,sadtalker,1071,IWL,happy,neutral,yes
FAKE_T3_1071_IWL_NEU_XX__AUDIO_1071_IWL_SAD_XX_sadtalker,data\synthetic\track3_fakes\videos\FAKE_T3_1071_IWL_NEU_XX__AUDIO_1071_IWL_SAD_XX_sadtalker.mp4,1,done,sadtalker,1071,IWL,neutral,sad,yes
FAKE_T3_1071_IWL_SAD_XX__AUDIO_1071_IWL_ANG_XX_sadtalker,data\synthetic\track3_fakes\videos\FAKE_T3_1071_IWL_SAD_XX__AUDIO_1071_IWL_ANG_XX_sadtalker.mp4,1,done,sadtalker,1071,IWL,sad,angry,yes
FAKE_T3_1071_IWW_ANG_XX__AUDIO_1071_IWW_DIS_XX_sadtalker,data\synthetic\track3_fakes\videos\FAKE_T3_1071_IWW_ANG_XX__AUDIO_1071_IWW_DIS_XX_sadtalker.mp4,1,done,sadtalker,1071,IWW,angry,disgust,yes
FAKE_T3_1071_IWW_FEA_XX__AUDIO_1071_IWW_HAP_XX_sadtalker,data\synthetic\track3_fakes\videos\FAKE_T3_1071_IWW_FEA_XX__AUDIO_1071_IWW_HAP_XX_sadtalker.mp4,1,done,sadtalker,1071,IWW,fear,happy,yes
FAKE_T3_1071_IWW_NEU_XX__AUDIO_1071_IWW_SAD_XX_sadtalker,data\synthetic\track3_fakes\videos\FAKE_T3_1071_IWW_NEU_XX__AUDIO_1071_IWW_SAD_XX_sadtalker.mp4,1,done,sadtalker,1071,IWW,neutral,sad,yes
FAKE_T3_1071_MTI_ANG_XX__AUDIO_1071_MTI_DIS_XX_sadtalker,data\synthetic\track3_fakes\videos\FAKE_T3_1071_MTI_ANG_XX__AUDIO_1071_MTI_DIS_XX_sadtalker.mp4,1,done,sadtalker,1071,MTI,angry,disgust,yes
FAKE_T3_1071_MTI_FEA_XX__AUDIO_1071_MTI_HAP_XX_sadtalker,data\synthetic\track3_fakes\videos\FAKE_T3_1071_MTI_FEA_XX__AUDIO_1071_MTI_HAP_XX_sadtalker.mp4,1,done,sadtalker,1071,MTI,fear,happy,yes
FAKE_T3_1071_MTI_HAP_XX__AUDIO_1071_MTI_NEU_XX_sadtalker,data\synthetic\track3_fakes\videos\FAKE_T3_1071_MTI_HAP_XX__AUDIO_1071_MTI_NEU_XX_sadtalker.mp4,1,done,sadtalker,1071,MTI,happy,neutral,yes
FAKE_T3_1071_MTI_NEU_XX__AUDIO_1071_MTI_SAD_XX_sadtalker,data\synthetic\track3_fakes\videos\FAKE_T3_1071_MTI_NEU_XX__AUDIO_1071_MTI_SAD_XX_sadtalker.mp4,1,done,sadtalker,1071,MTI,neutral,sad,yes
FAKE_T3_1071_MTI_SAD_XX__AUDIO_1071_MTI_ANG_XX_sadtalker,data\synthetic\track3_fakes\videos\FAKE_T3_1071_MTI_SAD_XX__AUDIO_1071_MTI_ANG_XX_sadtalker.mp4,1,done,sadtalker,1071,MTI,sad,angry,yes
FAKE_T3_1071_TAI_ANG_XX__AUDIO_1071_TAI_DIS_XX_sadtalker,data\synthetic\track3_fakes\videos\FAKE_T3_1071_TAI_ANG_XX__AUDIO_1071_TAI_DIS_XX_sadtalker.mp4,1,done,sadtalker,1071,TAI,angry,disgust,yes
FAKE_T3_1071_TAI_DIS_XX__AUDIO_1071_TAI_FEA_XX_sadtalker,data\synthetic\track3_fakes\videos\FAKE_T3_1071_TAI_DIS_XX__AUDIO_1071_TAI_FEA_XX_sadtalker.mp4,1,done,sadtalker,1071,TAI,disgust,fear,yes
FAKE_T3_1071_TAI_HAP_XX__AUDIO_1071_TAI_NEU_XX_sadtalker,data\synthetic\track3_fakes\videos\FAKE_T3_1071_TAI_HAP_XX__AUDIO_1071_TAI_NEU_XX_sadtalker.mp4,1,done,sadtalker,1071,TAI,happy,neutral,yes
FAKE_T3_1071_TIE_FEA_XX__AUDIO_1071_TIE_HAP_XX_sadtalker,data\synthetic\track3_fakes\videos\FAKE_T3_1071_TIE_FEA_XX__AUDIO_1071_TIE_HAP_XX_sadtalker.mp4,1,done,sadtalker,1071,TIE,fear,happy,yes
FAKE_T3_1071_TSI_FEA_XX__AUDIO_1071_TSI_HAP_XX_sadtalker,data\synthetic\track3_fakes\videos\FAKE_T3_1071_TSI_FEA_XX__AUDIO_1071_TSI_HAP_XX_sadtalker.mp4,1,done,sadtalker,1071,TSI,fear,happy,yes
FAKE_T3_1071_WSI_ANG_XX__AUDIO_1071_WSI_DIS_XX_sadtalker,data\synthetic\track3_fakes\videos\FAKE_T3_1071_WSI_ANG_XX__AUDIO_1071_WSI_DIS_XX_sadtalker.mp4,1,done,sadtalker,1071,WSI,angry,disgust,yes
FAKE_T3_1071_WSI_FEA_XX__AUDIO_1071_WSI_HAP_XX_sadtalker,data\synthetic\track3_fakes\videos\FAKE_T3_1071_WSI_FEA_XX__AUDIO_1071_WSI_HAP_XX_sadtalker.mp4,1,done,sadtalker,1071,WSI,fear,happy,yes
FAKE_T3_1072_DFA_DIS_XX__AUDIO_1072_DFA_FEA_XX_sadtalker,data\synthetic\track3_fakes\videos\FAKE_T3_1072_DFA_DIS_XX__AUDIO_1072_DFA_FEA_XX_sadtalker.mp4,1,done,sadtalker,1072,DFA,disgust,fear,yes
FAKE_T3_1072_DFA_NEU_XX__AUDIO_1072_DFA_SAD_XX_sadtalker,data\synthetic\track3_fakes\videos\FAKE_T3_1072_DFA_NEU_XX__AUDIO_1072_DFA_SAD_XX_sadtalker.mp4,1,done,sadtalker,1072,DFA,neutral,sad,yes
FAKE_T3_1072_DFA_SAD_XX__AUDIO_1072_DFA_ANG_XX_sadtalker,data\synthetic\track3_fakes\videos\FAKE_T3_1072_DFA_SAD_XX__AUDIO_1072_DFA_ANG_XX_sadtalker.mp4,1,done,sadtalker,1072,DFA,sad,angry,yes
FAKE_T3_1072_IEO_ANG_HI__AUDIO_1072_IEO_DIS_HI_sadtalker,data\synthetic\track3_fakes\videos\FAKE_T3_1072_IEO_ANG_HI__AUDIO_1072_IEO_DIS_HI_sadtalker.mp4,1,done,sadtalker,1072,IEO,angry,disgust,yes
FAKE_T3_1072_IEO_ANG_MD__AUDIO_1072_IEO_DIS_MD_sadtalker,data\synthetic\track3_fakes\videos\FAKE_T3_1072_IEO_ANG_MD__AUDIO_1072_IEO_DIS_MD_sadtalker.mp4,1,done,sadtalker,1072,IEO,angry,disgust,yes
FAKE_T3_1072_IEO_DIS_HI__AUDIO_1072_IEO_FEA_HI_sadtalker,data\synthetic\track3_fakes\videos\FAKE_T3_1072_IEO_DIS_HI__AUDIO_1072_IEO_FEA_HI_sadtalker.mp4,1,done,sadtalker,1072,IEO,disgust,fear,yes
FAKE_T3_1072_IEO_FEA_LO__AUDIO_1072_IEO_HAP_LO_sadtalker,data\synthetic\track3_fakes\videos\FAKE_T3_1072_IEO_FEA_LO__AUDIO_1072_IEO_HAP_LO_sadtalker.mp4,1,done,sadtalker,1072,IEO,fear,happy,yes
FAKE_T3_1072_IEO_HAP_LO__AUDIO_1072_IEO_NEU_XX_sadtalker,data\synthetic\track3_fakes\videos\FAKE_T3_1072_IEO_HAP_LO__AUDIO_1072_IEO_NEU_XX_sadtalker.mp4,1,done,sadtalker,1072,IEO,happy,neutral,yes
FAKE_T3_1072_IEO_HAP_MD__AUDIO_1072_IEO_NEU_XX_sadtalker,data\synthetic\track3_fakes\videos\FAKE_T3_1072_IEO_HAP_MD__AUDIO_1072_IEO_NEU_XX_sadtalker.mp4,1,done,sadtalker,1072,IEO,happy,neutral,yes
FAKE_T3_1072_IEO_NEU_XX__AUDIO_1072_IEO_SAD_HI_sadtalker,data\synthetic\track3_fakes\videos\FAKE_T3_1072_IEO_NEU_XX__AUDIO_1072_IEO_SAD_HI_sadtalker.mp4,1,done,sadtalker,1072,IEO,neutral,sad,yes
FAKE_T3_1072_IEO_SAD_LO__AUDIO_1072_IEO_ANG_LO_sadtalker,data\synthetic\track3_fakes\videos\FAKE_T3_1072_IEO_SAD_LO__AUDIO_1072_IEO_ANG_LO_sadtalker.mp4,1,done,sadtalker,1072,IEO,sad,angry,yes
FAKE_T3_1072_IEO_SAD_MD__AUDIO_1072_IEO_ANG_MD_sadtalker,data\synthetic\track3_fakes\videos\FAKE_T3_1072_IEO_SAD_MD__AUDIO_1072_IEO_ANG_MD_sadtalker.mp4,1,done,sadtalker,1072,IEO,sad,angry,yes
FAKE_T3_1072_IOM_FEA_XX__AUDIO_1072_IOM_HAP_XX_sadtalker,data\synthetic\track3_fakes\videos\FAKE_T3_1072_IOM_FEA_XX__AUDIO_1072_IOM_HAP_XX_sadtalker.mp4,1,done,sadtalker,1072,IOM,fear,happy,yes
FAKE_T3_1072_IOM_NEU_XX__AUDIO_1072_IOM_SAD_XX_sadtalker,data\synthetic\track3_fakes\videos\FAKE_T3_1072_IOM_NEU_XX__AUDIO_1072_IOM_SAD_XX_sadtalker.mp4,1,done,sadtalker,1072,IOM,neutral,sad,yes
FAKE_T3_1072_ITH_DIS_XX__AUDIO_1072_ITH_FEA_XX_sadtalker,data\synthetic\track3_fakes\videos\FAKE_T3_1072_ITH_DIS_XX__AUDIO_1072_ITH_FEA_XX_sadtalker.mp4,1,done,sadtalker,1072,ITH,disgust,fear,yes
FAKE_T3_1072_ITH_NEU_XX__AUDIO_1072_ITH_SAD_XX_sadtalker,data\synthetic\track3_fakes\videos\FAKE_T3_1072_ITH_NEU_XX__AUDIO_1072_ITH_SAD_XX_sadtalker.mp4,1,done,sadtalker,1072,ITH,neutral,sad,yes
FAKE_T3_1072_ITS_ANG_XX__AUDIO_1072_ITS_DIS_XX_sadtalker,data\synthetic\track3_fakes\videos\FAKE_T3_1072_ITS_ANG_XX__AUDIO_1072_ITS_DIS_XX_sadtalker.mp4,1,done,sadtalker,1072,ITS,angry,disgust,yes
FAKE_T3_1072_ITS_FEA_XX__AUDIO_1072_ITS_HAP_XX_sadtalker,data\synthetic\track3_fakes\videos\FAKE_T3_1072_ITS_FEA_XX__AUDIO_1072_ITS_HAP_XX_sadtalker.mp4,1,done,sadtalker,1072,ITS,fear,happy,yes
FAKE_T3_1072_ITS_SAD_XX__AUDIO_1072_ITS_ANG_XX_sadtalker,data\synthetic\track3_fakes\videos\FAKE_T3_1072_ITS_SAD_XX__AUDIO_1072_ITS_ANG_XX_sadtalker.mp4,1,done,sadtalker,1072,ITS,sad,angry,yes
FAKE_T3_1072_IWL_ANG_XX__AUDIO_1072_IWL_DIS_XX_sadtalker,data\synthetic\track3_fakes\videos\FAKE_T3_1072_IWL_ANG_XX__AUDIO_1072_IWL_DIS_XX_sadtalker.mp4,1,done,sadtalker,1072,IWL,angry,disgust,yes
FAKE_T3_1072_IWL_DIS_XX__AUDIO_1072_IWL_FEA_XX_sadtalker,data\synthetic\track3_fakes\videos\FAKE_T3_1072_IWL_DIS_XX__AUDIO_1072_IWL_FEA_XX_sadtalker.mp4,1,done,sadtalker,1072,IWL,disgust,fear,yes
FAKE_T3_1072_IWL_HAP_XX__AUDIO_1072_IWL_NEU_XX_sadtalker,data\synthetic\track3_fakes\videos\FAKE_T3_1072_IWL_HAP_XX__AUDIO_1072_IWL_NEU_XX_sadtalker.mp4,1,done,sadtalker,1072,IWL,happy,neutral,yes
FAKE_T3_1072_IWL_NEU_XX__AUDIO_1072_IWL_SAD_XX_sadtalker,data\synthetic\track3_fakes\videos\FAKE_T3_1072_IWL_NEU_XX__AUDIO_1072_IWL_SAD_XX_sadtalker.mp4,1,done,sadtalker,1072,IWL,neutral,sad,yes
FAKE_T3_1072_IWW_ANG_XX__AUDIO_1072_IWW_DIS_XX_sadtalker,data\synthetic\track3_fakes\videos\FAKE_T3_1072_IWW_ANG_XX__AUDIO_1072_IWW_DIS_XX_sadtalker.mp4,1,done,sadtalker,1072,IWW,angry,disgust,yes
FAKE_T3_1072_IWW_HAP_XX__AUDIO_1072_IWW_NEU_XX_sadtalker,data\synthetic\track3_fakes\videos\FAKE_T3_1072_IWW_HAP_XX__AUDIO_1072_IWW_NEU_XX_sadtalker.mp4,1,done,sadtalker,1072,IWW,happy,neutral,yes
FAKE_T3_1072_IWW_SAD_XX__AUDIO_1072_IWW_ANG_XX_sadtalker,data\synthetic\track3_fakes\videos\FAKE_T3_1072_IWW_SAD_XX__AUDIO_1072_IWW_ANG_XX_sadtalker.mp4,1,done,sadtalker,1072,IWW,sad,angry,yes
FAKE_T3_1072_MTI_ANG_XX__AUDIO_1072_MTI_DIS_XX_sadtalker,data\synthetic\track3_fakes\videos\FAKE_T3_1072_MTI_ANG_XX__AUDIO_1072_MTI_DIS_XX_sadtalker.mp4,1,done,sadtalker,1072,MTI,angry,disgust,yes
FAKE_T3_1072_MTI_FEA_XX__AUDIO_1072_MTI_HAP_XX_sadtalker,data\synthetic\track3_fakes\videos\FAKE_T3_1072_MTI_FEA_XX__AUDIO_1072_MTI_HAP_XX_sadtalker.mp4,1,done,sadtalker,1072,MTI,fear,happy,yes
FAKE_T3_1072_MTI_NEU_XX__AUDIO_1072_MTI_SAD_XX_sadtalker,data\synthetic\track3_fakes\videos\FAKE_T3_1072_MTI_NEU_XX__AUDIO_1072_MTI_SAD_XX_sadtalker.mp4,1,done,sadtalker,1072,MTI,neutral,sad,yes
FAKE_T3_1072_TAI_DIS_XX__AUDIO_1072_TAI_FEA_XX_sadtalker,data\synthetic\track3_fakes\videos\FAKE_T3_1072_TAI_DIS_XX__AUDIO_1072_TAI_FEA_XX_sadtalker.mp4,1,done,sadtalker,1072,TAI,disgust,fear,yes
FAKE_T3_1072_TAI_HAP_XX__AUDIO_1072_TAI_NEU_XX_sadtalker,data\synthetic\track3_fakes\videos\FAKE_T3_1072_TAI_HAP_XX__AUDIO_1072_TAI_NEU_XX_sadtalker.mp4,1,done,sadtalker,1072,TAI,happy,neutral,yes
FAKE_T3_1072_TAI_NEU_XX__AUDIO_1072_TAI_SAD_XX_sadtalker,data\synthetic\track3_fakes\videos\FAKE_T3_1072_TAI_NEU_XX__AUDIO_1072_TAI_SAD_XX_sadtalker.mp4,1,done,sadtalker,1072,TAI,neutral,sad,yes
FAKE_T3_1072_TIE_ANG_XX__AUDIO_1072_TIE_DIS_XX_sadtalker,data\synthetic\track3_fakes\videos\FAKE_T3_1072_TIE_ANG_XX__AUDIO_1072_TIE_DIS_XX_sadtalker.mp4,1,done,sadtalker,1072,TIE,angry,disgust,yes
FAKE_T3_1072_TIE_DIS_XX__AUDIO_1072_TIE_FEA_XX_sadtalker,data\synthetic\track3_fakes\videos\FAKE_T3_1072_TIE_DIS_XX__AUDIO_1072_TIE_FEA_XX_sadtalker.mp4,1,done,sadtalker,1072,TIE,disgust,fear,yes
FAKE_T3_1072_TIE_SAD_XX__AUDIO_1072_TIE_ANG_XX_sadtalker,data\synthetic\track3_fakes\videos\FAKE_T3_1072_TIE_SAD_XX__AUDIO_1072_TIE_ANG_XX_sadtalker.mp4,1,done,sadtalker,1072,TIE,sad,angry,yes
FAKE_T3_1072_TSI_ANG_XX__AUDIO_1072_TSI_DIS_XX_sadtalker,data\synthetic\track3_fakes\videos\FAKE_T3_1072_TSI_ANG_XX__AUDIO_1072_TSI_DIS_XX_sadtalker.mp4,1,done,sadtalker,1072,TSI,angry,disgust,yes
FAKE_T3_1072_TSI_DIS_XX__AUDIO_1072_TSI_FEA_XX_sadtalker,data\synthetic\track3_fakes\videos\FAKE_T3_1072_TSI_DIS_XX__AUDIO_1072_TSI_FEA_XX_sadtalker.mp4,1,done,sadtalker,1072,TSI,disgust,fear,yes
FAKE_T3_1072_TSI_FEA_XX__AUDIO_1072_TSI_HAP_XX_sadtalker,data\synthetic\track3_fakes\videos\FAKE_T3_1072_TSI_FEA_XX__AUDIO_1072_TSI_HAP_XX_sadtalker.mp4,1,done,sadtalker,1072,TSI,fear,happy,yes
FAKE_T3_1072_WSI_FEA_XX__AUDIO_1072_WSI_HAP_XX_sadtalker,data\synthetic\track3_fakes\videos\FAKE_T3_1072_WSI_FEA_XX__AUDIO_1072_WSI_HAP_XX_sadtalker.mp4,1,done,sadtalker,1072,WSI,fear,happy,yes
FAKE_T3_1072_WSI_HAP_XX__AUDIO_1072_WSI_NEU_XX_sadtalker,data\synthetic\track3_fakes\videos\FAKE_T3_1072_WSI_HAP_XX__AUDIO_1072_WSI_NEU_XX_sadtalker.mp4,1,done,sadtalker,1072,WSI,happy,neutral,yes
FAKE_T3_1072_WSI_NEU_XX__AUDIO_1072_WSI_SAD_XX_sadtalker,data\synthetic\track3_fakes\videos\FAKE_T3_1072_WSI_NEU_XX__AUDIO_1072_WSI_SAD_XX_sadtalker.mp4,1,done,sadtalker,1072,WSI,neutral,sad,yes
FAKE_T3_1073_DFA_FEA_XX__AUDIO_1073_DFA_HAP_XX_sadtalker,data\synthetic\track3_fakes\videos\FAKE_T3_1073_DFA_FEA_XX__AUDIO_1073_DFA_HAP_XX_sadtalker.mp4,1,done,sadtalker,1073,DFA,fear,happy,yes
FAKE_T3_1073_IEO_DIS_MD__AUDIO_1073_IEO_FEA_MD_sadtalker,data\synthetic\track3_fakes\videos\FAKE_T3_1073_IEO_DIS_MD__AUDIO_1073_IEO_FEA_MD_sadtalker.mp4,1,done,sadtalker,1073,IEO,disgust,fear,yes
FAKE_T3_1073_IEO_FEA_HI__AUDIO_1073_IEO_HAP_HI_sadtalker,data\synthetic\track3_fakes\videos\FAKE_T3_1073_IEO_FEA_HI__AUDIO_1073_IEO_HAP_HI_sadtalker.mp4,1,done,sadtalker,1073,IEO,fear,happy,yes
FAKE_T3_1073_IEO_FEA_LO__AUDIO_1073_IEO_HAP_LO_sadtalker,data\synthetic\track3_fakes\videos\FAKE_T3_1073_IEO_FEA_LO__AUDIO_1073_IEO_HAP_LO_sadtalker.mp4,1,done,sadtalker,1073,IEO,fear,happy,yes
FAKE_T3_1073_IEO_FEA_MD__AUDIO_1073_IEO_HAP_MD_sadtalker,data\synthetic\track3_fakes\videos\FAKE_T3_1073_IEO_FEA_MD__AUDIO_1073_IEO_HAP_MD_sadtalker.mp4,1,done,sadtalker,1073,IEO,fear,happy,yes
FAKE_T3_1073_IEO_HAP_LO__AUDIO_1073_IEO_NEU_XX_sadtalker,data\synthetic\track3_fakes\videos\FAKE_T3_1073_IEO_HAP_LO__AUDIO_1073_IEO_NEU_XX_sadtalker.mp4,1,done,sadtalker,1073,IEO,happy,neutral,yes
FAKE_T3_1073_IEO_HAP_MD__AUDIO_1073_IEO_NEU_XX_sadtalker,data\synthetic\track3_fakes\videos\FAKE_T3_1073_IEO_HAP_MD__AUDIO_1073_IEO_NEU_XX_sadtalker.mp4,1,done,sadtalker,1073,IEO,happy,neutral,yes
FAKE_T3_1073_IEO_SAD_LO__AUDIO_1073_IEO_ANG_LO_sadtalker,data\synthetic\track3_fakes\videos\FAKE_T3_1073_IEO_SAD_LO__AUDIO_1073_IEO_ANG_LO_sadtalker.mp4,1,done,sadtalker,1073,IEO,sad,angry,yes
FAKE_T3_1073_IOM_ANG_XX__AUDIO_1073_IOM_DIS_XX_sadtalker,data\synthetic\track3_fakes\videos\FAKE_T3_1073_IOM_ANG_XX__AUDIO_1073_IOM_DIS_XX_sadtalker.mp4,1,done,sadtalker,1073,IOM,angry,disgust,yes
FAKE_T3_1073_IOM_DIS_XX__AUDIO_1073_IOM_FEA_XX_sadtalker,data\synthetic\track3_fakes\videos\FAKE_T3_1073_IOM_DIS_XX__AUDIO_1073_IOM_FEA_XX_sadtalker.mp4,1,done,sadtalker,1073,IOM,disgust,fear,yes
FAKE_T3_1073_IOM_FEA_XX__AUDIO_1073_IOM_HAP_XX_sadtalker,data\synthetic\track3_fakes\videos\FAKE_T3_1073_IOM_FEA_XX__AUDIO_1073_IOM_HAP_XX_sadtalker.mp4,1,done,sadtalker,1073,IOM,fear,happy,yes
FAKE_T3_1073_IOM_HAP_XX__AUDIO_1073_IOM_NEU_XX_sadtalker,data\synthetic\track3_fakes\videos\FAKE_T3_1073_IOM_HAP_XX__AUDIO_1073_IOM_NEU_XX_sadtalker.mp4,1,done,sadtalker,1073,IOM,happy,neutral,yes
FAKE_T3_1073_IOM_SAD_XX__AUDIO_1073_IOM_ANG_XX_sadtalker,data\synthetic\track3_fakes\videos\FAKE_T3_1073_IOM_SAD_XX__AUDIO_1073_IOM_ANG_XX_sadtalker.mp4,1,done,sadtalker,1073,IOM,sad,angry,yes
FAKE_T3_1073_ITH_ANG_XX__AUDIO_1073_ITH_DIS_XX_sadtalker,data\synthetic\track3_fakes\videos\FAKE_T3_1073_ITH_ANG_XX__AUDIO_1073_ITH_DIS_XX_sadtalker.mp4,1,done,sadtalker,1073,ITH,angry,disgust,yes
FAKE_T3_1073_ITH_FEA_XX__AUDIO_1073_ITH_HAP_XX_sadtalker,data\synthetic\track3_fakes\videos\FAKE_T3_1073_ITH_FEA_XX__AUDIO_1073_ITH_HAP_XX_sadtalker.mp4,1,done,sadtalker,1073,ITH,fear,happy,yes
FAKE_T3_1073_ITH_HAP_XX__AUDIO_1073_ITH_NEU_XX_sadtalker,data\synthetic\track3_fakes\videos\FAKE_T3_1073_ITH_HAP_XX__AUDIO_1073_ITH_NEU_XX_sadtalker.mp4,1,done,sadtalker,1073,ITH,happy,neutral,yes
FAKE_T3_1073_ITH_SAD_XX__AUDIO_1073_ITH_ANG_XX_sadtalker,data\synthetic\track3_fakes\videos\FAKE_T3_1073_ITH_SAD_XX__AUDIO_1073_ITH_ANG_XX_sadtalker.mp4,1,done,sadtalker,1073,ITH,sad,angry,yes
FAKE_T3_1073_ITS_DIS_XX__AUDIO_1073_ITS_FEA_XX_sadtalker,data\synthetic\track3_fakes\videos\FAKE_T3_1073_ITS_DIS_XX__AUDIO_1073_ITS_FEA_XX_sadtalker.mp4,1,done,sadtalker,1073,ITS,disgust,fear,yes
FAKE_T3_1073_ITS_FEA_XX__AUDIO_1073_ITS_HAP_XX_sadtalker,data\synthetic\track3_fakes\videos\FAKE_T3_1073_ITS_FEA_XX__AUDIO_1073_ITS_HAP_XX_sadtalker.mp4,1,done,sadtalker,1073,ITS,fear,happy,yes
FAKE_T3_1073_ITS_HAP_XX__AUDIO_1073_ITS_NEU_XX_sadtalker,data\synthetic\track3_fakes\videos\FAKE_T3_1073_ITS_HAP_XX__AUDIO_1073_ITS_NEU_XX_sadtalker.mp4,1,done,sadtalker,1073,ITS,happy,neutral,yes
FAKE_T3_1073_ITS_NEU_XX__AUDIO_1073_ITS_SAD_XX_sadtalker,data\synthetic\track3_fakes\videos\FAKE_T3_1073_ITS_NEU_XX__AUDIO_1073_ITS_SAD_XX_sadtalker.mp4,1,done,sadtalker,1073,ITS,neutral,sad,yes
FAKE_T3_1073_ITS_SAD_XX__AUDIO_1073_ITS_ANG_XX_sadtalker,data\synthetic\track3_fakes\videos\FAKE_T3_1073_ITS_SAD_XX__AUDIO_1073_ITS_ANG_XX_sadtalker.mp4,1,done,sadtalker,1073,ITS,sad,angry,yes
FAKE_T3_1073_IWL_DIS_XX__AUDIO_1073_IWL_FEA_XX_sadtalker,data\synthetic\track3_fakes\videos\FAKE_T3_1073_IWL_DIS_XX__AUDIO_1073_IWL_FEA_XX_sadtalker.mp4,1,done,sadtalker,1073,IWL,disgust,fear,yes
FAKE_T3_1073_IWW_ANG_XX__AUDIO_1073_IWW_DIS_XX_sadtalker,data\synthetic\track3_fakes\videos\FAKE_T3_1073_IWW_ANG_XX__AUDIO_1073_IWW_DIS_XX_sadtalker.mp4,1,done,sadtalker,1073,IWW,angry,disgust,yes
FAKE_T3_1073_IWW_DIS_XX__AUDIO_1073_IWW_FEA_XX_sadtalker,data\synthetic\track3_fakes\videos\FAKE_T3_1073_IWW_DIS_XX__AUDIO_1073_IWW_FEA_XX_sadtalker.mp4,1,done,sadtalker,1073,IWW,disgust,fear,yes
FAKE_T3_1073_IWW_HAP_XX__AUDIO_1073_IWW_NEU_XX_sadtalker,data\synthetic\track3_fakes\videos\FAKE_T3_1073_IWW_HAP_XX__AUDIO_1073_IWW_NEU_XX_sadtalker.mp4,1,done,sadtalker,1073,IWW,happy,neutral,yes
FAKE_T3_1073_MTI_DIS_XX__AUDIO_1073_MTI_FEA_XX_sadtalker,data\synthetic\track3_fakes\videos\FAKE_T3_1073_MTI_DIS_XX__AUDIO_1073_MTI_FEA_XX_sadtalker.mp4,1,done,sadtalker,1073,MTI,disgust,fear,yes
FAKE_T3_1073_MTI_FEA_XX__AUDIO_1073_MTI_HAP_XX_sadtalker,data\synthetic\track3_fakes\videos\FAKE_T3_1073_MTI_FEA_XX__AUDIO_1073_MTI_HAP_XX_sadtalker.mp4,1,done,sadtalker,1073,MTI,fear,happy,yes
FAKE_T3_1073_MTI_HAP_XX__AUDIO_1073_MTI_NEU_XX_sadtalker,data\synthetic\track3_fakes\videos\FAKE_T3_1073_MTI_HAP_XX__AUDIO_1073_MTI_NEU_XX_sadtalker.mp4,1,done,sadtalker,1073,MTI,happy,neutral,yes
FAKE_T3_1073_TAI_ANG_XX__AUDIO_1073_TAI_DIS_XX_sadtalker,data\synthetic\track3_fakes\videos\FAKE_T3_1073_TAI_ANG_XX__AUDIO_1073_TAI_DIS_XX_sadtalker.mp4,1,done,sadtalker,1073,TAI,angry,disgust,yes
FAKE_T3_1073_TAI_DIS_XX__AUDIO_1073_TAI_FEA_XX_sadtalker,data\synthetic\track3_fakes\videos\FAKE_T3_1073_TAI_DIS_XX__AUDIO_1073_TAI_FEA_XX_sadtalker.mp4,1,done,sadtalker,1073,TAI,disgust,fear,yes
FAKE_T3_1073_TAI_HAP_XX__AUDIO_1073_TAI_NEU_XX_sadtalker,data\synthetic\track3_fakes\videos\FAKE_T3_1073_TAI_HAP_XX__AUDIO_1073_TAI_NEU_XX_sadtalker.mp4,1,done,sadtalker,1073,TAI,happy,neutral,yes
FAKE_T3_1073_TAI_NEU_XX__AUDIO_1073_TAI_SAD_XX_sadtalker,data\synthetic\track3_fakes\videos\FAKE_T3_1073_TAI_NEU_XX__AUDIO_1073_TAI_SAD_XX_sadtalker.mp4,1,done,sadtalker,1073,TAI,neutral,sad,yes
FAKE_T3_1073_TAI_SAD_XX__AUDIO_1073_TAI_ANG_XX_sadtalker,data\synthetic\track3_fakes\videos\FAKE_T3_1073_TAI_SAD_XX__AUDIO_1073_TAI_ANG_XX_sadtalker.mp4,1,done,sadtalker,1073,TAI,sad,angry,yes
FAKE_T3_1073_TIE_DIS_XX__AUDIO_1073_TIE_FEA_XX_sadtalker,data\synthetic\track3_fakes\videos\FAKE_T3_1073_TIE_DIS_XX__AUDIO_1073_TIE_FEA_XX_sadtalker.mp4,1,done,sadtalker,1073,TIE,disgust,fear,yes
FAKE_T3_1073_TIE_SAD_XX__AUDIO_1073_TIE_ANG_XX_sadtalker,data\synthetic\track3_fakes\videos\FAKE_T3_1073_TIE_SAD_XX__AUDIO_1073_TIE_ANG_XX_sadtalker.mp4,1,done,sadtalker,1073,TIE,sad,angry,yes
FAKE_T3_1073_TSI_ANG_XX__AUDIO_1073_TSI_DIS_XX_sadtalker,data\synthetic\track3_fakes\videos\FAKE_T3_1073_TSI_ANG_XX__AUDIO_1073_TSI_DIS_XX_sadtalker.mp4,1,done,sadtalker,1073,TSI,angry,disgust,yes
FAKE_T3_1073_TSI_FEA_XX__AUDIO_1073_TSI_HAP_XX_sadtalker,data\synthetic\track3_fakes\videos\FAKE_T3_1073_TSI_FEA_XX__AUDIO_1073_TSI_HAP_XX_sadtalker.mp4,1,done,sadtalker,1073,TSI,fear,happy,yes
FAKE_T3_1073_WSI_ANG_XX__AUDIO_1073_WSI_DIS_XX_sadtalker,data\synthetic\track3_fakes\videos\FAKE_T3_1073_WSI_ANG_XX__AUDIO_1073_WSI_DIS_XX_sadtalker.mp4,1,done,sadtalker,1073,WSI,angry,disgust,yes
FAKE_T3_1073_WSI_DIS_XX__AUDIO_1073_WSI_FEA_XX_sadtalker,data\synthetic\track3_fakes\videos\FAKE_T3_1073_WSI_DIS_XX__AUDIO_1073_WSI_FEA_XX_sadtalker.mp4,1,done,sadtalker,1073,WSI,disgust,fear,yes
FAKE_T3_1073_WSI_HAP_XX__AUDIO_1073_WSI_NEU_XX_sadtalker,data\synthetic\track3_fakes\videos\FAKE_T3_1073_WSI_HAP_XX__AUDIO_1073_WSI_NEU_XX_sadtalker.mp4,1,done,sadtalker,1073,WSI,happy,neutral,yes
FAKE_T3_1074_IEO_ANG_MD__AUDIO_1074_IEO_DIS_MD_sadtalker,data\synthetic\track3_fakes\videos\FAKE_T3_1074_IEO_ANG_MD__AUDIO_1074_IEO_DIS_MD_sadtalker.mp4,1,done,sadtalker,1074,IEO,angry,disgust,yes
FAKE_T3_1074_IEO_DIS_LO__AUDIO_1074_IEO_FEA_LO_sadtalker,data\synthetic\track3_fakes\videos\FAKE_T3_1074_IEO_DIS_LO__AUDIO_1074_IEO_FEA_LO_sadtalker.mp4,1,done,sadtalker,1074,IEO,disgust,fear,yes
FAKE_T3_1074_IEO_DIS_MD__AUDIO_1074_IEO_FEA_MD_sadtalker,data\synthetic\track3_fakes\videos\FAKE_T3_1074_IEO_DIS_MD__AUDIO_1074_IEO_FEA_MD_sadtalker.mp4,1,done,sadtalker,1074,IEO,disgust,fear,yes
FAKE_T3_1074_IEO_FEA_LO__AUDIO_1074_IEO_HAP_LO_sadtalker,data\synthetic\track3_fakes\videos\FAKE_T3_1074_IEO_FEA_LO__AUDIO_1074_IEO_HAP_LO_sadtalker.mp4,1,done,sadtalker,1074,IEO,fear,happy,yes
FAKE_T3_1074_IEO_FEA_MD__AUDIO_1074_IEO_HAP_MD_sadtalker,data\synthetic\track3_fakes\videos\FAKE_T3_1074_IEO_FEA_MD__AUDIO_1074_IEO_HAP_MD_sadtalker.mp4,1,done,sadtalker,1074,IEO,fear,happy,yes
FAKE_T3_1074_IEO_HAP_HI__AUDIO_1074_IEO_NEU_XX_sadtalker,data\synthetic\track3_fakes\videos\FAKE_T3_1074_IEO_HAP_HI__AUDIO_1074_IEO_NEU_XX_sadtalker.mp4,1,done,sadtalker,1074,IEO,happy,neutral,yes
FAKE_T3_1074_IEO_HAP_LO__AUDIO_1074_IEO_NEU_XX_sadtalker,data\synthetic\track3_fakes\videos\FAKE_T3_1074_IEO_HAP_LO__AUDIO_1074_IEO_NEU_XX_sadtalker.mp4,1,done,sadtalker,1074,IEO,happy,neutral,yes
FAKE_T3_1074_IEO_HAP_MD__AUDIO_1074_IEO_NEU_XX_sadtalker,data\synthetic\track3_fakes\videos\FAKE_T3_1074_IEO_HAP_MD__AUDIO_1074_IEO_NEU_XX_sadtalker.mp4,1,done,sadtalker,1074,IEO,happy,neutral,yes
FAKE_T3_1074_IEO_SAD_MD__AUDIO_1074_IEO_ANG_MD_sadtalker,data\synthetic\track3_fakes\videos\FAKE_T3_1074_IEO_SAD_MD__AUDIO_1074_IEO_ANG_MD_sadtalker.mp4,1,done,sadtalker,1074,IEO,sad,angry,yes
FAKE_T3_1074_IOM_ANG_XX__AUDIO_1074_IOM_DIS_XX_sadtalker,data\synthetic\track3_fakes\videos\FAKE_T3_1074_IOM_ANG_XX__AUDIO_1074_IOM_DIS_XX_sadtalker.mp4,1,done,sadtalker,1074,IOM,angry,disgust,yes
FAKE_T3_1074_IOM_FEA_XX__AUDIO_1074_IOM_HAP_XX_sadtalker,data\synthetic\track3_fakes\videos\FAKE_T3_1074_IOM_FEA_XX__AUDIO_1074_IOM_HAP_XX_sadtalker.mp4,1,done,sadtalker,1074,IOM,fear,happy,yes
FAKE_T3_1074_IOM_NEU_XX__AUDIO_1074_IOM_SAD_XX_sadtalker,data\synthetic\track3_fakes\videos\FAKE_T3_1074_IOM_NEU_XX__AUDIO_1074_IOM_SAD_XX_sadtalker.mp4,1,done,sadtalker,1074,IOM,neutral,sad,yes
FAKE_T3_1074_IOM_SAD_XX__AUDIO_1074_IOM_ANG_XX_sadtalker,data\synthetic\track3_fakes\videos\FAKE_T3_1074_IOM_SAD_XX__AUDIO_1074_IOM_ANG_XX_sadtalker.mp4,1,done,sadtalker,1074,IOM,sad,angry,yes
FAKE_T3_1074_ITH_FEA_XX__AUDIO_1074_ITH_HAP_XX_sadtalker,data\synthetic\track3_fakes\videos\FAKE_T3_1074_ITH_FEA_XX__AUDIO_1074_ITH_HAP_XX_sadtalker.mp4,1,done,sadtalker,1074,ITH,fear,happy,yes
FAKE_T3_1074_ITH_NEU_XX__AUDIO_1074_ITH_SAD_XX_sadtalker,data\synthetic\track3_fakes\videos\FAKE_T3_1074_ITH_NEU_XX__AUDIO_1074_ITH_SAD_XX_sadtalker.mp4,1,done,sadtalker,1074,ITH,neutral,sad,yes
FAKE_T3_1074_ITS_ANG_XX__AUDIO_1074_ITS_DIS_XX_sadtalker,data\synthetic\track3_fakes\videos\FAKE_T3_1074_ITS_ANG_XX__AUDIO_1074_ITS_DIS_XX_sadtalker.mp4,1,done,sadtalker,1074,ITS,angry,disgust,yes
FAKE_T3_1074_ITS_FEA_XX__AUDIO_1074_ITS_HAP_XX_sadtalker,data\synthetic\track3_fakes\videos\FAKE_T3_1074_ITS_FEA_XX__AUDIO_1074_ITS_HAP_XX_sadtalker.mp4,1,done,sadtalker,1074,ITS,fear,happy,yes
FAKE_T3_1074_ITS_SAD_XX__AUDIO_1074_ITS_ANG_XX_sadtalker,data\synthetic\track3_fakes\videos\FAKE_T3_1074_ITS_SAD_XX__AUDIO_1074_ITS_ANG_XX_sadtalker.mp4,1,done,sadtalker,1074,ITS,sad,angry,yes
FAKE_T3_1074_IWL_ANG_XX__AUDIO_1074_IWL_DIS_XX_sadtalker,data\synthetic\track3_fakes\videos\FAKE_T3_1074_IWL_ANG_XX__AUDIO_1074_IWL_DIS_XX_sadtalker.mp4,1,done,sadtalker,1074,IWL,angry,disgust,yes
FAKE_T3_1074_IWL_DIS_XX__AUDIO_1074_IWL_FEA_XX_sadtalker,data\synthetic\track3_fakes\videos\FAKE_T3_1074_IWL_DIS_XX__AUDIO_1074_IWL_FEA_XX_sadtalker.mp4,1,done,sadtalker,1074,IWL,disgust,fear,yes
FAKE_T3_1074_IWL_FEA_XX__AUDIO_1074_IWL_HAP_XX_sadtalker,data\synthetic\track3_fakes\videos\FAKE_T3_1074_IWL_FEA_XX__AUDIO_1074_IWL_HAP_XX_sadtalker.mp4,1,done,sadtalker,1074,IWL,fear,happy,yes
FAKE_T3_1074_IWL_HAP_XX__AUDIO_1074_IWL_NEU_XX_sadtalker,data\synthetic\track3_fakes\videos\FAKE_T3_1074_IWL_HAP_XX__AUDIO_1074_IWL_NEU_XX_sadtalker.mp4,1,done,sadtalker,1074,IWL,happy,neutral,yes
FAKE_T3_1074_IWL_SAD_XX__AUDIO_1074_IWL_ANG_XX_sadtalker,data\synthetic\track3_fakes\videos\FAKE_T3_1074_IWL_SAD_XX__AUDIO_1074_IWL_ANG_XX_sadtalker.mp4,1,done,sadtalker,1074,IWL,sad,angry,yes
FAKE_T3_1074_IWW_ANG_XX__AUDIO_1074_IWW_DIS_XX_sadtalker,data\synthetic\track3_fakes\videos\FAKE_T3_1074_IWW_ANG_XX__AUDIO_1074_IWW_DIS_XX_sadtalker.mp4,1,done,sadtalker,1074,IWW,angry,disgust,yes
FAKE_T3_1074_IWW_HAP_XX__AUDIO_1074_IWW_NEU_XX_sadtalker,data\synthetic\track3_fakes\videos\FAKE_T3_1074_IWW_HAP_XX__AUDIO_1074_IWW_NEU_XX_sadtalker.mp4,1,done,sadtalker,1074,IWW,happy,neutral,yes
FAKE_T3_1074_IWW_SAD_XX__AUDIO_1074_IWW_ANG_XX_sadtalker,data\synthetic\track3_fakes\videos\FAKE_T3_1074_IWW_SAD_XX__AUDIO_1074_IWW_ANG_XX_sadtalker.mp4,1,done,sadtalker,1074,IWW,sad,angry,yes
FAKE_T3_1074_MTI_ANG_XX__AUDIO_1074_MTI_DIS_XX_sadtalker,data\synthetic\track3_fakes\videos\FAKE_T3_1074_MTI_ANG_XX__AUDIO_1074_MTI_DIS_XX_sadtalker.mp4,1,done,sadtalker,1074,MTI,angry,disgust,yes
FAKE_T3_1074_MTI_HAP_XX__AUDIO_1074_MTI_NEU_XX_sadtalker,data\synthetic\track3_fakes\videos\FAKE_T3_1074_MTI_HAP_XX__AUDIO_1074_MTI_NEU_XX_sadtalker.mp4,1,done,sadtalker,1074,MTI,happy,neutral,yes
FAKE_T3_1074_TAI_FEA_XX__AUDIO_1074_TAI_HAP_XX_sadtalker,data\synthetic\track3_fakes\videos\FAKE_T3_1074_TAI_FEA_XX__AUDIO_1074_TAI_HAP_XX_sadtalker.mp4,1,done,sadtalker,1074,TAI,fear,happy,yes
FAKE_T3_1074_TAI_HAP_XX__AUDIO_1074_TAI_NEU_XX_sadtalker,data\synthetic\track3_fakes\videos\FAKE_T3_1074_TAI_HAP_XX__AUDIO_1074_TAI_NEU_XX_sadtalker.mp4,1,done,sadtalker,1074,TAI,happy,neutral,yes
FAKE_T3_1074_TIE_ANG_XX__AUDIO_1074_TIE_DIS_XX_sadtalker,data\synthetic\track3_fakes\videos\FAKE_T3_1074_TIE_ANG_XX__AUDIO_1074_TIE_DIS_XX_sadtalker.mp4,1,done,sadtalker,1074,TIE,angry,disgust,yes
FAKE_T3_1074_TIE_DIS_XX__AUDIO_1074_TIE_FEA_XX_sadtalker,data\synthetic\track3_fakes\videos\FAKE_T3_1074_TIE_DIS_XX__AUDIO_1074_TIE_FEA_XX_sadtalker.mp4,1,done,sadtalker,1074,TIE,disgust,fear,yes
FAKE_T3_1074_TIE_FEA_XX__AUDIO_1074_TIE_HAP_XX_sadtalker,data\synthetic\track3_fakes\videos\FAKE_T3_1074_TIE_FEA_XX__AUDIO_1074_TIE_HAP_XX_sadtalker.mp4,1,done,sadtalker,1074,TIE,fear,happy,yes
FAKE_T3_1074_TIE_SAD_XX__AUDIO_1074_TIE_ANG_XX_sadtalker,data\synthetic\track3_fakes\videos\FAKE_T3_1074_TIE_SAD_XX__AUDIO_1074_TIE_ANG_XX_sadtalker.mp4,1,done,sadtalker,1074,TIE,sad,angry,yes
FAKE_T3_1074_TSI_DIS_XX__AUDIO_1074_TSI_FEA_XX_sadtalker,data\synthetic\track3_fakes\videos\FAKE_T3_1074_TSI_DIS_XX__AUDIO_1074_TSI_FEA_XX_sadtalker.mp4,1,done,sadtalker,1074,TSI,disgust,fear,yes
FAKE_T3_1074_TSI_HAP_XX__AUDIO_1074_TSI_NEU_XX_sadtalker,data\synthetic\track3_fakes\videos\FAKE_T3_1074_TSI_HAP_XX__AUDIO_1074_TSI_NEU_XX_sadtalker.mp4,1,done,sadtalker,1074,TSI,happy,neutral,yes
FAKE_T3_1074_TSI_NEU_XX__AUDIO_1074_TSI_SAD_XX_sadtalker,data\synthetic\track3_fakes\videos\FAKE_T3_1074_TSI_NEU_XX__AUDIO_1074_TSI_SAD_XX_sadtalker.mp4,1,done,sadtalker,1074,TSI,neutral,sad,yes
FAKE_T3_1074_TSI_SAD_XX__AUDIO_1074_TSI_ANG_XX_sadtalker,data\synthetic\track3_fakes\videos\FAKE_T3_1074_TSI_SAD_XX__AUDIO_1074_TSI_ANG_XX_sadtalker.mp4,1,done,sadtalker,1074,TSI,sad,angry,yes
FAKE_T3_1074_WSI_ANG_XX__AUDIO_1074_WSI_DIS_XX_sadtalker,data\synthetic\track3_fakes\videos\FAKE_T3_1074_WSI_ANG_XX__AUDIO_1074_WSI_DIS_XX_sadtalker.mp4,1,done,sadtalker,1074,WSI,angry,disgust,yes
FAKE_T3_1074_WSI_HAP_XX__AUDIO_1074_WSI_NEU_XX_sadtalker,data\synthetic\track3_fakes\videos\FAKE_T3_1074_WSI_HAP_XX__AUDIO_1074_WSI_NEU_XX_sadtalker.mp4,1,done,sadtalker,1074,WSI,happy,neutral,yes
FAKE_T3_1074_WSI_SAD_XX__AUDIO_1074_WSI_ANG_XX_sadtalker,data\synthetic\track3_fakes\videos\FAKE_T3_1074_WSI_SAD_XX__AUDIO_1074_WSI_ANG_XX_sadtalker.mp4,1,done,sadtalker,1074,WSI,sad,angry,yes
FAKE_T3_1075_DFA_DIS_XX__AUDIO_1075_DFA_FEA_XX_sadtalker,data\synthetic\track3_fakes\videos\FAKE_T3_1075_DFA_DIS_XX__AUDIO_1075_DFA_FEA_XX_sadtalker.mp4,1,done,sadtalker,1075,DFA,disgust,fear,yes
FAKE_T3_1075_DFA_HAP_XX__AUDIO_1075_DFA_NEU_XX_sadtalker,data\synthetic\track3_fakes\videos\FAKE_T3_1075_DFA_HAP_XX__AUDIO_1075_DFA_NEU_XX_sadtalker.mp4,1,done,sadtalker,1075,DFA,happy,neutral,yes
FAKE_T3_1075_DFA_SAD_XX__AUDIO_1075_DFA_ANG_XX_sadtalker,data\synthetic\track3_fakes\videos\FAKE_T3_1075_DFA_SAD_XX__AUDIO_1075_DFA_ANG_XX_sadtalker.mp4,1,done,sadtalker,1075,DFA,sad,angry,yes
FAKE_T3_1075_IEO_ANG_HI__AUDIO_1075_IEO_DIS_HI_sadtalker,data\synthetic\track3_fakes\videos\FAKE_T3_1075_IEO_ANG_HI__AUDIO_1075_IEO_DIS_HI_sadtalker.mp4,1,done,sadtalker,1075,IEO,angry,disgust,yes
FAKE_T3_1075_IEO_ANG_LO__AUDIO_1075_IEO_DIS_LO_sadtalker,data\synthetic\track3_fakes\videos\FAKE_T3_1075_IEO_ANG_LO__AUDIO_1075_IEO_DIS_LO_sadtalker.mp4,1,done,sadtalker,1075,IEO,angry,disgust,yes
FAKE_T3_1075_IEO_FEA_HI__AUDIO_1075_IEO_HAP_HI_sadtalker,data\synthetic\track3_fakes\videos\FAKE_T3_1075_IEO_FEA_HI__AUDIO_1075_IEO_HAP_HI_sadtalker.mp4,1,done,sadtalker,1075,IEO,fear,happy,yes
FAKE_T3_1075_IEO_FEA_LO__AUDIO_1075_IEO_HAP_LO_sadtalker,data\synthetic\track3_fakes\videos\FAKE_T3_1075_IEO_FEA_LO__AUDIO_1075_IEO_HAP_LO_sadtalker.mp4,1,done,sadtalker,1075,IEO,fear,happy,yes
FAKE_T3_1075_IEO_SAD_LO__AUDIO_1075_IEO_ANG_LO_sadtalker,data\synthetic\track3_fakes\videos\FAKE_T3_1075_IEO_SAD_LO__AUDIO_1075_IEO_ANG_LO_sadtalker.mp4,1,done,sadtalker,1075,IEO,sad,angry,yes
FAKE_T3_1075_IOM_ANG_XX__AUDIO_1075_IOM_DIS_XX_sadtalker,data\synthetic\track3_fakes\videos\FAKE_T3_1075_IOM_ANG_XX__AUDIO_1075_IOM_DIS_XX_sadtalker.mp4,1,done,sadtalker,1075,IOM,angry,disgust,yes
FAKE_T3_1075_IOM_DIS_XX__AUDIO_1075_IOM_FEA_XX_sadtalker,data\synthetic\track3_fakes\videos\FAKE_T3_1075_IOM_DIS_XX__AUDIO_1075_IOM_FEA_XX_sadtalker.mp4,1,done,sadtalker,1075,IOM,disgust,fear,yes
FAKE_T3_1075_IOM_FEA_XX__AUDIO_1075_IOM_HAP_XX_sadtalker,data\synthetic\track3_fakes\videos\FAKE_T3_1075_IOM_FEA_XX__AUDIO_1075_IOM_HAP_XX_sadtalker.mp4,1,done,sadtalker,1075,IOM,fear,happy,yes
FAKE_T3_1075_ITH_DIS_XX__AUDIO_1075_ITH_FEA_XX_sadtalker,data\synthetic\track3_fakes\videos\FAKE_T3_1075_ITH_DIS_XX__AUDIO_1075_ITH_FEA_XX_sadtalker.mp4,1,done,sadtalker,1075,ITH,disgust,fear,yes
FAKE_T3_1075_ITH_FEA_XX__AUDIO_1075_ITH_HAP_XX_sadtalker,data\synthetic\track3_fakes\videos\FAKE_T3_1075_ITH_FEA_XX__AUDIO_1075_ITH_HAP_XX_sadtalker.mp4,1,done,sadtalker,1075,ITH,fear,happy,yes
FAKE_T3_1075_ITH_HAP_XX__AUDIO_1075_ITH_NEU_XX_sadtalker,data\synthetic\track3_fakes\videos\FAKE_T3_1075_ITH_HAP_XX__AUDIO_1075_ITH_NEU_XX_sadtalker.mp4,1,done,sadtalker,1075,ITH,happy,neutral,yes
FAKE_T3_1075_ITH_SAD_XX__AUDIO_1075_ITH_ANG_XX_sadtalker,data\synthetic\track3_fakes\videos\FAKE_T3_1075_ITH_SAD_XX__AUDIO_1075_ITH_ANG_XX_sadtalker.mp4,1,done,sadtalker,1075,ITH,sad,angry,yes
FAKE_T3_1075_ITS_ANG_XX__AUDIO_1075_ITS_DIS_XX_sadtalker,data\synthetic\track3_fakes\videos\FAKE_T3_1075_ITS_ANG_XX__AUDIO_1075_ITS_DIS_XX_sadtalker.mp4,1,done,sadtalker,1075,ITS,angry,disgust,yes
FAKE_T3_1075_ITS_DIS_XX__AUDIO_1075_ITS_FEA_XX_sadtalker,data\synthetic\track3_fakes\videos\FAKE_T3_1075_ITS_DIS_XX__AUDIO_1075_ITS_FEA_XX_sadtalker.mp4,1,done,sadtalker,1075,ITS,disgust,fear,yes
FAKE_T3_1075_ITS_HAP_XX__AUDIO_1075_ITS_NEU_XX_sadtalker,data\synthetic\track3_fakes\videos\FAKE_T3_1075_ITS_HAP_XX__AUDIO_1075_ITS_NEU_XX_sadtalker.mp4,1,done,sadtalker,1075,ITS,happy,neutral,yes
FAKE_T3_1075_ITS_NEU_XX__AUDIO_1075_ITS_SAD_XX_sadtalker,data\synthetic\track3_fakes\videos\FAKE_T3_1075_ITS_NEU_XX__AUDIO_1075_ITS_SAD_XX_sadtalker.mp4,1,done,sadtalker,1075,ITS,neutral,sad,yes
FAKE_T3_1075_ITS_SAD_XX__AUDIO_1075_ITS_ANG_XX_sadtalker,data\synthetic\track3_fakes\videos\FAKE_T3_1075_ITS_SAD_XX__AUDIO_1075_ITS_ANG_XX_sadtalker.mp4,1,done,sadtalker,1075,ITS,sad,angry,yes
FAKE_T3_1075_IWL_ANG_XX__AUDIO_1075_IWL_DIS_XX_sadtalker,data\synthetic\track3_fakes\videos\FAKE_T3_1075_IWL_ANG_XX__AUDIO_1075_IWL_DIS_XX_sadtalker.mp4,1,done,sadtalker,1075,IWL,angry,disgust,yes
FAKE_T3_1075_IWL_DIS_XX__AUDIO_1075_IWL_FEA_XX_sadtalker,data\synthetic\track3_fakes\videos\FAKE_T3_1075_IWL_DIS_XX__AUDIO_1075_IWL_FEA_XX_sadtalker.mp4,1,done,sadtalker,1075,IWL,disgust,fear,yes
FAKE_T3_1075_IWL_HAP_XX__AUDIO_1075_IWL_NEU_XX_sadtalker,data\synthetic\track3_fakes\videos\FAKE_T3_1075_IWL_HAP_XX__AUDIO_1075_IWL_NEU_XX_sadtalker.mp4,1,done,sadtalker,1075,IWL,happy,neutral,yes
FAKE_T3_1075_IWL_NEU_XX__AUDIO_1075_IWL_SAD_XX_sadtalker,data\synthetic\track3_fakes\videos\FAKE_T3_1075_IWL_NEU_XX__AUDIO_1075_IWL_SAD_XX_sadtalker.mp4,1,done,sadtalker,1075,IWL,neutral,sad,yes
FAKE_T3_1075_IWW_FEA_XX__AUDIO_1075_IWW_HAP_XX_sadtalker,data\synthetic\track3_fakes\videos\FAKE_T3_1075_IWW_FEA_XX__AUDIO_1075_IWW_HAP_XX_sadtalker.mp4,1,done,sadtalker,1075,IWW,fear,happy,yes
FAKE_T3_1075_MTI_DIS_XX__AUDIO_1075_MTI_FEA_XX_sadtalker,data\synthetic\track3_fakes\videos\FAKE_T3_1075_MTI_DIS_XX__AUDIO_1075_MTI_FEA_XX_sadtalker.mp4,1,done,sadtalker,1075,MTI,disgust,fear,yes
FAKE_T3_1075_MTI_FEA_XX__AUDIO_1075_MTI_HAP_XX_sadtalker,data\synthetic\track3_fakes\videos\FAKE_T3_1075_MTI_FEA_XX__AUDIO_1075_MTI_HAP_XX_sadtalker.mp4,1,done,sadtalker,1075,MTI,fear,happy,yes
FAKE_T3_1075_MTI_HAP_XX__AUDIO_1075_MTI_NEU_XX_sadtalker,data\synthetic\track3_fakes\videos\FAKE_T3_1075_MTI_HAP_XX__AUDIO_1075_MTI_NEU_XX_sadtalker.mp4,1,done,sadtalker,1075,MTI,happy,neutral,yes
FAKE_T3_1075_TAI_ANG_XX__AUDIO_1075_TAI_DIS_XX_sadtalker,data\synthetic\track3_fakes\videos\FAKE_T3_1075_TAI_ANG_XX__AUDIO_1075_TAI_DIS_XX_sadtalker.mp4,1,done,sadtalker,1075,TAI,angry,disgust,yes
FAKE_T3_1075_TAI_DIS_XX__AUDIO_1075_TAI_FEA_XX_sadtalker,data\synthetic\track3_fakes\videos\FAKE_T3_1075_TAI_DIS_XX__AUDIO_1075_TAI_FEA_XX_sadtalker.mp4,1,done,sadtalker,1075,TAI,disgust,fear,yes
FAKE_T3_1075_TAI_FEA_XX__AUDIO_1075_TAI_HAP_XX_sadtalker,data\synthetic\track3_fakes\videos\FAKE_T3_1075_TAI_FEA_XX__AUDIO_1075_TAI_HAP_XX_sadtalker.mp4,1,done,sadtalker,1075,TAI,fear,happy,yes
FAKE_T3_1075_TAI_HAP_XX__AUDIO_1075_TAI_NEU_XX_sadtalker,data\synthetic\track3_fakes\videos\FAKE_T3_1075_TAI_HAP_XX__AUDIO_1075_TAI_NEU_XX_sadtalker.mp4,1,done,sadtalker,1075,TAI,happy,neutral,yes
FAKE_T3_1075_TAI_NEU_XX__AUDIO_1075_TAI_SAD_XX_sadtalker,data\synthetic\track3_fakes\videos\FAKE_T3_1075_TAI_NEU_XX__AUDIO_1075_TAI_SAD_XX_sadtalker.mp4,1,done,sadtalker,1075,TAI,neutral,sad,yes
FAKE_T3_1075_TAI_SAD_XX__AUDIO_1075_TAI_ANG_XX_sadtalker,data\synthetic\track3_fakes\videos\FAKE_T3_1075_TAI_SAD_XX__AUDIO_1075_TAI_ANG_XX_sadtalker.mp4,1,done,sadtalker,1075,TAI,sad,angry,yes
FAKE_T3_1075_TIE_DIS_XX__AUDIO_1075_TIE_FEA_XX_sadtalker,data\synthetic\track3_fakes\videos\FAKE_T3_1075_TIE_DIS_XX__AUDIO_1075_TIE_FEA_XX_sadtalker.mp4,1,done,sadtalker,1075,TIE,disgust,fear,yes
FAKE_T3_1075_TIE_HAP_XX__AUDIO_1075_TIE_NEU_XX_sadtalker,data\synthetic\track3_fakes\videos\FAKE_T3_1075_TIE_HAP_XX__AUDIO_1075_TIE_NEU_XX_sadtalker.mp4,1,done,sadtalker,1075,TIE,happy,neutral,yes
FAKE_T3_1075_TIE_SAD_XX__AUDIO_1075_TIE_ANG_XX_sadtalker,data\synthetic\track3_fakes\videos\FAKE_T3_1075_TIE_SAD_XX__AUDIO_1075_TIE_ANG_XX_sadtalker.mp4,1,done,sadtalker,1075,TIE,sad,angry,yes
FAKE_T3_1075_TSI_ANG_XX__AUDIO_1075_TSI_DIS_XX_sadtalker,data\synthetic\track3_fakes\videos\FAKE_T3_1075_TSI_ANG_XX__AUDIO_1075_TSI_DIS_XX_sadtalker.mp4,1,done,sadtalker,1075,TSI,angry,disgust,yes
FAKE_T3_1075_TSI_SAD_XX__AUDIO_1075_TSI_ANG_XX_sadtalker,data\synthetic\track3_fakes\videos\FAKE_T3_1075_TSI_SAD_XX__AUDIO_1075_TSI_ANG_XX_sadtalker.mp4,1,done,sadtalker,1075,TSI,sad,angry,yes
FAKE_T3_1075_WSI_DIS_XX__AUDIO_1075_WSI_FEA_XX_sadtalker,data\synthetic\track3_fakes\videos\FAKE_T3_1075_WSI_DIS_XX__AUDIO_1075_WSI_FEA_XX_sadtalker.mp4,1,done,sadtalker,1075,WSI,disgust,fear,yes
FAKE_T3_1075_WSI_SAD_XX__AUDIO_1075_WSI_ANG_XX_sadtalker,data\synthetic\track3_fakes\videos\FAKE_T3_1075_WSI_SAD_XX__AUDIO_1075_WSI_ANG_XX_sadtalker.mp4,1,done,sadtalker,1075,WSI,sad,angry,yes
FAKE_T3_1076_DFA_ANG_XX__AUDIO_1076_DFA_DIS_XX_sadtalker,data\synthetic\track3_fakes\videos\FAKE_T3_1076_DFA_ANG_XX__AUDIO_1076_DFA_DIS_XX_sadtalker.mp4,1,done,sadtalker,1076,DFA,angry,disgust,yes
FAKE_T3_1076_IEO_ANG_LO__AUDIO_1076_IEO_DIS_LO_sadtalker,data\synthetic\track3_fakes\videos\FAKE_T3_1076_IEO_ANG_LO__AUDIO_1076_IEO_DIS_LO_sadtalker.mp4,1,done,sadtalker,1076,IEO,angry,disgust,yes
FAKE_T3_1076_IEO_ANG_MD__AUDIO_1076_IEO_DIS_MD_sadtalker,data\synthetic\track3_fakes\videos\FAKE_T3_1076_IEO_ANG_MD__AUDIO_1076_IEO_DIS_MD_sadtalker.mp4,1,done,sadtalker,1076,IEO,angry,disgust,yes
FAKE_T3_1076_IEO_DIS_HI__AUDIO_1076_IEO_FEA_HI_sadtalker,data\synthetic\track3_fakes\videos\FAKE_T3_1076_IEO_DIS_HI__AUDIO_1076_IEO_FEA_HI_sadtalker.mp4,1,done,sadtalker,1076,IEO,disgust,fear,yes
FAKE_T3_1076_IEO_HAP_HI__AUDIO_1076_IEO_NEU_XX_sadtalker,data\synthetic\track3_fakes\videos\FAKE_T3_1076_IEO_HAP_HI__AUDIO_1076_IEO_NEU_XX_sadtalker.mp4,1,done,sadtalker,1076,IEO,happy,neutral,yes
FAKE_T3_1076_IEO_HAP_LO__AUDIO_1076_IEO_NEU_XX_sadtalker,data\synthetic\track3_fakes\videos\FAKE_T3_1076_IEO_HAP_LO__AUDIO_1076_IEO_NEU_XX_sadtalker.mp4,1,done,sadtalker,1076,IEO,happy,neutral,yes
FAKE_T3_1076_IEO_HAP_MD__AUDIO_1076_IEO_NEU_XX_sadtalker,data\synthetic\track3_fakes\videos\FAKE_T3_1076_IEO_HAP_MD__AUDIO_1076_IEO_NEU_XX_sadtalker.mp4,1,done,sadtalker,1076,IEO,happy,neutral,yes
FAKE_T3_1076_IEO_SAD_HI__AUDIO_1076_IEO_ANG_HI_sadtalker,data\synthetic\track3_fakes\videos\FAKE_T3_1076_IEO_SAD_HI__AUDIO_1076_IEO_ANG_HI_sadtalker.mp4,1,done,sadtalker,1076,IEO,sad,angry,yes
FAKE_T3_1076_IEO_SAD_MD__AUDIO_1076_IEO_ANG_MD_sadtalker,data\synthetic\track3_fakes\videos\FAKE_T3_1076_IEO_SAD_MD__AUDIO_1076_IEO_ANG_MD_sadtalker.mp4,1,done,sadtalker,1076,IEO,sad,angry,yes
FAKE_T3_1076_IOM_ANG_XX__AUDIO_1076_IOM_DIS_XX_sadtalker,data\synthetic\track3_fakes\videos\FAKE_T3_1076_IOM_ANG_XX__AUDIO_1076_IOM_DIS_XX_sadtalker.mp4,1,done,sadtalker,1076,IOM,angry,disgust,yes
FAKE_T3_1076_IOM_DIS_XX__AUDIO_1076_IOM_FEA_XX_sadtalker,data\synthetic\track3_fakes\videos\FAKE_T3_1076_IOM_DIS_XX__AUDIO_1076_IOM_FEA_XX_sadtalker.mp4,1,done,sadtalker,1076,IOM,disgust,fear,yes
FAKE_T3_1076_IOM_NEU_XX__AUDIO_1076_IOM_SAD_XX_sadtalker,data\synthetic\track3_fakes\videos\FAKE_T3_1076_IOM_NEU_XX__AUDIO_1076_IOM_SAD_XX_sadtalker.mp4,1,done,sadtalker,1076,IOM,neutral,sad,yes
FAKE_T3_1076_IOM_SAD_XX__AUDIO_1076_IOM_ANG_XX_sadtalker,data\synthetic\track3_fakes\videos\FAKE_T3_1076_IOM_SAD_XX__AUDIO_1076_IOM_ANG_XX_sadtalker.mp4,1,done,sadtalker,1076,IOM,sad,angry,yes
FAKE_T3_1076_ITH_FEA_XX__AUDIO_1076_ITH_HAP_XX_sadtalker,data\synthetic\track3_fakes\videos\FAKE_T3_1076_ITH_FEA_XX__AUDIO_1076_ITH_HAP_XX_sadtalker.mp4,1,done,sadtalker,1076,ITH,fear,happy,yes
FAKE_T3_1076_ITH_HAP_XX__AUDIO_1076_ITH_NEU_XX_sadtalker,data\synthetic\track3_fakes\videos\FAKE_T3_1076_ITH_HAP_XX__AUDIO_1076_ITH_NEU_XX_sadtalker.mp4,1,done,sadtalker,1076,ITH,happy,neutral,yes
FAKE_T3_1076_ITH_NEU_XX__AUDIO_1076_ITH_SAD_XX_sadtalker,data\synthetic\track3_fakes\videos\FAKE_T3_1076_ITH_NEU_XX__AUDIO_1076_ITH_SAD_XX_sadtalker.mp4,1,done,sadtalker,1076,ITH,neutral,sad,yes
FAKE_T3_1076_ITH_SAD_XX__AUDIO_1076_ITH_ANG_XX_sadtalker,data\synthetic\track3_fakes\videos\FAKE_T3_1076_ITH_SAD_XX__AUDIO_1076_ITH_ANG_XX_sadtalker.mp4,1,done,sadtalker,1076,ITH,sad,angry,yes
FAKE_T3_1076_ITS_DIS_XX__AUDIO_1076_ITS_FEA_XX_sadtalker,data\synthetic\track3_fakes\videos\FAKE_T3_1076_ITS_DIS_XX__AUDIO_1076_ITS_FEA_XX_sadtalker.mp4,1,done,sadtalker,1076,ITS,disgust,fear,yes
FAKE_T3_1076_ITS_HAP_XX__AUDIO_1076_ITS_ANG_XX_sadtalker,data\synthetic\track3_fakes\videos\FAKE_T3_1076_ITS_HAP_XX__AUDIO_1076_ITS_ANG_XX_sadtalker.mp4,1,done,sadtalker,1076,ITS,happy,angry,yes
FAKE_T3_1076_ITS_SAD_XX__AUDIO_1076_ITS_ANG_XX_sadtalker,data\synthetic\track3_fakes\videos\FAKE_T3_1076_ITS_SAD_XX__AUDIO_1076_ITS_ANG_XX_sadtalker.mp4,1,done,sadtalker,1076,ITS,sad,angry,yes
FAKE_T3_1076_IWL_ANG_XX__AUDIO_1076_IWL_DIS_XX_sadtalker,data\synthetic\track3_fakes\videos\FAKE_T3_1076_IWL_ANG_XX__AUDIO_1076_IWL_DIS_XX_sadtalker.mp4,1,done,sadtalker,1076,IWL,angry,disgust,yes
FAKE_T3_1076_IWL_DIS_XX__AUDIO_1076_IWL_FEA_XX_sadtalker,data\synthetic\track3_fakes\videos\FAKE_T3_1076_IWL_DIS_XX__AUDIO_1076_IWL_FEA_XX_sadtalker.mp4,1,done,sadtalker,1076,IWL,disgust,fear,yes
FAKE_T3_1076_IWL_FEA_XX__AUDIO_1076_IWL_HAP_XX_sadtalker,data\synthetic\track3_fakes\videos\FAKE_T3_1076_IWL_FEA_XX__AUDIO_1076_IWL_HAP_XX_sadtalker.mp4,1,done,sadtalker,1076,IWL,fear,happy,yes
FAKE_T3_1076_IWW_NEU_XX__AUDIO_1076_IWW_SAD_XX_sadtalker,data\synthetic\track3_fakes\videos\FAKE_T3_1076_IWW_NEU_XX__AUDIO_1076_IWW_SAD_XX_sadtalker.mp4,1,done,sadtalker,1076,IWW,neutral,sad,yes
FAKE_T3_1076_IWW_SAD_XX__AUDIO_1076_IWW_ANG_XX_sadtalker,data\synthetic\track3_fakes\videos\FAKE_T3_1076_IWW_SAD_XX__AUDIO_1076_IWW_ANG_XX_sadtalker.mp4,1,done,sadtalker,1076,IWW,sad,angry,yes
FAKE_T3_1076_MTI_ANG_XX__AUDIO_1076_MTI_DIS_XX_sadtalker,data\synthetic\track3_fakes\videos\FAKE_T3_1076_MTI_ANG_XX__AUDIO_1076_MTI_DIS_XX_sadtalker.mp4,1,done,sadtalker,1076,MTI,angry,disgust,yes
FAKE_T3_1076_MTI_HAP_XX__AUDIO_1076_MTI_NEU_XX_sadtalker,data\synthetic\track3_fakes\videos\FAKE_T3_1076_MTI_HAP_XX__AUDIO_1076_MTI_NEU_XX_sadtalker.mp4,1,done,sadtalker,1076,MTI,happy,neutral,yes
FAKE_T3_1076_MTI_NEU_XX__AUDIO_1076_MTI_SAD_XX_sadtalker,data\synthetic\track3_fakes\videos\FAKE_T3_1076_MTI_NEU_XX__AUDIO_1076_MTI_SAD_XX_sadtalker.mp4,1,done,sadtalker,1076,MTI,neutral,sad,yes
FAKE_T3_1076_TAI_ANG_XX__AUDIO_1076_TAI_DIS_XX_sadtalker,data\synthetic\track3_fakes\videos\FAKE_T3_1076_TAI_ANG_XX__AUDIO_1076_TAI_DIS_XX_sadtalker.mp4,1,done,sadtalker,1076,TAI,angry,disgust,yes
FAKE_T3_1076_TAI_FEA_XX__AUDIO_1076_TAI_HAP_XX_sadtalker,data\synthetic\track3_fakes\videos\FAKE_T3_1076_TAI_FEA_XX__AUDIO_1076_TAI_HAP_XX_sadtalker.mp4,1,done,sadtalker,1076,TAI,fear,happy,yes
FAKE_T3_1076_TAI_HAP_XX__AUDIO_1076_TAI_NEU_XX_sadtalker,data\synthetic\track3_fakes\videos\FAKE_T3_1076_TAI_HAP_XX__AUDIO_1076_TAI_NEU_XX_sadtalker.mp4,1,done,sadtalker,1076,TAI,happy,neutral,yes
FAKE_T3_1076_TIE_ANG_XX__AUDIO_1076_TIE_DIS_XX_sadtalker,data\synthetic\track3_fakes\videos\FAKE_T3_1076_TIE_ANG_XX__AUDIO_1076_TIE_DIS_XX_sadtalker.mp4,1,done,sadtalker,1076,TIE,angry,disgust,yes
FAKE_T3_1076_TIE_FEA_XX__AUDIO_1076_TIE_HAP_XX_sadtalker,data\synthetic\track3_fakes\videos\FAKE_T3_1076_TIE_FEA_XX__AUDIO_1076_TIE_HAP_XX_sadtalker.mp4,1,done,sadtalker,1076,TIE,fear,happy,yes
FAKE_T3_1076_TIE_HAP_XX__AUDIO_1076_TIE_NEU_XX_sadtalker,data\synthetic\track3_fakes\videos\FAKE_T3_1076_TIE_HAP_XX__AUDIO_1076_TIE_NEU_XX_sadtalker.mp4,1,done,sadtalker,1076,TIE,happy,neutral,yes
FAKE_T3_1076_TIE_NEU_XX__AUDIO_1076_TIE_SAD_XX_sadtalker,data\synthetic\track3_fakes\videos\FAKE_T3_1076_TIE_NEU_XX__AUDIO_1076_TIE_SAD_XX_sadtalker.mp4,1,done,sadtalker,1076,TIE,neutral,sad,yes
FAKE_T3_1076_TSI_DIS_XX__AUDIO_1076_TSI_FEA_XX_sadtalker,data\synthetic\track3_fakes\videos\FAKE_T3_1076_TSI_DIS_XX__AUDIO_1076_TSI_FEA_XX_sadtalker.mp4,1,done,sadtalker,1076,TSI,disgust,fear,yes
FAKE_T3_1076_TSI_FEA_XX__AUDIO_1076_TSI_HAP_XX_sadtalker,data\synthetic\track3_fakes\videos\FAKE_T3_1076_TSI_FEA_XX__AUDIO_1076_TSI_HAP_XX_sadtalker.mp4,1,done,sadtalker,1076,TSI,fear,happy,yes
FAKE_T3_1076_TSI_HAP_XX__AUDIO_1076_TSI_NEU_XX_sadtalker,data\synthetic\track3_fakes\videos\FAKE_T3_1076_TSI_HAP_XX__AUDIO_1076_TSI_NEU_XX_sadtalker.mp4,1,done,sadtalker,1076,TSI,happy,neutral,yes
FAKE_T3_1076_WSI_FEA_XX__AUDIO_1076_WSI_HAP_XX_sadtalker,data\synthetic\track3_fakes\videos\FAKE_T3_1076_WSI_FEA_XX__AUDIO_1076_WSI_HAP_XX_sadtalker.mp4,1,done,sadtalker,1076,WSI,fear,happy,yes
FAKE_T3_1076_WSI_HAP_XX__AUDIO_1076_WSI_NEU_XX_sadtalker,data\synthetic\track3_fakes\videos\FAKE_T3_1076_WSI_HAP_XX__AUDIO_1076_WSI_NEU_XX_sadtalker.mp4,1,done,sadtalker,1076,WSI,happy,neutral,yes
FAKE_T3_1076_WSI_SAD_XX__AUDIO_1076_WSI_ANG_XX_sadtalker,data\synthetic\track3_fakes\videos\FAKE_T3_1076_WSI_SAD_XX__AUDIO_1076_WSI_ANG_XX_sadtalker.mp4,1,done,sadtalker,1076,WSI,sad,angry,yes
FAKE_T3_1077_DFA_HAP_XX__AUDIO_1077_DFA_NEU_XX_sadtalker,data\synthetic\track3_fakes\videos\FAKE_T3_1077_DFA_HAP_XX__AUDIO_1077_DFA_NEU_XX_sadtalker.mp4,1,done,sadtalker,1077,DFA,happy,neutral,yes
FAKE_T3_1077_IEO_ANG_HI__AUDIO_1077_IEO_DIS_HI_sadtalker,data\synthetic\track3_fakes\videos\FAKE_T3_1077_IEO_ANG_HI__AUDIO_1077_IEO_DIS_HI_sadtalker.mp4,1,done,sadtalker,1077,IEO,angry,disgust,yes
FAKE_T3_1077_IEO_ANG_LO__AUDIO_1077_IEO_DIS_LO_sadtalker,data\synthetic\track3_fakes\videos\FAKE_T3_1077_IEO_ANG_LO__AUDIO_1077_IEO_DIS_LO_sadtalker.mp4,1,done,sadtalker,1077,IEO,angry,disgust,yes
FAKE_T3_1077_IEO_DIS_HI__AUDIO_1077_IEO_FEA_HI_sadtalker,data\synthetic\track3_fakes\videos\FAKE_T3_1077_IEO_DIS_HI__AUDIO_1077_IEO_FEA_HI_sadtalker.mp4,1,done,sadtalker,1077,IEO,disgust,fear,yes
FAKE_T3_1077_IEO_DIS_LO__AUDIO_1077_IEO_FEA_LO_sadtalker,data\synthetic\track3_fakes\videos\FAKE_T3_1077_IEO_DIS_LO__AUDIO_1077_IEO_FEA_LO_sadtalker.mp4,1,done,sadtalker,1077,IEO,disgust,fear,yes
FAKE_T3_1077_IEO_HAP_HI__AUDIO_1077_IEO_NEU_XX_sadtalker,data\synthetic\track3_fakes\videos\FAKE_T3_1077_IEO_HAP_HI__AUDIO_1077_IEO_NEU_XX_sadtalker.mp4,1,done,sadtalker,1077,IEO,happy,neutral,yes
FAKE_T3_1077_IEO_HAP_LO__AUDIO_1077_IEO_NEU_XX_sadtalker,data\synthetic\track3_fakes\videos\FAKE_T3_1077_IEO_HAP_LO__AUDIO_1077_IEO_NEU_XX_sadtalker.mp4,1,done,sadtalker,1077,IEO,happy,neutral,yes
FAKE_T3_1077_IEO_NEU_XX__AUDIO_1077_IEO_SAD_HI_sadtalker,data\synthetic\track3_fakes\videos\FAKE_T3_1077_IEO_NEU_XX__AUDIO_1077_IEO_SAD_HI_sadtalker.mp4,1,done,sadtalker,1077,IEO,neutral,sad,yes
FAKE_T3_1077_IOM_ANG_XX__AUDIO_1077_IOM_DIS_XX_sadtalker,data\synthetic\track3_fakes\videos\FAKE_T3_1077_IOM_ANG_XX__AUDIO_1077_IOM_DIS_XX_sadtalker.mp4,1,done,sadtalker,1077,IOM,angry,disgust,yes
FAKE_T3_1077_IOM_DIS_XX__AUDIO_1077_IOM_FEA_XX_sadtalker,data\synthetic\track3_fakes\videos\FAKE_T3_1077_IOM_DIS_XX__AUDIO_1077_IOM_FEA_XX_sadtalker.mp4,1,done,sadtalker,1077,IOM,disgust,fear,yes
FAKE_T3_1077_IOM_FEA_XX__AUDIO_1077_IOM_HAP_XX_sadtalker,data\synthetic\track3_fakes\videos\FAKE_T3_1077_IOM_FEA_XX__AUDIO_1077_IOM_HAP_XX_sadtalker.mp4,1,done,sadtalker,1077,IOM,fear,happy,yes
FAKE_T3_1077_IOM_HAP_XX__AUDIO_1077_IOM_NEU_XX_sadtalker,data\synthetic\track3_fakes\videos\FAKE_T3_1077_IOM_HAP_XX__AUDIO_1077_IOM_NEU_XX_sadtalker.mp4,1,done,sadtalker,1077,IOM,happy,neutral,yes
FAKE_T3_1077_IOM_NEU_XX__AUDIO_1077_IOM_SAD_XX_sadtalker,data\synthetic\track3_fakes\videos\FAKE_T3_1077_IOM_NEU_XX__AUDIO_1077_IOM_SAD_XX_sadtalker.mp4,1,done,sadtalker,1077,IOM,neutral,sad,yes
FAKE_T3_1077_IOM_SAD_XX__AUDIO_1077_IOM_ANG_XX_sadtalker,data\synthetic\track3_fakes\videos\FAKE_T3_1077_IOM_SAD_XX__AUDIO_1077_IOM_ANG_XX_sadtalker.mp4,1,done,sadtalker,1077,IOM,sad,angry,yes
FAKE_T3_1077_ITH_ANG_XX__AUDIO_1077_ITH_DIS_XX_sadtalker,data\synthetic\track3_fakes\videos\FAKE_T3_1077_ITH_ANG_XX__AUDIO_1077_ITH_DIS_XX_sadtalker.mp4,1,done,sadtalker,1077,ITH,angry,disgust,yes
FAKE_T3_1077_ITH_FEA_XX__AUDIO_1077_ITH_HAP_XX_sadtalker,data\synthetic\track3_fakes\videos\FAKE_T3_1077_ITH_FEA_XX__AUDIO_1077_ITH_HAP_XX_sadtalker.mp4,1,done,sadtalker,1077,ITH,fear,happy,yes
FAKE_T3_1077_ITS_ANG_XX__AUDIO_1077_ITS_DIS_XX_sadtalker,data\synthetic\track3_fakes\videos\FAKE_T3_1077_ITS_ANG_XX__AUDIO_1077_ITS_DIS_XX_sadtalker.mp4,1,done,sadtalker,1077,ITS,angry,disgust,yes
FAKE_T3_1077_ITS_FEA_XX__AUDIO_1077_ITS_HAP_XX_sadtalker,data\synthetic\track3_fakes\videos\FAKE_T3_1077_ITS_FEA_XX__AUDIO_1077_ITS_HAP_XX_sadtalker.mp4,1,done,sadtalker,1077,ITS,fear,happy,yes
FAKE_T3_1077_ITS_HAP_XX__AUDIO_1077_ITS_NEU_XX_sadtalker,data\synthetic\track3_fakes\videos\FAKE_T3_1077_ITS_HAP_XX__AUDIO_1077_ITS_NEU_XX_sadtalker.mp4,1,done,sadtalker,1077,ITS,happy,neutral,yes
FAKE_T3_1077_ITS_NEU_XX__AUDIO_1077_ITS_SAD_XX_sadtalker,data\synthetic\track3_fakes\videos\FAKE_T3_1077_ITS_NEU_XX__AUDIO_1077_ITS_SAD_XX_sadtalker.mp4,1,done,sadtalker,1077,ITS,neutral,sad,yes
FAKE_T3_1077_ITS_SAD_XX__AUDIO_1077_ITS_ANG_XX_sadtalker,data\synthetic\track3_fakes\videos\FAKE_T3_1077_ITS_SAD_XX__AUDIO_1077_ITS_ANG_XX_sadtalker.mp4,1,done,sadtalker,1077,ITS,sad,angry,yes
FAKE_T3_1077_IWL_DIS_XX__AUDIO_1077_IWL_FEA_XX_sadtalker,data\synthetic\track3_fakes\videos\FAKE_T3_1077_IWL_DIS_XX__AUDIO_1077_IWL_FEA_XX_sadtalker.mp4,1,done,sadtalker,1077,IWL,disgust,fear,yes
FAKE_T3_1077_IWL_FEA_XX__AUDIO_1077_IWL_HAP_XX_sadtalker,data\synthetic\track3_fakes\videos\FAKE_T3_1077_IWL_FEA_XX__AUDIO_1077_IWL_HAP_XX_sadtalker.mp4,1,done,sadtalker,1077,IWL,fear,happy,yes
FAKE_T3_1077_IWW_ANG_XX__AUDIO_1077_IWW_DIS_XX_sadtalker,data\synthetic\track3_fakes\videos\FAKE_T3_1077_IWW_ANG_XX__AUDIO_1077_IWW_DIS_XX_sadtalker.mp4,1,done,sadtalker,1077,IWW,angry,disgust,yes
FAKE_T3_1077_IWW_HAP_XX__AUDIO_1077_IWW_NEU_XX_sadtalker,data\synthetic\track3_fakes\videos\FAKE_T3_1077_IWW_HAP_XX__AUDIO_1077_IWW_NEU_XX_sadtalker.mp4,1,done,sadtalker,1077,IWW,happy,neutral,yes
FAKE_T3_1077_IWW_SAD_XX__AUDIO_1077_IWW_ANG_XX_sadtalker,data\synthetic\track3_fakes\videos\FAKE_T3_1077_IWW_SAD_XX__AUDIO_1077_IWW_ANG_XX_sadtalker.mp4,1,done,sadtalker,1077,IWW,sad,angry,yes
FAKE_T3_1077_MTI_DIS_XX__AUDIO_1077_MTI_FEA_XX_sadtalker,data\synthetic\track3_fakes\videos\FAKE_T3_1077_MTI_DIS_XX__AUDIO_1077_MTI_FEA_XX_sadtalker.mp4,1,done,sadtalker,1077,MTI,disgust,fear,yes
FAKE_T3_1077_MTI_HAP_XX__AUDIO_1077_MTI_NEU_XX_sadtalker,data\synthetic\track3_fakes\videos\FAKE_T3_1077_MTI_HAP_XX__AUDIO_1077_MTI_NEU_XX_sadtalker.mp4,1,done,sadtalker,1077,MTI,happy,neutral,yes
FAKE_T3_1077_MTI_SAD_XX__AUDIO_1077_MTI_ANG_XX_sadtalker,data\synthetic\track3_fakes\videos\FAKE_T3_1077_MTI_SAD_XX__AUDIO_1077_MTI_ANG_XX_sadtalker.mp4,1,done,sadtalker,1077,MTI,sad,angry,yes
FAKE_T3_1077_TAI_DIS_XX__AUDIO_1077_TAI_FEA_XX_sadtalker,data\synthetic\track3_fakes\videos\FAKE_T3_1077_TAI_DIS_XX__AUDIO_1077_TAI_FEA_XX_sadtalker.mp4,1,done,sadtalker,1077,TAI,disgust,fear,yes
FAKE_T3_1077_TIE_ANG_XX__AUDIO_1077_TIE_DIS_XX_sadtalker,data\synthetic\track3_fakes\videos\FAKE_T3_1077_TIE_ANG_XX__AUDIO_1077_TIE_DIS_XX_sadtalker.mp4,1,done,sadtalker,1077,TIE,angry,disgust,yes
FAKE_T3_1077_TIE_DIS_XX__AUDIO_1077_TIE_FEA_XX_sadtalker,data\synthetic\track3_fakes\videos\FAKE_T3_1077_TIE_DIS_XX__AUDIO_1077_TIE_FEA_XX_sadtalker.mp4,1,done,sadtalker,1077,TIE,disgust,fear,yes
FAKE_T3_1077_TIE_FEA_XX__AUDIO_1077_TIE_HAP_XX_sadtalker,data\synthetic\track3_fakes\videos\FAKE_T3_1077_TIE_FEA_XX__AUDIO_1077_TIE_HAP_XX_sadtalker.mp4,1,done,sadtalker,1077,TIE,fear,happy,yes
FAKE_T3_1077_TIE_NEU_XX__AUDIO_1077_TIE_SAD_XX_sadtalker,data\synthetic\track3_fakes\videos\FAKE_T3_1077_TIE_NEU_XX__AUDIO_1077_TIE_SAD_XX_sadtalker.mp4,1,done,sadtalker,1077,TIE,neutral,sad,yes
FAKE_T3_1077_TIE_SAD_XX__AUDIO_1077_TIE_ANG_XX_sadtalker,data\synthetic\track3_fakes\videos\FAKE_T3_1077_TIE_SAD_XX__AUDIO_1077_TIE_ANG_XX_sadtalker.mp4,1,done,sadtalker,1077,TIE,sad,angry,yes
FAKE_T3_1077_TSI_ANG_XX__AUDIO_1077_TSI_DIS_XX_sadtalker,data\synthetic\track3_fakes\videos\FAKE_T3_1077_TSI_ANG_XX__AUDIO_1077_TSI_DIS_XX_sadtalker.mp4,1,done,sadtalker,1077,TSI,angry,disgust,yes
FAKE_T3_1077_TSI_DIS_XX__AUDIO_1077_TSI_FEA_XX_sadtalker,data\synthetic\track3_fakes\videos\FAKE_T3_1077_TSI_DIS_XX__AUDIO_1077_TSI_FEA_XX_sadtalker.mp4,1,done,sadtalker,1077,TSI,disgust,fear,yes
FAKE_T3_1077_TSI_FEA_XX__AUDIO_1077_TSI_HAP_XX_sadtalker,data\synthetic\track3_fakes\videos\FAKE_T3_1077_TSI_FEA_XX__AUDIO_1077_TSI_HAP_XX_sadtalker.mp4,1,done,sadtalker,1077,TSI,fear,happy,yes
FAKE_T3_1077_TSI_NEU_XX__AUDIO_1077_TSI_SAD_XX_sadtalker,data\synthetic\track3_fakes\videos\FAKE_T3_1077_TSI_NEU_XX__AUDIO_1077_TSI_SAD_XX_sadtalker.mp4,1,done,sadtalker,1077,TSI,neutral,sad,yes
FAKE_T3_1077_WSI_DIS_XX__AUDIO_1077_WSI_FEA_XX_sadtalker,data\synthetic\track3_fakes\videos\FAKE_T3_1077_WSI_DIS_XX__AUDIO_1077_WSI_FEA_XX_sadtalker.mp4,1,done,sadtalker,1077,WSI,disgust,fear,yes
FAKE_T3_1077_WSI_SAD_XX__AUDIO_1077_WSI_ANG_XX_sadtalker,data\synthetic\track3_fakes\videos\FAKE_T3_1077_WSI_SAD_XX__AUDIO_1077_WSI_ANG_XX_sadtalker.mp4,1,done,sadtalker,1077,WSI,sad,angry,yes
FAKE_T3_1078_DFA_HAP_XX__AUDIO_1078_DFA_NEU_XX_sadtalker,data\synthetic\track3_fakes\videos\FAKE_T3_1078_DFA_HAP_XX__AUDIO_1078_DFA_NEU_XX_sadtalker.mp4,1,done,sadtalker,1078,DFA,happy,neutral,yes
FAKE_T3_1078_DFA_NEU_XX__AUDIO_1078_DFA_SAD_XX_sadtalker,data\synthetic\track3_fakes\videos\FAKE_T3_1078_DFA_NEU_XX__AUDIO_1078_DFA_SAD_XX_sadtalker.mp4,1,done,sadtalker,1078,DFA,neutral,sad,yes
FAKE_T3_1078_IEO_ANG_HI__AUDIO_1078_IEO_DIS_HI_sadtalker,data\synthetic\track3_fakes\videos\FAKE_T3_1078_IEO_ANG_HI__AUDIO_1078_IEO_DIS_HI_sadtalker.mp4,1,done,sadtalker,1078,IEO,angry,disgust,yes
FAKE_T3_1078_IEO_DIS_LO__AUDIO_1078_IEO_FEA_LO_sadtalker,data\synthetic\track3_fakes\videos\FAKE_T3_1078_IEO_DIS_LO__AUDIO_1078_IEO_FEA_LO_sadtalker.mp4,1,done,sadtalker,1078,IEO,disgust,fear,yes
FAKE_T3_1078_IEO_FEA_MD__AUDIO_1078_IEO_HAP_MD_sadtalker,data\synthetic\track3_fakes\videos\FAKE_T3_1078_IEO_FEA_MD__AUDIO_1078_IEO_HAP_MD_sadtalker.mp4,1,done,sadtalker,1078,IEO,fear,happy,yes
FAKE_T3_1078_IEO_NEU_XX__AUDIO_1078_IEO_SAD_HI_sadtalker,data\synthetic\track3_fakes\videos\FAKE_T3_1078_IEO_NEU_XX__AUDIO_1078_IEO_SAD_HI_sadtalker.mp4,1,done,sadtalker,1078,IEO,neutral,sad,yes
FAKE_T3_1078_IEO_SAD_HI__AUDIO_1078_IEO_ANG_HI_sadtalker,data\synthetic\track3_fakes\videos\FAKE_T3_1078_IEO_SAD_HI__AUDIO_1078_IEO_ANG_HI_sadtalker.mp4,1,done,sadtalker,1078,IEO,sad,angry,yes
FAKE_T3_1078_IEO_SAD_MD__AUDIO_1078_IEO_ANG_MD_sadtalker,data\synthetic\track3_fakes\videos\FAKE_T3_1078_IEO_SAD_MD__AUDIO_1078_IEO_ANG_MD_sadtalker.mp4,1,done,sadtalker,1078,IEO,sad,angry,yes
FAKE_T3_1078_IOM_DIS_XX__AUDIO_1078_IOM_FEA_XX_sadtalker,data\synthetic\track3_fakes\videos\FAKE_T3_1078_IOM_DIS_XX__AUDIO_1078_IOM_FEA_XX_sadtalker.mp4,1,done,sadtalker,1078,IOM,disgust,fear,yes
FAKE_T3_1078_IOM_HAP_XX__AUDIO_1078_IOM_NEU_XX_sadtalker,data\synthetic\track3_fakes\videos\FAKE_T3_1078_IOM_HAP_XX__AUDIO_1078_IOM_NEU_XX_sadtalker.mp4,1,done,sadtalker,1078,IOM,happy,neutral,yes
FAKE_T3_1078_IOM_NEU_XX__AUDIO_1078_IOM_SAD_XX_sadtalker,data\synthetic\track3_fakes\videos\FAKE_T3_1078_IOM_NEU_XX__AUDIO_1078_IOM_SAD_XX_sadtalker.mp4,1,done,sadtalker,1078,IOM,neutral,sad,yes
FAKE_T3_1078_ITH_ANG_XX__AUDIO_1078_ITH_DIS_XX_sadtalker,data\synthetic\track3_fakes\videos\FAKE_T3_1078_ITH_ANG_XX__AUDIO_1078_ITH_DIS_XX_sadtalker.mp4,1,done,sadtalker,1078,ITH,angry,disgust,yes
FAKE_T3_1078_ITH_DIS_XX__AUDIO_1078_ITH_FEA_XX_sadtalker,data\synthetic\track3_fakes\videos\FAKE_T3_1078_ITH_DIS_XX__AUDIO_1078_ITH_FEA_XX_sadtalker.mp4,1,done,sadtalker,1078,ITH,disgust,fear,yes
FAKE_T3_1078_ITH_SAD_XX__AUDIO_1078_ITH_ANG_XX_sadtalker,data\synthetic\track3_fakes\videos\FAKE_T3_1078_ITH_SAD_XX__AUDIO_1078_ITH_ANG_XX_sadtalker.mp4,1,done,sadtalker,1078,ITH,sad,angry,yes
FAKE_T3_1078_ITS_ANG_XX__AUDIO_1078_ITS_DIS_XX_sadtalker,data\synthetic\track3_fakes\videos\FAKE_T3_1078_ITS_ANG_XX__AUDIO_1078_ITS_DIS_XX_sadtalker.mp4,1,done,sadtalker,1078,ITS,angry,disgust,yes
FAKE_T3_1078_ITS_FEA_XX__AUDIO_1078_ITS_HAP_XX_sadtalker,data\synthetic\track3_fakes\videos\FAKE_T3_1078_ITS_FEA_XX__AUDIO_1078_ITS_HAP_XX_sadtalker.mp4,1,done,sadtalker,1078,ITS,fear,happy,yes
FAKE_T3_1078_IWL_DIS_XX__AUDIO_1078_IWL_FEA_XX_sadtalker,data\synthetic\track3_fakes\videos\FAKE_T3_1078_IWL_DIS_XX__AUDIO_1078_IWL_FEA_XX_sadtalker.mp4,1,done,sadtalker,1078,IWL,disgust,fear,yes
FAKE_T3_1078_IWL_FEA_XX__AUDIO_1078_IWL_HAP_XX_sadtalker,data\synthetic\track3_fakes\videos\FAKE_T3_1078_IWL_FEA_XX__AUDIO_1078_IWL_HAP_XX_sadtalker.mp4,1,done,sadtalker,1078,IWL,fear,happy,yes
FAKE_T3_1078_IWL_HAP_XX__AUDIO_1078_IWL_NEU_XX_sadtalker,data\synthetic\track3_fakes\videos\FAKE_T3_1078_IWL_HAP_XX__AUDIO_1078_IWL_NEU_XX_sadtalker.mp4,1,done,sadtalker,1078,IWL,happy,neutral,yes
FAKE_T3_1078_IWL_NEU_XX__AUDIO_1078_IWL_SAD_XX_sadtalker,data\synthetic\track3_fakes\videos\FAKE_T3_1078_IWL_NEU_XX__AUDIO_1078_IWL_SAD_XX_sadtalker.mp4,1,done,sadtalker,1078,IWL,neutral,sad,yes
FAKE_T3_1078_IWL_SAD_XX__AUDIO_1078_IWL_ANG_XX_sadtalker,data\synthetic\track3_fakes\videos\FAKE_T3_1078_IWL_SAD_XX__AUDIO_1078_IWL_ANG_XX_sadtalker.mp4,1,done,sadtalker,1078,IWL,sad,angry,yes
FAKE_T3_1078_IWW_ANG_XX__AUDIO_1078_IWW_DIS_XX_sadtalker,data\synthetic\track3_fakes\videos\FAKE_T3_1078_IWW_ANG_XX__AUDIO_1078_IWW_DIS_XX_sadtalker.mp4,1,done,sadtalker,1078,IWW,angry,disgust,yes
FAKE_T3_1078_IWW_DIS_XX__AUDIO_1078_IWW_FEA_XX_sadtalker,data\synthetic\track3_fakes\videos\FAKE_T3_1078_IWW_DIS_XX__AUDIO_1078_IWW_FEA_XX_sadtalker.mp4,1,done,sadtalker,1078,IWW,disgust,fear,yes
FAKE_T3_1078_IWW_FEA_XX__AUDIO_1078_IWW_HAP_XX_sadtalker,data\synthetic\track3_fakes\videos\FAKE_T3_1078_IWW_FEA_XX__AUDIO_1078_IWW_HAP_XX_sadtalker.mp4,1,done,sadtalker,1078,IWW,fear,happy,yes
FAKE_T3_1078_IWW_HAP_XX__AUDIO_1078_IWW_NEU_XX_sadtalker,data\synthetic\track3_fakes\videos\FAKE_T3_1078_IWW_HAP_XX__AUDIO_1078_IWW_NEU_XX_sadtalker.mp4,1,done,sadtalker,1078,IWW,happy,neutral,yes
FAKE_T3_1078_MTI_DIS_XX__AUDIO_1078_MTI_FEA_XX_sadtalker,data\synthetic\track3_fakes\videos\FAKE_T3_1078_MTI_DIS_XX__AUDIO_1078_MTI_FEA_XX_sadtalker.mp4,1,done,sadtalker,1078,MTI,disgust,fear,yes
FAKE_T3_1078_MTI_HAP_XX__AUDIO_1078_MTI_NEU_XX_sadtalker,data\synthetic\track3_fakes\videos\FAKE_T3_1078_MTI_HAP_XX__AUDIO_1078_MTI_NEU_XX_sadtalker.mp4,1,done,sadtalker,1078,MTI,happy,neutral,yes
FAKE_T3_1078_MTI_SAD_XX__AUDIO_1078_MTI_ANG_XX_sadtalker,data\synthetic\track3_fakes\videos\FAKE_T3_1078_MTI_SAD_XX__AUDIO_1078_MTI_ANG_XX_sadtalker.mp4,1,done,sadtalker,1078,MTI,sad,angry,yes
FAKE_T3_1078_TAI_ANG_XX__AUDIO_1078_TAI_DIS_XX_sadtalker,data\synthetic\track3_fakes\videos\FAKE_T3_1078_TAI_ANG_XX__AUDIO_1078_TAI_DIS_XX_sadtalker.mp4,1,done,sadtalker,1078,TAI,angry,disgust,yes
FAKE_T3_1078_TAI_DIS_XX__AUDIO_1078_TAI_FEA_XX_sadtalker,data\synthetic\track3_fakes\videos\FAKE_T3_1078_TAI_DIS_XX__AUDIO_1078_TAI_FEA_XX_sadtalker.mp4,1,done,sadtalker,1078,TAI,disgust,fear,yes
FAKE_T3_1078_TAI_FEA_XX__AUDIO_1078_TAI_HAP_XX_sadtalker,data\synthetic\track3_fakes\videos\FAKE_T3_1078_TAI_FEA_XX__AUDIO_1078_TAI_HAP_XX_sadtalker.mp4,1,done,sadtalker,1078,TAI,fear,happy,yes
FAKE_T3_1078_TAI_HAP_XX__AUDIO_1078_TAI_NEU_XX_sadtalker,data\synthetic\track3_fakes\videos\FAKE_T3_1078_TAI_HAP_XX__AUDIO_1078_TAI_NEU_XX_sadtalker.mp4,1,done,sadtalker,1078,TAI,happy,neutral,yes
FAKE_T3_1078_TAI_NEU_XX__AUDIO_1078_TAI_SAD_XX_sadtalker,data\synthetic\track3_fakes\videos\FAKE_T3_1078_TAI_NEU_XX__AUDIO_1078_TAI_SAD_XX_sadtalker.mp4,1,done,sadtalker,1078,TAI,neutral,sad,yes
FAKE_T3_1078_TIE_ANG_XX__AUDIO_1078_TIE_DIS_XX_sadtalker,data\synthetic\track3_fakes\videos\FAKE_T3_1078_TIE_ANG_XX__AUDIO_1078_TIE_DIS_XX_sadtalker.mp4,1,done,sadtalker,1078,TIE,angry,disgust,yes
FAKE_T3_1078_TIE_HAP_XX__AUDIO_1078_TIE_NEU_XX_sadtalker,data\synthetic\track3_fakes\videos\FAKE_T3_1078_TIE_HAP_XX__AUDIO_1078_TIE_NEU_XX_sadtalker.mp4,1,done,sadtalker,1078,TIE,happy,neutral,yes
FAKE_T3_1078_TIE_SAD_XX__AUDIO_1078_TIE_ANG_XX_sadtalker,data\synthetic\track3_fakes\videos\FAKE_T3_1078_TIE_SAD_XX__AUDIO_1078_TIE_ANG_XX_sadtalker.mp4,1,done,sadtalker,1078,TIE,sad,angry,yes
FAKE_T3_1078_TSI_DIS_XX__AUDIO_1078_TSI_FEA_XX_sadtalker,data\synthetic\track3_fakes\videos\FAKE_T3_1078_TSI_DIS_XX__AUDIO_1078_TSI_FEA_XX_sadtalker.mp4,1,done,sadtalker,1078,TSI,disgust,fear,yes
FAKE_T3_1078_TSI_HAP_XX__AUDIO_1078_TSI_NEU_XX_sadtalker,data\synthetic\track3_fakes\videos\FAKE_T3_1078_TSI_HAP_XX__AUDIO_1078_TSI_NEU_XX_sadtalker.mp4,1,done,sadtalker,1078,TSI,happy,neutral,yes
FAKE_T3_1078_TSI_SAD_XX__AUDIO_1078_TSI_ANG_XX_sadtalker,data\synthetic\track3_fakes\videos\FAKE_T3_1078_TSI_SAD_XX__AUDIO_1078_TSI_ANG_XX_sadtalker.mp4,1,done,sadtalker,1078,TSI,sad,angry,yes
FAKE_T3_1078_WSI_HAP_XX__AUDIO_1078_WSI_NEU_XX_sadtalker,data\synthetic\track3_fakes\videos\FAKE_T3_1078_WSI_HAP_XX__AUDIO_1078_WSI_NEU_XX_sadtalker.mp4,1,done,sadtalker,1078,WSI,happy,neutral,yes
FAKE_T3_1078_WSI_SAD_XX__AUDIO_1078_WSI_ANG_XX_sadtalker,data\synthetic\track3_fakes\videos\FAKE_T3_1078_WSI_SAD_XX__AUDIO_1078_WSI_ANG_XX_sadtalker.mp4,1,done,sadtalker,1078,WSI,sad,angry,yes
FAKE_T3_1079_DFA_FEA_XX__AUDIO_1079_DFA_HAP_XX_sadtalker,data\synthetic\track3_fakes\videos\FAKE_T3_1079_DFA_FEA_XX__AUDIO_1079_DFA_HAP_XX_sadtalker.mp4,1,done,sadtalker,1079,DFA,fear,happy,yes
FAKE_T3_1079_DFA_HAP_XX__AUDIO_1079_DFA_NEU_XX_sadtalker,data\synthetic\track3_fakes\videos\FAKE_T3_1079_DFA_HAP_XX__AUDIO_1079_DFA_NEU_XX_sadtalker.mp4,1,done,sadtalker,1079,DFA,happy,neutral,yes
FAKE_T3_1079_DFA_NEU_XX__AUDIO_1079_DFA_SAD_XX_sadtalker,data\synthetic\track3_fakes\videos\FAKE_T3_1079_DFA_NEU_XX__AUDIO_1079_DFA_SAD_XX_sadtalker.mp4,1,done,sadtalker,1079,DFA,neutral,sad,yes
FAKE_T3_1079_IEO_ANG_MD__AUDIO_1079_IEO_DIS_MD_sadtalker,data\synthetic\track3_fakes\videos\FAKE_T3_1079_IEO_ANG_MD__AUDIO_1079_IEO_DIS_MD_sadtalker.mp4,1,done,sadtalker,1079,IEO,angry,disgust,yes
FAKE_T3_1079_IEO_FEA_HI__AUDIO_1079_IEO_HAP_HI_sadtalker,data\synthetic\track3_fakes\videos\FAKE_T3_1079_IEO_FEA_HI__AUDIO_1079_IEO_HAP_HI_sadtalker.mp4,1,done,sadtalker,1079,IEO,fear,happy,yes
FAKE_T3_1079_IEO_FEA_LO__AUDIO_1079_IEO_HAP_LO_sadtalker,data\synthetic\track3_fakes\videos\FAKE_T3_1079_IEO_FEA_LO__AUDIO_1079_IEO_HAP_LO_sadtalker.mp4,1,done,sadtalker,1079,IEO,fear,happy,yes
FAKE_T3_1079_IEO_FEA_MD__AUDIO_1079_IEO_HAP_MD_sadtalker,data\synthetic\track3_fakes\videos\FAKE_T3_1079_IEO_FEA_MD__AUDIO_1079_IEO_HAP_MD_sadtalker.mp4,1,done,sadtalker,1079,IEO,fear,happy,yes
FAKE_T3_1079_IEO_HAP_HI__AUDIO_1079_IEO_NEU_XX_sadtalker,data\synthetic\track3_fakes\videos\FAKE_T3_1079_IEO_HAP_HI__AUDIO_1079_IEO_NEU_XX_sadtalker.mp4,1,done,sadtalker,1079,IEO,happy,neutral,yes
FAKE_T3_1079_IEO_NEU_XX__AUDIO_1079_IEO_SAD_HI_sadtalker,data\synthetic\track3_fakes\videos\FAKE_T3_1079_IEO_NEU_XX__AUDIO_1079_IEO_SAD_HI_sadtalker.mp4,1,done,sadtalker,1079,IEO,neutral,sad,yes
FAKE_T3_1079_IEO_SAD_MD__AUDIO_1079_IEO_ANG_MD_sadtalker,data\synthetic\track3_fakes\videos\FAKE_T3_1079_IEO_SAD_MD__AUDIO_1079_IEO_ANG_MD_sadtalker.mp4,1,done,sadtalker,1079,IEO,sad,angry,yes
FAKE_T3_1079_IOM_DIS_XX__AUDIO_1079_IOM_FEA_XX_sadtalker,data\synthetic\track3_fakes\videos\FAKE_T3_1079_IOM_DIS_XX__AUDIO_1079_IOM_FEA_XX_sadtalker.mp4,1,done,sadtalker,1079,IOM,disgust,fear,yes
FAKE_T3_1079_IOM_FEA_XX__AUDIO_1079_IOM_HAP_XX_sadtalker,data\synthetic\track3_fakes\videos\FAKE_T3_1079_IOM_FEA_XX__AUDIO_1079_IOM_HAP_XX_sadtalker.mp4,1,done,sadtalker,1079,IOM,fear,happy,yes
FAKE_T3_1079_IOM_HAP_XX__AUDIO_1079_IOM_NEU_XX_sadtalker,data\synthetic\track3_fakes\videos\FAKE_T3_1079_IOM_HAP_XX__AUDIO_1079_IOM_NEU_XX_sadtalker.mp4,1,done,sadtalker,1079,IOM,happy,neutral,yes
FAKE_T3_1079_ITH_DIS_XX__AUDIO_1079_ITH_FEA_XX_sadtalker,data\synthetic\track3_fakes\videos\FAKE_T3_1079_ITH_DIS_XX__AUDIO_1079_ITH_FEA_XX_sadtalker.mp4,1,done,sadtalker,1079,ITH,disgust,fear,yes
FAKE_T3_1079_ITH_FEA_XX__AUDIO_1079_ITH_HAP_XX_sadtalker,data\synthetic\track3_fakes\videos\FAKE_T3_1079_ITH_FEA_XX__AUDIO_1079_ITH_HAP_XX_sadtalker.mp4,1,done,sadtalker,1079,ITH,fear,happy,yes
FAKE_T3_1079_ITH_HAP_XX__AUDIO_1079_ITH_NEU_XX_sadtalker,data\synthetic\track3_fakes\videos\FAKE_T3_1079_ITH_HAP_XX__AUDIO_1079_ITH_NEU_XX_sadtalker.mp4,1,done,sadtalker,1079,ITH,happy,neutral,yes
FAKE_T3_1079_ITH_NEU_XX__AUDIO_1079_ITH_SAD_XX_sadtalker,data\synthetic\track3_fakes\videos\FAKE_T3_1079_ITH_NEU_XX__AUDIO_1079_ITH_SAD_XX_sadtalker.mp4,1,done,sadtalker,1079,ITH,neutral,sad,yes
FAKE_T3_1079_ITH_SAD_XX__AUDIO_1079_ITH_ANG_XX_sadtalker,data\synthetic\track3_fakes\videos\FAKE_T3_1079_ITH_SAD_XX__AUDIO_1079_ITH_ANG_XX_sadtalker.mp4,1,done,sadtalker,1079,ITH,sad,angry,yes
FAKE_T3_1079_ITS_DIS_XX__AUDIO_1079_ITS_FEA_XX_sadtalker,data\synthetic\track3_fakes\videos\FAKE_T3_1079_ITS_DIS_XX__AUDIO_1079_ITS_FEA_XX_sadtalker.mp4,1,done,sadtalker,1079,ITS,disgust,fear,yes
FAKE_T3_1079_ITS_FEA_XX__AUDIO_1079_ITS_HAP_XX_sadtalker,data\synthetic\track3_fakes\videos\FAKE_T3_1079_ITS_FEA_XX__AUDIO_1079_ITS_HAP_XX_sadtalker.mp4,1,done,sadtalker,1079,ITS,fear,happy,yes
FAKE_T3_1079_ITS_SAD_XX__AUDIO_1079_ITS_ANG_XX_sadtalker,data\synthetic\track3_fakes\videos\FAKE_T3_1079_ITS_SAD_XX__AUDIO_1079_ITS_ANG_XX_sadtalker.mp4,1,done,sadtalker,1079,ITS,sad,angry,yes
FAKE_T3_1079_IWL_ANG_XX__AUDIO_1079_IWL_DIS_XX_sadtalker,data\synthetic\track3_fakes\videos\FAKE_T3_1079_IWL_ANG_XX__AUDIO_1079_IWL_DIS_XX_sadtalker.mp4,1,done,sadtalker,1079,IWL,angry,disgust,yes
FAKE_T3_1079_IWL_DIS_XX__AUDIO_1079_IWL_FEA_XX_sadtalker,data\synthetic\track3_fakes\videos\FAKE_T3_1079_IWL_DIS_XX__AUDIO_1079_IWL_FEA_XX_sadtalker.mp4,1,done,sadtalker,1079,IWL,disgust,fear,yes
FAKE_T3_1079_IWL_FEA_XX__AUDIO_1079_IWL_HAP_XX_sadtalker,data\synthetic\track3_fakes\videos\FAKE_T3_1079_IWL_FEA_XX__AUDIO_1079_IWL_HAP_XX_sadtalker.mp4,1,done,sadtalker,1079,IWL,fear,happy,yes
FAKE_T3_1079_IWL_NEU_XX__AUDIO_1079_IWL_SAD_XX_sadtalker,data\synthetic\track3_fakes\videos\FAKE_T3_1079_IWL_NEU_XX__AUDIO_1079_IWL_SAD_XX_sadtalker.mp4,1,done,sadtalker,1079,IWL,neutral,sad,yes
FAKE_T3_1079_IWW_ANG_XX__AUDIO_1079_IWW_DIS_XX_sadtalker,data\synthetic\track3_fakes\videos\FAKE_T3_1079_IWW_ANG_XX__AUDIO_1079_IWW_DIS_XX_sadtalker.mp4,1,done,sadtalker,1079,IWW,angry,disgust,yes
FAKE_T3_1079_IWW_HAP_XX__AUDIO_1079_IWW_NEU_XX_sadtalker,data\synthetic\track3_fakes\videos\FAKE_T3_1079_IWW_HAP_XX__AUDIO_1079_IWW_NEU_XX_sadtalker.mp4,1,done,sadtalker,1079,IWW,happy,neutral,yes
FAKE_T3_1079_IWW_SAD_XX__AUDIO_1079_IWW_ANG_XX_sadtalker,data\synthetic\track3_fakes\videos\FAKE_T3_1079_IWW_SAD_XX__AUDIO_1079_IWW_ANG_XX_sadtalker.mp4,1,done,sadtalker,1079,IWW,sad,angry,yes
FAKE_T3_1079_MTI_FEA_XX__AUDIO_1079_MTI_HAP_XX_sadtalker,data\synthetic\track3_fakes\videos\FAKE_T3_1079_MTI_FEA_XX__AUDIO_1079_MTI_HAP_XX_sadtalker.mp4,1,done,sadtalker,1079,MTI,fear,happy,yes
FAKE_T3_1079_MTI_HAP_XX__AUDIO_1079_MTI_NEU_XX_sadtalker,data\synthetic\track3_fakes\videos\FAKE_T3_1079_MTI_HAP_XX__AUDIO_1079_MTI_NEU_XX_sadtalker.mp4,1,done,sadtalker,1079,MTI,happy,neutral,yes
FAKE_T3_1079_MTI_NEU_XX__AUDIO_1079_MTI_SAD_XX_sadtalker,data\synthetic\track3_fakes\videos\FAKE_T3_1079_MTI_NEU_XX__AUDIO_1079_MTI_SAD_XX_sadtalker.mp4,1,done,sadtalker,1079,MTI,neutral,sad,yes
FAKE_T3_1079_MTI_SAD_XX__AUDIO_1079_MTI_ANG_XX_sadtalker,data\synthetic\track3_fakes\videos\FAKE_T3_1079_MTI_SAD_XX__AUDIO_1079_MTI_ANG_XX_sadtalker.mp4,1,done,sadtalker,1079,MTI,sad,angry,yes
FAKE_T3_1079_TAI_HAP_XX__AUDIO_1079_TAI_NEU_XX_sadtalker,data\synthetic\track3_fakes\videos\FAKE_T3_1079_TAI_HAP_XX__AUDIO_1079_TAI_NEU_XX_sadtalker.mp4,1,done,sadtalker,1079,TAI,happy,neutral,yes
FAKE_T3_1079_TIE_SAD_XX__AUDIO_1079_TIE_ANG_XX_sadtalker,data\synthetic\track3_fakes\videos\FAKE_T3_1079_TIE_SAD_XX__AUDIO_1079_TIE_ANG_XX_sadtalker.mp4,1,done,sadtalker,1079,TIE,sad,angry,yes
FAKE_T3_1079_TSI_ANG_XX__AUDIO_1079_TSI_DIS_XX_sadtalker,data\synthetic\track3_fakes\videos\FAKE_T3_1079_TSI_ANG_XX__AUDIO_1079_TSI_DIS_XX_sadtalker.mp4,1,done,sadtalker,1079,TSI,angry,disgust,yes
FAKE_T3_1079_TSI_DIS_XX__AUDIO_1079_TSI_FEA_XX_sadtalker,data\synthetic\track3_fakes\videos\FAKE_T3_1079_TSI_DIS_XX__AUDIO_1079_TSI_FEA_XX_sadtalker.mp4,1,done,sadtalker,1079,TSI,disgust,fear,yes
FAKE_T3_1079_TSI_FEA_XX__AUDIO_1079_TSI_HAP_XX_sadtalker,data\synthetic\track3_fakes\videos\FAKE_T3_1079_TSI_FEA_XX__AUDIO_1079_TSI_HAP_XX_sadtalker.mp4,1,done,sadtalker,1079,TSI,fear,happy,yes
FAKE_T3_1079_TSI_NEU_XX__AUDIO_1079_TSI_SAD_XX_sadtalker,data\synthetic\track3_fakes\videos\FAKE_T3_1079_TSI_NEU_XX__AUDIO_1079_TSI_SAD_XX_sadtalker.mp4,1,done,sadtalker,1079,TSI,neutral,sad,yes
FAKE_T3_1079_WSI_HAP_XX__AUDIO_1079_WSI_NEU_XX_sadtalker,data\synthetic\track3_fakes\videos\FAKE_T3_1079_WSI_HAP_XX__AUDIO_1079_WSI_NEU_XX_sadtalker.mp4,1,done,sadtalker,1079,WSI,happy,neutral,yes
FAKE_T3_1079_WSI_NEU_XX__AUDIO_1079_WSI_SAD_XX_sadtalker,data\synthetic\track3_fakes\videos\FAKE_T3_1079_WSI_NEU_XX__AUDIO_1079_WSI_SAD_XX_sadtalker.mp4,1,done,sadtalker,1079,WSI,neutral,sad,yes
FAKE_T3_1079_WSI_SAD_XX__AUDIO_1079_WSI_ANG_XX_sadtalker,data\synthetic\track3_fakes\videos\FAKE_T3_1079_WSI_SAD_XX__AUDIO_1079_WSI_ANG_XX_sadtalker.mp4,1,done,sadtalker,1079,WSI,sad,angry,yes
FAKE_T3_1080_DFA_FEA_XX__AUDIO_1080_DFA_HAP_XX_sadtalker,data\synthetic\track3_fakes\videos\FAKE_T3_1080_DFA_FEA_XX__AUDIO_1080_DFA_HAP_XX_sadtalker.mp4,1,done,sadtalker,1080,DFA,fear,happy,yes
FAKE_T3_1080_DFA_SAD_XX__AUDIO_1080_DFA_ANG_XX_sadtalker,data\synthetic\track3_fakes\videos\FAKE_T3_1080_DFA_SAD_XX__AUDIO_1080_DFA_ANG_XX_sadtalker.mp4,1,done,sadtalker,1080,DFA,sad,angry,yes
FAKE_T3_1080_IEO_ANG_LO__AUDIO_1080_IEO_DIS_LO_sadtalker,data\synthetic\track3_fakes\videos\FAKE_T3_1080_IEO_ANG_LO__AUDIO_1080_IEO_DIS_LO_sadtalker.mp4,1,done,sadtalker,1080,IEO,angry,disgust,yes
FAKE_T3_1080_IEO_ANG_MD__AUDIO_1080_IEO_DIS_MD_sadtalker,data\synthetic\track3_fakes\videos\FAKE_T3_1080_IEO_ANG_MD__AUDIO_1080_IEO_DIS_MD_sadtalker.mp4,1,done,sadtalker,1080,IEO,angry,disgust,yes
FAKE_T3_1080_IEO_DIS_LO__AUDIO_1080_IEO_FEA_LO_sadtalker,data\synthetic\track3_fakes\videos\FAKE_T3_1080_IEO_DIS_LO__AUDIO_1080_IEO_FEA_LO_sadtalker.mp4,1,done,sadtalker,1080,IEO,disgust,fear,yes
FAKE_T3_1080_IEO_FEA_HI__AUDIO_1080_IEO_HAP_HI_sadtalker,data\synthetic\track3_fakes\videos\FAKE_T3_1080_IEO_FEA_HI__AUDIO_1080_IEO_HAP_HI_sadtalker.mp4,1,done,sadtalker,1080,IEO,fear,happy,yes
FAKE_T3_1080_IEO_FEA_LO__AUDIO_1080_IEO_HAP_LO_sadtalker,data\synthetic\track3_fakes\videos\FAKE_T3_1080_IEO_FEA_LO__AUDIO_1080_IEO_HAP_LO_sadtalker.mp4,1,done,sadtalker,1080,IEO,fear,happy,yes
FAKE_T3_1080_IEO_FEA_MD__AUDIO_1080_IEO_HAP_MD_sadtalker,data\synthetic\track3_fakes\videos\FAKE_T3_1080_IEO_FEA_MD__AUDIO_1080_IEO_HAP_MD_sadtalker.mp4,1,done,sadtalker,1080,IEO,fear,happy,yes
FAKE_T3_1080_IEO_NEU_XX__AUDIO_1080_IEO_SAD_HI_sadtalker,data\synthetic\track3_fakes\videos\FAKE_T3_1080_IEO_NEU_XX__AUDIO_1080_IEO_SAD_HI_sadtalker.mp4,1,done,sadtalker,1080,IEO,neutral,sad,yes
FAKE_T3_1080_IOM_ANG_XX__AUDIO_1080_IOM_DIS_XX_sadtalker,data\synthetic\track3_fakes\videos\FAKE_T3_1080_IOM_ANG_XX__AUDIO_1080_IOM_DIS_XX_sadtalker.mp4,1,done,sadtalker,1080,IOM,angry,disgust,yes
FAKE_T3_1080_IOM_HAP_XX__AUDIO_1080_IOM_NEU_XX_sadtalker,data\synthetic\track3_fakes\videos\FAKE_T3_1080_IOM_HAP_XX__AUDIO_1080_IOM_NEU_XX_sadtalker.mp4,1,done,sadtalker,1080,IOM,happy,neutral,yes
FAKE_T3_1080_ITH_ANG_XX__AUDIO_1080_ITH_DIS_XX_sadtalker,data\synthetic\track3_fakes\videos\FAKE_T3_1080_ITH_ANG_XX__AUDIO_1080_ITH_DIS_XX_sadtalker.mp4,1,done,sadtalker,1080,ITH,angry,disgust,yes
FAKE_T3_1080_ITH_FEA_XX__AUDIO_1080_ITH_HAP_XX_sadtalker,data\synthetic\track3_fakes\videos\FAKE_T3_1080_ITH_FEA_XX__AUDIO_1080_ITH_HAP_XX_sadtalker.mp4,1,done,sadtalker,1080,ITH,fear,happy,yes
FAKE_T3_1080_ITH_HAP_XX__AUDIO_1080_ITH_NEU_XX_sadtalker,data\synthetic\track3_fakes\videos\FAKE_T3_1080_ITH_HAP_XX__AUDIO_1080_ITH_NEU_XX_sadtalker.mp4,1,done,sadtalker,1080,ITH,happy,neutral,yes
FAKE_T3_1080_ITH_SAD_XX__AUDIO_1080_ITH_ANG_XX_sadtalker,data\synthetic\track3_fakes\videos\FAKE_T3_1080_ITH_SAD_XX__AUDIO_1080_ITH_ANG_XX_sadtalker.mp4,1,done,sadtalker,1080,ITH,sad,angry,yes
FAKE_T3_1080_ITS_ANG_XX__AUDIO_1080_ITS_DIS_XX_sadtalker,data\synthetic\track3_fakes\videos\FAKE_T3_1080_ITS_ANG_XX__AUDIO_1080_ITS_DIS_XX_sadtalker.mp4,1,done,sadtalker,1080,ITS,angry,disgust,yes
FAKE_T3_1080_ITS_HAP_XX__AUDIO_1080_ITS_NEU_XX_sadtalker,data\synthetic\track3_fakes\videos\FAKE_T3_1080_ITS_HAP_XX__AUDIO_1080_ITS_NEU_XX_sadtalker.mp4,1,done,sadtalker,1080,ITS,happy,neutral,yes
FAKE_T3_1080_ITS_NEU_XX__AUDIO_1080_ITS_SAD_XX_sadtalker,data\synthetic\track3_fakes\videos\FAKE_T3_1080_ITS_NEU_XX__AUDIO_1080_ITS_SAD_XX_sadtalker.mp4,1,done,sadtalker,1080,ITS,neutral,sad,yes
FAKE_T3_1080_ITS_SAD_XX__AUDIO_1080_ITS_ANG_XX_sadtalker,data\synthetic\track3_fakes\videos\FAKE_T3_1080_ITS_SAD_XX__AUDIO_1080_ITS_ANG_XX_sadtalker.mp4,1,done,sadtalker,1080,ITS,sad,angry,yes
FAKE_T3_1080_IWL_ANG_XX__AUDIO_1080_IWL_DIS_XX_sadtalker,data\synthetic\track3_fakes\videos\FAKE_T3_1080_IWL_ANG_XX__AUDIO_1080_IWL_DIS_XX_sadtalker.mp4,1,done,sadtalker,1080,IWL,angry,disgust,yes
FAKE_T3_1080_IWL_FEA_XX__AUDIO_1080_IWL_HAP_XX_sadtalker,data\synthetic\track3_fakes\videos\FAKE_T3_1080_IWL_FEA_XX__AUDIO_1080_IWL_HAP_XX_sadtalker.mp4,1,done,sadtalker,1080,IWL,fear,happy,yes
FAKE_T3_1080_IWL_NEU_XX__AUDIO_1080_IWL_SAD_XX_sadtalker,data\synthetic\track3_fakes\videos\FAKE_T3_1080_IWL_NEU_XX__AUDIO_1080_IWL_SAD_XX_sadtalker.mp4,1,done,sadtalker,1080,IWL,neutral,sad,yes
FAKE_T3_1080_IWL_SAD_XX__AUDIO_1080_IWL_ANG_XX_sadtalker,data\synthetic\track3_fakes\videos\FAKE_T3_1080_IWL_SAD_XX__AUDIO_1080_IWL_ANG_XX_sadtalker.mp4,1,done,sadtalker,1080,IWL,sad,angry,yes
FAKE_T3_1080_IWW_FEA_XX__AUDIO_1080_IWW_HAP_XX_sadtalker,data\synthetic\track3_fakes\videos\FAKE_T3_1080_IWW_FEA_XX__AUDIO_1080_IWW_HAP_XX_sadtalker.mp4,1,done,sadtalker,1080,IWW,fear,happy,yes
FAKE_T3_1080_IWW_HAP_XX__AUDIO_1080_IWW_NEU_XX_sadtalker,data\synthetic\track3_fakes\videos\FAKE_T3_1080_IWW_HAP_XX__AUDIO_1080_IWW_NEU_XX_sadtalker.mp4,1,done,sadtalker,1080,IWW,happy,neutral,yes
FAKE_T3_1080_IWW_NEU_XX__AUDIO_1080_IWW_SAD_XX_sadtalker,data\synthetic\track3_fakes\videos\FAKE_T3_1080_IWW_NEU_XX__AUDIO_1080_IWW_SAD_XX_sadtalker.mp4,1,done,sadtalker,1080,IWW,neutral,sad,yes
FAKE_T3_1080_MTI_ANG_XX__AUDIO_1080_MTI_DIS_XX_sadtalker,data\synthetic\track3_fakes\videos\FAKE_T3_1080_MTI_ANG_XX__AUDIO_1080_MTI_DIS_XX_sadtalker.mp4,1,done,sadtalker,1080,MTI,angry,disgust,yes
FAKE_T3_1080_MTI_DIS_XX__AUDIO_1080_MTI_FEA_XX_sadtalker,data\synthetic\track3_fakes\videos\FAKE_T3_1080_MTI_DIS_XX__AUDIO_1080_MTI_FEA_XX_sadtalker.mp4,1,done,sadtalker,1080,MTI,disgust,fear,yes
FAKE_T3_1080_MTI_FEA_XX__AUDIO_1080_MTI_HAP_XX_sadtalker,data\synthetic\track3_fakes\videos\FAKE_T3_1080_MTI_FEA_XX__AUDIO_1080_MTI_HAP_XX_sadtalker.mp4,1,done,sadtalker,1080,MTI,fear,happy,yes
FAKE_T3_1080_MTI_HAP_XX__AUDIO_1080_MTI_NEU_XX_sadtalker,data\synthetic\track3_fakes\videos\FAKE_T3_1080_MTI_HAP_XX__AUDIO_1080_MTI_NEU_XX_sadtalker.mp4,1,done,sadtalker,1080,MTI,happy,neutral,yes
FAKE_T3_1080_MTI_NEU_XX__AUDIO_1080_MTI_SAD_XX_sadtalker,data\synthetic\track3_fakes\videos\FAKE_T3_1080_MTI_NEU_XX__AUDIO_1080_MTI_SAD_XX_sadtalker.mp4,1,done,sadtalker,1080,MTI,neutral,sad,yes
FAKE_T3_1080_TAI_FEA_XX__AUDIO_1080_TAI_HAP_XX_sadtalker,data\synthetic\track3_fakes\videos\FAKE_T3_1080_TAI_FEA_XX__AUDIO_1080_TAI_HAP_XX_sadtalker.mp4,1,done,sadtalker,1080,TAI,fear,happy,yes
FAKE_T3_1080_TAI_HAP_XX__AUDIO_1080_TAI_NEU_XX_sadtalker,data\synthetic\track3_fakes\videos\FAKE_T3_1080_TAI_HAP_XX__AUDIO_1080_TAI_NEU_XX_sadtalker.mp4,1,done,sadtalker,1080,TAI,happy,neutral,yes
FAKE_T3_1080_TIE_ANG_XX__AUDIO_1080_TIE_DIS_XX_sadtalker,data\synthetic\track3_fakes\videos\FAKE_T3_1080_TIE_ANG_XX__AUDIO_1080_TIE_DIS_XX_sadtalker.mp4,1,done,sadtalker,1080,TIE,angry,disgust,yes
FAKE_T3_1080_TIE_SAD_XX__AUDIO_1080_TIE_ANG_XX_sadtalker,data\synthetic\track3_fakes\videos\FAKE_T3_1080_TIE_SAD_XX__AUDIO_1080_TIE_ANG_XX_sadtalker.mp4,1,done,sadtalker,1080,TIE,sad,angry,yes
FAKE_T3_1080_TSI_HAP_XX__AUDIO_1080_TSI_NEU_XX_sadtalker,data\synthetic\track3_fakes\videos\FAKE_T3_1080_TSI_HAP_XX__AUDIO_1080_TSI_NEU_XX_sadtalker.mp4,1,done,sadtalker,1080,TSI,happy,neutral,yes
FAKE_T3_1080_TSI_SAD_XX__AUDIO_1080_TSI_ANG_XX_sadtalker,data\synthetic\track3_fakes\videos\FAKE_T3_1080_TSI_SAD_XX__AUDIO_1080_TSI_ANG_XX_sadtalker.mp4,1,done,sadtalker,1080,TSI,sad,angry,yes
FAKE_T3_1080_WSI_FEA_XX__AUDIO_1080_WSI_HAP_XX_sadtalker,data\synthetic\track3_fakes\videos\FAKE_T3_1080_WSI_FEA_XX__AUDIO_1080_WSI_HAP_XX_sadtalker.mp4,1,done,sadtalker,1080,WSI,fear,happy,yes
FAKE_T3_1080_WSI_HAP_XX__AUDIO_1080_WSI_NEU_XX_sadtalker,data\synthetic\track3_fakes\videos\FAKE_T3_1080_WSI_HAP_XX__AUDIO_1080_WSI_NEU_XX_sadtalker.mp4,1,done,sadtalker,1080,WSI,happy,neutral,yes
FAKE_T3_1080_WSI_NEU_XX__AUDIO_1080_WSI_SAD_XX_sadtalker,data\synthetic\track3_fakes\videos\FAKE_T3_1080_WSI_NEU_XX__AUDIO_1080_WSI_SAD_XX_sadtalker.mp4,1,done,sadtalker,1080,WSI,neutral,sad,yes
FAKE_T3_1080_WSI_SAD_XX__AUDIO_1080_WSI_ANG_XX_sadtalker,data\synthetic\track3_fakes\videos\FAKE_T3_1080_WSI_SAD_XX__AUDIO_1080_WSI_ANG_XX_sadtalker.mp4,1,done,sadtalker,1080,WSI,sad,angry,yes
FAKE_T3_1081_DFA_ANG_XX__AUDIO_1081_DFA_DIS_XX_sadtalker,data\synthetic\track3_fakes\videos\FAKE_T3_1081_DFA_ANG_XX__AUDIO_1081_DFA_DIS_XX_sadtalker.mp4,1,done,sadtalker,1081,DFA,angry,disgust,yes
FAKE_T3_1081_DFA_DIS_XX__AUDIO_1081_DFA_FEA_XX_sadtalker,data\synthetic\track3_fakes\videos\FAKE_T3_1081_DFA_DIS_XX__AUDIO_1081_DFA_FEA_XX_sadtalker.mp4,1,done,sadtalker,1081,DFA,disgust,fear,yes
FAKE_T3_1081_DFA_NEU_XX__AUDIO_1081_DFA_SAD_XX_sadtalker,data\synthetic\track3_fakes\videos\FAKE_T3_1081_DFA_NEU_XX__AUDIO_1081_DFA_SAD_XX_sadtalker.mp4,1,done,sadtalker,1081,DFA,neutral,sad,yes
FAKE_T3_1081_IEO_ANG_HI__AUDIO_1081_IEO_DIS_HI_sadtalker,data\synthetic\track3_fakes\videos\FAKE_T3_1081_IEO_ANG_HI__AUDIO_1081_IEO_DIS_HI_sadtalker.mp4,1,done,sadtalker,1081,IEO,angry,disgust,yes
FAKE_T3_1081_IEO_DIS_HI__AUDIO_1081_IEO_FEA_HI_sadtalker,data\synthetic\track3_fakes\videos\FAKE_T3_1081_IEO_DIS_HI__AUDIO_1081_IEO_FEA_HI_sadtalker.mp4,1,done,sadtalker,1081,IEO,disgust,fear,yes
FAKE_T3_1081_IEO_FEA_HI__AUDIO_1081_IEO_HAP_HI_sadtalker,data\synthetic\track3_fakes\videos\FAKE_T3_1081_IEO_FEA_HI__AUDIO_1081_IEO_HAP_HI_sadtalker.mp4,1,done,sadtalker,1081,IEO,fear,happy,yes
FAKE_T3_1081_IEO_FEA_LO__AUDIO_1081_IEO_HAP_LO_sadtalker,data\synthetic\track3_fakes\videos\FAKE_T3_1081_IEO_FEA_LO__AUDIO_1081_IEO_HAP_LO_sadtalker.mp4,1,done,sadtalker,1081,IEO,fear,happy,yes
FAKE_T3_1081_IEO_FEA_MD__AUDIO_1081_IEO_HAP_MD_sadtalker,data\synthetic\track3_fakes\videos\FAKE_T3_1081_IEO_FEA_MD__AUDIO_1081_IEO_HAP_MD_sadtalker.mp4,1,done,sadtalker,1081,IEO,fear,happy,yes
FAKE_T3_1081_IEO_NEU_XX__AUDIO_1081_IEO_SAD_HI_sadtalker,data\synthetic\track3_fakes\videos\FAKE_T3_1081_IEO_NEU_XX__AUDIO_1081_IEO_SAD_HI_sadtalker.mp4,1,done,sadtalker,1081,IEO,neutral,sad,yes
FAKE_T3_1081_IEO_SAD_LO__AUDIO_1081_IEO_ANG_LO_sadtalker,data\synthetic\track3_fakes\videos\FAKE_T3_1081_IEO_SAD_LO__AUDIO_1081_IEO_ANG_LO_sadtalker.mp4,1,done,sadtalker,1081,IEO,sad,angry,yes
FAKE_T3_1081_IEO_SAD_MD__AUDIO_1081_IEO_ANG_MD_sadtalker,data\synthetic\track3_fakes\videos\FAKE_T3_1081_IEO_SAD_MD__AUDIO_1081_IEO_ANG_MD_sadtalker.mp4,1,done,sadtalker,1081,IEO,sad,angry,yes
FAKE_T3_1081_IOM_FEA_XX__AUDIO_1081_IOM_HAP_XX_sadtalker,data\synthetic\track3_fakes\videos\FAKE_T3_1081_IOM_FEA_XX__AUDIO_1081_IOM_HAP_XX_sadtalker.mp4,1,done,sadtalker,1081,IOM,fear,happy,yes
FAKE_T3_1081_IOM_HAP_XX__AUDIO_1081_IOM_NEU_XX_sadtalker,data\synthetic\track3_fakes\videos\FAKE_T3_1081_IOM_HAP_XX__AUDIO_1081_IOM_NEU_XX_sadtalker.mp4,1,done,sadtalker,1081,IOM,happy,neutral,yes
FAKE_T3_1081_IOM_NEU_XX__AUDIO_1081_IOM_SAD_XX_sadtalker,data\synthetic\track3_fakes\videos\FAKE_T3_1081_IOM_NEU_XX__AUDIO_1081_IOM_SAD_XX_sadtalker.mp4,1,done,sadtalker,1081,IOM,neutral,sad,yes
FAKE_T3_1081_IOM_SAD_XX__AUDIO_1081_IOM_ANG_XX_sadtalker,data\synthetic\track3_fakes\videos\FAKE_T3_1081_IOM_SAD_XX__AUDIO_1081_IOM_ANG_XX_sadtalker.mp4,1,done,sadtalker,1081,IOM,sad,angry,yes
FAKE_T3_1081_ITH_DIS_XX__AUDIO_1081_ITH_FEA_XX_sadtalker,data\synthetic\track3_fakes\videos\FAKE_T3_1081_ITH_DIS_XX__AUDIO_1081_ITH_FEA_XX_sadtalker.mp4,1,done,sadtalker,1081,ITH,disgust,fear,yes
FAKE_T3_1081_ITH_NEU_XX__AUDIO_1081_ITH_SAD_XX_sadtalker,data\synthetic\track3_fakes\videos\FAKE_T3_1081_ITH_NEU_XX__AUDIO_1081_ITH_SAD_XX_sadtalker.mp4,1,done,sadtalker,1081,ITH,neutral,sad,yes
FAKE_T3_1081_ITH_SAD_XX__AUDIO_1081_ITH_ANG_XX_sadtalker,data\synthetic\track3_fakes\videos\FAKE_T3_1081_ITH_SAD_XX__AUDIO_1081_ITH_ANG_XX_sadtalker.mp4,1,done,sadtalker,1081,ITH,sad,angry,yes
FAKE_T3_1081_ITS_DIS_XX__AUDIO_1081_ITS_FEA_XX_sadtalker,data\synthetic\track3_fakes\videos\FAKE_T3_1081_ITS_DIS_XX__AUDIO_1081_ITS_FEA_XX_sadtalker.mp4,1,done,sadtalker,1081,ITS,disgust,fear,yes
FAKE_T3_1081_ITS_HAP_XX__AUDIO_1081_ITS_NEU_XX_sadtalker,data\synthetic\track3_fakes\videos\FAKE_T3_1081_ITS_HAP_XX__AUDIO_1081_ITS_NEU_XX_sadtalker.mp4,1,done,sadtalker,1081,ITS,happy,neutral,yes
FAKE_T3_1081_IWL_DIS_XX__AUDIO_1081_IWL_FEA_XX_sadtalker,data\synthetic\track3_fakes\videos\FAKE_T3_1081_IWL_DIS_XX__AUDIO_1081_IWL_FEA_XX_sadtalker.mp4,1,done,sadtalker,1081,IWL,disgust,fear,yes
FAKE_T3_1081_IWL_FEA_XX__AUDIO_1081_IWL_HAP_XX_sadtalker,data\synthetic\track3_fakes\videos\FAKE_T3_1081_IWL_FEA_XX__AUDIO_1081_IWL_HAP_XX_sadtalker.mp4,1,done,sadtalker,1081,IWL,fear,happy,yes
FAKE_T3_1081_IWW_FEA_XX__AUDIO_1081_IWW_HAP_XX_sadtalker,data\synthetic\track3_fakes\videos\FAKE_T3_1081_IWW_FEA_XX__AUDIO_1081_IWW_HAP_XX_sadtalker.mp4,1,done,sadtalker,1081,IWW,fear,happy,yes
FAKE_T3_1081_MTI_ANG_XX__AUDIO_1081_MTI_DIS_XX_sadtalker,data\synthetic\track3_fakes\videos\FAKE_T3_1081_MTI_ANG_XX__AUDIO_1081_MTI_DIS_XX_sadtalker.mp4,1,done,sadtalker,1081,MTI,angry,disgust,yes
FAKE_T3_1081_MTI_DIS_XX__AUDIO_1081_MTI_FEA_XX_sadtalker,data\synthetic\track3_fakes\videos\FAKE_T3_1081_MTI_DIS_XX__AUDIO_1081_MTI_FEA_XX_sadtalker.mp4,1,done,sadtalker,1081,MTI,disgust,fear,yes
FAKE_T3_1081_MTI_NEU_XX__AUDIO_1081_MTI_SAD_XX_sadtalker,data\synthetic\track3_fakes\videos\FAKE_T3_1081_MTI_NEU_XX__AUDIO_1081_MTI_SAD_XX_sadtalker.mp4,1,done,sadtalker,1081,MTI,neutral,sad,yes
FAKE_T3_1081_MTI_SAD_XX__AUDIO_1081_MTI_ANG_XX_sadtalker,data\synthetic\track3_fakes\videos\FAKE_T3_1081_MTI_SAD_XX__AUDIO_1081_MTI_ANG_XX_sadtalker.mp4,1,done,sadtalker,1081,MTI,sad,angry,yes
FAKE_T3_1081_TAI_ANG_XX__AUDIO_1081_TAI_DIS_XX_sadtalker,data\synthetic\track3_fakes\videos\FAKE_T3_1081_TAI_ANG_XX__AUDIO_1081_TAI_DIS_XX_sadtalker.mp4,1,done,sadtalker,1081,TAI,angry,disgust,yes
FAKE_T3_1081_TAI_FEA_XX__AUDIO_1081_TAI_HAP_XX_sadtalker,data\synthetic\track3_fakes\videos\FAKE_T3_1081_TAI_FEA_XX__AUDIO_1081_TAI_HAP_XX_sadtalker.mp4,1,done,sadtalker,1081,TAI,fear,happy,yes
FAKE_T3_1081_TAI_SAD_XX__AUDIO_1081_TAI_ANG_XX_sadtalker,data\synthetic\track3_fakes\videos\FAKE_T3_1081_TAI_SAD_XX__AUDIO_1081_TAI_ANG_XX_sadtalker.mp4,1,done,sadtalker,1081,TAI,sad,angry,yes
FAKE_T3_1081_TIE_HAP_XX__AUDIO_1081_TIE_NEU_XX_sadtalker,data\synthetic\track3_fakes\videos\FAKE_T3_1081_TIE_HAP_XX__AUDIO_1081_TIE_NEU_XX_sadtalker.mp4,1,done,sadtalker,1081,TIE,happy,neutral,yes
FAKE_T3_1081_TIE_NEU_XX__AUDIO_1081_TIE_SAD_XX_sadtalker,data\synthetic\track3_fakes\videos\FAKE_T3_1081_TIE_NEU_XX__AUDIO_1081_TIE_SAD_XX_sadtalker.mp4,1,done,sadtalker,1081,TIE,neutral,sad,yes
FAKE_T3_1081_TIE_SAD_XX__AUDIO_1081_TIE_ANG_XX_sadtalker,data\synthetic\track3_fakes\videos\FAKE_T3_1081_TIE_SAD_XX__AUDIO_1081_TIE_ANG_XX_sadtalker.mp4,1,done,sadtalker,1081,TIE,sad,angry,yes
FAKE_T3_1081_TSI_ANG_XX__AUDIO_1081_TSI_DIS_XX_sadtalker,data\synthetic\track3_fakes\videos\FAKE_T3_1081_TSI_ANG_XX__AUDIO_1081_TSI_DIS_XX_sadtalker.mp4,1,done,sadtalker,1081,TSI,angry,disgust,yes
FAKE_T3_1081_TSI_DIS_XX__AUDIO_1081_TSI_FEA_XX_sadtalker,data\synthetic\track3_fakes\videos\FAKE_T3_1081_TSI_DIS_XX__AUDIO_1081_TSI_FEA_XX_sadtalker.mp4,1,done,sadtalker,1081,TSI,disgust,fear,yes
FAKE_T3_1081_TSI_HAP_XX__AUDIO_1081_TSI_NEU_XX_sadtalker,data\synthetic\track3_fakes\videos\FAKE_T3_1081_TSI_HAP_XX__AUDIO_1081_TSI_NEU_XX_sadtalker.mp4,1,done,sadtalker,1081,TSI,happy,neutral,yes
FAKE_T3_1081_TSI_NEU_XX__AUDIO_1081_TSI_SAD_XX_sadtalker,data\synthetic\track3_fakes\videos\FAKE_T3_1081_TSI_NEU_XX__AUDIO_1081_TSI_SAD_XX_sadtalker.mp4,1,done,sadtalker,1081,TSI,neutral,sad,yes
FAKE_T3_1081_WSI_ANG_XX__AUDIO_1081_WSI_DIS_XX_sadtalker,data\synthetic\track3_fakes\videos\FAKE_T3_1081_WSI_ANG_XX__AUDIO_1081_WSI_DIS_XX_sadtalker.mp4,1,done,sadtalker,1081,WSI,angry,disgust,yes
FAKE_T3_1081_WSI_DIS_XX__AUDIO_1081_WSI_FEA_XX_sadtalker,data\synthetic\track3_fakes\videos\FAKE_T3_1081_WSI_DIS_XX__AUDIO_1081_WSI_FEA_XX_sadtalker.mp4,1,done,sadtalker,1081,WSI,disgust,fear,yes
FAKE_T3_1081_WSI_HAP_XX__AUDIO_1081_WSI_NEU_XX_sadtalker,data\synthetic\track3_fakes\videos\FAKE_T3_1081_WSI_HAP_XX__AUDIO_1081_WSI_NEU_XX_sadtalker.mp4,1,done,sadtalker,1081,WSI,happy,neutral,yes
FAKE_T3_1081_WSI_NEU_XX__AUDIO_1081_WSI_SAD_XX_sadtalker,data\synthetic\track3_fakes\videos\FAKE_T3_1081_WSI_NEU_XX__AUDIO_1081_WSI_SAD_XX_sadtalker.mp4,1,done,sadtalker,1081,WSI,neutral,sad,yes
FAKE_T3_1082_DFA_HAP_XX__AUDIO_1082_DFA_NEU_XX_sadtalker,data\synthetic\track3_fakes\videos\FAKE_T3_1082_DFA_HAP_XX__AUDIO_1082_DFA_NEU_XX_sadtalker.mp4,1,done,sadtalker,1082,DFA,happy,neutral,yes
FAKE_T3_1082_DFA_NEU_XX__AUDIO_1082_DFA_SAD_XX_sadtalker,data\synthetic\track3_fakes\videos\FAKE_T3_1082_DFA_NEU_XX__AUDIO_1082_DFA_SAD_XX_sadtalker.mp4,1,done,sadtalker,1082,DFA,neutral,sad,yes
FAKE_T3_1082_IEO_HAP_LO__AUDIO_1082_IEO_NEU_XX_sadtalker,data\synthetic\track3_fakes\videos\FAKE_T3_1082_IEO_HAP_LO__AUDIO_1082_IEO_NEU_XX_sadtalker.mp4,1,done,sadtalker,1082,IEO,happy,neutral,yes
FAKE_T3_1082_IEO_HAP_MD__AUDIO_1082_IEO_NEU_XX_sadtalker,data\synthetic\track3_fakes\videos\FAKE_T3_1082_IEO_HAP_MD__AUDIO_1082_IEO_NEU_XX_sadtalker.mp4,1,done,sadtalker,1082,IEO,happy,neutral,yes
FAKE_T3_1082_IEO_NEU_XX__AUDIO_1082_IEO_SAD_HI_sadtalker,data\synthetic\track3_fakes\videos\FAKE_T3_1082_IEO_NEU_XX__AUDIO_1082_IEO_SAD_HI_sadtalker.mp4,1,done,sadtalker,1082,IEO,neutral,sad,yes
FAKE_T3_1082_IEO_SAD_HI__AUDIO_1082_IEO_ANG_HI_sadtalker,data\synthetic\track3_fakes\videos\FAKE_T3_1082_IEO_SAD_HI__AUDIO_1082_IEO_ANG_HI_sadtalker.mp4,1,done,sadtalker,1082,IEO,sad,angry,yes
FAKE_T3_1082_IEO_SAD_LO__AUDIO_1082_IEO_ANG_LO_sadtalker,data\synthetic\track3_fakes\videos\FAKE_T3_1082_IEO_SAD_LO__AUDIO_1082_IEO_ANG_LO_sadtalker.mp4,1,done,sadtalker,1082,IEO,sad,angry,yes
FAKE_T3_1082_IEO_SAD_MD__AUDIO_1082_IEO_ANG_MD_sadtalker,data\synthetic\track3_fakes\videos\FAKE_T3_1082_IEO_SAD_MD__AUDIO_1082_IEO_ANG_MD_sadtalker.mp4,1,done,sadtalker,1082,IEO,sad,angry,yes
FAKE_T3_1082_IOM_ANG_XX__AUDIO_1082_IOM_DIS_XX_sadtalker,data\synthetic\track3_fakes\videos\FAKE_T3_1082_IOM_ANG_XX__AUDIO_1082_IOM_DIS_XX_sadtalker.mp4,1,done,sadtalker,1082,IOM,angry,disgust,yes
FAKE_T3_1082_IOM_FEA_XX__AUDIO_1082_IOM_HAP_XX_sadtalker,data\synthetic\track3_fakes\videos\FAKE_T3_1082_IOM_FEA_XX__AUDIO_1082_IOM_HAP_XX_sadtalker.mp4,1,done,sadtalker,1082,IOM,fear,happy,yes
FAKE_T3_1082_ITH_ANG_XX__AUDIO_1082_ITH_DIS_XX_sadtalker,data\synthetic\track3_fakes\videos\FAKE_T3_1082_ITH_ANG_XX__AUDIO_1082_ITH_DIS_XX_sadtalker.mp4,1,done,sadtalker,1082,ITH,angry,disgust,yes
FAKE_T3_1082_ITH_DIS_XX__AUDIO_1082_ITH_FEA_XX_sadtalker,data\synthetic\track3_fakes\videos\FAKE_T3_1082_ITH_DIS_XX__AUDIO_1082_ITH_FEA_XX_sadtalker.mp4,1,done,sadtalker,1082,ITH,disgust,fear,yes
FAKE_T3_1082_ITH_NEU_XX__AUDIO_1082_ITH_SAD_XX_sadtalker,data\synthetic\track3_fakes\videos\FAKE_T3_1082_ITH_NEU_XX__AUDIO_1082_ITH_SAD_XX_sadtalker.mp4,1,done,sadtalker,1082,ITH,neutral,sad,yes
FAKE_T3_1082_ITH_SAD_XX__AUDIO_1082_ITH_ANG_XX_sadtalker,data\synthetic\track3_fakes\videos\FAKE_T3_1082_ITH_SAD_XX__AUDIO_1082_ITH_ANG_XX_sadtalker.mp4,1,done,sadtalker,1082,ITH,sad,angry,yes
FAKE_T3_1082_ITS_ANG_XX__AUDIO_1082_ITS_DIS_XX_sadtalker,data\synthetic\track3_fakes\videos\FAKE_T3_1082_ITS_ANG_XX__AUDIO_1082_ITS_DIS_XX_sadtalker.mp4,1,done,sadtalker,1082,ITS,angry,disgust,yes
FAKE_T3_1082_ITS_FEA_XX__AUDIO_1082_ITS_HAP_XX_sadtalker,data\synthetic\track3_fakes\videos\FAKE_T3_1082_ITS_FEA_XX__AUDIO_1082_ITS_HAP_XX_sadtalker.mp4,1,done,sadtalker,1082,ITS,fear,happy,yes
FAKE_T3_1082_ITS_HAP_XX__AUDIO_1082_ITS_NEU_XX_sadtalker,data\synthetic\track3_fakes\videos\FAKE_T3_1082_ITS_HAP_XX__AUDIO_1082_ITS_NEU_XX_sadtalker.mp4,1,done,sadtalker,1082,ITS,happy,neutral,yes
FAKE_T3_1082_ITS_NEU_XX__AUDIO_1082_ITS_SAD_XX_sadtalker,data\synthetic\track3_fakes\videos\FAKE_T3_1082_ITS_NEU_XX__AUDIO_1082_ITS_SAD_XX_sadtalker.mp4,1,done,sadtalker,1082,ITS,neutral,sad,yes
FAKE_T3_1082_IWL_ANG_XX__AUDIO_1082_IWL_DIS_XX_sadtalker,data\synthetic\track3_fakes\videos\FAKE_T3_1082_IWL_ANG_XX__AUDIO_1082_IWL_DIS_XX_sadtalker.mp4,1,done,sadtalker,1082,IWL,angry,disgust,yes
FAKE_T3_1082_IWL_FEA_XX__AUDIO_1082_IWL_HAP_XX_sadtalker,data\synthetic\track3_fakes\videos\FAKE_T3_1082_IWL_FEA_XX__AUDIO_1082_IWL_HAP_XX_sadtalker.mp4,1,done,sadtalker,1082,IWL,fear,happy,yes
FAKE_T3_1082_IWL_NEU_XX__AUDIO_1082_IWL_SAD_XX_sadtalker,data\synthetic\track3_fakes\videos\FAKE_T3_1082_IWL_NEU_XX__AUDIO_1082_IWL_SAD_XX_sadtalker.mp4,1,done,sadtalker,1082,IWL,neutral,sad,yes
FAKE_T3_1082_IWW_DIS_XX__AUDIO_1082_IWW_FEA_XX_sadtalker,data\synthetic\track3_fakes\videos\FAKE_T3_1082_IWW_DIS_XX__AUDIO_1082_IWW_FEA_XX_sadtalker.mp4,1,done,sadtalker,1082,IWW,disgust,fear,yes
FAKE_T3_1082_IWW_HAP_XX__AUDIO_1082_IWW_NEU_XX_sadtalker,data\synthetic\track3_fakes\videos\FAKE_T3_1082_IWW_HAP_XX__AUDIO_1082_IWW_NEU_XX_sadtalker.mp4,1,done,sadtalker,1082,IWW,happy,neutral,yes
FAKE_T3_1082_IWW_NEU_XX__AUDIO_1082_IWW_SAD_XX_sadtalker,data\synthetic\track3_fakes\videos\FAKE_T3_1082_IWW_NEU_XX__AUDIO_1082_IWW_SAD_XX_sadtalker.mp4,1,done,sadtalker,1082,IWW,neutral,sad,yes
FAKE_T3_1082_IWW_SAD_XX__AUDIO_1082_IWW_ANG_XX_sadtalker,data\synthetic\track3_fakes\videos\FAKE_T3_1082_IWW_SAD_XX__AUDIO_1082_IWW_ANG_XX_sadtalker.mp4,1,done,sadtalker,1082,IWW,sad,angry,yes
FAKE_T3_1082_MTI_ANG_XX__AUDIO_1082_MTI_DIS_XX_sadtalker,data\synthetic\track3_fakes\videos\FAKE_T3_1082_MTI_ANG_XX__AUDIO_1082_MTI_DIS_XX_sadtalker.mp4,1,done,sadtalker,1082,MTI,angry,disgust,yes
FAKE_T3_1082_MTI_FEA_XX__AUDIO_1082_MTI_HAP_XX_sadtalker,data\synthetic\track3_fakes\videos\FAKE_T3_1082_MTI_FEA_XX__AUDIO_1082_MTI_HAP_XX_sadtalker.mp4,1,done,sadtalker,1082,MTI,fear,happy,yes
FAKE_T3_1082_MTI_HAP_XX__AUDIO_1082_MTI_NEU_XX_sadtalker,data\synthetic\track3_fakes\videos\FAKE_T3_1082_MTI_HAP_XX__AUDIO_1082_MTI_NEU_XX_sadtalker.mp4,1,done,sadtalker,1082,MTI,happy,neutral,yes
FAKE_T3_1082_MTI_NEU_XX__AUDIO_1082_MTI_SAD_XX_sadtalker,data\synthetic\track3_fakes\videos\FAKE_T3_1082_MTI_NEU_XX__AUDIO_1082_MTI_SAD_XX_sadtalker.mp4,1,done,sadtalker,1082,MTI,neutral,sad,yes
FAKE_T3_1082_MTI_SAD_XX__AUDIO_1082_MTI_ANG_XX_sadtalker,data\synthetic\track3_fakes\videos\FAKE_T3_1082_MTI_SAD_XX__AUDIO_1082_MTI_ANG_XX_sadtalker.mp4,1,done,sadtalker,1082,MTI,sad,angry,yes
FAKE_T3_1082_TAI_DIS_XX__AUDIO_1082_TAI_FEA_XX_sadtalker,data\synthetic\track3_fakes\videos\FAKE_T3_1082_TAI_DIS_XX__AUDIO_1082_TAI_FEA_XX_sadtalker.mp4,1,done,sadtalker,1082,TAI,disgust,fear,yes
FAKE_T3_1082_TAI_NEU_XX__AUDIO_1082_TAI_SAD_XX_sadtalker,data\synthetic\track3_fakes\videos\FAKE_T3_1082_TAI_NEU_XX__AUDIO_1082_TAI_SAD_XX_sadtalker.mp4,1,done,sadtalker,1082,TAI,neutral,sad,yes
FAKE_T3_1082_TIE_HAP_XX__AUDIO_1082_TIE_NEU_XX_sadtalker,data\synthetic\track3_fakes\videos\FAKE_T3_1082_TIE_HAP_XX__AUDIO_1082_TIE_NEU_XX_sadtalker.mp4,1,done,sadtalker,1082,TIE,happy,neutral,yes
FAKE_T3_1082_TIE_NEU_XX__AUDIO_1082_TIE_SAD_XX_sadtalker,data\synthetic\track3_fakes\videos\FAKE_T3_1082_TIE_NEU_XX__AUDIO_1082_TIE_SAD_XX_sadtalker.mp4,1,done,sadtalker,1082,TIE,neutral,sad,yes
FAKE_T3_1082_TIE_SAD_XX__AUDIO_1082_TIE_ANG_XX_sadtalker,data\synthetic\track3_fakes\videos\FAKE_T3_1082_TIE_SAD_XX__AUDIO_1082_TIE_ANG_XX_sadtalker.mp4,1,done,sadtalker,1082,TIE,sad,angry,yes
FAKE_T3_1082_TSI_NEU_XX__AUDIO_1082_TSI_SAD_XX_sadtalker,data\synthetic\track3_fakes\videos\FAKE_T3_1082_TSI_NEU_XX__AUDIO_1082_TSI_SAD_XX_sadtalker.mp4,1,done,sadtalker,1082,TSI,neutral,sad,yes
FAKE_T3_1082_TSI_SAD_XX__AUDIO_1082_TSI_ANG_XX_sadtalker,data\synthetic\track3_fakes\videos\FAKE_T3_1082_TSI_SAD_XX__AUDIO_1082_TSI_ANG_XX_sadtalker.mp4,1,done,sadtalker,1082,TSI,sad,angry,yes
FAKE_T3_1082_WSI_FEA_XX__AUDIO_1082_WSI_HAP_XX_sadtalker,data\synthetic\track3_fakes\videos\FAKE_T3_1082_WSI_FEA_XX__AUDIO_1082_WSI_HAP_XX_sadtalker.mp4,1,done,sadtalker,1082,WSI,fear,happy,yes
FAKE_T3_1082_WSI_HAP_XX__AUDIO_1082_WSI_NEU_XX_sadtalker,data\synthetic\track3_fakes\videos\FAKE_T3_1082_WSI_HAP_XX__AUDIO_1082_WSI_NEU_XX_sadtalker.mp4,1,done,sadtalker,1082,WSI,happy,neutral,yes
FAKE_T3_1082_WSI_NEU_XX__AUDIO_1082_WSI_SAD_XX_sadtalker,data\synthetic\track3_fakes\videos\FAKE_T3_1082_WSI_NEU_XX__AUDIO_1082_WSI_SAD_XX_sadtalker.mp4,1,done,sadtalker,1082,WSI,neutral,sad,yes
FAKE_T3_1082_WSI_SAD_XX__AUDIO_1082_WSI_ANG_XX_sadtalker,data\synthetic\track3_fakes\videos\FAKE_T3_1082_WSI_SAD_XX__AUDIO_1082_WSI_ANG_XX_sadtalker.mp4,1,done,sadtalker,1082,WSI,sad,angry,yes
FAKE_T3_1083_DFA_DIS_XX__AUDIO_1083_DFA_FEA_XX_sadtalker,data\synthetic\track3_fakes\videos\FAKE_T3_1083_DFA_DIS_XX__AUDIO_1083_DFA_FEA_XX_sadtalker.mp4,1,done,sadtalker,1083,DFA,disgust,fear,yes
FAKE_T3_1083_DFA_FEA_XX__AUDIO_1083_DFA_HAP_XX_sadtalker,data\synthetic\track3_fakes\videos\FAKE_T3_1083_DFA_FEA_XX__AUDIO_1083_DFA_HAP_XX_sadtalker.mp4,1,done,sadtalker,1083,DFA,fear,happy,yes
FAKE_T3_1083_DFA_HAP_XX__AUDIO_1083_DFA_NEU_XX_sadtalker,data\synthetic\track3_fakes\videos\FAKE_T3_1083_DFA_HAP_XX__AUDIO_1083_DFA_NEU_XX_sadtalker.mp4,1,done,sadtalker,1083,DFA,happy,neutral,yes
FAKE_T3_1083_IEO_ANG_HI__AUDIO_1083_IEO_DIS_HI_sadtalker,data\synthetic\track3_fakes\videos\FAKE_T3_1083_IEO_ANG_HI__AUDIO_1083_IEO_DIS_HI_sadtalker.mp4,1,done,sadtalker,1083,IEO,angry,disgust,yes
FAKE_T3_1083_IEO_ANG_LO__AUDIO_1083_IEO_DIS_LO_sadtalker,data\synthetic\track3_fakes\videos\FAKE_T3_1083_IEO_ANG_LO__AUDIO_1083_IEO_DIS_LO_sadtalker.mp4,1,done,sadtalker,1083,IEO,angry,disgust,yes
FAKE_T3_1083_IEO_DIS_MD__AUDIO_1083_IEO_FEA_MD_sadtalker,data\synthetic\track3_fakes\videos\FAKE_T3_1083_IEO_DIS_MD__AUDIO_1083_IEO_FEA_MD_sadtalker.mp4,1,done,sadtalker,1083,IEO,disgust,fear,yes
FAKE_T3_1083_IEO_FEA_HI__AUDIO_1083_IEO_HAP_HI_sadtalker,data\synthetic\track3_fakes\videos\FAKE_T3_1083_IEO_FEA_HI__AUDIO_1083_IEO_HAP_HI_sadtalker.mp4,1,done,sadtalker,1083,IEO,fear,happy,yes
FAKE_T3_1083_IEO_FEA_MD__AUDIO_1083_IEO_HAP_MD_sadtalker,data\synthetic\track3_fakes\videos\FAKE_T3_1083_IEO_FEA_MD__AUDIO_1083_IEO_HAP_MD_sadtalker.mp4,1,done,sadtalker,1083,IEO,fear,happy,yes
FAKE_T3_1083_IEO_HAP_HI__AUDIO_1083_IEO_NEU_XX_sadtalker,data\synthetic\track3_fakes\videos\FAKE_T3_1083_IEO_HAP_HI__AUDIO_1083_IEO_NEU_XX_sadtalker.mp4,1,done,sadtalker,1083,IEO,happy,neutral,yes
FAKE_T3_1083_IEO_NEU_XX__AUDIO_1083_IEO_SAD_HI_sadtalker,data\synthetic\track3_fakes\videos\FAKE_T3_1083_IEO_NEU_XX__AUDIO_1083_IEO_SAD_HI_sadtalker.mp4,1,done,sadtalker,1083,IEO,neutral,sad,yes
FAKE_T3_1083_IEO_SAD_MD__AUDIO_1083_IEO_ANG_MD_sadtalker,data\synthetic\track3_fakes\videos\FAKE_T3_1083_IEO_SAD_MD__AUDIO_1083_IEO_ANG_MD_sadtalker.mp4,1,done,sadtalker,1083,IEO,sad,angry,yes
FAKE_T3_1083_IOM_ANG_XX__AUDIO_1083_IOM_DIS_XX_sadtalker,data\synthetic\track3_fakes\videos\FAKE_T3_1083_IOM_ANG_XX__AUDIO_1083_IOM_DIS_XX_sadtalker.mp4,1,done,sadtalker,1083,IOM,angry,disgust,yes
FAKE_T3_1083_IOM_DIS_XX__AUDIO_1083_IOM_FEA_XX_sadtalker,data\synthetic\track3_fakes\videos\FAKE_T3_1083_IOM_DIS_XX__AUDIO_1083_IOM_FEA_XX_sadtalker.mp4,1,done,sadtalker,1083,IOM,disgust,fear,yes
FAKE_T3_1083_ITH_ANG_XX__AUDIO_1083_ITH_DIS_XX_sadtalker,data\synthetic\track3_fakes\videos\FAKE_T3_1083_ITH_ANG_XX__AUDIO_1083_ITH_DIS_XX_sadtalker.mp4,1,done,sadtalker,1083,ITH,angry,disgust,yes
FAKE_T3_1083_ITH_HAP_XX__AUDIO_1083_ITH_NEU_XX_sadtalker,data\synthetic\track3_fakes\videos\FAKE_T3_1083_ITH_HAP_XX__AUDIO_1083_ITH_NEU_XX_sadtalker.mp4,1,done,sadtalker,1083,ITH,happy,neutral,yes
FAKE_T3_1083_ITH_NEU_XX__AUDIO_1083_ITH_SAD_XX_sadtalker,data\synthetic\track3_fakes\videos\FAKE_T3_1083_ITH_NEU_XX__AUDIO_1083_ITH_SAD_XX_sadtalker.mp4,1,done,sadtalker,1083,ITH,neutral,sad,yes
FAKE_T3_1083_ITH_SAD_XX__AUDIO_1083_ITH_ANG_XX_sadtalker,data\synthetic\track3_fakes\videos\FAKE_T3_1083_ITH_SAD_XX__AUDIO_1083_ITH_ANG_XX_sadtalker.mp4,1,done,sadtalker,1083,ITH,sad,angry,yes
FAKE_T3_1083_ITS_DIS_XX__AUDIO_1083_ITS_FEA_XX_sadtalker,data\synthetic\track3_fakes\videos\FAKE_T3_1083_ITS_DIS_XX__AUDIO_1083_ITS_FEA_XX_sadtalker.mp4,1,done,sadtalker,1083,ITS,disgust,fear,yes
FAKE_T3_1083_ITS_FEA_XX__AUDIO_1083_ITS_HAP_XX_sadtalker,data\synthetic\track3_fakes\videos\FAKE_T3_1083_ITS_FEA_XX__AUDIO_1083_ITS_HAP_XX_sadtalker.mp4,1,done,sadtalker,1083,ITS,fear,happy,yes
FAKE_T3_1083_ITS_HAP_XX__AUDIO_1083_ITS_NEU_XX_sadtalker,data\synthetic\track3_fakes\videos\FAKE_T3_1083_ITS_HAP_XX__AUDIO_1083_ITS_NEU_XX_sadtalker.mp4,1,done,sadtalker,1083,ITS,happy,neutral,yes
FAKE_T3_1083_IWL_FEA_XX__AUDIO_1083_IWL_HAP_XX_sadtalker,data\synthetic\track3_fakes\videos\FAKE_T3_1083_IWL_FEA_XX__AUDIO_1083_IWL_HAP_XX_sadtalker.mp4,1,done,sadtalker,1083,IWL,fear,happy,yes
FAKE_T3_1083_IWL_HAP_XX__AUDIO_1083_IWL_NEU_XX_sadtalker,data\synthetic\track3_fakes\videos\FAKE_T3_1083_IWL_HAP_XX__AUDIO_1083_IWL_NEU_XX_sadtalker.mp4,1,done,sadtalker,1083,IWL,happy,neutral,yes
FAKE_T3_1083_IWL_NEU_XX__AUDIO_1083_IWL_SAD_XX_sadtalker,data\synthetic\track3_fakes\videos\FAKE_T3_1083_IWL_NEU_XX__AUDIO_1083_IWL_SAD_XX_sadtalker.mp4,1,done,sadtalker,1083,IWL,neutral,sad,yes
FAKE_T3_1083_IWW_DIS_XX__AUDIO_1083_IWW_FEA_XX_sadtalker,data\synthetic\track3_fakes\videos\FAKE_T3_1083_IWW_DIS_XX__AUDIO_1083_IWW_FEA_XX_sadtalker.mp4,1,done,sadtalker,1083,IWW,disgust,fear,yes
FAKE_T3_1083_IWW_NEU_XX__AUDIO_1083_IWW_SAD_XX_sadtalker,data\synthetic\track3_fakes\videos\FAKE_T3_1083_IWW_NEU_XX__AUDIO_1083_IWW_SAD_XX_sadtalker.mp4,1,done,sadtalker,1083,IWW,neutral,sad,yes
FAKE_T3_1083_IWW_SAD_XX__AUDIO_1083_IWW_ANG_XX_sadtalker,data\synthetic\track3_fakes\videos\FAKE_T3_1083_IWW_SAD_XX__AUDIO_1083_IWW_ANG_XX_sadtalker.mp4,1,done,sadtalker,1083,IWW,sad,angry,yes
FAKE_T3_1083_MTI_FEA_XX__AUDIO_1083_MTI_HAP_XX_sadtalker,data\synthetic\track3_fakes\videos\FAKE_T3_1083_MTI_FEA_XX__AUDIO_1083_MTI_HAP_XX_sadtalker.mp4,1,done,sadtalker,1083,MTI,fear,happy,yes
FAKE_T3_1083_MTI_HAP_XX__AUDIO_1083_MTI_NEU_XX_sadtalker,data\synthetic\track3_fakes\videos\FAKE_T3_1083_MTI_HAP_XX__AUDIO_1083_MTI_NEU_XX_sadtalker.mp4,1,done,sadtalker,1083,MTI,happy,neutral,yes
FAKE_T3_1083_MTI_NEU_XX__AUDIO_1083_MTI_SAD_XX_sadtalker,data\synthetic\track3_fakes\videos\FAKE_T3_1083_MTI_NEU_XX__AUDIO_1083_MTI_SAD_XX_sadtalker.mp4,1,done,sadtalker,1083,MTI,neutral,sad,yes
FAKE_T3_1083_MTI_SAD_XX__AUDIO_1083_MTI_ANG_XX_sadtalker,data\synthetic\track3_fakes\videos\FAKE_T3_1083_MTI_SAD_XX__AUDIO_1083_MTI_ANG_XX_sadtalker.mp4,1,done,sadtalker,1083,MTI,sad,angry,yes
FAKE_T3_1083_TAI_NEU_XX__AUDIO_1083_TAI_SAD_XX_sadtalker,data\synthetic\track3_fakes\videos\FAKE_T3_1083_TAI_NEU_XX__AUDIO_1083_TAI_SAD_XX_sadtalker.mp4,1,done,sadtalker,1083,TAI,neutral,sad,yes
FAKE_T3_1083_TIE_ANG_XX__AUDIO_1083_TIE_DIS_XX_sadtalker,data\synthetic\track3_fakes\videos\FAKE_T3_1083_TIE_ANG_XX__AUDIO_1083_TIE_DIS_XX_sadtalker.mp4,1,done,sadtalker,1083,TIE,angry,disgust,yes
FAKE_T3_1083_TIE_HAP_XX__AUDIO_1083_TIE_NEU_XX_sadtalker,data\synthetic\track3_fakes\videos\FAKE_T3_1083_TIE_HAP_XX__AUDIO_1083_TIE_NEU_XX_sadtalker.mp4,1,done,sadtalker,1083,TIE,happy,neutral,yes
FAKE_T3_1083_TIE_NEU_XX__AUDIO_1083_TIE_SAD_XX_sadtalker,data\synthetic\track3_fakes\videos\FAKE_T3_1083_TIE_NEU_XX__AUDIO_1083_TIE_SAD_XX_sadtalker.mp4,1,done,sadtalker,1083,TIE,neutral,sad,yes
FAKE_T3_1083_TIE_SAD_XX__AUDIO_1083_TIE_ANG_XX_sadtalker,data\synthetic\track3_fakes\videos\FAKE_T3_1083_TIE_SAD_XX__AUDIO_1083_TIE_ANG_XX_sadtalker.mp4,1,done,sadtalker,1083,TIE,sad,angry,yes
FAKE_T3_1083_TSI_DIS_XX__AUDIO_1083_TSI_FEA_XX_sadtalker,data\synthetic\track3_fakes\videos\FAKE_T3_1083_TSI_DIS_XX__AUDIO_1083_TSI_FEA_XX_sadtalker.mp4,1,done,sadtalker,1083,TSI,disgust,fear,yes
FAKE_T3_1083_TSI_FEA_XX__AUDIO_1083_TSI_HAP_XX_sadtalker,data\synthetic\track3_fakes\videos\FAKE_T3_1083_TSI_FEA_XX__AUDIO_1083_TSI_HAP_XX_sadtalker.mp4,1,done,sadtalker,1083,TSI,fear,happy,yes
FAKE_T3_1083_TSI_NEU_XX__AUDIO_1083_TSI_SAD_XX_sadtalker,data\synthetic\track3_fakes\videos\FAKE_T3_1083_TSI_NEU_XX__AUDIO_1083_TSI_SAD_XX_sadtalker.mp4,1,done,sadtalker,1083,TSI,neutral,sad,yes
FAKE_T3_1083_WSI_FEA_XX__AUDIO_1083_WSI_HAP_XX_sadtalker,data\synthetic\track3_fakes\videos\FAKE_T3_1083_WSI_FEA_XX__AUDIO_1083_WSI_HAP_XX_sadtalker.mp4,1,done,sadtalker,1083,WSI,fear,happy,yes
FAKE_T3_1083_WSI_NEU_XX__AUDIO_1083_WSI_SAD_XX_sadtalker,data\synthetic\track3_fakes\videos\FAKE_T3_1083_WSI_NEU_XX__AUDIO_1083_WSI_SAD_XX_sadtalker.mp4,1,done,sadtalker,1083,WSI,neutral,sad,yes
FAKE_T3_1083_WSI_SAD_XX__AUDIO_1083_WSI_ANG_XX_sadtalker,data\synthetic\track3_fakes\videos\FAKE_T3_1083_WSI_SAD_XX__AUDIO_1083_WSI_ANG_XX_sadtalker.mp4,1,done,sadtalker,1083,WSI,sad,angry,yes
FAKE_T3_1084_DFA_ANG_XX__AUDIO_1084_DFA_DIS_XX_sadtalker,data\synthetic\track3_fakes\videos\FAKE_T3_1084_DFA_ANG_XX__AUDIO_1084_DFA_DIS_XX_sadtalker.mp4,1,done,sadtalker,1084,DFA,angry,disgust,yes
FAKE_T3_1084_DFA_DIS_XX__AUDIO_1084_DFA_FEA_XX_sadtalker,data\synthetic\track3_fakes\videos\FAKE_T3_1084_DFA_DIS_XX__AUDIO_1084_DFA_FEA_XX_sadtalker.mp4,1,done,sadtalker,1084,DFA,disgust,fear,yes
FAKE_T3_1084_DFA_NEU_XX__AUDIO_1084_DFA_SAD_XX_sadtalker,data\synthetic\track3_fakes\videos\FAKE_T3_1084_DFA_NEU_XX__AUDIO_1084_DFA_SAD_XX_sadtalker.mp4,1,done,sadtalker,1084,DFA,neutral,sad,yes
FAKE_T3_1084_DFA_SAD_XX__AUDIO_1084_DFA_ANG_XX_sadtalker,data\synthetic\track3_fakes\videos\FAKE_T3_1084_DFA_SAD_XX__AUDIO_1084_DFA_ANG_XX_sadtalker.mp4,1,done,sadtalker,1084,DFA,sad,angry,yes
FAKE_T3_1084_IEO_ANG_HI__AUDIO_1084_IEO_DIS_HI_sadtalker,data\synthetic\track3_fakes\videos\FAKE_T3_1084_IEO_ANG_HI__AUDIO_1084_IEO_DIS_HI_sadtalker.mp4,1,done,sadtalker,1084,IEO,angry,disgust,yes
FAKE_T3_1084_IEO_ANG_LO__AUDIO_1084_IEO_DIS_LO_sadtalker,data\synthetic\track3_fakes\videos\FAKE_T3_1084_IEO_ANG_LO__AUDIO_1084_IEO_DIS_LO_sadtalker.mp4,1,done,sadtalker,1084,IEO,angry,disgust,yes
FAKE_T3_1084_IEO_ANG_MD__AUDIO_1084_IEO_DIS_MD_sadtalker,data\synthetic\track3_fakes\videos\FAKE_T3_1084_IEO_ANG_MD__AUDIO_1084_IEO_DIS_MD_sadtalker.mp4,1,done,sadtalker,1084,IEO,angry,disgust,yes
FAKE_T3_1084_IEO_DIS_HI__AUDIO_1084_IEO_FEA_HI_sadtalker,data\synthetic\track3_fakes\videos\FAKE_T3_1084_IEO_DIS_HI__AUDIO_1084_IEO_FEA_HI_sadtalker.mp4,1,done,sadtalker,1084,IEO,disgust,fear,yes
FAKE_T3_1084_IEO_DIS_MD__AUDIO_1084_IEO_FEA_MD_sadtalker,data\synthetic\track3_fakes\videos\FAKE_T3_1084_IEO_DIS_MD__AUDIO_1084_IEO_FEA_MD_sadtalker.mp4,1,done,sadtalker,1084,IEO,disgust,fear,yes
FAKE_T3_1084_IEO_FEA_HI__AUDIO_1084_IEO_HAP_HI_sadtalker,data\synthetic\track3_fakes\videos\FAKE_T3_1084_IEO_FEA_HI__AUDIO_1084_IEO_HAP_HI_sadtalker.mp4,1,done,sadtalker,1084,IEO,fear,happy,yes
FAKE_T3_1084_IEO_FEA_LO__AUDIO_1084_IEO_HAP_LO_sadtalker,data\synthetic\track3_fakes\videos\FAKE_T3_1084_IEO_FEA_LO__AUDIO_1084_IEO_HAP_LO_sadtalker.mp4,1,done,sadtalker,1084,IEO,fear,happy,yes
FAKE_T3_1084_IEO_HAP_MD__AUDIO_1084_IEO_NEU_XX_sadtalker,data\synthetic\track3_fakes\videos\FAKE_T3_1084_IEO_HAP_MD__AUDIO_1084_IEO_NEU_XX_sadtalker.mp4,1,done,sadtalker,1084,IEO,happy,neutral,yes
FAKE_T3_1084_IEO_NEU_XX__AUDIO_1084_IEO_SAD_HI_sadtalker,data\synthetic\track3_fakes\videos\FAKE_T3_1084_IEO_NEU_XX__AUDIO_1084_IEO_SAD_HI_sadtalker.mp4,1,done,sadtalker,1084,IEO,neutral,sad,yes
FAKE_T3_1084_IEO_SAD_LO__AUDIO_1084_IEO_ANG_LO_sadtalker,data\synthetic\track3_fakes\videos\FAKE_T3_1084_IEO_SAD_LO__AUDIO_1084_IEO_ANG_LO_sadtalker.mp4,1,done,sadtalker,1084,IEO,sad,angry,yes
FAKE_T3_1084_IEO_SAD_MD__AUDIO_1084_IEO_ANG_MD_sadtalker,data\synthetic\track3_fakes\videos\FAKE_T3_1084_IEO_SAD_MD__AUDIO_1084_IEO_ANG_MD_sadtalker.mp4,1,done,sadtalker,1084,IEO,sad,angry,yes
FAKE_T3_1084_IOM_ANG_XX__AUDIO_1084_IOM_DIS_XX_sadtalker,data\synthetic\track3_fakes\videos\FAKE_T3_1084_IOM_ANG_XX__AUDIO_1084_IOM_DIS_XX_sadtalker.mp4,1,done,sadtalker,1084,IOM,angry,disgust,yes
FAKE_T3_1084_IOM_NEU_XX__AUDIO_1084_IOM_SAD_XX_sadtalker,data\synthetic\track3_fakes\videos\FAKE_T3_1084_IOM_NEU_XX__AUDIO_1084_IOM_SAD_XX_sadtalker.mp4,1,done,sadtalker,1084,IOM,neutral,sad,yes
FAKE_T3_1084_ITH_DIS_XX__AUDIO_1084_ITH_FEA_XX_sadtalker,data\synthetic\track3_fakes\videos\FAKE_T3_1084_ITH_DIS_XX__AUDIO_1084_ITH_FEA_XX_sadtalker.mp4,1,done,sadtalker,1084,ITH,disgust,fear,yes
FAKE_T3_1084_ITS_ANG_XX__AUDIO_1084_ITS_DIS_XX_sadtalker,data\synthetic\track3_fakes\videos\FAKE_T3_1084_ITS_ANG_XX__AUDIO_1084_ITS_DIS_XX_sadtalker.mp4,1,done,sadtalker,1084,ITS,angry,disgust,yes
FAKE_T3_1084_ITS_HAP_XX__AUDIO_1084_ITS_NEU_XX_sadtalker,data\synthetic\track3_fakes\videos\FAKE_T3_1084_ITS_HAP_XX__AUDIO_1084_ITS_NEU_XX_sadtalker.mp4,1,done,sadtalker,1084,ITS,happy,neutral,yes
FAKE_T3_1084_ITS_NEU_XX__AUDIO_1084_ITS_SAD_XX_sadtalker,data\synthetic\track3_fakes\videos\FAKE_T3_1084_ITS_NEU_XX__AUDIO_1084_ITS_SAD_XX_sadtalker.mp4,1,done,sadtalker,1084,ITS,neutral,sad,yes
FAKE_T3_1084_ITS_SAD_XX__AUDIO_1084_ITS_ANG_XX_sadtalker,data\synthetic\track3_fakes\videos\FAKE_T3_1084_ITS_SAD_XX__AUDIO_1084_ITS_ANG_XX_sadtalker.mp4,1,done,sadtalker,1084,ITS,sad,angry,yes
FAKE_T3_1084_IWL_ANG_XX__AUDIO_1084_IWL_DIS_XX_sadtalker,data\synthetic\track3_fakes\videos\FAKE_T3_1084_IWL_ANG_XX__AUDIO_1084_IWL_DIS_XX_sadtalker.mp4,1,done,sadtalker,1084,IWL,angry,disgust,yes
FAKE_T3_1084_IWL_SAD_XX__AUDIO_1084_IWL_ANG_XX_sadtalker,data\synthetic\track3_fakes\videos\FAKE_T3_1084_IWL_SAD_XX__AUDIO_1084_IWL_ANG_XX_sadtalker.mp4,1,done,sadtalker,1084,IWL,sad,angry,yes
FAKE_T3_1084_IWW_ANG_XX__AUDIO_1084_IWW_DIS_XX_sadtalker,data\synthetic\track3_fakes\videos\FAKE_T3_1084_IWW_ANG_XX__AUDIO_1084_IWW_DIS_XX_sadtalker.mp4,1,done,sadtalker,1084,IWW,angry,disgust,yes
FAKE_T3_1084_MTI_FEA_XX__AUDIO_1084_MTI_HAP_XX_sadtalker,data\synthetic\track3_fakes\videos\FAKE_T3_1084_MTI_FEA_XX__AUDIO_1084_MTI_HAP_XX_sadtalker.mp4,1,done,sadtalker,1084,MTI,fear,happy,yes
FAKE_T3_1084_TAI_DIS_XX__AUDIO_1084_TAI_FEA_XX_sadtalker,data\synthetic\track3_fakes\videos\FAKE_T3_1084_TAI_DIS_XX__AUDIO_1084_TAI_FEA_XX_sadtalker.mp4,1,done,sadtalker,1084,TAI,disgust,fear,yes
FAKE_T3_1084_TAI_FEA_XX__AUDIO_1084_TAI_HAP_XX_sadtalker,data\synthetic\track3_fakes\videos\FAKE_T3_1084_TAI_FEA_XX__AUDIO_1084_TAI_HAP_XX_sadtalker.mp4,1,done,sadtalker,1084,TAI,fear,happy,yes
FAKE_T3_1084_TAI_HAP_XX__AUDIO_1084_TAI_NEU_XX_sadtalker,data\synthetic\track3_fakes\videos\FAKE_T3_1084_TAI_HAP_XX__AUDIO_1084_TAI_NEU_XX_sadtalker.mp4,1,done,sadtalker,1084,TAI,happy,neutral,yes
FAKE_T3_1084_TAI_NEU_XX__AUDIO_1084_TAI_SAD_XX_sadtalker,data\synthetic\track3_fakes\videos\FAKE_T3_1084_TAI_NEU_XX__AUDIO_1084_TAI_SAD_XX_sadtalker.mp4,1,done,sadtalker,1084,TAI,neutral,sad,yes
FAKE_T3_1084_TAI_SAD_XX__AUDIO_1084_TAI_ANG_XX_sadtalker,data\synthetic\track3_fakes\videos\FAKE_T3_1084_TAI_SAD_XX__AUDIO_1084_TAI_ANG_XX_sadtalker.mp4,1,done,sadtalker,1084,TAI,sad,angry,yes
FAKE_T3_1084_TIE_ANG_XX__AUDIO_1084_TIE_DIS_XX_sadtalker,data\synthetic\track3_fakes\videos\FAKE_T3_1084_TIE_ANG_XX__AUDIO_1084_TIE_DIS_XX_sadtalker.mp4,1,done,sadtalker,1084,TIE,angry,disgust,yes
FAKE_T3_1084_TIE_SAD_XX__AUDIO_1084_TIE_ANG_XX_sadtalker,data\synthetic\track3_fakes\videos\FAKE_T3_1084_TIE_SAD_XX__AUDIO_1084_TIE_ANG_XX_sadtalker.mp4,1,done,sadtalker,1084,TIE,sad,angry,yes
FAKE_T3_1084_TSI_DIS_XX__AUDIO_1084_TSI_FEA_XX_sadtalker,data\synthetic\track3_fakes\videos\FAKE_T3_1084_TSI_DIS_XX__AUDIO_1084_TSI_FEA_XX_sadtalker.mp4,1,done,sadtalker,1084,TSI,disgust,fear,yes
FAKE_T3_1084_TSI_HAP_XX__AUDIO_1084_TSI_NEU_XX_sadtalker,data\synthetic\track3_fakes\videos\FAKE_T3_1084_TSI_HAP_XX__AUDIO_1084_TSI_NEU_XX_sadtalker.mp4,1,done,sadtalker,1084,TSI,happy,neutral,yes
FAKE_T3_1084_TSI_NEU_XX__AUDIO_1084_TSI_SAD_XX_sadtalker,data\synthetic\track3_fakes\videos\FAKE_T3_1084_TSI_NEU_XX__AUDIO_1084_TSI_SAD_XX_sadtalker.mp4,1,done,sadtalker,1084,TSI,neutral,sad,yes
FAKE_T3_1084_TSI_SAD_XX__AUDIO_1084_TSI_ANG_XX_sadtalker,data\synthetic\track3_fakes\videos\FAKE_T3_1084_TSI_SAD_XX__AUDIO_1084_TSI_ANG_XX_sadtalker.mp4,1,done,sadtalker,1084,TSI,sad,angry,yes
FAKE_T3_1084_WSI_ANG_XX__AUDIO_1084_WSI_DIS_XX_sadtalker,data\synthetic\track3_fakes\videos\FAKE_T3_1084_WSI_ANG_XX__AUDIO_1084_WSI_DIS_XX_sadtalker.mp4,1,done,sadtalker,1084,WSI,angry,disgust,yes
FAKE_T3_1084_WSI_HAP_XX__AUDIO_1084_WSI_NEU_XX_sadtalker,data\synthetic\track3_fakes\videos\FAKE_T3_1084_WSI_HAP_XX__AUDIO_1084_WSI_NEU_XX_sadtalker.mp4,1,done,sadtalker,1084,WSI,happy,neutral,yes
FAKE_T3_1084_WSI_NEU_XX__AUDIO_1084_WSI_SAD_XX_sadtalker,data\synthetic\track3_fakes\videos\FAKE_T3_1084_WSI_NEU_XX__AUDIO_1084_WSI_SAD_XX_sadtalker.mp4,1,done,sadtalker,1084,WSI,neutral,sad,yes
FAKE_T3_1084_WSI_SAD_XX__AUDIO_1084_WSI_ANG_XX_sadtalker,data\synthetic\track3_fakes\videos\FAKE_T3_1084_WSI_SAD_XX__AUDIO_1084_WSI_ANG_XX_sadtalker.mp4,1,done,sadtalker,1084,WSI,sad,angry,yes
FAKE_T3_1085_DFA_DIS_XX__AUDIO_1085_DFA_FEA_XX_sadtalker,data\synthetic\track3_fakes\videos\FAKE_T3_1085_DFA_DIS_XX__AUDIO_1085_DFA_FEA_XX_sadtalker.mp4,1,done,sadtalker,1085,DFA,disgust,fear,yes
FAKE_T3_1085_DFA_FEA_XX__AUDIO_1085_DFA_HAP_XX_sadtalker,data\synthetic\track3_fakes\videos\FAKE_T3_1085_DFA_FEA_XX__AUDIO_1085_DFA_HAP_XX_sadtalker.mp4,1,done,sadtalker,1085,DFA,fear,happy,yes
FAKE_T3_1085_DFA_HAP_XX__AUDIO_1085_DFA_NEU_XX_sadtalker,data\synthetic\track3_fakes\videos\FAKE_T3_1085_DFA_HAP_XX__AUDIO_1085_DFA_NEU_XX_sadtalker.mp4,1,done,sadtalker,1085,DFA,happy,neutral,yes
FAKE_T3_1085_DFA_SAD_XX__AUDIO_1085_DFA_ANG_XX_sadtalker,data\synthetic\track3_fakes\videos\FAKE_T3_1085_DFA_SAD_XX__AUDIO_1085_DFA_ANG_XX_sadtalker.mp4,1,done,sadtalker,1085,DFA,sad,angry,yes
FAKE_T3_1085_IEO_ANG_HI__AUDIO_1085_IEO_DIS_HI_sadtalker,data\synthetic\track3_fakes\videos\FAKE_T3_1085_IEO_ANG_HI__AUDIO_1085_IEO_DIS_HI_sadtalker.mp4,1,done,sadtalker,1085,IEO,angry,disgust,yes
FAKE_T3_1085_IEO_ANG_LO__AUDIO_1085_IEO_DIS_LO_sadtalker,data\synthetic\track3_fakes\videos\FAKE_T3_1085_IEO_ANG_LO__AUDIO_1085_IEO_DIS_LO_sadtalker.mp4,1,done,sadtalker,1085,IEO,angry,disgust,yes
FAKE_T3_1085_IEO_ANG_MD__AUDIO_1085_IEO_DIS_MD_sadtalker,data\synthetic\track3_fakes\videos\FAKE_T3_1085_IEO_ANG_MD__AUDIO_1085_IEO_DIS_MD_sadtalker.mp4,1,done,sadtalker,1085,IEO,angry,disgust,yes
FAKE_T3_1085_IEO_DIS_LO__AUDIO_1085_IEO_FEA_LO_sadtalker,data\synthetic\track3_fakes\videos\FAKE_T3_1085_IEO_DIS_LO__AUDIO_1085_IEO_FEA_LO_sadtalker.mp4,1,done,sadtalker,1085,IEO,disgust,fear,yes
FAKE_T3_1085_IEO_DIS_MD__AUDIO_1085_IEO_FEA_MD_sadtalker,data\synthetic\track3_fakes\videos\FAKE_T3_1085_IEO_DIS_MD__AUDIO_1085_IEO_FEA_MD_sadtalker.mp4,1,done,sadtalker,1085,IEO,disgust,fear,yes
FAKE_T3_1085_IEO_FEA_HI__AUDIO_1085_IEO_HAP_HI_sadtalker,data\synthetic\track3_fakes\videos\FAKE_T3_1085_IEO_FEA_HI__AUDIO_1085_IEO_HAP_HI_sadtalker.mp4,1,done,sadtalker,1085,IEO,fear,happy,yes
FAKE_T3_1085_IEO_FEA_LO__AUDIO_1085_IEO_HAP_LO_sadtalker,data\synthetic\track3_fakes\videos\FAKE_T3_1085_IEO_FEA_LO__AUDIO_1085_IEO_HAP_LO_sadtalker.mp4,1,done,sadtalker,1085,IEO,fear,happy,yes
FAKE_T3_1085_IEO_NEU_XX__AUDIO_1085_IEO_SAD_HI_sadtalker,data\synthetic\track3_fakes\videos\FAKE_T3_1085_IEO_NEU_XX__AUDIO_1085_IEO_SAD_HI_sadtalker.mp4,1,done,sadtalker,1085,IEO,neutral,sad,yes
FAKE_T3_1085_IEO_SAD_HI__AUDIO_1085_IEO_ANG_HI_sadtalker,data\synthetic\track3_fakes\videos\FAKE_T3_1085_IEO_SAD_HI__AUDIO_1085_IEO_ANG_HI_sadtalker.mp4,1,done,sadtalker,1085,IEO,sad,angry,yes
FAKE_T3_1085_IEO_SAD_MD__AUDIO_1085_IEO_ANG_MD_sadtalker,data\synthetic\track3_fakes\videos\FAKE_T3_1085_IEO_SAD_MD__AUDIO_1085_IEO_ANG_MD_sadtalker.mp4,1,done,sadtalker,1085,IEO,sad,angry,yes
FAKE_T3_1085_IOM_ANG_XX__AUDIO_1085_IOM_DIS_XX_sadtalker,data\synthetic\track3_fakes\videos\FAKE_T3_1085_IOM_ANG_XX__AUDIO_1085_IOM_DIS_XX_sadtalker.mp4,1,done,sadtalker,1085,IOM,angry,disgust,yes
FAKE_T3_1085_IOM_DIS_XX__AUDIO_1085_IOM_FEA_XX_sadtalker,data\synthetic\track3_fakes\videos\FAKE_T3_1085_IOM_DIS_XX__AUDIO_1085_IOM_FEA_XX_sadtalker.mp4,1,done,sadtalker,1085,IOM,disgust,fear,yes
FAKE_T3_1085_IOM_FEA_XX__AUDIO_1085_IOM_HAP_XX_sadtalker,data\synthetic\track3_fakes\videos\FAKE_T3_1085_IOM_FEA_XX__AUDIO_1085_IOM_HAP_XX_sadtalker.mp4,1,done,sadtalker,1085,IOM,fear,happy,yes
FAKE_T3_1085_ITH_ANG_XX__AUDIO_1085_ITH_DIS_XX_sadtalker,data\synthetic\track3_fakes\videos\FAKE_T3_1085_ITH_ANG_XX__AUDIO_1085_ITH_DIS_XX_sadtalker.mp4,1,done,sadtalker,1085,ITH,angry,disgust,yes
FAKE_T3_1085_ITH_DIS_XX__AUDIO_1085_ITH_FEA_XX_sadtalker,data\synthetic\track3_fakes\videos\FAKE_T3_1085_ITH_DIS_XX__AUDIO_1085_ITH_FEA_XX_sadtalker.mp4,1,done,sadtalker,1085,ITH,disgust,fear,yes
FAKE_T3_1085_ITH_HAP_XX__AUDIO_1085_ITH_NEU_XX_sadtalker,data\synthetic\track3_fakes\videos\FAKE_T3_1085_ITH_HAP_XX__AUDIO_1085_ITH_NEU_XX_sadtalker.mp4,1,done,sadtalker,1085,ITH,happy,neutral,yes
FAKE_T3_1085_ITS_DIS_XX__AUDIO_1085_ITS_FEA_XX_sadtalker,data\synthetic\track3_fakes\videos\FAKE_T3_1085_ITS_DIS_XX__AUDIO_1085_ITS_FEA_XX_sadtalker.mp4,1,done,sadtalker,1085,ITS,disgust,fear,yes
FAKE_T3_1085_ITS_SAD_XX__AUDIO_1085_ITS_ANG_XX_sadtalker,data\synthetic\track3_fakes\videos\FAKE_T3_1085_ITS_SAD_XX__AUDIO_1085_ITS_ANG_XX_sadtalker.mp4,1,done,sadtalker,1085,ITS,sad,angry,yes
FAKE_T3_1085_IWL_ANG_XX__AUDIO_1085_IWL_DIS_XX_sadtalker,data\synthetic\track3_fakes\videos\FAKE_T3_1085_IWL_ANG_XX__AUDIO_1085_IWL_DIS_XX_sadtalker.mp4,1,done,sadtalker,1085,IWL,angry,disgust,yes
FAKE_T3_1085_IWL_HAP_XX__AUDIO_1085_IWL_NEU_XX_sadtalker,data\synthetic\track3_fakes\videos\FAKE_T3_1085_IWL_HAP_XX__AUDIO_1085_IWL_NEU_XX_sadtalker.mp4,1,done,sadtalker,1085,IWL,happy,neutral,yes
FAKE_T3_1085_IWL_SAD_XX__AUDIO_1085_IWL_ANG_XX_sadtalker,data\synthetic\track3_fakes\videos\FAKE_T3_1085_IWL_SAD_XX__AUDIO_1085_IWL_ANG_XX_sadtalker.mp4,1,done,sadtalker,1085,IWL,sad,angry,yes
FAKE_T3_1085_IWW_DIS_XX__AUDIO_1085_IWW_FEA_XX_sadtalker,data\synthetic\track3_fakes\videos\FAKE_T3_1085_IWW_DIS_XX__AUDIO_1085_IWW_FEA_XX_sadtalker.mp4,1,done,sadtalker,1085,IWW,disgust,fear,yes
FAKE_T3_1085_IWW_FEA_XX__AUDIO_1085_IWW_HAP_XX_sadtalker,data\synthetic\track3_fakes\videos\FAKE_T3_1085_IWW_FEA_XX__AUDIO_1085_IWW_HAP_XX_sadtalker.mp4,1,done,sadtalker,1085,IWW,fear,happy,yes
FAKE_T3_1085_IWW_SAD_XX__AUDIO_1085_IWW_ANG_XX_sadtalker,data\synthetic\track3_fakes\videos\FAKE_T3_1085_IWW_SAD_XX__AUDIO_1085_IWW_ANG_XX_sadtalker.mp4,1,done,sadtalker,1085,IWW,sad,angry,yes
FAKE_T3_1085_MTI_ANG_XX__AUDIO_1085_MTI_DIS_XX_sadtalker,data\synthetic\track3_fakes\videos\FAKE_T3_1085_MTI_ANG_XX__AUDIO_1085_MTI_DIS_XX_sadtalker.mp4,1,done,sadtalker,1085,MTI,angry,disgust,yes
FAKE_T3_1085_MTI_DIS_XX__AUDIO_1085_MTI_FEA_XX_sadtalker,data\synthetic\track3_fakes\videos\FAKE_T3_1085_MTI_DIS_XX__AUDIO_1085_MTI_FEA_XX_sadtalker.mp4,1,done,sadtalker,1085,MTI,disgust,fear,yes
FAKE_T3_1085_MTI_HAP_XX__AUDIO_1085_MTI_NEU_XX_sadtalker,data\synthetic\track3_fakes\videos\FAKE_T3_1085_MTI_HAP_XX__AUDIO_1085_MTI_NEU_XX_sadtalker.mp4,1,done,sadtalker,1085,MTI,happy,neutral,yes
FAKE_T3_1085_TAI_ANG_XX__AUDIO_1085_TAI_DIS_XX_sadtalker,data\synthetic\track3_fakes\videos\FAKE_T3_1085_TAI_ANG_XX__AUDIO_1085_TAI_DIS_XX_sadtalker.mp4,1,done,sadtalker,1085,TAI,angry,disgust,yes
FAKE_T3_1085_TAI_FEA_XX__AUDIO_1085_TAI_HAP_XX_sadtalker,data\synthetic\track3_fakes\videos\FAKE_T3_1085_TAI_FEA_XX__AUDIO_1085_TAI_HAP_XX_sadtalker.mp4,1,done,sadtalker,1085,TAI,fear,happy,yes
FAKE_T3_1085_TIE_FEA_XX__AUDIO_1085_TIE_HAP_XX_sadtalker,data\synthetic\track3_fakes\videos\FAKE_T3_1085_TIE_FEA_XX__AUDIO_1085_TIE_HAP_XX_sadtalker.mp4,1,done,sadtalker,1085,TIE,fear,happy,yes
FAKE_T3_1085_TIE_NEU_XX__AUDIO_1085_TIE_SAD_XX_sadtalker,data\synthetic\track3_fakes\videos\FAKE_T3_1085_TIE_NEU_XX__AUDIO_1085_TIE_SAD_XX_sadtalker.mp4,1,done,sadtalker,1085,TIE,neutral,sad,yes
FAKE_T3_1085_TSI_ANG_XX__AUDIO_1085_TSI_DIS_XX_sadtalker,data\synthetic\track3_fakes\videos\FAKE_T3_1085_TSI_ANG_XX__AUDIO_1085_TSI_DIS_XX_sadtalker.mp4,1,done,sadtalker,1085,TSI,angry,disgust,yes
FAKE_T3_1085_TSI_FEA_XX__AUDIO_1085_TSI_HAP_XX_sadtalker,data\synthetic\track3_fakes\videos\FAKE_T3_1085_TSI_FEA_XX__AUDIO_1085_TSI_HAP_XX_sadtalker.mp4,1,done,sadtalker,1085,TSI,fear,happy,yes
FAKE_T3_1085_TSI_HAP_XX__AUDIO_1085_TSI_NEU_XX_sadtalker,data\synthetic\track3_fakes\videos\FAKE_T3_1085_TSI_HAP_XX__AUDIO_1085_TSI_NEU_XX_sadtalker.mp4,1,done,sadtalker,1085,TSI,happy,neutral,yes
FAKE_T3_1085_TSI_SAD_XX__AUDIO_1085_TSI_ANG_XX_sadtalker,data\synthetic\track3_fakes\videos\FAKE_T3_1085_TSI_SAD_XX__AUDIO_1085_TSI_ANG_XX_sadtalker.mp4,1,done,sadtalker,1085,TSI,sad,angry,yes
FAKE_T3_1085_WSI_FEA_XX__AUDIO_1085_WSI_HAP_XX_sadtalker,data\synthetic\track3_fakes\videos\FAKE_T3_1085_WSI_FEA_XX__AUDIO_1085_WSI_HAP_XX_sadtalker.mp4,1,done,sadtalker,1085,WSI,fear,happy,yes
FAKE_T3_1085_WSI_NEU_XX__AUDIO_1085_WSI_SAD_XX_sadtalker,data\synthetic\track3_fakes\videos\FAKE_T3_1085_WSI_NEU_XX__AUDIO_1085_WSI_SAD_XX_sadtalker.mp4,1,done,sadtalker,1085,WSI,neutral,sad,yes
FAKE_T3_1086_DFA_NEU_XX__AUDIO_1086_DFA_SAD_XX_sadtalker,data\synthetic\track3_fakes\videos\FAKE_T3_1086_DFA_NEU_XX__AUDIO_1086_DFA_SAD_XX_sadtalker.mp4,1,done,sadtalker,1086,DFA,neutral,sad,yes
FAKE_T3_1086_DFA_SAD_XX__AUDIO_1086_DFA_ANG_XX_sadtalker,data\synthetic\track3_fakes\videos\FAKE_T3_1086_DFA_SAD_XX__AUDIO_1086_DFA_ANG_XX_sadtalker.mp4,1,done,sadtalker,1086,DFA,sad,angry,yes
FAKE_T3_1086_IEO_ANG_MD__AUDIO_1086_IEO_DIS_MD_sadtalker,data\synthetic\track3_fakes\videos\FAKE_T3_1086_IEO_ANG_MD__AUDIO_1086_IEO_DIS_MD_sadtalker.mp4,1,done,sadtalker,1086,IEO,angry,disgust,yes
FAKE_T3_1086_IEO_FEA_HI__AUDIO_1086_IEO_HAP_HI_sadtalker,data\synthetic\track3_fakes\videos\FAKE_T3_1086_IEO_FEA_HI__AUDIO_1086_IEO_HAP_HI_sadtalker.mp4,1,done,sadtalker,1086,IEO,fear,happy,yes
FAKE_T3_1086_IEO_FEA_LO__AUDIO_1086_IEO_HAP_LO_sadtalker,data\synthetic\track3_fakes\videos\FAKE_T3_1086_IEO_FEA_LO__AUDIO_1086_IEO_HAP_LO_sadtalker.mp4,1,done,sadtalker,1086,IEO,fear,happy,yes
FAKE_T3_1086_IEO_FEA_MD__AUDIO_1086_IEO_HAP_MD_sadtalker,data\synthetic\track3_fakes\videos\FAKE_T3_1086_IEO_FEA_MD__AUDIO_1086_IEO_HAP_MD_sadtalker.mp4,1,done,sadtalker,1086,IEO,fear,happy,yes
FAKE_T3_1086_IEO_HAP_HI__AUDIO_1086_IEO_NEU_XX_sadtalker,data\synthetic\track3_fakes\videos\FAKE_T3_1086_IEO_HAP_HI__AUDIO_1086_IEO_NEU_XX_sadtalker.mp4,1,done,sadtalker,1086,IEO,happy,neutral,yes
FAKE_T3_1086_IEO_HAP_MD__AUDIO_1086_IEO_NEU_XX_sadtalker,data\synthetic\track3_fakes\videos\FAKE_T3_1086_IEO_HAP_MD__AUDIO_1086_IEO_NEU_XX_sadtalker.mp4,1,done,sadtalker,1086,IEO,happy,neutral,yes
FAKE_T3_1086_IEO_SAD_LO__AUDIO_1086_IEO_ANG_LO_sadtalker,data\synthetic\track3_fakes\videos\FAKE_T3_1086_IEO_SAD_LO__AUDIO_1086_IEO_ANG_LO_sadtalker.mp4,1,done,sadtalker,1086,IEO,sad,angry,yes
FAKE_T3_1086_IEO_SAD_MD__AUDIO_1086_IEO_ANG_MD_sadtalker,data\synthetic\track3_fakes\videos\FAKE_T3_1086_IEO_SAD_MD__AUDIO_1086_IEO_ANG_MD_sadtalker.mp4,1,done,sadtalker,1086,IEO,sad,angry,yes
FAKE_T3_1086_IOM_FEA_XX__AUDIO_1086_IOM_HAP_XX_sadtalker,data\synthetic\track3_fakes\videos\FAKE_T3_1086_IOM_FEA_XX__AUDIO_1086_IOM_HAP_XX_sadtalker.mp4,1,done,sadtalker,1086,IOM,fear,happy,yes
FAKE_T3_1086_IOM_NEU_XX__AUDIO_1086_IOM_SAD_XX_sadtalker,data\synthetic\track3_fakes\videos\FAKE_T3_1086_IOM_NEU_XX__AUDIO_1086_IOM_SAD_XX_sadtalker.mp4,1,done,sadtalker,1086,IOM,neutral,sad,yes
FAKE_T3_1086_ITH_DIS_XX__AUDIO_1086_ITH_FEA_XX_sadtalker,data\synthetic\track3_fakes\videos\FAKE_T3_1086_ITH_DIS_XX__AUDIO_1086_ITH_FEA_XX_sadtalker.mp4,1,done,sadtalker,1086,ITH,disgust,fear,yes
FAKE_T3_1086_ITH_HAP_XX__AUDIO_1086_ITH_NEU_XX_sadtalker,data\synthetic\track3_fakes\videos\FAKE_T3_1086_ITH_HAP_XX__AUDIO_1086_ITH_NEU_XX_sadtalker.mp4,1,done,sadtalker,1086,ITH,happy,neutral,yes
FAKE_T3_1086_ITS_ANG_XX__AUDIO_1086_ITS_DIS_XX_sadtalker,data\synthetic\track3_fakes\videos\FAKE_T3_1086_ITS_ANG_XX__AUDIO_1086_ITS_DIS_XX_sadtalker.mp4,1,done,sadtalker,1086,ITS,angry,disgust,yes
FAKE_T3_1086_ITS_NEU_XX__AUDIO_1086_ITS_SAD_XX_sadtalker,data\synthetic\track3_fakes\videos\FAKE_T3_1086_ITS_NEU_XX__AUDIO_1086_ITS_SAD_XX_sadtalker.mp4,1,done,sadtalker,1086,ITS,neutral,sad,yes
FAKE_T3_1086_IWL_ANG_XX__AUDIO_1086_IWL_DIS_XX_sadtalker,data\synthetic\track3_fakes\videos\FAKE_T3_1086_IWL_ANG_XX__AUDIO_1086_IWL_DIS_XX_sadtalker.mp4,1,done,sadtalker,1086,IWL,angry,disgust,yes
FAKE_T3_1086_IWL_NEU_XX__AUDIO_1086_IWL_SAD_XX_sadtalker,data\synthetic\track3_fakes\videos\FAKE_T3_1086_IWL_NEU_XX__AUDIO_1086_IWL_SAD_XX_sadtalker.mp4,1,done,sadtalker,1086,IWL,neutral,sad,yes
FAKE_T3_1086_IWW_ANG_XX__AUDIO_1086_IWW_DIS_XX_sadtalker,data\synthetic\track3_fakes\videos\FAKE_T3_1086_IWW_ANG_XX__AUDIO_1086_IWW_DIS_XX_sadtalker.mp4,1,done,sadtalker,1086,IWW,angry,disgust,yes
FAKE_T3_1086_IWW_DIS_XX__AUDIO_1086_IWW_FEA_XX_sadtalker,data\synthetic\track3_fakes\videos\FAKE_T3_1086_IWW_DIS_XX__AUDIO_1086_IWW_FEA_XX_sadtalker.mp4,1,done,sadtalker,1086,IWW,disgust,fear,yes
FAKE_T3_1086_IWW_FEA_XX__AUDIO_1086_IWW_HAP_XX_sadtalker,data\synthetic\track3_fakes\videos\FAKE_T3_1086_IWW_FEA_XX__AUDIO_1086_IWW_HAP_XX_sadtalker.mp4,1,done,sadtalker,1086,IWW,fear,happy,yes
FAKE_T3_1086_IWW_HAP_XX__AUDIO_1086_IWW_NEU_XX_sadtalker,data\synthetic\track3_fakes\videos\FAKE_T3_1086_IWW_HAP_XX__AUDIO_1086_IWW_NEU_XX_sadtalker.mp4,1,done,sadtalker,1086,IWW,happy,neutral,yes
FAKE_T3_1086_IWW_NEU_XX__AUDIO_1086_IWW_SAD_XX_sadtalker,data\synthetic\track3_fakes\videos\FAKE_T3_1086_IWW_NEU_XX__AUDIO_1086_IWW_SAD_XX_sadtalker.mp4,1,done,sadtalker,1086,IWW,neutral,sad,yes
FAKE_T3_1086_IWW_SAD_XX__AUDIO_1086_IWW_ANG_XX_sadtalker,data\synthetic\track3_fakes\videos\FAKE_T3_1086_IWW_SAD_XX__AUDIO_1086_IWW_ANG_XX_sadtalker.mp4,1,done,sadtalker,1086,IWW,sad,angry,yes
FAKE_T3_1086_MTI_ANG_XX__AUDIO_1086_MTI_DIS_XX_sadtalker,data\synthetic\track3_fakes\videos\FAKE_T3_1086_MTI_ANG_XX__AUDIO_1086_MTI_DIS_XX_sadtalker.mp4,1,done,sadtalker,1086,MTI,angry,disgust,yes
FAKE_T3_1086_MTI_FEA_XX__AUDIO_1086_MTI_HAP_XX_sadtalker,data\synthetic\track3_fakes\videos\FAKE_T3_1086_MTI_FEA_XX__AUDIO_1086_MTI_HAP_XX_sadtalker.mp4,1,done,sadtalker,1086,MTI,fear,happy,yes
FAKE_T3_1086_MTI_HAP_XX__AUDIO_1086_MTI_NEU_XX_sadtalker,data\synthetic\track3_fakes\videos\FAKE_T3_1086_MTI_HAP_XX__AUDIO_1086_MTI_NEU_XX_sadtalker.mp4,1,done,sadtalker,1086,MTI,happy,neutral,yes
FAKE_T3_1086_MTI_NEU_XX__AUDIO_1086_MTI_SAD_XX_sadtalker,data\synthetic\track3_fakes\videos\FAKE_T3_1086_MTI_NEU_XX__AUDIO_1086_MTI_SAD_XX_sadtalker.mp4,1,done,sadtalker,1086,MTI,neutral,sad,yes
FAKE_T3_1086_TAI_DIS_XX__AUDIO_1086_TAI_FEA_XX_sadtalker,data\synthetic\track3_fakes\videos\FAKE_T3_1086_TAI_DIS_XX__AUDIO_1086_TAI_FEA_XX_sadtalker.mp4,1,done,sadtalker,1086,TAI,disgust,fear,yes
FAKE_T3_1086_TAI_HAP_XX__AUDIO_1086_TAI_NEU_XX_sadtalker,data\synthetic\track3_fakes\videos\FAKE_T3_1086_TAI_HAP_XX__AUDIO_1086_TAI_NEU_XX_sadtalker.mp4,1,done,sadtalker,1086,TAI,happy,neutral,yes
FAKE_T3_1086_TAI_NEU_XX__AUDIO_1086_TAI_SAD_XX_sadtalker,data\synthetic\track3_fakes\videos\FAKE_T3_1086_TAI_NEU_XX__AUDIO_1086_TAI_SAD_XX_sadtalker.mp4,1,done,sadtalker,1086,TAI,neutral,sad,yes
FAKE_T3_1086_TIE_ANG_XX__AUDIO_1086_TIE_DIS_XX_sadtalker,data\synthetic\track3_fakes\videos\FAKE_T3_1086_TIE_ANG_XX__AUDIO_1086_TIE_DIS_XX_sadtalker.mp4,1,done,sadtalker,1086,TIE,angry,disgust,yes
FAKE_T3_1086_TIE_DIS_XX__AUDIO_1086_TIE_FEA_XX_sadtalker,data\synthetic\track3_fakes\videos\FAKE_T3_1086_TIE_DIS_XX__AUDIO_1086_TIE_FEA_XX_sadtalker.mp4,1,done,sadtalker,1086,TIE,disgust,fear,yes
FAKE_T3_1086_TIE_FEA_XX__AUDIO_1086_TIE_HAP_XX_sadtalker,data\synthetic\track3_fakes\videos\FAKE_T3_1086_TIE_FEA_XX__AUDIO_1086_TIE_HAP_XX_sadtalker.mp4,1,done,sadtalker,1086,TIE,fear,happy,yes
FAKE_T3_1086_TIE_HAP_XX__AUDIO_1086_TIE_NEU_XX_sadtalker,data\synthetic\track3_fakes\videos\FAKE_T3_1086_TIE_HAP_XX__AUDIO_1086_TIE_NEU_XX_sadtalker.mp4,1,done,sadtalker,1086,TIE,happy,neutral,yes
FAKE_T3_1086_TSI_DIS_XX__AUDIO_1086_TSI_FEA_XX_sadtalker,data\synthetic\track3_fakes\videos\FAKE_T3_1086_TSI_DIS_XX__AUDIO_1086_TSI_FEA_XX_sadtalker.mp4,1,done,sadtalker,1086,TSI,disgust,fear,yes
FAKE_T3_1086_TSI_HAP_XX__AUDIO_1086_TSI_NEU_XX_sadtalker,data\synthetic\track3_fakes\videos\FAKE_T3_1086_TSI_HAP_XX__AUDIO_1086_TSI_NEU_XX_sadtalker.mp4,1,done,sadtalker,1086,TSI,happy,neutral,yes
FAKE_T3_1086_TSI_SAD_XX__AUDIO_1086_TSI_ANG_XX_sadtalker,data\synthetic\track3_fakes\videos\FAKE_T3_1086_TSI_SAD_XX__AUDIO_1086_TSI_ANG_XX_sadtalker.mp4,1,done,sadtalker,1086,TSI,sad,angry,yes
FAKE_T3_1086_WSI_ANG_XX__AUDIO_1086_WSI_DIS_XX_sadtalker,data\synthetic\track3_fakes\videos\FAKE_T3_1086_WSI_ANG_XX__AUDIO_1086_WSI_DIS_XX_sadtalker.mp4,1,done,sadtalker,1086,WSI,angry,disgust,yes
FAKE_T3_1086_WSI_DIS_XX__AUDIO_1086_WSI_FEA_XX_sadtalker,data\synthetic\track3_fakes\videos\FAKE_T3_1086_WSI_DIS_XX__AUDIO_1086_WSI_FEA_XX_sadtalker.mp4,1,done,sadtalker,1086,WSI,disgust,fear,yes
FAKE_T3_1086_WSI_HAP_XX__AUDIO_1086_WSI_NEU_XX_sadtalker,data\synthetic\track3_fakes\videos\FAKE_T3_1086_WSI_HAP_XX__AUDIO_1086_WSI_NEU_XX_sadtalker.mp4,1,done,sadtalker,1086,WSI,happy,neutral,yes
FAKE_T3_1087_DFA_FEA_XX__AUDIO_1087_DFA_HAP_XX_sadtalker,data\synthetic\track3_fakes\videos\FAKE_T3_1087_DFA_FEA_XX__AUDIO_1087_DFA_HAP_XX_sadtalker.mp4,1,done,sadtalker,1087,DFA,fear,happy,yes
FAKE_T3_1087_DFA_HAP_XX__AUDIO_1087_DFA_NEU_XX_sadtalker,data\synthetic\track3_fakes\videos\FAKE_T3_1087_DFA_HAP_XX__AUDIO_1087_DFA_NEU_XX_sadtalker.mp4,1,done,sadtalker,1087,DFA,happy,neutral,yes
FAKE_T3_1087_DFA_NEU_XX__AUDIO_1087_DFA_SAD_XX_sadtalker,data\synthetic\track3_fakes\videos\FAKE_T3_1087_DFA_NEU_XX__AUDIO_1087_DFA_SAD_XX_sadtalker.mp4,1,done,sadtalker,1087,DFA,neutral,sad,yes
FAKE_T3_1087_IEO_ANG_MD__AUDIO_1087_IEO_DIS_MD_sadtalker,data\synthetic\track3_fakes\videos\FAKE_T3_1087_IEO_ANG_MD__AUDIO_1087_IEO_DIS_MD_sadtalker.mp4,1,done,sadtalker,1087,IEO,angry,disgust,yes
FAKE_T3_1087_IEO_FEA_HI__AUDIO_1087_IEO_HAP_HI_sadtalker,data\synthetic\track3_fakes\videos\FAKE_T3_1087_IEO_FEA_HI__AUDIO_1087_IEO_HAP_HI_sadtalker.mp4,1,done,sadtalker,1087,IEO,fear,happy,yes
FAKE_T3_1087_IEO_FEA_LO__AUDIO_1087_IEO_HAP_LO_sadtalker,data\synthetic\track3_fakes\videos\FAKE_T3_1087_IEO_FEA_LO__AUDIO_1087_IEO_HAP_LO_sadtalker.mp4,1,done,sadtalker,1087,IEO,fear,happy,yes
FAKE_T3_1087_IEO_HAP_HI__AUDIO_1087_IEO_NEU_XX_sadtalker,data\synthetic\track3_fakes\videos\FAKE_T3_1087_IEO_HAP_HI__AUDIO_1087_IEO_NEU_XX_sadtalker.mp4,1,done,sadtalker,1087,IEO,happy,neutral,yes
FAKE_T3_1087_IEO_HAP_LO__AUDIO_1087_IEO_NEU_XX_sadtalker,data\synthetic\track3_fakes\videos\FAKE_T3_1087_IEO_HAP_LO__AUDIO_1087_IEO_NEU_XX_sadtalker.mp4,1,done,sadtalker,1087,IEO,happy,neutral,yes
FAKE_T3_1087_IEO_SAD_LO__AUDIO_1087_IEO_ANG_LO_sadtalker,data\synthetic\track3_fakes\videos\FAKE_T3_1087_IEO_SAD_LO__AUDIO_1087_IEO_ANG_LO_sadtalker.mp4,1,done,sadtalker,1087,IEO,sad,angry,yes
FAKE_T3_1087_IOM_ANG_XX__AUDIO_1087_IOM_DIS_XX_sadtalker,data\synthetic\track3_fakes\videos\FAKE_T3_1087_IOM_ANG_XX__AUDIO_1087_IOM_DIS_XX_sadtalker.mp4,1,done,sadtalker,1087,IOM,angry,disgust,yes
FAKE_T3_1087_IOM_FEA_XX__AUDIO_1087_IOM_HAP_XX_sadtalker,data\synthetic\track3_fakes\videos\FAKE_T3_1087_IOM_FEA_XX__AUDIO_1087_IOM_HAP_XX_sadtalker.mp4,1,done,sadtalker,1087,IOM,fear,happy,yes
FAKE_T3_1087_IOM_SAD_XX__AUDIO_1087_IOM_ANG_XX_sadtalker,data\synthetic\track3_fakes\videos\FAKE_T3_1087_IOM_SAD_XX__AUDIO_1087_IOM_ANG_XX_sadtalker.mp4,1,done,sadtalker,1087,IOM,sad,angry,yes
FAKE_T3_1087_ITH_FEA_XX__AUDIO_1087_ITH_HAP_XX_sadtalker,data\synthetic\track3_fakes\videos\FAKE_T3_1087_ITH_FEA_XX__AUDIO_1087_ITH_HAP_XX_sadtalker.mp4,1,done,sadtalker,1087,ITH,fear,happy,yes
FAKE_T3_1087_ITH_HAP_XX__AUDIO_1087_ITH_NEU_XX_sadtalker,data\synthetic\track3_fakes\videos\FAKE_T3_1087_ITH_HAP_XX__AUDIO_1087_ITH_NEU_XX_sadtalker.mp4,1,done,sadtalker,1087,ITH,happy,neutral,yes
FAKE_T3_1087_ITH_SAD_XX__AUDIO_1087_ITH_ANG_XX_sadtalker,data\synthetic\track3_fakes\videos\FAKE_T3_1087_ITH_SAD_XX__AUDIO_1087_ITH_ANG_XX_sadtalker.mp4,1,done,sadtalker,1087,ITH,sad,angry,yes
FAKE_T3_1087_ITS_DIS_XX__AUDIO_1087_ITS_FEA_XX_sadtalker,data\synthetic\track3_fakes\videos\FAKE_T3_1087_ITS_DIS_XX__AUDIO_1087_ITS_FEA_XX_sadtalker.mp4,1,done,sadtalker,1087,ITS,disgust,fear,yes
FAKE_T3_1087_ITS_FEA_XX__AUDIO_1087_ITS_HAP_XX_sadtalker,data\synthetic\track3_fakes\videos\FAKE_T3_1087_ITS_FEA_XX__AUDIO_1087_ITS_HAP_XX_sadtalker.mp4,1,done,sadtalker,1087,ITS,fear,happy,yes
FAKE_T3_1087_ITS_HAP_XX__AUDIO_1087_ITS_NEU_XX_sadtalker,data\synthetic\track3_fakes\videos\FAKE_T3_1087_ITS_HAP_XX__AUDIO_1087_ITS_NEU_XX_sadtalker.mp4,1,done,sadtalker,1087,ITS,happy,neutral,yes
FAKE_T3_1087_ITS_NEU_XX__AUDIO_1087_ITS_SAD_XX_sadtalker,data\synthetic\track3_fakes\videos\FAKE_T3_1087_ITS_NEU_XX__AUDIO_1087_ITS_SAD_XX_sadtalker.mp4,1,done,sadtalker,1087,ITS,neutral,sad,yes
FAKE_T3_1087_ITS_SAD_XX__AUDIO_1087_ITS_ANG_XX_sadtalker,data\synthetic\track3_fakes\videos\FAKE_T3_1087_ITS_SAD_XX__AUDIO_1087_ITS_ANG_XX_sadtalker.mp4,1,done,sadtalker,1087,ITS,sad,angry,yes
FAKE_T3_1087_IWL_ANG_XX__AUDIO_1087_IWL_DIS_XX_sadtalker,data\synthetic\track3_fakes\videos\FAKE_T3_1087_IWL_ANG_XX__AUDIO_1087_IWL_DIS_XX_sadtalker.mp4,1,done,sadtalker,1087,IWL,angry,disgust,yes
FAKE_T3_1087_IWL_DIS_XX__AUDIO_1087_IWL_FEA_XX_sadtalker,data\synthetic\track3_fakes\videos\FAKE_T3_1087_IWL_DIS_XX__AUDIO_1087_IWL_FEA_XX_sadtalker.mp4,1,done,sadtalker,1087,IWL,disgust,fear,yes
FAKE_T3_1087_IWL_HAP_XX__AUDIO_1087_IWL_NEU_XX_sadtalker,data\synthetic\track3_fakes\videos\FAKE_T3_1087_IWL_HAP_XX__AUDIO_1087_IWL_NEU_XX_sadtalker.mp4,1,done,sadtalker,1087,IWL,happy,neutral,yes
FAKE_T3_1087_IWW_ANG_XX__AUDIO_1087_IWW_DIS_XX_sadtalker,data\synthetic\track3_fakes\videos\FAKE_T3_1087_IWW_ANG_XX__AUDIO_1087_IWW_DIS_XX_sadtalker.mp4,1,done,sadtalker,1087,IWW,angry,disgust,yes
FAKE_T3_1087_IWW_HAP_XX__AUDIO_1087_IWW_NEU_XX_sadtalker,data\synthetic\track3_fakes\videos\FAKE_T3_1087_IWW_HAP_XX__AUDIO_1087_IWW_NEU_XX_sadtalker.mp4,1,done,sadtalker,1087,IWW,happy,neutral,yes
FAKE_T3_1087_IWW_SAD_XX__AUDIO_1087_IWW_ANG_XX_sadtalker,data\synthetic\track3_fakes\videos\FAKE_T3_1087_IWW_SAD_XX__AUDIO_1087_IWW_ANG_XX_sadtalker.mp4,1,done,sadtalker,1087,IWW,sad,angry,yes
FAKE_T3_1087_MTI_DIS_XX__AUDIO_1087_MTI_FEA_XX_sadtalker,data\synthetic\track3_fakes\videos\FAKE_T3_1087_MTI_DIS_XX__AUDIO_1087_MTI_FEA_XX_sadtalker.mp4,1,done,sadtalker,1087,MTI,disgust,fear,yes
FAKE_T3_1087_MTI_FEA_XX__AUDIO_1087_MTI_HAP_XX_sadtalker,data\synthetic\track3_fakes\videos\FAKE_T3_1087_MTI_FEA_XX__AUDIO_1087_MTI_HAP_XX_sadtalker.mp4,1,done,sadtalker,1087,MTI,fear,happy,yes
FAKE_T3_1087_MTI_SAD_XX__AUDIO_1087_MTI_ANG_XX_sadtalker,data\synthetic\track3_fakes\videos\FAKE_T3_1087_MTI_SAD_XX__AUDIO_1087_MTI_ANG_XX_sadtalker.mp4,1,done,sadtalker,1087,MTI,sad,angry,yes
FAKE_T3_1087_TAI_ANG_XX__AUDIO_1087_TAI_DIS_XX_sadtalker,data\synthetic\track3_fakes\videos\FAKE_T3_1087_TAI_ANG_XX__AUDIO_1087_TAI_DIS_XX_sadtalker.mp4,1,done,sadtalker,1087,TAI,angry,disgust,yes
FAKE_T3_1087_TAI_HAP_XX__AUDIO_1087_TAI_NEU_XX_sadtalker,data\synthetic\track3_fakes\videos\FAKE_T3_1087_TAI_HAP_XX__AUDIO_1087_TAI_NEU_XX_sadtalker.mp4,1,done,sadtalker,1087,TAI,happy,neutral,yes
FAKE_T3_1087_TAI_NEU_XX__AUDIO_1087_TAI_SAD_XX_sadtalker,data\synthetic\track3_fakes\videos\FAKE_T3_1087_TAI_NEU_XX__AUDIO_1087_TAI_SAD_XX_sadtalker.mp4,1,done,sadtalker,1087,TAI,neutral,sad,yes
FAKE_T3_1087_TAI_SAD_XX__AUDIO_1087_TAI_ANG_XX_sadtalker,data\synthetic\track3_fakes\videos\FAKE_T3_1087_TAI_SAD_XX__AUDIO_1087_TAI_ANG_XX_sadtalker.mp4,1,done,sadtalker,1087,TAI,sad,angry,yes
FAKE_T3_1087_TIE_ANG_XX__AUDIO_1087_TIE_DIS_XX_sadtalker,data\synthetic\track3_fakes\videos\FAKE_T3_1087_TIE_ANG_XX__AUDIO_1087_TIE_DIS_XX_sadtalker.mp4,1,done,sadtalker,1087,TIE,angry,disgust,yes
FAKE_T3_1087_TSI_ANG_XX__AUDIO_1087_TSI_DIS_XX_sadtalker,data\synthetic\track3_fakes\videos\FAKE_T3_1087_TSI_ANG_XX__AUDIO_1087_TSI_DIS_XX_sadtalker.mp4,1,done,sadtalker,1087,TSI,angry,disgust,yes
FAKE_T3_1087_TSI_DIS_XX__AUDIO_1087_TSI_FEA_XX_sadtalker,data\synthetic\track3_fakes\videos\FAKE_T3_1087_TSI_DIS_XX__AUDIO_1087_TSI_FEA_XX_sadtalker.mp4,1,done,sadtalker,1087,TSI,disgust,fear,yes
FAKE_T3_1087_TSI_FEA_XX__AUDIO_1087_TSI_HAP_XX_sadtalker,data\synthetic\track3_fakes\videos\FAKE_T3_1087_TSI_FEA_XX__AUDIO_1087_TSI_HAP_XX_sadtalker.mp4,1,done,sadtalker,1087,TSI,fear,happy,yes
FAKE_T3_1087_TSI_NEU_XX__AUDIO_1087_TSI_SAD_XX_sadtalker,data\synthetic\track3_fakes\videos\FAKE_T3_1087_TSI_NEU_XX__AUDIO_1087_TSI_SAD_XX_sadtalker.mp4,1,done,sadtalker,1087,TSI,neutral,sad,yes
FAKE_T3_1087_TSI_SAD_XX__AUDIO_1087_TSI_ANG_XX_sadtalker,data\synthetic\track3_fakes\videos\FAKE_T3_1087_TSI_SAD_XX__AUDIO_1087_TSI_ANG_XX_sadtalker.mp4,1,done,sadtalker,1087,TSI,sad,angry,yes
FAKE_T3_1087_WSI_ANG_XX__AUDIO_1087_WSI_DIS_XX_sadtalker,data\synthetic\track3_fakes\videos\FAKE_T3_1087_WSI_ANG_XX__AUDIO_1087_WSI_DIS_XX_sadtalker.mp4,1,done,sadtalker,1087,WSI,angry,disgust,yes
FAKE_T3_1087_WSI_NEU_XX__AUDIO_1087_WSI_SAD_XX_sadtalker,data\synthetic\track3_fakes\videos\FAKE_T3_1087_WSI_NEU_XX__AUDIO_1087_WSI_SAD_XX_sadtalker.mp4,1,done,sadtalker,1087,WSI,neutral,sad,yes
FAKE_T3_1088_DFA_HAP_XX__AUDIO_1088_DFA_NEU_XX_sadtalker,data\synthetic\track3_fakes\videos\FAKE_T3_1088_DFA_HAP_XX__AUDIO_1088_DFA_NEU_XX_sadtalker.mp4,1,done,sadtalker,1088,DFA,happy,neutral,yes
FAKE_T3_1088_DFA_SAD_XX__AUDIO_1088_DFA_ANG_XX_sadtalker,data\synthetic\track3_fakes\videos\FAKE_T3_1088_DFA_SAD_XX__AUDIO_1088_DFA_ANG_XX_sadtalker.mp4,1,done,sadtalker,1088,DFA,sad,angry,yes
FAKE_T3_1088_IEO_ANG_HI__AUDIO_1088_IEO_DIS_HI_sadtalker,data\synthetic\track3_fakes\videos\FAKE_T3_1088_IEO_ANG_HI__AUDIO_1088_IEO_DIS_HI_sadtalker.mp4,1,done,sadtalker,1088,IEO,angry,disgust,yes
FAKE_T3_1088_IEO_ANG_LO__AUDIO_1088_IEO_DIS_LO_sadtalker,data\synthetic\track3_fakes\videos\FAKE_T3_1088_IEO_ANG_LO__AUDIO_1088_IEO_DIS_LO_sadtalker.mp4,1,done,sadtalker,1088,IEO,angry,disgust,yes
FAKE_T3_1088_IEO_ANG_MD__AUDIO_1088_IEO_DIS_MD_sadtalker,data\synthetic\track3_fakes\videos\FAKE_T3_1088_IEO_ANG_MD__AUDIO_1088_IEO_DIS_MD_sadtalker.mp4,1,done,sadtalker,1088,IEO,angry,disgust,yes
FAKE_T3_1088_IEO_DIS_HI__AUDIO_1088_IEO_FEA_HI_sadtalker,data\synthetic\track3_fakes\videos\FAKE_T3_1088_IEO_DIS_HI__AUDIO_1088_IEO_FEA_HI_sadtalker.mp4,1,done,sadtalker,1088,IEO,disgust,fear,yes
FAKE_T3_1088_IEO_DIS_MD__AUDIO_1088_IEO_FEA_MD_sadtalker,data\synthetic\track3_fakes\videos\FAKE_T3_1088_IEO_DIS_MD__AUDIO_1088_IEO_FEA_MD_sadtalker.mp4,1,done,sadtalker,1088,IEO,disgust,fear,yes
FAKE_T3_1088_IEO_FEA_HI__AUDIO_1088_IEO_HAP_HI_sadtalker,data\synthetic\track3_fakes\videos\FAKE_T3_1088_IEO_FEA_HI__AUDIO_1088_IEO_HAP_HI_sadtalker.mp4,1,done,sadtalker,1088,IEO,fear,happy,yes
FAKE_T3_1088_IEO_FEA_MD__AUDIO_1088_IEO_HAP_MD_sadtalker,data\synthetic\track3_fakes\videos\FAKE_T3_1088_IEO_FEA_MD__AUDIO_1088_IEO_HAP_MD_sadtalker.mp4,1,done,sadtalker,1088,IEO,fear,happy,yes
FAKE_T3_1088_IEO_HAP_HI__AUDIO_1088_IEO_NEU_XX_sadtalker,data\synthetic\track3_fakes\videos\FAKE_T3_1088_IEO_HAP_HI__AUDIO_1088_IEO_NEU_XX_sadtalker.mp4,1,done,sadtalker,1088,IEO,happy,neutral,yes
FAKE_T3_1088_IEO_HAP_MD__AUDIO_1088_IEO_NEU_XX_sadtalker,data\synthetic\track3_fakes\videos\FAKE_T3_1088_IEO_HAP_MD__AUDIO_1088_IEO_NEU_XX_sadtalker.mp4,1,done,sadtalker,1088,IEO,happy,neutral,yes
FAKE_T3_1088_IEO_NEU_XX__AUDIO_1088_IEO_SAD_HI_sadtalker,data\synthetic\track3_fakes\videos\FAKE_T3_1088_IEO_NEU_XX__AUDIO_1088_IEO_SAD_HI_sadtalker.mp4,1,done,sadtalker,1088,IEO,neutral,sad,yes
FAKE_T3_1088_IEO_SAD_HI__AUDIO_1088_IEO_ANG_HI_sadtalker,data\synthetic\track3_fakes\videos\FAKE_T3_1088_IEO_SAD_HI__AUDIO_1088_IEO_ANG_HI_sadtalker.mp4,1,done,sadtalker,1088,IEO,sad,angry,yes
FAKE_T3_1088_IEO_SAD_LO__AUDIO_1088_IEO_ANG_LO_sadtalker,data\synthetic\track3_fakes\videos\FAKE_T3_1088_IEO_SAD_LO__AUDIO_1088_IEO_ANG_LO_sadtalker.mp4,1,done,sadtalker,1088,IEO,sad,angry,yes
FAKE_T3_1088_IOM_ANG_XX__AUDIO_1088_IOM_DIS_XX_sadtalker,data\synthetic\track3_fakes\videos\FAKE_T3_1088_IOM_ANG_XX__AUDIO_1088_IOM_DIS_XX_sadtalker.mp4,1,done,sadtalker,1088,IOM,angry,disgust,yes
FAKE_T3_1088_IOM_FEA_XX__AUDIO_1088_IOM_HAP_XX_sadtalker,data\synthetic\track3_fakes\videos\FAKE_T3_1088_IOM_FEA_XX__AUDIO_1088_IOM_HAP_XX_sadtalker.mp4,1,done,sadtalker,1088,IOM,fear,happy,yes
FAKE_T3_1088_ITH_ANG_XX__AUDIO_1088_ITH_DIS_XX_sadtalker,data\synthetic\track3_fakes\videos\FAKE_T3_1088_ITH_ANG_XX__AUDIO_1088_ITH_DIS_XX_sadtalker.mp4,1,done,sadtalker,1088,ITH,angry,disgust,yes
FAKE_T3_1088_ITH_DIS_XX__AUDIO_1088_ITH_FEA_XX_sadtalker,data\synthetic\track3_fakes\videos\FAKE_T3_1088_ITH_DIS_XX__AUDIO_1088_ITH_FEA_XX_sadtalker.mp4,1,done,sadtalker,1088,ITH,disgust,fear,yes
FAKE_T3_1088_ITH_FEA_XX__AUDIO_1088_ITH_HAP_XX_sadtalker,data\synthetic\track3_fakes\videos\FAKE_T3_1088_ITH_FEA_XX__AUDIO_1088_ITH_HAP_XX_sadtalker.mp4,1,done,sadtalker,1088,ITH,fear,happy,yes
FAKE_T3_1088_ITH_HAP_XX__AUDIO_1088_ITH_NEU_XX_sadtalker,data\synthetic\track3_fakes\videos\FAKE_T3_1088_ITH_HAP_XX__AUDIO_1088_ITH_NEU_XX_sadtalker.mp4,1,done,sadtalker,1088,ITH,happy,neutral,yes
FAKE_T3_1088_ITH_NEU_XX__AUDIO_1088_ITH_SAD_XX_sadtalker,data\synthetic\track3_fakes\videos\FAKE_T3_1088_ITH_NEU_XX__AUDIO_1088_ITH_SAD_XX_sadtalker.mp4,1,done,sadtalker,1088,ITH,neutral,sad,yes
FAKE_T3_1088_ITS_ANG_XX__AUDIO_1088_ITS_DIS_XX_sadtalker,data\synthetic\track3_fakes\videos\FAKE_T3_1088_ITS_ANG_XX__AUDIO_1088_ITS_DIS_XX_sadtalker.mp4,1,done,sadtalker,1088,ITS,angry,disgust,yes
FAKE_T3_1088_IWL_ANG_XX__AUDIO_1088_IWL_DIS_XX_sadtalker,data\synthetic\track3_fakes\videos\FAKE_T3_1088_IWL_ANG_XX__AUDIO_1088_IWL_DIS_XX_sadtalker.mp4,1,done,sadtalker,1088,IWL,angry,disgust,yes
FAKE_T3_1088_IWL_SAD_XX__AUDIO_1088_IWL_ANG_XX_sadtalker,data\synthetic\track3_fakes\videos\FAKE_T3_1088_IWL_SAD_XX__AUDIO_1088_IWL_ANG_XX_sadtalker.mp4,1,done,sadtalker,1088,IWL,sad,angry,yes
FAKE_T3_1088_IWW_ANG_XX__AUDIO_1088_IWW_DIS_XX_sadtalker,data\synthetic\track3_fakes\videos\FAKE_T3_1088_IWW_ANG_XX__AUDIO_1088_IWW_DIS_XX_sadtalker.mp4,1,done,sadtalker,1088,IWW,angry,disgust,yes
FAKE_T3_1088_IWW_DIS_XX__AUDIO_1088_IWW_FEA_XX_sadtalker,data\synthetic\track3_fakes\videos\FAKE_T3_1088_IWW_DIS_XX__AUDIO_1088_IWW_FEA_XX_sadtalker.mp4,1,done,sadtalker,1088,IWW,disgust,fear,yes
FAKE_T3_1088_IWW_FEA_XX__AUDIO_1088_IWW_HAP_XX_sadtalker,data\synthetic\track3_fakes\videos\FAKE_T3_1088_IWW_FEA_XX__AUDIO_1088_IWW_HAP_XX_sadtalker.mp4,1,done,sadtalker,1088,IWW,fear,happy,yes
FAKE_T3_1088_IWW_HAP_XX__AUDIO_1088_IWW_NEU_XX_sadtalker,data\synthetic\track3_fakes\videos\FAKE_T3_1088_IWW_HAP_XX__AUDIO_1088_IWW_NEU_XX_sadtalker.mp4,1,done,sadtalker,1088,IWW,happy,neutral,yes
FAKE_T3_1088_IWW_SAD_XX__AUDIO_1088_IWW_ANG_XX_sadtalker,data\synthetic\track3_fakes\videos\FAKE_T3_1088_IWW_SAD_XX__AUDIO_1088_IWW_ANG_XX_sadtalker.mp4,1,done,sadtalker,1088,IWW,sad,angry,yes
FAKE_T3_1088_MTI_FEA_XX__AUDIO_1088_MTI_HAP_XX_sadtalker,data\synthetic\track3_fakes\videos\FAKE_T3_1088_MTI_FEA_XX__AUDIO_1088_MTI_HAP_XX_sadtalker.mp4,1,done,sadtalker,1088,MTI,fear,happy,yes
FAKE_T3_1088_MTI_NEU_XX__AUDIO_1088_MTI_SAD_XX_sadtalker,data\synthetic\track3_fakes\videos\FAKE_T3_1088_MTI_NEU_XX__AUDIO_1088_MTI_SAD_XX_sadtalker.mp4,1,done,sadtalker,1088,MTI,neutral,sad,yes
FAKE_T3_1088_MTI_SAD_XX__AUDIO_1088_MTI_ANG_XX_sadtalker,data\synthetic\track3_fakes\videos\FAKE_T3_1088_MTI_SAD_XX__AUDIO_1088_MTI_ANG_XX_sadtalker.mp4,1,done,sadtalker,1088,MTI,sad,angry,yes
FAKE_T3_1088_TAI_ANG_XX__AUDIO_1088_TAI_DIS_XX_sadtalker,data\synthetic\track3_fakes\videos\FAKE_T3_1088_TAI_ANG_XX__AUDIO_1088_TAI_DIS_XX_sadtalker.mp4,1,done,sadtalker,1088,TAI,angry,disgust,yes
FAKE_T3_1088_TAI_SAD_XX__AUDIO_1088_TAI_ANG_XX_sadtalker,data\synthetic\track3_fakes\videos\FAKE_T3_1088_TAI_SAD_XX__AUDIO_1088_TAI_ANG_XX_sadtalker.mp4,1,done,sadtalker,1088,TAI,sad,angry,yes
FAKE_T3_1088_TIE_HAP_XX__AUDIO_1088_TIE_NEU_XX_sadtalker,data\synthetic\track3_fakes\videos\FAKE_T3_1088_TIE_HAP_XX__AUDIO_1088_TIE_NEU_XX_sadtalker.mp4,1,done,sadtalker,1088,TIE,happy,neutral,yes
FAKE_T3_1088_TIE_NEU_XX__AUDIO_1088_TIE_SAD_XX_sadtalker,data\synthetic\track3_fakes\videos\FAKE_T3_1088_TIE_NEU_XX__AUDIO_1088_TIE_SAD_XX_sadtalker.mp4,1,done,sadtalker,1088,TIE,neutral,sad,yes
FAKE_T3_1088_TSI_ANG_XX__AUDIO_1088_TSI_DIS_XX_sadtalker,data\synthetic\track3_fakes\videos\FAKE_T3_1088_TSI_ANG_XX__AUDIO_1088_TSI_DIS_XX_sadtalker.mp4,1,done,sadtalker,1088,TSI,angry,disgust,yes
FAKE_T3_1088_TSI_FEA_XX__AUDIO_1088_TSI_HAP_XX_sadtalker,data\synthetic\track3_fakes\videos\FAKE_T3_1088_TSI_FEA_XX__AUDIO_1088_TSI_HAP_XX_sadtalker.mp4,1,done,sadtalker,1088,TSI,fear,happy,yes
FAKE_T3_1088_TSI_HAP_XX__AUDIO_1088_TSI_NEU_XX_sadtalker,data\synthetic\track3_fakes\videos\FAKE_T3_1088_TSI_HAP_XX__AUDIO_1088_TSI_NEU_XX_sadtalker.mp4,1,done,sadtalker,1088,TSI,happy,neutral,yes
FAKE_T3_1088_WSI_FEA_XX__AUDIO_1088_WSI_HAP_XX_sadtalker,data\synthetic\track3_fakes\videos\FAKE_T3_1088_WSI_FEA_XX__AUDIO_1088_WSI_HAP_XX_sadtalker.mp4,1,done,sadtalker,1088,WSI,fear,happy,yes
FAKE_T3_1088_WSI_SAD_XX__AUDIO_1088_WSI_ANG_XX_sadtalker,data\synthetic\track3_fakes\videos\FAKE_T3_1088_WSI_SAD_XX__AUDIO_1088_WSI_ANG_XX_sadtalker.mp4,1,done,sadtalker,1088,WSI,sad,angry,yes
FAKE_T3_1089_DFA_ANG_XX__AUDIO_1089_DFA_DIS_XX_sadtalker,data\synthetic\track3_fakes\videos\FAKE_T3_1089_DFA_ANG_XX__AUDIO_1089_DFA_DIS_XX_sadtalker.mp4,1,done,sadtalker,1089,DFA,angry,disgust,yes
FAKE_T3_1089_DFA_FEA_XX__AUDIO_1089_DFA_HAP_XX_sadtalker,data\synthetic\track3_fakes\videos\FAKE_T3_1089_DFA_FEA_XX__AUDIO_1089_DFA_HAP_XX_sadtalker.mp4,1,done,sadtalker,1089,DFA,fear,happy,yes
FAKE_T3_1089_DFA_HAP_XX__AUDIO_1089_DFA_NEU_XX_sadtalker,data\synthetic\track3_fakes\videos\FAKE_T3_1089_DFA_HAP_XX__AUDIO_1089_DFA_NEU_XX_sadtalker.mp4,1,done,sadtalker,1089,DFA,happy,neutral,yes
FAKE_T3_1089_IEO_ANG_HI__AUDIO_1089_IEO_DIS_HI_sadtalker,data\synthetic\track3_fakes\videos\FAKE_T3_1089_IEO_ANG_HI__AUDIO_1089_IEO_DIS_HI_sadtalker.mp4,1,done,sadtalker,1089,IEO,angry,disgust,yes
FAKE_T3_1089_IEO_ANG_LO__AUDIO_1089_IEO_DIS_LO_sadtalker,data\synthetic\track3_fakes\videos\FAKE_T3_1089_IEO_ANG_LO__AUDIO_1089_IEO_DIS_LO_sadtalker.mp4,1,done,sadtalker,1089,IEO,angry,disgust,yes
FAKE_T3_1089_IEO_ANG_MD__AUDIO_1089_IEO_DIS_MD_sadtalker,data\synthetic\track3_fakes\videos\FAKE_T3_1089_IEO_ANG_MD__AUDIO_1089_IEO_DIS_MD_sadtalker.mp4,1,done,sadtalker,1089,IEO,angry,disgust,yes
FAKE_T3_1089_IEO_DIS_LO__AUDIO_1089_IEO_FEA_LO_sadtalker,data\synthetic\track3_fakes\videos\FAKE_T3_1089_IEO_DIS_LO__AUDIO_1089_IEO_FEA_LO_sadtalker.mp4,1,done,sadtalker,1089,IEO,disgust,fear,yes
FAKE_T3_1089_IEO_DIS_MD__AUDIO_1089_IEO_FEA_MD_sadtalker,data\synthetic\track3_fakes\videos\FAKE_T3_1089_IEO_DIS_MD__AUDIO_1089_IEO_FEA_MD_sadtalker.mp4,1,done,sadtalker,1089,IEO,disgust,fear,yes
FAKE_T3_1089_IEO_FEA_HI__AUDIO_1089_IEO_HAP_HI_sadtalker,data\synthetic\track3_fakes\videos\FAKE_T3_1089_IEO_FEA_HI__AUDIO_1089_IEO_HAP_HI_sadtalker.mp4,1,done,sadtalker,1089,IEO,fear,happy,yes
FAKE_T3_1089_IEO_FEA_LO__AUDIO_1089_IEO_HAP_LO_sadtalker,data\synthetic\track3_fakes\videos\FAKE_T3_1089_IEO_FEA_LO__AUDIO_1089_IEO_HAP_LO_sadtalker.mp4,1,done,sadtalker,1089,IEO,fear,happy,yes
FAKE_T3_1089_IEO_FEA_MD__AUDIO_1089_IEO_HAP_MD_sadtalker,data\synthetic\track3_fakes\videos\FAKE_T3_1089_IEO_FEA_MD__AUDIO_1089_IEO_HAP_MD_sadtalker.mp4,1,done,sadtalker,1089,IEO,fear,happy,yes
FAKE_T3_1089_IEO_NEU_XX__AUDIO_1089_IEO_SAD_HI_sadtalker,data\synthetic\track3_fakes\videos\FAKE_T3_1089_IEO_NEU_XX__AUDIO_1089_IEO_SAD_HI_sadtalker.mp4,1,done,sadtalker,1089,IEO,neutral,sad,yes
FAKE_T3_1089_IEO_SAD_LO__AUDIO_1089_IEO_ANG_LO_sadtalker,data\synthetic\track3_fakes\videos\FAKE_T3_1089_IEO_SAD_LO__AUDIO_1089_IEO_ANG_LO_sadtalker.mp4,1,done,sadtalker,1089,IEO,sad,angry,yes
FAKE_T3_1089_IEO_SAD_MD__AUDIO_1089_IEO_ANG_MD_sadtalker,data\synthetic\track3_fakes\videos\FAKE_T3_1089_IEO_SAD_MD__AUDIO_1089_IEO_ANG_MD_sadtalker.mp4,1,done,sadtalker,1089,IEO,sad,angry,yes
FAKE_T3_1089_IOM_NEU_XX__AUDIO_1089_IOM_SAD_XX_sadtalker,data\synthetic\track3_fakes\videos\FAKE_T3_1089_IOM_NEU_XX__AUDIO_1089_IOM_SAD_XX_sadtalker.mp4,1,done,sadtalker,1089,IOM,neutral,sad,yes
FAKE_T3_1089_IOM_SAD_XX__AUDIO_1089_IOM_ANG_XX_sadtalker,data\synthetic\track3_fakes\videos\FAKE_T3_1089_IOM_SAD_XX__AUDIO_1089_IOM_ANG_XX_sadtalker.mp4,1,done,sadtalker,1089,IOM,sad,angry,yes
FAKE_T3_1089_ITH_DIS_XX__AUDIO_1089_ITH_FEA_XX_sadtalker,data\synthetic\track3_fakes\videos\FAKE_T3_1089_ITH_DIS_XX__AUDIO_1089_ITH_FEA_XX_sadtalker.mp4,1,done,sadtalker,1089,ITH,disgust,fear,yes
FAKE_T3_1089_ITH_HAP_XX__AUDIO_1089_ITH_NEU_XX_sadtalker,data\synthetic\track3_fakes\videos\FAKE_T3_1089_ITH_HAP_XX__AUDIO_1089_ITH_NEU_XX_sadtalker.mp4,1,done,sadtalker,1089,ITH,happy,neutral,yes
FAKE_T3_1089_ITS_ANG_XX__AUDIO_1089_ITS_DIS_XX_sadtalker,data\synthetic\track3_fakes\videos\FAKE_T3_1089_ITS_ANG_XX__AUDIO_1089_ITS_DIS_XX_sadtalker.mp4,1,done,sadtalker,1089,ITS,angry,disgust,yes
FAKE_T3_1089_ITS_DIS_XX__AUDIO_1089_ITS_FEA_XX_sadtalker,data\synthetic\track3_fakes\videos\FAKE_T3_1089_ITS_DIS_XX__AUDIO_1089_ITS_FEA_XX_sadtalker.mp4,1,done,sadtalker,1089,ITS,disgust,fear,yes
FAKE_T3_1089_ITS_SAD_XX__AUDIO_1089_ITS_ANG_XX_sadtalker,data\synthetic\track3_fakes\videos\FAKE_T3_1089_ITS_SAD_XX__AUDIO_1089_ITS_ANG_XX_sadtalker.mp4,1,done,sadtalker,1089,ITS,sad,angry,yes
FAKE_T3_1089_IWL_DIS_XX__AUDIO_1089_IWL_FEA_XX_sadtalker,data\synthetic\track3_fakes\videos\FAKE_T3_1089_IWL_DIS_XX__AUDIO_1089_IWL_FEA_XX_sadtalker.mp4,1,done,sadtalker,1089,IWL,disgust,fear,yes
FAKE_T3_1089_IWW_ANG_XX__AUDIO_1089_IWW_DIS_XX_sadtalker,data\synthetic\track3_fakes\videos\FAKE_T3_1089_IWW_ANG_XX__AUDIO_1089_IWW_DIS_XX_sadtalker.mp4,1,done,sadtalker,1089,IWW,angry,disgust,yes
FAKE_T3_1089_IWW_NEU_XX__AUDIO_1089_IWW_SAD_XX_sadtalker,data\synthetic\track3_fakes\videos\FAKE_T3_1089_IWW_NEU_XX__AUDIO_1089_IWW_SAD_XX_sadtalker.mp4,1,done,sadtalker,1089,IWW,neutral,sad,yes
FAKE_T3_1089_IWW_SAD_XX__AUDIO_1089_IWW_ANG_XX_sadtalker,data\synthetic\track3_fakes\videos\FAKE_T3_1089_IWW_SAD_XX__AUDIO_1089_IWW_ANG_XX_sadtalker.mp4,1,done,sadtalker,1089,IWW,sad,angry,yes
FAKE_T3_1089_MTI_ANG_XX__AUDIO_1089_MTI_DIS_XX_sadtalker,data\synthetic\track3_fakes\videos\FAKE_T3_1089_MTI_ANG_XX__AUDIO_1089_MTI_DIS_XX_sadtalker.mp4,1,done,sadtalker,1089,MTI,angry,disgust,yes
FAKE_T3_1089_MTI_DIS_XX__AUDIO_1089_MTI_FEA_XX_sadtalker,data\synthetic\track3_fakes\videos\FAKE_T3_1089_MTI_DIS_XX__AUDIO_1089_MTI_FEA_XX_sadtalker.mp4,1,done,sadtalker,1089,MTI,disgust,fear,yes
FAKE_T3_1089_MTI_FEA_XX__AUDIO_1089_MTI_HAP_XX_sadtalker,data\synthetic\track3_fakes\videos\FAKE_T3_1089_MTI_FEA_XX__AUDIO_1089_MTI_HAP_XX_sadtalker.mp4,1,done,sadtalker,1089,MTI,fear,happy,yes
FAKE_T3_1089_MTI_HAP_XX__AUDIO_1089_MTI_NEU_XX_sadtalker,data\synthetic\track3_fakes\videos\FAKE_T3_1089_MTI_HAP_XX__AUDIO_1089_MTI_NEU_XX_sadtalker.mp4,1,done,sadtalker,1089,MTI,happy,neutral,yes
FAKE_T3_1089_MTI_NEU_XX__AUDIO_1089_MTI_SAD_XX_sadtalker,data\synthetic\track3_fakes\videos\FAKE_T3_1089_MTI_NEU_XX__AUDIO_1089_MTI_SAD_XX_sadtalker.mp4,1,done,sadtalker,1089,MTI,neutral,sad,yes
FAKE_T3_1089_MTI_SAD_XX__AUDIO_1089_MTI_ANG_XX_sadtalker,data\synthetic\track3_fakes\videos\FAKE_T3_1089_MTI_SAD_XX__AUDIO_1089_MTI_ANG_XX_sadtalker.mp4,1,done,sadtalker,1089,MTI,sad,angry,yes
FAKE_T3_1089_TAI_FEA_XX__AUDIO_1089_TAI_HAP_XX_sadtalker,data\synthetic\track3_fakes\videos\FAKE_T3_1089_TAI_FEA_XX__AUDIO_1089_TAI_HAP_XX_sadtalker.mp4,1,done,sadtalker,1089,TAI,fear,happy,yes
FAKE_T3_1089_TAI_HAP_XX__AUDIO_1089_TAI_NEU_XX_sadtalker,data\synthetic\track3_fakes\videos\FAKE_T3_1089_TAI_HAP_XX__AUDIO_1089_TAI_NEU_XX_sadtalker.mp4,1,done,sadtalker,1089,TAI,happy,neutral,yes
FAKE_T3_1089_TIE_ANG_XX__AUDIO_1089_TIE_DIS_XX_sadtalker,data\synthetic\track3_fakes\videos\FAKE_T3_1089_TIE_ANG_XX__AUDIO_1089_TIE_DIS_XX_sadtalker.mp4,1,done,sadtalker,1089,TIE,angry,disgust,yes
FAKE_T3_1089_TIE_DIS_XX__AUDIO_1089_TIE_FEA_XX_sadtalker,data\synthetic\track3_fakes\videos\FAKE_T3_1089_TIE_DIS_XX__AUDIO_1089_TIE_FEA_XX_sadtalker.mp4,1,done,sadtalker,1089,TIE,disgust,fear,yes
FAKE_T3_1089_TIE_FEA_XX__AUDIO_1089_TIE_HAP_XX_sadtalker,data\synthetic\track3_fakes\videos\FAKE_T3_1089_TIE_FEA_XX__AUDIO_1089_TIE_HAP_XX_sadtalker.mp4,1,done,sadtalker,1089,TIE,fear,happy,yes
FAKE_T3_1089_TIE_HAP_XX__AUDIO_1089_TIE_NEU_XX_sadtalker,data\synthetic\track3_fakes\videos\FAKE_T3_1089_TIE_HAP_XX__AUDIO_1089_TIE_NEU_XX_sadtalker.mp4,1,done,sadtalker,1089,TIE,happy,neutral,yes
FAKE_T3_1089_TIE_SAD_XX__AUDIO_1089_TIE_ANG_XX_sadtalker,data\synthetic\track3_fakes\videos\FAKE_T3_1089_TIE_SAD_XX__AUDIO_1089_TIE_ANG_XX_sadtalker.mp4,1,done,sadtalker,1089,TIE,sad,angry,yes
FAKE_T3_1089_TSI_DIS_XX__AUDIO_1089_TSI_FEA_XX_sadtalker,data\synthetic\track3_fakes\videos\FAKE_T3_1089_TSI_DIS_XX__AUDIO_1089_TSI_FEA_XX_sadtalker.mp4,1,done,sadtalker,1089,TSI,disgust,fear,yes
FAKE_T3_1089_TSI_HAP_XX__AUDIO_1089_TSI_NEU_XX_sadtalker,data\synthetic\track3_fakes\videos\FAKE_T3_1089_TSI_HAP_XX__AUDIO_1089_TSI_NEU_XX_sadtalker.mp4,1,done,sadtalker,1089,TSI,happy,neutral,yes
FAKE_T3_1089_WSI_SAD_XX__AUDIO_1089_WSI_ANG_XX_sadtalker,data\synthetic\track3_fakes\videos\FAKE_T3_1089_WSI_SAD_XX__AUDIO_1089_WSI_ANG_XX_sadtalker.mp4,1,done,sadtalker,1089,WSI,sad,angry,yes
FAKE_T3_1090_DFA_DIS_XX__AUDIO_1090_DFA_FEA_XX_sadtalker,data\synthetic\track3_fakes\videos\FAKE_T3_1090_DFA_DIS_XX__AUDIO_1090_DFA_FEA_XX_sadtalker.mp4,1,done,sadtalker,1090,DFA,disgust,fear,yes
FAKE_T3_1090_DFA_HAP_XX__AUDIO_1090_DFA_NEU_XX_sadtalker,data\synthetic\track3_fakes\videos\FAKE_T3_1090_DFA_HAP_XX__AUDIO_1090_DFA_NEU_XX_sadtalker.mp4,1,done,sadtalker,1090,DFA,happy,neutral,yes
FAKE_T3_1090_DFA_NEU_XX__AUDIO_1090_DFA_SAD_XX_sadtalker,data\synthetic\track3_fakes\videos\FAKE_T3_1090_DFA_NEU_XX__AUDIO_1090_DFA_SAD_XX_sadtalker.mp4,1,done,sadtalker,1090,DFA,neutral,sad,yes
FAKE_T3_1090_DFA_SAD_XX__AUDIO_1090_DFA_ANG_XX_sadtalker,data\synthetic\track3_fakes\videos\FAKE_T3_1090_DFA_SAD_XX__AUDIO_1090_DFA_ANG_XX_sadtalker.mp4,1,done,sadtalker,1090,DFA,sad,angry,yes
FAKE_T3_1090_IEO_ANG_HI__AUDIO_1090_IEO_DIS_HI_sadtalker,data\synthetic\track3_fakes\videos\FAKE_T3_1090_IEO_ANG_HI__AUDIO_1090_IEO_DIS_HI_sadtalker.mp4,1,done,sadtalker,1090,IEO,angry,disgust,yes
FAKE_T3_1090_IEO_DIS_HI__AUDIO_1090_IEO_FEA_HI_sadtalker,data\synthetic\track3_fakes\videos\FAKE_T3_1090_IEO_DIS_HI__AUDIO_1090_IEO_FEA_HI_sadtalker.mp4,1,done,sadtalker,1090,IEO,disgust,fear,yes
FAKE_T3_1090_IEO_DIS_LO__AUDIO_1090_IEO_FEA_LO_sadtalker,data\synthetic\track3_fakes\videos\FAKE_T3_1090_IEO_DIS_LO__AUDIO_1090_IEO_FEA_LO_sadtalker.mp4,1,done,sadtalker,1090,IEO,disgust,fear,yes
FAKE_T3_1090_IEO_DIS_MD__AUDIO_1090_IEO_FEA_MD_sadtalker,data\synthetic\track3_fakes\videos\FAKE_T3_1090_IEO_DIS_MD__AUDIO_1090_IEO_FEA_MD_sadtalker.mp4,1,done,sadtalker,1090,IEO,disgust,fear,yes
FAKE_T3_1090_IEO_FEA_MD__AUDIO_1090_IEO_HAP_MD_sadtalker,data\synthetic\track3_fakes\videos\FAKE_T3_1090_IEO_FEA_MD__AUDIO_1090_IEO_HAP_MD_sadtalker.mp4,1,done,sadtalker,1090,IEO,fear,happy,yes
FAKE_T3_1090_IEO_HAP_HI__AUDIO_1090_IEO_NEU_XX_sadtalker,data\synthetic\track3_fakes\videos\FAKE_T3_1090_IEO_HAP_HI__AUDIO_1090_IEO_NEU_XX_sadtalker.mp4,1,done,sadtalker,1090,IEO,happy,neutral,yes
FAKE_T3_1090_IEO_HAP_LO__AUDIO_1090_IEO_NEU_XX_sadtalker,data\synthetic\track3_fakes\videos\FAKE_T3_1090_IEO_HAP_LO__AUDIO_1090_IEO_NEU_XX_sadtalker.mp4,1,done,sadtalker,1090,IEO,happy,neutral,yes
FAKE_T3_1090_IEO_SAD_LO__AUDIO_1090_IEO_ANG_LO_sadtalker,data\synthetic\track3_fakes\videos\FAKE_T3_1090_IEO_SAD_LO__AUDIO_1090_IEO_ANG_LO_sadtalker.mp4,1,done,sadtalker,1090,IEO,sad,angry,yes
FAKE_T3_1090_IEO_SAD_MD__AUDIO_1090_IEO_ANG_MD_sadtalker,data\synthetic\track3_fakes\videos\FAKE_T3_1090_IEO_SAD_MD__AUDIO_1090_IEO_ANG_MD_sadtalker.mp4,1,done,sadtalker,1090,IEO,sad,angry,yes
FAKE_T3_1090_IOM_DIS_XX__AUDIO_1090_IOM_FEA_XX_sadtalker,data\synthetic\track3_fakes\videos\FAKE_T3_1090_IOM_DIS_XX__AUDIO_1090_IOM_FEA_XX_sadtalker.mp4,1,done,sadtalker,1090,IOM,disgust,fear,yes
FAKE_T3_1090_IOM_FEA_XX__AUDIO_1090_IOM_HAP_XX_sadtalker,data\synthetic\track3_fakes\videos\FAKE_T3_1090_IOM_FEA_XX__AUDIO_1090_IOM_HAP_XX_sadtalker.mp4,1,done,sadtalker,1090,IOM,fear,happy,yes
FAKE_T3_1090_ITH_ANG_XX__AUDIO_1090_ITH_DIS_XX_sadtalker,data\synthetic\track3_fakes\videos\FAKE_T3_1090_ITH_ANG_XX__AUDIO_1090_ITH_DIS_XX_sadtalker.mp4,1,done,sadtalker,1090,ITH,angry,disgust,yes
FAKE_T3_1090_ITH_DIS_XX__AUDIO_1090_ITH_FEA_XX_sadtalker,data\synthetic\track3_fakes\videos\FAKE_T3_1090_ITH_DIS_XX__AUDIO_1090_ITH_FEA_XX_sadtalker.mp4,1,done,sadtalker,1090,ITH,disgust,fear,yes
FAKE_T3_1090_ITH_FEA_XX__AUDIO_1090_ITH_HAP_XX_sadtalker,data\synthetic\track3_fakes\videos\FAKE_T3_1090_ITH_FEA_XX__AUDIO_1090_ITH_HAP_XX_sadtalker.mp4,1,done,sadtalker,1090,ITH,fear,happy,yes
FAKE_T3_1090_ITH_SAD_XX__AUDIO_1090_ITH_ANG_XX_sadtalker,data\synthetic\track3_fakes\videos\FAKE_T3_1090_ITH_SAD_XX__AUDIO_1090_ITH_ANG_XX_sadtalker.mp4,1,done,sadtalker,1090,ITH,sad,angry,yes
FAKE_T3_1090_ITS_ANG_XX__AUDIO_1090_ITS_DIS_XX_sadtalker,data\synthetic\track3_fakes\videos\FAKE_T3_1090_ITS_ANG_XX__AUDIO_1090_ITS_DIS_XX_sadtalker.mp4,1,done,sadtalker,1090,ITS,angry,disgust,yes
FAKE_T3_1090_ITS_DIS_XX__AUDIO_1090_ITS_FEA_XX_sadtalker,data\synthetic\track3_fakes\videos\FAKE_T3_1090_ITS_DIS_XX__AUDIO_1090_ITS_FEA_XX_sadtalker.mp4,1,done,sadtalker,1090,ITS,disgust,fear,yes
FAKE_T3_1090_ITS_FEA_XX__AUDIO_1090_ITS_HAP_XX_sadtalker,data\synthetic\track3_fakes\videos\FAKE_T3_1090_ITS_FEA_XX__AUDIO_1090_ITS_HAP_XX_sadtalker.mp4,1,done,sadtalker,1090,ITS,fear,happy,yes
FAKE_T3_1090_IWL_DIS_XX__AUDIO_1090_IWL_FEA_XX_sadtalker,data\synthetic\track3_fakes\videos\FAKE_T3_1090_IWL_DIS_XX__AUDIO_1090_IWL_FEA_XX_sadtalker.mp4,1,done,sadtalker,1090,IWL,disgust,fear,yes
FAKE_T3_1090_IWL_FEA_XX__AUDIO_1090_IWL_HAP_XX_sadtalker,data\synthetic\track3_fakes\videos\FAKE_T3_1090_IWL_FEA_XX__AUDIO_1090_IWL_HAP_XX_sadtalker.mp4,1,done,sadtalker,1090,IWL,fear,happy,yes
FAKE_T3_1090_IWL_HAP_XX__AUDIO_1090_IWL_NEU_XX_sadtalker,data\synthetic\track3_fakes\videos\FAKE_T3_1090_IWL_HAP_XX__AUDIO_1090_IWL_NEU_XX_sadtalker.mp4,1,done,sadtalker,1090,IWL,happy,neutral,yes
FAKE_T3_1090_IWL_NEU_XX__AUDIO_1090_IWL_SAD_XX_sadtalker,data\synthetic\track3_fakes\videos\FAKE_T3_1090_IWL_NEU_XX__AUDIO_1090_IWL_SAD_XX_sadtalker.mp4,1,done,sadtalker,1090,IWL,neutral,sad,yes
FAKE_T3_1090_IWL_SAD_XX__AUDIO_1090_IWL_ANG_XX_sadtalker,data\synthetic\track3_fakes\videos\FAKE_T3_1090_IWL_SAD_XX__AUDIO_1090_IWL_ANG_XX_sadtalker.mp4,1,done,sadtalker,1090,IWL,sad,angry,yes
FAKE_T3_1090_IWW_ANG_XX__AUDIO_1090_IWW_DIS_XX_sadtalker,data\synthetic\track3_fakes\videos\FAKE_T3_1090_IWW_ANG_XX__AUDIO_1090_IWW_DIS_XX_sadtalker.mp4,1,done,sadtalker,1090,IWW,angry,disgust,yes
FAKE_T3_1090_IWW_SAD_XX__AUDIO_1090_IWW_ANG_XX_sadtalker,data\synthetic\track3_fakes\videos\FAKE_T3_1090_IWW_SAD_XX__AUDIO_1090_IWW_ANG_XX_sadtalker.mp4,1,done,sadtalker,1090,IWW,sad,angry,yes
FAKE_T3_1090_MTI_FEA_XX__AUDIO_1090_MTI_HAP_XX_sadtalker,data\synthetic\track3_fakes\videos\FAKE_T3_1090_MTI_FEA_XX__AUDIO_1090_MTI_HAP_XX_sadtalker.mp4,1,done,sadtalker,1090,MTI,fear,happy,yes
FAKE_T3_1090_MTI_HAP_XX__AUDIO_1090_MTI_NEU_XX_sadtalker,data\synthetic\track3_fakes\videos\FAKE_T3_1090_MTI_HAP_XX__AUDIO_1090_MTI_NEU_XX_sadtalker.mp4,1,done,sadtalker,1090,MTI,happy,neutral,yes
FAKE_T3_1090_MTI_SAD_XX__AUDIO_1090_MTI_ANG_XX_sadtalker,data\synthetic\track3_fakes\videos\FAKE_T3_1090_MTI_SAD_XX__AUDIO_1090_MTI_ANG_XX_sadtalker.mp4,1,done,sadtalker,1090,MTI,sad,angry,yes
FAKE_T3_1090_TAI_ANG_XX__AUDIO_1090_TAI_DIS_XX_sadtalker,data\synthetic\track3_fakes\videos\FAKE_T3_1090_TAI_ANG_XX__AUDIO_1090_TAI_DIS_XX_sadtalker.mp4,1,done,sadtalker,1090,TAI,angry,disgust,yes
FAKE_T3_1090_TAI_SAD_XX__AUDIO_1090_TAI_ANG_XX_sadtalker,data\synthetic\track3_fakes\videos\FAKE_T3_1090_TAI_SAD_XX__AUDIO_1090_TAI_ANG_XX_sadtalker.mp4,1,done,sadtalker,1090,TAI,sad,angry,yes
FAKE_T3_1090_TIE_ANG_XX__AUDIO_1090_TIE_DIS_XX_sadtalker,data\synthetic\track3_fakes\videos\FAKE_T3_1090_TIE_ANG_XX__AUDIO_1090_TIE_DIS_XX_sadtalker.mp4,1,done,sadtalker,1090,TIE,angry,disgust,yes
FAKE_T3_1090_TIE_DIS_XX__AUDIO_1090_TIE_FEA_XX_sadtalker,data\synthetic\track3_fakes\videos\FAKE_T3_1090_TIE_DIS_XX__AUDIO_1090_TIE_FEA_XX_sadtalker.mp4,1,done,sadtalker,1090,TIE,disgust,fear,yes
FAKE_T3_1090_TIE_HAP_XX__AUDIO_1090_TIE_NEU_XX_sadtalker,data\synthetic\track3_fakes\videos\FAKE_T3_1090_TIE_HAP_XX__AUDIO_1090_TIE_NEU_XX_sadtalker.mp4,1,done,sadtalker,1090,TIE,happy,neutral,yes
FAKE_T3_1090_TIE_SAD_XX__AUDIO_1090_TIE_ANG_XX_sadtalker,data\synthetic\track3_fakes\videos\FAKE_T3_1090_TIE_SAD_XX__AUDIO_1090_TIE_ANG_XX_sadtalker.mp4,1,done,sadtalker,1090,TIE,sad,angry,yes
FAKE_T3_1090_TSI_ANG_XX__AUDIO_1090_TSI_DIS_XX_sadtalker,data\synthetic\track3_fakes\videos\FAKE_T3_1090_TSI_ANG_XX__AUDIO_1090_TSI_DIS_XX_sadtalker.mp4,1,done,sadtalker,1090,TSI,angry,disgust,yes
FAKE_T3_1090_WSI_DIS_XX__AUDIO_1090_WSI_FEA_XX_sadtalker,data\synthetic\track3_fakes\videos\FAKE_T3_1090_WSI_DIS_XX__AUDIO_1090_WSI_FEA_XX_sadtalker.mp4,1,done,sadtalker,1090,WSI,disgust,fear,yes
FAKE_T3_1090_WSI_SAD_XX__AUDIO_1090_WSI_ANG_XX_sadtalker,data\synthetic\track3_fakes\videos\FAKE_T3_1090_WSI_SAD_XX__AUDIO_1090_WSI_ANG_XX_sadtalker.mp4,1,done,sadtalker,1090,WSI,sad,angry,yes
FAKE_T3_1091_DFA_DIS_XX__AUDIO_1091_DFA_FEA_XX_sadtalker,data\synthetic\track3_fakes\videos\FAKE_T3_1091_DFA_DIS_XX__AUDIO_1091_DFA_FEA_XX_sadtalker.mp4,1,done,sadtalker,1091,DFA,disgust,fear,yes
FAKE_T3_1091_DFA_FEA_XX__AUDIO_1091_DFA_HAP_XX_sadtalker,data\synthetic\track3_fakes\videos\FAKE_T3_1091_DFA_FEA_XX__AUDIO_1091_DFA_HAP_XX_sadtalker.mp4,1,done,sadtalker,1091,DFA,fear,happy,yes
FAKE_T3_1091_DFA_HAP_XX__AUDIO_1091_DFA_NEU_XX_sadtalker,data\synthetic\track3_fakes\videos\FAKE_T3_1091_DFA_HAP_XX__AUDIO_1091_DFA_NEU_XX_sadtalker.mp4,1,done,sadtalker,1091,DFA,happy,neutral,yes
FAKE_T3_1091_DFA_SAD_XX__AUDIO_1091_DFA_ANG_XX_sadtalker,data\synthetic\track3_fakes\videos\FAKE_T3_1091_DFA_SAD_XX__AUDIO_1091_DFA_ANG_XX_sadtalker.mp4,1,done,sadtalker,1091,DFA,sad,angry,yes
FAKE_T3_1091_IEO_ANG_LO__AUDIO_1091_IEO_DIS_LO_sadtalker,data\synthetic\track3_fakes\videos\FAKE_T3_1091_IEO_ANG_LO__AUDIO_1091_IEO_DIS_LO_sadtalker.mp4,1,done,sadtalker,1091,IEO,angry,disgust,yes
FAKE_T3_1091_IEO_DIS_HI__AUDIO_1091_IEO_FEA_HI_sadtalker,data\synthetic\track3_fakes\videos\FAKE_T3_1091_IEO_DIS_HI__AUDIO_1091_IEO_FEA_HI_sadtalker.mp4,1,done,sadtalker,1091,IEO,disgust,fear,yes
FAKE_T3_1091_IEO_DIS_LO__AUDIO_1091_IEO_FEA_LO_sadtalker,data\synthetic\track3_fakes\videos\FAKE_T3_1091_IEO_DIS_LO__AUDIO_1091_IEO_FEA_LO_sadtalker.mp4,1,done,sadtalker,1091,IEO,disgust,fear,yes
FAKE_T3_1091_IEO_FEA_MD__AUDIO_1091_IEO_HAP_MD_sadtalker,data\synthetic\track3_fakes\videos\FAKE_T3_1091_IEO_FEA_MD__AUDIO_1091_IEO_HAP_MD_sadtalker.mp4,1,done,sadtalker,1091,IEO,fear,happy,yes
FAKE_T3_1091_IEO_HAP_LO__AUDIO_1091_IEO_NEU_XX_sadtalker,data\synthetic\track3_fakes\videos\FAKE_T3_1091_IEO_HAP_LO__AUDIO_1091_IEO_NEU_XX_sadtalker.mp4,1,done,sadtalker,1091,IEO,happy,neutral,yes
FAKE_T3_1091_IEO_NEU_XX__AUDIO_1091_IEO_SAD_HI_sadtalker,data\synthetic\track3_fakes\videos\FAKE_T3_1091_IEO_NEU_XX__AUDIO_1091_IEO_SAD_HI_sadtalker.mp4,1,done,sadtalker,1091,IEO,neutral,sad,yes
FAKE_T3_1091_IEO_SAD_HI__AUDIO_1091_IEO_ANG_HI_sadtalker,data\synthetic\track3_fakes\videos\FAKE_T3_1091_IEO_SAD_HI__AUDIO_1091_IEO_ANG_HI_sadtalker.mp4,1,done,sadtalker,1091,IEO,sad,angry,yes
FAKE_T3_1091_IEO_SAD_LO__AUDIO_1091_IEO_ANG_LO_sadtalker,data\synthetic\track3_fakes\videos\FAKE_T3_1091_IEO_SAD_LO__AUDIO_1091_IEO_ANG_LO_sadtalker.mp4,1,done,sadtalker,1091,IEO,sad,angry,yes
FAKE_T3_1091_IEO_SAD_MD__AUDIO_1091_IEO_ANG_MD_sadtalker,data\synthetic\track3_fakes\videos\FAKE_T3_1091_IEO_SAD_MD__AUDIO_1091_IEO_ANG_MD_sadtalker.mp4,1,done,sadtalker,1091,IEO,sad,angry,yes
FAKE_T3_1091_IOM_ANG_XX__AUDIO_1091_IOM_DIS_XX_sadtalker,data\synthetic\track3_fakes\videos\FAKE_T3_1091_IOM_ANG_XX__AUDIO_1091_IOM_DIS_XX_sadtalker.mp4,1,done,sadtalker,1091,IOM,angry,disgust,yes
FAKE_T3_1091_IOM_SAD_XX__AUDIO_1091_IOM_ANG_XX_sadtalker,data\synthetic\track3_fakes\videos\FAKE_T3_1091_IOM_SAD_XX__AUDIO_1091_IOM_ANG_XX_sadtalker.mp4,1,done,sadtalker,1091,IOM,sad,angry,yes
FAKE_T3_1091_ITH_ANG_XX__AUDIO_1091_ITH_DIS_XX_sadtalker,data\synthetic\track3_fakes\videos\FAKE_T3_1091_ITH_ANG_XX__AUDIO_1091_ITH_DIS_XX_sadtalker.mp4,1,done,sadtalker,1091,ITH,angry,disgust,yes
FAKE_T3_1091_ITH_FEA_XX__AUDIO_1091_ITH_HAP_XX_sadtalker,data\synthetic\track3_fakes\videos\FAKE_T3_1091_ITH_FEA_XX__AUDIO_1091_ITH_HAP_XX_sadtalker.mp4,1,done,sadtalker,1091,ITH,fear,happy,yes
FAKE_T3_1091_ITH_HAP_XX__AUDIO_1091_ITH_NEU_XX_sadtalker,data\synthetic\track3_fakes\videos\FAKE_T3_1091_ITH_HAP_XX__AUDIO_1091_ITH_NEU_XX_sadtalker.mp4,1,done,sadtalker,1091,ITH,happy,neutral,yes
FAKE_T3_1091_ITH_NEU_XX__AUDIO_1091_ITH_SAD_XX_sadtalker,data\synthetic\track3_fakes\videos\FAKE_T3_1091_ITH_NEU_XX__AUDIO_1091_ITH_SAD_XX_sadtalker.mp4,1,done,sadtalker,1091,ITH,neutral,sad,yes
FAKE_T3_1091_ITH_SAD_XX__AUDIO_1091_ITH_ANG_XX_sadtalker,data\synthetic\track3_fakes\videos\FAKE_T3_1091_ITH_SAD_XX__AUDIO_1091_ITH_ANG_XX_sadtalker.mp4,1,done,sadtalker,1091,ITH,sad,angry,yes
FAKE_T3_1091_ITS_FEA_XX__AUDIO_1091_ITS_HAP_XX_sadtalker,data\synthetic\track3_fakes\videos\FAKE_T3_1091_ITS_FEA_XX__AUDIO_1091_ITS_HAP_XX_sadtalker.mp4,1,done,sadtalker,1091,ITS,fear,happy,yes
FAKE_T3_1091_ITS_HAP_XX__AUDIO_1091_ITS_NEU_XX_sadtalker,data\synthetic\track3_fakes\videos\FAKE_T3_1091_ITS_HAP_XX__AUDIO_1091_ITS_NEU_XX_sadtalker.mp4,1,done,sadtalker,1091,ITS,happy,neutral,yes
FAKE_T3_1091_ITS_SAD_XX__AUDIO_1091_ITS_ANG_XX_sadtalker,data\synthetic\track3_fakes\videos\FAKE_T3_1091_ITS_SAD_XX__AUDIO_1091_ITS_ANG_XX_sadtalker.mp4,1,done,sadtalker,1091,ITS,sad,angry,yes
FAKE_T3_1091_IWL_ANG_XX__AUDIO_1091_IWL_DIS_XX_sadtalker,data\synthetic\track3_fakes\videos\FAKE_T3_1091_IWL_ANG_XX__AUDIO_1091_IWL_DIS_XX_sadtalker.mp4,1,done,sadtalker,1091,IWL,angry,disgust,yes
FAKE_T3_1091_IWL_FEA_XX__AUDIO_1091_IWL_HAP_XX_sadtalker,data\synthetic\track3_fakes\videos\FAKE_T3_1091_IWL_FEA_XX__AUDIO_1091_IWL_HAP_XX_sadtalker.mp4,1,done,sadtalker,1091,IWL,fear,happy,yes
FAKE_T3_1091_IWL_SAD_XX__AUDIO_1091_IWL_ANG_XX_sadtalker,data\synthetic\track3_fakes\videos\FAKE_T3_1091_IWL_SAD_XX__AUDIO_1091_IWL_ANG_XX_sadtalker.mp4,1,done,sadtalker,1091,IWL,sad,angry,yes
FAKE_T3_1091_IWW_DIS_XX__AUDIO_1091_IWW_FEA_XX_sadtalker,data\synthetic\track3_fakes\videos\FAKE_T3_1091_IWW_DIS_XX__AUDIO_1091_IWW_FEA_XX_sadtalker.mp4,1,done,sadtalker,1091,IWW,disgust,fear,yes
FAKE_T3_1091_IWW_HAP_XX__AUDIO_1091_IWW_NEU_XX_sadtalker,data\synthetic\track3_fakes\videos\FAKE_T3_1091_IWW_HAP_XX__AUDIO_1091_IWW_NEU_XX_sadtalker.mp4,1,done,sadtalker,1091,IWW,happy,neutral,yes
FAKE_T3_1091_IWW_SAD_XX__AUDIO_1091_IWW_ANG_XX_sadtalker,data\synthetic\track3_fakes\videos\FAKE_T3_1091_IWW_SAD_XX__AUDIO_1091_IWW_ANG_XX_sadtalker.mp4,1,done,sadtalker,1091,IWW,sad,angry,yes
FAKE_T3_1091_MTI_ANG_XX__AUDIO_1091_MTI_DIS_XX_sadtalker,data\synthetic\track3_fakes\videos\FAKE_T3_1091_MTI_ANG_XX__AUDIO_1091_MTI_DIS_XX_sadtalker.mp4,1,done,sadtalker,1091,MTI,angry,disgust,yes
FAKE_T3_1091_MTI_DIS_XX__AUDIO_1091_MTI_FEA_XX_sadtalker,data\synthetic\track3_fakes\videos\FAKE_T3_1091_MTI_DIS_XX__AUDIO_1091_MTI_FEA_XX_sadtalker.mp4,1,done,sadtalker,1091,MTI,disgust,fear,yes
FAKE_T3_1091_MTI_FEA_XX__AUDIO_1091_MTI_HAP_XX_sadtalker,data\synthetic\track3_fakes\videos\FAKE_T3_1091_MTI_FEA_XX__AUDIO_1091_MTI_HAP_XX_sadtalker.mp4,1,done,sadtalker,1091,MTI,fear,happy,yes
FAKE_T3_1091_MTI_HAP_XX__AUDIO_1091_MTI_NEU_XX_sadtalker,data\synthetic\track3_fakes\videos\FAKE_T3_1091_MTI_HAP_XX__AUDIO_1091_MTI_NEU_XX_sadtalker.mp4,1,done,sadtalker,1091,MTI,happy,neutral,yes
FAKE_T3_1091_TAI_ANG_XX__AUDIO_1091_TAI_DIS_XX_sadtalker,data\synthetic\track3_fakes\videos\FAKE_T3_1091_TAI_ANG_XX__AUDIO_1091_TAI_DIS_XX_sadtalker.mp4,1,done,sadtalker,1091,TAI,angry,disgust,yes
FAKE_T3_1091_TAI_FEA_XX__AUDIO_1091_TAI_HAP_XX_sadtalker,data\synthetic\track3_fakes\videos\FAKE_T3_1091_TAI_FEA_XX__AUDIO_1091_TAI_HAP_XX_sadtalker.mp4,1,done,sadtalker,1091,TAI,fear,happy,yes
FAKE_T3_1091_TAI_NEU_XX__AUDIO_1091_TAI_SAD_XX_sadtalker,data\synthetic\track3_fakes\videos\FAKE_T3_1091_TAI_NEU_XX__AUDIO_1091_TAI_SAD_XX_sadtalker.mp4,1,done,sadtalker,1091,TAI,neutral,sad,yes
FAKE_T3_1091_TIE_DIS_XX__AUDIO_1091_TIE_FEA_XX_sadtalker,data\synthetic\track3_fakes\videos\FAKE_T3_1091_TIE_DIS_XX__AUDIO_1091_TIE_FEA_XX_sadtalker.mp4,1,done,sadtalker,1091,TIE,disgust,fear,yes
FAKE_T3_1091_TIE_FEA_XX__AUDIO_1091_TIE_HAP_XX_sadtalker,data\synthetic\track3_fakes\videos\FAKE_T3_1091_TIE_FEA_XX__AUDIO_1091_TIE_HAP_XX_sadtalker.mp4,1,done,sadtalker,1091,TIE,fear,happy,yes
FAKE_T3_1091_TIE_NEU_XX__AUDIO_1091_TIE_SAD_XX_sadtalker,data\synthetic\track3_fakes\videos\FAKE_T3_1091_TIE_NEU_XX__AUDIO_1091_TIE_SAD_XX_sadtalker.mp4,1,done,sadtalker,1091,TIE,neutral,sad,yes
FAKE_T3_1091_WSI_ANG_XX__AUDIO_1091_WSI_DIS_XX_sadtalker,data\synthetic\track3_fakes\videos\FAKE_T3_1091_WSI_ANG_XX__AUDIO_1091_WSI_DIS_XX_sadtalker.mp4,1,done,sadtalker,1091,WSI,angry,disgust,yes
FAKE_T3_1091_WSI_DIS_XX__AUDIO_1091_WSI_FEA_XX_sadtalker,data\synthetic\track3_fakes\videos\FAKE_T3_1091_WSI_DIS_XX__AUDIO_1091_WSI_FEA_XX_sadtalker.mp4,1,done,sadtalker,1091,WSI,disgust,fear,yes
