clip_id,video_path,processed
-3g5yACwYnA_001,data/raw/CMU-MOSEI/segments/-3g5yACwYnA_001.mp4,yes
-3nNcZdcdvU_002,data/raw/CMU-MOSEI/segments/-3nNcZdcdvU_002.mp4,yes
-571d8cVauQ_000,data/raw/CMU-MOSEI/segments/-571d8cVauQ_000.mp4,yes
-571d8cVauQ_001,data/raw/CMU-MOSEI/segments/-571d8cVauQ_001.mp4,yes
-9y-fZ3swSY_000,data/raw/CMU-MOSEI/segments/-9y-fZ3swSY_000.mp4,yes
-9y-fZ3swSY_001,data/raw/CMU-MOSEI/segments/-9y-fZ3swSY_001.mp4,no
-9y-fZ3swSY_002,data/raw/CMU-MOSEI/segments/-9y-fZ3swSY_002.mp4,no
-9y-fZ3swSY_003,data/raw/CMU-MOSEI/segments/-9y-fZ3swSY_003.mp4,no
-9y-fZ3swSY_004,data/raw/CMU-MOSEI/segments/-9y-fZ3swSY_004.mp4,no
-9y-fZ3swSY_005,data/raw/CMU-MOSEI/segments/-9y-fZ3swSY_005.mp4,no
-9y-fZ3swSY_006,data/raw/CMU-MOSEI/segments/-9y-fZ3swSY_006.mp4,no
-9y-fZ3swSY_007,data/raw/CMU-MOSEI/segments/-9y-fZ3swSY_007.mp4,no
-9YyBTjo1zo_000,data/raw/CMU-MOSEI/segments/-9YyBTjo1zo_000.mp4,yes
-9YyBTjo1zo_001,data/raw/CMU-MOSEI/segments/-9YyBTjo1zo_001.mp4,yes
-9YyBTjo1zo_004,data/raw/CMU-MOSEI/segments/-9YyBTjo1zo_004.mp4,yes
-Alixo7euuU_000,data/raw/CMU-MOSEI/segments/-Alixo7euuU_000.mp4,no
-Alixo7euuU_001,data/raw/CMU-MOSEI/segments/-Alixo7euuU_001.mp4,no
-Alixo7euuU_003,data/raw/CMU-MOSEI/segments/-Alixo7euuU_003.mp4,no
-Alixo7euuU_005,data/raw/CMU-MOSEI/segments/-Alixo7euuU_005.mp4,no
-Alixo7euuU_009,data/raw/CMU-MOSEI/segments/-Alixo7euuU_009.mp4,no
-Alixo7euuU_010,data/raw/CMU-MOSEI/segments/-Alixo7euuU_010.mp4,no
-Alixo7euuU_012,data/raw/CMU-MOSEI/segments/-Alixo7euuU_012.mp4,no
-Alixo7euuU_013,data/raw/CMU-MOSEI/segments/-Alixo7euuU_013.mp4,no
-bl5PfNIYrk_000,data/raw/CMU-MOSEI/segments/-bl5PfNIYrk_000.mp4,no
-bl5PfNIYrk_004,data/raw/CMU-MOSEI/segments/-bl5PfNIYrk_004.mp4,no
-bl5PfNIYrk_006,data/raw/CMU-MOSEI/segments/-bl5PfNIYrk_006.mp4,no
-cEhr0cQcDM_000,data/raw/CMU-MOSEI/segments/-cEhr0cQcDM_000.mp4,no
-cEhr0cQcDM_001,data/raw/CMU-MOSEI/segments/-cEhr0cQcDM_001.mp4,no
-cmk6cfUeMs_000,data/raw/CMU-MOSEI/segments/-cmk6cfUeMs_000.mp4,no
-dxfTGcXJoc_004,data/raw/CMU-MOSEI/segments/-dxfTGcXJoc_004.mp4,yes
-dZ1TCboxcQ_001,data/raw/CMU-MOSEI/segments/-dZ1TCboxcQ_001.mp4,yes
-dZ1TCboxcQ_002,data/raw/CMU-MOSEI/segments/-dZ1TCboxcQ_002.mp4,yes
-egA8-b7-3M_002,data/raw/CMU-MOSEI/segments/-egA8-b7-3M_002.mp4,no
-egA8-b7-3M_003,data/raw/CMU-MOSEI/segments/-egA8-b7-3M_003.mp4,no
-egA8-b7-3M_004,data/raw/CMU-MOSEI/segments/-egA8-b7-3M_004.mp4,no
-egA8-b7-3M_005,data/raw/CMU-MOSEI/segments/-egA8-b7-3M_005.mp4,no
-egA8-b7-3M_007,data/raw/CMU-MOSEI/segments/-egA8-b7-3M_007.mp4,no
-egA8-b7-3M_008,data/raw/CMU-MOSEI/segments/-egA8-b7-3M_008.mp4,no
-egA8-b7-3M_009,data/raw/CMU-MOSEI/segments/-egA8-b7-3M_009.mp4,no
-egA8-b7-3M_010,data/raw/CMU-MOSEI/segments/-egA8-b7-3M_010.mp4,no
-egA8-b7-3M_012,data/raw/CMU-MOSEI/segments/-egA8-b7-3M_012.mp4,no
-egA8-b7-3M_013,data/raw/CMU-MOSEI/segments/-egA8-b7-3M_013.mp4,no
-egA8-b7-3M_014,data/raw/CMU-MOSEI/segments/-egA8-b7-3M_014.mp4,no
-egA8-b7-3M_015,data/raw/CMU-MOSEI/segments/-egA8-b7-3M_015.mp4,no
-egA8-b7-3M_016,data/raw/CMU-MOSEI/segments/-egA8-b7-3M_016.mp4,no
-Eqdz5y4pEY_000,data/raw/CMU-MOSEI/segments/-Eqdz5y4pEY_000.mp4,no
-hnBHBN8p5A_000,data/raw/CMU-MOSEI/segments/-hnBHBN8p5A_000.mp4,no
-hnBHBN8p5A_001,data/raw/CMU-MOSEI/segments/-hnBHBN8p5A_001.mp4,no
-hnBHBN8p5A_002,data/raw/CMU-MOSEI/segments/-hnBHBN8p5A_002.mp4,no
-hnBHBN8p5A_003,data/raw/CMU-MOSEI/segments/-hnBHBN8p5A_003.mp4,no
-hnBHBN8p5A_004,data/raw/CMU-MOSEI/segments/-hnBHBN8p5A_004.mp4,no
-hPfPhUIzfA_001,data/raw/CMU-MOSEI/segments/-hPfPhUIzfA_001.mp4,no
-hPfPhUIzfA_002,data/raw/CMU-MOSEI/segments/-hPfPhUIzfA_002.mp4,no
-hPfPhUIzfA_003,data/raw/CMU-MOSEI/segments/-hPfPhUIzfA_003.mp4,no
-HwX2H8Z4hY_000,data/raw/CMU-MOSEI/segments/-HwX2H8Z4hY_000.mp4,no
-HwX2H8Z4hY_002,data/raw/CMU-MOSEI/segments/-HwX2H8Z4hY_002.mp4,no
-HwX2H8Z4hY_003,data/raw/CMU-MOSEI/segments/-HwX2H8Z4hY_003.mp4,no
-HwX2H8Z4hY_004,data/raw/CMU-MOSEI/segments/-HwX2H8Z4hY_004.mp4,no
-HwX2H8Z4hY_005,data/raw/CMU-MOSEI/segments/-HwX2H8Z4hY_005.mp4,no
-HwX2H8Z4hY_006,data/raw/CMU-MOSEI/segments/-HwX2H8Z4hY_006.mp4,no
-HwX2H8Z4hY_007,data/raw/CMU-MOSEI/segments/-HwX2H8Z4hY_007.mp4,no
-HwX2H8Z4hY_008,data/raw/CMU-MOSEI/segments/-HwX2H8Z4hY_008.mp4,no
-HwX2H8Z4hY_009,data/raw/CMU-MOSEI/segments/-HwX2H8Z4hY_009.mp4,no
-I_e4mIh0yE_000,data/raw/CMU-MOSEI/segments/-I_e4mIh0yE_000.mp4,yes
-iRBcNs9oI8_000,data/raw/CMU-MOSEI/segments/-iRBcNs9oI8_000.mp4,yes
-iRBcNs9oI8_001,data/raw/CMU-MOSEI/segments/-iRBcNs9oI8_001.mp4,yes
-iRBcNs9oI8_002,data/raw/CMU-MOSEI/segments/-iRBcNs9oI8_002.mp4,yes
-iRBcNs9oI8_003,data/raw/CMU-MOSEI/segments/-iRBcNs9oI8_003.mp4,yes
-iRBcNs9oI8_004,data/raw/CMU-MOSEI/segments/-iRBcNs9oI8_004.mp4,yes
-iRBcNs9oI8_005,data/raw/CMU-MOSEI/segments/-iRBcNs9oI8_005.mp4,yes
-iRBcNs9oI8_006,data/raw/CMU-MOSEI/segments/-iRBcNs9oI8_006.mp4,yes
-iRBcNs9oI8_007,data/raw/CMU-MOSEI/segments/-iRBcNs9oI8_007.mp4,yes
-iRBcNs9oI8_009,data/raw/CMU-MOSEI/segments/-iRBcNs9oI8_009.mp4,yes
-IUUR2yyNbw_002,data/raw/CMU-MOSEI/segments/-IUUR2yyNbw_002.mp4,no
-IUUR2yyNbw_004,data/raw/CMU-MOSEI/segments/-IUUR2yyNbw_004.mp4,no
-l_53IwQoj0_000,data/raw/CMU-MOSEI/segments/-l_53IwQoj0_000.mp4,no
-LnuDPiuuZw_000,data/raw/CMU-MOSEI/segments/-LnuDPiuuZw_000.mp4,yes
-lqc32Zpr7M_000,data/raw/CMU-MOSEI/segments/-lqc32Zpr7M_000.mp4,no
-lqc32Zpr7M_003,data/raw/CMU-MOSEI/segments/-lqc32Zpr7M_003.mp4,no
-m9KtvCk_L8_000,data/raw/CMU-MOSEI/segments/-m9KtvCk_L8_000.mp4,no
-m9KtvCk_L8_001,data/raw/CMU-MOSEI/segments/-m9KtvCk_L8_001.mp4,no
-m9KtvCk_L8_002,data/raw/CMU-MOSEI/segments/-m9KtvCk_L8_002.mp4,no
-MeTTeMJBNc_001,data/raw/CMU-MOSEI/segments/-MeTTeMJBNc_001.mp4,no
-mJ2ud6oKI8_000,data/raw/CMU-MOSEI/segments/-mJ2ud6oKI8_000.mp4,no
-mJ2ud6oKI8_001,data/raw/CMU-MOSEI/segments/-mJ2ud6oKI8_001.mp4,no
-mJ2ud6oKI8_002,data/raw/CMU-MOSEI/segments/-mJ2ud6oKI8_002.mp4,no
-mJ2ud6oKI8_003,data/raw/CMU-MOSEI/segments/-mJ2ud6oKI8_003.mp4,no
-mJ2ud6oKI8_004,data/raw/CMU-MOSEI/segments/-mJ2ud6oKI8_004.mp4,no
-mJ2ud6oKI8_005,data/raw/CMU-MOSEI/segments/-mJ2ud6oKI8_005.mp4,no
-mJ2ud6oKI8_006,data/raw/CMU-MOSEI/segments/-mJ2ud6oKI8_006.mp4,no
-mJ2ud6oKI8_007,data/raw/CMU-MOSEI/segments/-mJ2ud6oKI8_007.mp4,no
-mJ2ud6oKI8_008,data/raw/CMU-MOSEI/segments/-mJ2ud6oKI8_008.mp4,no
-mqbVkbCndg_000,data/raw/CMU-MOSEI/segments/-mqbVkbCndg_000.mp4,no
-mqbVkbCndg_001,data/raw/CMU-MOSEI/segments/-mqbVkbCndg_001.mp4,no
-mqbVkbCndg_002,data/raw/CMU-MOSEI/segments/-mqbVkbCndg_002.mp4,no
-NFrJFQijFE_000,data/raw/CMU-MOSEI/segments/-NFrJFQijFE_000.mp4,no
-NFrJFQijFE_001,data/raw/CMU-MOSEI/segments/-NFrJFQijFE_001.mp4,no
-NFrJFQijFE_002,data/raw/CMU-MOSEI/segments/-NFrJFQijFE_002.mp4,no
-RfYyzHpjk4_000,data/raw/CMU-MOSEI/segments/-RfYyzHpjk4_000.mp4,yes
-RfYyzHpjk4_001,data/raw/CMU-MOSEI/segments/-RfYyzHpjk4_001.mp4,yes
-RfYyzHpjk4_002,data/raw/CMU-MOSEI/segments/-RfYyzHpjk4_002.mp4,yes
-RfYyzHpjk4_003,data/raw/CMU-MOSEI/segments/-RfYyzHpjk4_003.mp4,yes
-ri04Z7vwnc_000,data/raw/CMU-MOSEI/segments/-ri04Z7vwnc_000.mp4,yes
-ri04Z7vwnc_001,data/raw/CMU-MOSEI/segments/-ri04Z7vwnc_001.mp4,yes
-ri04Z7vwnc_002,data/raw/CMU-MOSEI/segments/-ri04Z7vwnc_002.mp4,yes
-ri04Z7vwnc_003,data/raw/CMU-MOSEI/segments/-ri04Z7vwnc_003.mp4,yes
-ri04Z7vwnc_005,data/raw/CMU-MOSEI/segments/-ri04Z7vwnc_005.mp4,yes
-s9qJ7ATP7w_000,data/raw/CMU-MOSEI/segments/-s9qJ7ATP7w_000.mp4,no
-s9qJ7ATP7w_001,data/raw/CMU-MOSEI/segments/-s9qJ7ATP7w_001.mp4,no
-s9qJ7ATP7w_002,data/raw/CMU-MOSEI/segments/-s9qJ7ATP7w_002.mp4,no
-s9qJ7ATP7w_003,data/raw/CMU-MOSEI/segments/-s9qJ7ATP7w_003.mp4,no
-s9qJ7ATP7w_004,data/raw/CMU-MOSEI/segments/-s9qJ7ATP7w_004.mp4,no
-s9qJ7ATP7w_006,data/raw/CMU-MOSEI/segments/-s9qJ7ATP7w_006.mp4,no
-s9qJ7ATP7w_007,data/raw/CMU-MOSEI/segments/-s9qJ7ATP7w_007.mp4,no
-s9qJ7ATP7w_008,data/raw/CMU-MOSEI/segments/-s9qJ7ATP7w_008.mp4,no
-s9qJ7ATP7w_009,data/raw/CMU-MOSEI/segments/-s9qJ7ATP7w_009.mp4,no
-SYSVSQnTnA_000,data/raw/CMU-MOSEI/segments/-SYSVSQnTnA_000.mp4,yes
-SYSVSQnTnA_001,data/raw/CMU-MOSEI/segments/-SYSVSQnTnA_001.mp4,yes
-SYSVSQnTnA_002,data/raw/CMU-MOSEI/segments/-SYSVSQnTnA_002.mp4,yes
-t217m2on-s_000,data/raw/CMU-MOSEI/segments/-t217m2on-s_000.mp4,no
-tANM6ETl_M_001,data/raw/CMU-MOSEI/segments/-tANM6ETl_M_001.mp4,yes
-THoVjtIkeU_003,data/raw/CMU-MOSEI/segments/-THoVjtIkeU_003.mp4,no
-THoVjtIkeU_005,data/raw/CMU-MOSEI/segments/-THoVjtIkeU_005.mp4,no
-THoVjtIkeU_006,data/raw/CMU-MOSEI/segments/-THoVjtIkeU_006.mp4,no
-tPCytz4rww_000,data/raw/CMU-MOSEI/segments/-tPCytz4rww_000.mp4,no
-tPCytz4rww_001,data/raw/CMU-MOSEI/segments/-tPCytz4rww_001.mp4,no
-tPCytz4rww_003,data/raw/CMU-MOSEI/segments/-tPCytz4rww_003.mp4,no
-tPCytz4rww_004,data/raw/CMU-MOSEI/segments/-tPCytz4rww_004.mp4,no
-tPCytz4rww_005,data/raw/CMU-MOSEI/segments/-tPCytz4rww_005.mp4,no
-UuX1xuaiiE_000,data/raw/CMU-MOSEI/segments/-UuX1xuaiiE_000.mp4,no
-UuX1xuaiiE_002,data/raw/CMU-MOSEI/segments/-UuX1xuaiiE_002.mp4,no
-UuX1xuaiiE_003,data/raw/CMU-MOSEI/segments/-UuX1xuaiiE_003.mp4,no
-UuX1xuaiiE_004,data/raw/CMU-MOSEI/segments/-UuX1xuaiiE_004.mp4,no
-UuX1xuaiiE_005,data/raw/CMU-MOSEI/segments/-UuX1xuaiiE_005.mp4,no
-UuX1xuaiiE_006,data/raw/CMU-MOSEI/segments/-UuX1xuaiiE_006.mp4,no
-UuX1xuaiiE_007,data/raw/CMU-MOSEI/segments/-UuX1xuaiiE_007.mp4,no
-UuX1xuaiiE_009,data/raw/CMU-MOSEI/segments/-UuX1xuaiiE_009.mp4,no
-uywlfIYOS8_000,data/raw/CMU-MOSEI/segments/-uywlfIYOS8_000.mp4,no
-VmheDA92mM_001,data/raw/CMU-MOSEI/segments/-VmheDA92mM_001.mp4,no
-VmheDA92mM_003,data/raw/CMU-MOSEI/segments/-VmheDA92mM_003.mp4,no
-wny0OAz3g8_000,data/raw/CMU-MOSEI/segments/-wny0OAz3g8_000.mp4,no
-wny0OAz3g8_001,data/raw/CMU-MOSEI/segments/-wny0OAz3g8_001.mp4,no
-wny0OAz3g8_002,data/raw/CMU-MOSEI/segments/-wny0OAz3g8_002.mp4,no
-wny0OAz3g8_003,data/raw/CMU-MOSEI/segments/-wny0OAz3g8_003.mp4,no
-wny0OAz3g8_004,data/raw/CMU-MOSEI/segments/-wny0OAz3g8_004.mp4,no
-wny0OAz3g8_005,data/raw/CMU-MOSEI/segments/-wny0OAz3g8_005.mp4,no
-wny0OAz3g8_006,data/raw/CMU-MOSEI/segments/-wny0OAz3g8_006.mp4,no
-wny0OAz3g8_007,data/raw/CMU-MOSEI/segments/-wny0OAz3g8_007.mp4,no
-wny0OAz3g8_008,data/raw/CMU-MOSEI/segments/-wny0OAz3g8_008.mp4,no
-WXXTNIJcVM_000,data/raw/CMU-MOSEI/segments/-WXXTNIJcVM_000.mp4,no
-WXXTNIJcVM_001,data/raw/CMU-MOSEI/segments/-WXXTNIJcVM_001.mp4,no
-WXXTNIJcVM_002,data/raw/CMU-MOSEI/segments/-WXXTNIJcVM_002.mp4,no
-yRb-Jum7EQ_002,data/raw/CMU-MOSEI/segments/-yRb-Jum7EQ_002.mp4,no
03X1FwF6udc_001,data/raw/CMU-MOSEI/segments/03X1FwF6udc_001.mp4,yes
03X1FwF6udc_002,data/raw/CMU-MOSEI/segments/03X1FwF6udc_002.mp4,yes
03X1FwF6udc_006,data/raw/CMU-MOSEI/segments/03X1FwF6udc_006.mp4,yes
06st0Ez_E_I_001,data/raw/CMU-MOSEI/segments/06st0Ez_E_I_001.mp4,no
07Z16yRBFUQ_000,data/raw/CMU-MOSEI/segments/07Z16yRBFUQ_000.mp4,no
08d4NTXkSxw_000,data/raw/CMU-MOSEI/segments/08d4NTXkSxw_000.mp4,no
08d4NTXkSxw_001,data/raw/CMU-MOSEI/segments/08d4NTXkSxw_001.mp4,no
0AA-wmk8WdA_000,data/raw/CMU-MOSEI/segments/0AA-wmk8WdA_000.mp4,no
0AA-wmk8WdA_001,data/raw/CMU-MOSEI/segments/0AA-wmk8WdA_001.mp4,no
0AkGtPzl7D8_000,data/raw/CMU-MOSEI/segments/0AkGtPzl7D8_000.mp4,no
0bsTzavb-AE_002,data/raw/CMU-MOSEI/segments/0bsTzavb-AE_002.mp4,no
0BVed2nBq1g_000,data/raw/CMU-MOSEI/segments/0BVed2nBq1g_000.mp4,no
0BVed2nBq1g_001,data/raw/CMU-MOSEI/segments/0BVed2nBq1g_001.mp4,no
0BVed2nBq1g_003,data/raw/CMU-MOSEI/segments/0BVed2nBq1g_003.mp4,no
0BVed2nBq1g_004,data/raw/CMU-MOSEI/segments/0BVed2nBq1g_004.mp4,no
0BVed2nBq1g_005,data/raw/CMU-MOSEI/segments/0BVed2nBq1g_005.mp4,no
0BVed2nBq1g_006,data/raw/CMU-MOSEI/segments/0BVed2nBq1g_006.mp4,no
0cBmQ_ItVUc_003,data/raw/CMU-MOSEI/segments/0cBmQ_ItVUc_003.mp4,no
0cBmQ_ItVUc_006,data/raw/CMU-MOSEI/segments/0cBmQ_ItVUc_006.mp4,no
0cBmQ_ItVUc_009,data/raw/CMU-MOSEI/segments/0cBmQ_ItVUc_009.mp4,no
0cBmQ_ItVUc_010,data/raw/CMU-MOSEI/segments/0cBmQ_ItVUc_010.mp4,no
0EAAfLCQabY_000,data/raw/CMU-MOSEI/segments/0EAAfLCQabY_000.mp4,yes
0EAAfLCQabY_001,data/raw/CMU-MOSEI/segments/0EAAfLCQabY_001.mp4,yes
0EphpADwdPg_000,data/raw/CMU-MOSEI/segments/0EphpADwdPg_000.mp4,yes
0EphpADwdPg_002,data/raw/CMU-MOSEI/segments/0EphpADwdPg_002.mp4,yes
0EphpADwdPg_003,data/raw/CMU-MOSEI/segments/0EphpADwdPg_003.mp4,yes
0EphpADwdPg_004,data/raw/CMU-MOSEI/segments/0EphpADwdPg_004.mp4,yes
0EphpADwdPg_005,data/raw/CMU-MOSEI/segments/0EphpADwdPg_005.mp4,yes
0FA32bEZ6xI_000,data/raw/CMU-MOSEI/segments/0FA32bEZ6xI_000.mp4,yes
0FA32bEZ6xI_001,data/raw/CMU-MOSEI/segments/0FA32bEZ6xI_001.mp4,yes
0FA32bEZ6xI_004,data/raw/CMU-MOSEI/segments/0FA32bEZ6xI_004.mp4,yes
0FA32bEZ6xI_006,data/raw/CMU-MOSEI/segments/0FA32bEZ6xI_006.mp4,yes
0FA32bEZ6xI_008,data/raw/CMU-MOSEI/segments/0FA32bEZ6xI_008.mp4,yes
0FA32bEZ6xI_010,data/raw/CMU-MOSEI/segments/0FA32bEZ6xI_010.mp4,yes
0FA32bEZ6xI_012,data/raw/CMU-MOSEI/segments/0FA32bEZ6xI_012.mp4,yes
0FA32bEZ6xI_014,data/raw/CMU-MOSEI/segments/0FA32bEZ6xI_014.mp4,yes
0FA32bEZ6xI_016,data/raw/CMU-MOSEI/segments/0FA32bEZ6xI_016.mp4,yes
0FA32bEZ6xI_018,data/raw/CMU-MOSEI/segments/0FA32bEZ6xI_018.mp4,yes
0FA32bEZ6xI_021,data/raw/CMU-MOSEI/segments/0FA32bEZ6xI_021.mp4,yes
0FA32bEZ6xI_022,data/raw/CMU-MOSEI/segments/0FA32bEZ6xI_022.mp4,yes
0FA32bEZ6xI_023,data/raw/CMU-MOSEI/segments/0FA32bEZ6xI_023.mp4,yes
0FA32bEZ6xI_026,data/raw/CMU-MOSEI/segments/0FA32bEZ6xI_026.mp4,yes
0FA32bEZ6xI_027,data/raw/CMU-MOSEI/segments/0FA32bEZ6xI_027.mp4,yes
0hCihQ5Kep0_002,data/raw/CMU-MOSEI/segments/0hCihQ5Kep0_002.mp4,no
0hCOCt6fWas_000,data/raw/CMU-MOSEI/segments/0hCOCt6fWas_000.mp4,no
0hCOCt6fWas_002,data/raw/CMU-MOSEI/segments/0hCOCt6fWas_002.mp4,no
0hCOCt6fWas_004,data/raw/CMU-MOSEI/segments/0hCOCt6fWas_004.mp4,no
0hCOCt6fWas_005,data/raw/CMU-MOSEI/segments/0hCOCt6fWas_005.mp4,no
0jtdrsmVzYQ_000,data/raw/CMU-MOSEI/segments/0jtdrsmVzYQ_000.mp4,yes
0JuRmhhgMw8_000,data/raw/CMU-MOSEI/segments/0JuRmhhgMw8_000.mp4,no
0K7dCp80n9c_000,data/raw/CMU-MOSEI/segments/0K7dCp80n9c_000.mp4,no
0K7dCp80n9c_001,data/raw/CMU-MOSEI/segments/0K7dCp80n9c_001.mp4,no
0K7dCp80n9c_004,data/raw/CMU-MOSEI/segments/0K7dCp80n9c_004.mp4,no
0K7dCp80n9c_006,data/raw/CMU-MOSEI/segments/0K7dCp80n9c_006.mp4,no
0K7dCp80n9c_007,data/raw/CMU-MOSEI/segments/0K7dCp80n9c_007.mp4,no
0mXv97u2OCM_000,data/raw/CMU-MOSEI/segments/0mXv97u2OCM_000.mp4,no
0nJrksJ7azM_000,data/raw/CMU-MOSEI/segments/0nJrksJ7azM_000.mp4,no
0nJrksJ7azM_003,data/raw/CMU-MOSEI/segments/0nJrksJ7azM_003.mp4,no
0nJrksJ7azM_005,data/raw/CMU-MOSEI/segments/0nJrksJ7azM_005.mp4,no
0OC3wf9x3zQ_000,data/raw/CMU-MOSEI/segments/0OC3wf9x3zQ_000.mp4,no
0OC3wf9x3zQ_001,data/raw/CMU-MOSEI/segments/0OC3wf9x3zQ_001.mp4,no
0OC3wf9x3zQ_002,data/raw/CMU-MOSEI/segments/0OC3wf9x3zQ_002.mp4,no
0OC3wf9x3zQ_004,data/raw/CMU-MOSEI/segments/0OC3wf9x3zQ_004.mp4,no
0OC3wf9x3zQ_007,data/raw/CMU-MOSEI/segments/0OC3wf9x3zQ_007.mp4,no
0OC3wf9x3zQ_009,data/raw/CMU-MOSEI/segments/0OC3wf9x3zQ_009.mp4,no
0OC3wf9x3zQ_010,data/raw/CMU-MOSEI/segments/0OC3wf9x3zQ_010.mp4,no
0OXeN3MhFeA_001,data/raw/CMU-MOSEI/segments/0OXeN3MhFeA_001.mp4,no
0OXeN3MhFeA_002,data/raw/CMU-MOSEI/segments/0OXeN3MhFeA_002.mp4,no
0OXeN3MhFeA_003,data/raw/CMU-MOSEI/segments/0OXeN3MhFeA_003.mp4,no
0OXeN3MhFeA_004,data/raw/CMU-MOSEI/segments/0OXeN3MhFeA_004.mp4,no
0OXeN3MhFeA_005,data/raw/CMU-MOSEI/segments/0OXeN3MhFeA_005.mp4,no
0OXeN3MhFeA_006,data/raw/CMU-MOSEI/segments/0OXeN3MhFeA_006.mp4,no
0PlQc98SccA_001,data/raw/CMU-MOSEI/segments/0PlQc98SccA_001.mp4,no
0PlQc98SccA_002,data/raw/CMU-MOSEI/segments/0PlQc98SccA_002.mp4,no
0tkWa2skSmA_000,data/raw/CMU-MOSEI/segments/0tkWa2skSmA_000.mp4,no
0uftSGdwo0Q_000,data/raw/CMU-MOSEI/segments/0uftSGdwo0Q_000.mp4,no
0uftSGdwo0Q_001,data/raw/CMU-MOSEI/segments/0uftSGdwo0Q_001.mp4,no
0uftSGdwo0Q_002,data/raw/CMU-MOSEI/segments/0uftSGdwo0Q_002.mp4,no
0uftSGdwo0Q_003,data/raw/CMU-MOSEI/segments/0uftSGdwo0Q_003.mp4,no
0utROiKxejc_000,data/raw/CMU-MOSEI/segments/0utROiKxejc_000.mp4,no
0utROiKxejc_001,data/raw/CMU-MOSEI/segments/0utROiKxejc_001.mp4,no
0vXaXWx7Rvo_000,data/raw/CMU-MOSEI/segments/0vXaXWx7Rvo_000.mp4,no
0vXaXWx7Rvo_001,data/raw/CMU-MOSEI/segments/0vXaXWx7Rvo_001.mp4,no
0vXaXWx7Rvo_002,data/raw/CMU-MOSEI/segments/0vXaXWx7Rvo_002.mp4,no
0vXaXWx7Rvo_003,data/raw/CMU-MOSEI/segments/0vXaXWx7Rvo_003.mp4,no
0vXaXWx7Rvo_004,data/raw/CMU-MOSEI/segments/0vXaXWx7Rvo_004.mp4,no
0vXaXWx7Rvo_005,data/raw/CMU-MOSEI/segments/0vXaXWx7Rvo_005.mp4,no
0WIwQgH4lKg_000,data/raw/CMU-MOSEI/segments/0WIwQgH4lKg_000.mp4,no
0WIwQgH4lKg_001,data/raw/CMU-MOSEI/segments/0WIwQgH4lKg_001.mp4,no
0WIwQgH4lKg_002,data/raw/CMU-MOSEI/segments/0WIwQgH4lKg_002.mp4,no
0WIwQgH4lKg_003,data/raw/CMU-MOSEI/segments/0WIwQgH4lKg_003.mp4,no
0WIwQgH4lKg_004,data/raw/CMU-MOSEI/segments/0WIwQgH4lKg_004.mp4,no
0WIwQgH4lKg_005,data/raw/CMU-MOSEI/segments/0WIwQgH4lKg_005.mp4,no
0Xs8wJrAmxs_003,data/raw/CMU-MOSEI/segments/0Xs8wJrAmxs_003.mp4,no
0YdYFtVdlWE_000,data/raw/CMU-MOSEI/segments/0YdYFtVdlWE_000.mp4,no
0YdYFtVdlWE_001,data/raw/CMU-MOSEI/segments/0YdYFtVdlWE_001.mp4,no
0YdYFtVdlWE_002,data/raw/CMU-MOSEI/segments/0YdYFtVdlWE_002.mp4,no
0YdYFtVdlWE_003,data/raw/CMU-MOSEI/segments/0YdYFtVdlWE_003.mp4,no
0YdYFtVdlWE_005,data/raw/CMU-MOSEI/segments/0YdYFtVdlWE_005.mp4,no
0YdYFtVdlWE_007,data/raw/CMU-MOSEI/segments/0YdYFtVdlWE_007.mp4,no
0YdYFtVdlWE_008,data/raw/CMU-MOSEI/segments/0YdYFtVdlWE_008.mp4,no
0YdYFtVdlWE_011,data/raw/CMU-MOSEI/segments/0YdYFtVdlWE_011.mp4,no
0YdYFtVdlWE_012,data/raw/CMU-MOSEI/segments/0YdYFtVdlWE_012.mp4,no
0YdYFtVdlWE_014,data/raw/CMU-MOSEI/segments/0YdYFtVdlWE_014.mp4,no
0YdYFtVdlWE_015,data/raw/CMU-MOSEI/segments/0YdYFtVdlWE_015.mp4,no
0YdYFtVdlWE_017,data/raw/CMU-MOSEI/segments/0YdYFtVdlWE_017.mp4,no
0YdYFtVdlWE_018,data/raw/CMU-MOSEI/segments/0YdYFtVdlWE_018.mp4,no
0YdYFtVdlWE_019,data/raw/CMU-MOSEI/segments/0YdYFtVdlWE_019.mp4,no
0YdYFtVdlWE_020,data/raw/CMU-MOSEI/segments/0YdYFtVdlWE_020.mp4,no
0YdYFtVdlWE_021,data/raw/CMU-MOSEI/segments/0YdYFtVdlWE_021.mp4,no
0YiAKqU36KE_001,data/raw/CMU-MOSEI/segments/0YiAKqU36KE_001.mp4,no
0YiAKqU36KE_003,data/raw/CMU-MOSEI/segments/0YiAKqU36KE_003.mp4,no
0YiAKqU36KE_004,data/raw/CMU-MOSEI/segments/0YiAKqU36KE_004.mp4,no
0YiAKqU36KE_005,data/raw/CMU-MOSEI/segments/0YiAKqU36KE_005.mp4,no
0YiAKqU36KE_007,data/raw/CMU-MOSEI/segments/0YiAKqU36KE_007.mp4,no
0YiAKqU36KE_008,data/raw/CMU-MOSEI/segments/0YiAKqU36KE_008.mp4,no
0zl_GDVzykw_000,data/raw/CMU-MOSEI/segments/0zl_GDVzykw_000.mp4,no
0zl_GDVzykw_001,data/raw/CMU-MOSEI/segments/0zl_GDVzykw_001.mp4,no
117tQqLjza4_000,data/raw/CMU-MOSEI/segments/117tQqLjza4_000.mp4,no
11j7EfglCAs_000,data/raw/CMU-MOSEI/segments/11j7EfglCAs_000.mp4,yes
11UtTaDYgII_000,data/raw/CMU-MOSEI/segments/11UtTaDYgII_000.mp4,no
11UtTaDYgII_002,data/raw/CMU-MOSEI/segments/11UtTaDYgII_002.mp4,no
11UtTaDYgII_004,data/raw/CMU-MOSEI/segments/11UtTaDYgII_004.mp4,no
11UtTaDYgII_005,data/raw/CMU-MOSEI/segments/11UtTaDYgII_005.mp4,no
15ktF-6wutk_000,data/raw/CMU-MOSEI/segments/15ktF-6wutk_000.mp4,no
15ktF-6wutk_001,data/raw/CMU-MOSEI/segments/15ktF-6wutk_001.mp4,no
15ktF-6wutk_002,data/raw/CMU-MOSEI/segments/15ktF-6wutk_002.mp4,no
15ktF-6wutk_003,data/raw/CMU-MOSEI/segments/15ktF-6wutk_003.mp4,no
15ktF-6wutk_004,data/raw/CMU-MOSEI/segments/15ktF-6wutk_004.mp4,no
15ktF-6wutk_005,data/raw/CMU-MOSEI/segments/15ktF-6wutk_005.mp4,no
15ktF-6wutk_006,data/raw/CMU-MOSEI/segments/15ktF-6wutk_006.mp4,no
15Wu4U2VPLw_000,data/raw/CMU-MOSEI/segments/15Wu4U2VPLw_000.mp4,no
15Wu4U2VPLw_001,data/raw/CMU-MOSEI/segments/15Wu4U2VPLw_001.mp4,no
15Wu4U2VPLw_004,data/raw/CMU-MOSEI/segments/15Wu4U2VPLw_004.mp4,no
15Wu4U2VPLw_005,data/raw/CMU-MOSEI/segments/15Wu4U2VPLw_005.mp4,no
15Wu4U2VPLw_006,data/raw/CMU-MOSEI/segments/15Wu4U2VPLw_006.mp4,no
15Wu4U2VPLw_007,data/raw/CMU-MOSEI/segments/15Wu4U2VPLw_007.mp4,no
173CpFb3clw_000,data/raw/CMU-MOSEI/segments/173CpFb3clw_000.mp4,no
18JTkk8JbeU_002,data/raw/CMU-MOSEI/segments/18JTkk8JbeU_002.mp4,yes
19k6sEC7814_002,data/raw/CMU-MOSEI/segments/19k6sEC7814_002.mp4,no
19k6sEC7814_004,data/raw/CMU-MOSEI/segments/19k6sEC7814_004.mp4,no
1A-aRhYx-GQ_000,data/raw/CMU-MOSEI/segments/1A-aRhYx-GQ_000.mp4,no
1A-aRhYx-GQ_001,data/raw/CMU-MOSEI/segments/1A-aRhYx-GQ_001.mp4,no
1A-aRhYx-GQ_002,data/raw/CMU-MOSEI/segments/1A-aRhYx-GQ_002.mp4,no
1A-aRhYx-GQ_003,data/raw/CMU-MOSEI/segments/1A-aRhYx-GQ_003.mp4,no
1A-aRhYx-GQ_005,data/raw/CMU-MOSEI/segments/1A-aRhYx-GQ_005.mp4,no
1A-aRhYx-GQ_006,data/raw/CMU-MOSEI/segments/1A-aRhYx-GQ_006.mp4,no
1A-aRhYx-GQ_007,data/raw/CMU-MOSEI/segments/1A-aRhYx-GQ_007.mp4,no
1A-aRhYx-GQ_008,data/raw/CMU-MOSEI/segments/1A-aRhYx-GQ_008.mp4,no
1A-aRhYx-GQ_009,data/raw/CMU-MOSEI/segments/1A-aRhYx-GQ_009.mp4,no
1A-aRhYx-GQ_010,data/raw/CMU-MOSEI/segments/1A-aRhYx-GQ_010.mp4,no
1A-aRhYx-GQ_011,data/raw/CMU-MOSEI/segments/1A-aRhYx-GQ_011.mp4,no
1A-aRhYx-GQ_015,data/raw/CMU-MOSEI/segments/1A-aRhYx-GQ_015.mp4,no
1A7dqFxx8wU_000,data/raw/CMU-MOSEI/segments/1A7dqFxx8wU_000.mp4,yes
1A7dqFxx8wU_002,data/raw/CMU-MOSEI/segments/1A7dqFxx8wU_002.mp4,yes
1A7dqFxx8wU_003,data/raw/CMU-MOSEI/segments/1A7dqFxx8wU_003.mp4,yes
1A7dqFxx8wU_004,data/raw/CMU-MOSEI/segments/1A7dqFxx8wU_004.mp4,yes
1A7dqFxx8wU_005,data/raw/CMU-MOSEI/segments/1A7dqFxx8wU_005.mp4,yes
1A7dqFxx8wU_006,data/raw/CMU-MOSEI/segments/1A7dqFxx8wU_006.mp4,yes
1CjUHNYzW1E_000,data/raw/CMU-MOSEI/segments/1CjUHNYzW1E_000.mp4,no
1CjUHNYzW1E_001,data/raw/CMU-MOSEI/segments/1CjUHNYzW1E_001.mp4,no
1CjUHNYzW1E_002,data/raw/CMU-MOSEI/segments/1CjUHNYzW1E_002.mp4,no
1CjUHNYzW1E_005,data/raw/CMU-MOSEI/segments/1CjUHNYzW1E_005.mp4,no
1cyUKHOvdYY_000,data/raw/CMU-MOSEI/segments/1cyUKHOvdYY_000.mp4,yes
1cyUKHOvdYY_003,data/raw/CMU-MOSEI/segments/1cyUKHOvdYY_003.mp4,yes
1dWsw38VDjY_001,data/raw/CMU-MOSEI/segments/1dWsw38VDjY_001.mp4,no
1dWsw38VDjY_002,data/raw/CMU-MOSEI/segments/1dWsw38VDjY_002.mp4,no
1dWsw38VDjY_004,data/raw/CMU-MOSEI/segments/1dWsw38VDjY_004.mp4,no
1ESU5ONMMxs_000,data/raw/CMU-MOSEI/segments/1ESU5ONMMxs_000.mp4,no
1ESU5ONMMxs_001,data/raw/CMU-MOSEI/segments/1ESU5ONMMxs_001.mp4,no
1ESU5ONMMxs_002,data/raw/CMU-MOSEI/segments/1ESU5ONMMxs_002.mp4,no
1ESU5ONMMxs_003,data/raw/CMU-MOSEI/segments/1ESU5ONMMxs_003.mp4,no
1ESU5ONMMxs_004,data/raw/CMU-MOSEI/segments/1ESU5ONMMxs_004.mp4,no
1ESU5ONMMxs_005,data/raw/CMU-MOSEI/segments/1ESU5ONMMxs_005.mp4,no
1ESU5ONMMxs_006,data/raw/CMU-MOSEI/segments/1ESU5ONMMxs_006.mp4,no
1ESU5ONMMxs_007,data/raw/CMU-MOSEI/segments/1ESU5ONMMxs_007.mp4,no
1ESU5ONMMxs_008,data/raw/CMU-MOSEI/segments/1ESU5ONMMxs_008.mp4,no
1ESU5ONMMxs_009,data/raw/CMU-MOSEI/segments/1ESU5ONMMxs_009.mp4,no
1ESU5ONMMxs_010,data/raw/CMU-MOSEI/segments/1ESU5ONMMxs_010.mp4,no
1F0qH0EEBfo_000,data/raw/CMU-MOSEI/segments/1F0qH0EEBfo_000.mp4,no
1F0qH0EEBfo_001,data/raw/CMU-MOSEI/segments/1F0qH0EEBfo_001.mp4,no
1F0qH0EEBfo_003,data/raw/CMU-MOSEI/segments/1F0qH0EEBfo_003.mp4,no
1F0qH0EEBfo_005,data/raw/CMU-MOSEI/segments/1F0qH0EEBfo_005.mp4,no
1F0qH0EEBfo_006,data/raw/CMU-MOSEI/segments/1F0qH0EEBfo_006.mp4,no
1F0qH0EEBfo_007,data/raw/CMU-MOSEI/segments/1F0qH0EEBfo_007.mp4,no
1F0qH0EEBfo_008,data/raw/CMU-MOSEI/segments/1F0qH0EEBfo_008.mp4,no
1F0qH0EEBfo_009,data/raw/CMU-MOSEI/segments/1F0qH0EEBfo_009.mp4,no
1F0qH0EEBfo_010,data/raw/CMU-MOSEI/segments/1F0qH0EEBfo_010.mp4,no
1F0qH0EEBfo_011,data/raw/CMU-MOSEI/segments/1F0qH0EEBfo_011.mp4,no
1F0qH0EEBfo_013,data/raw/CMU-MOSEI/segments/1F0qH0EEBfo_013.mp4,no
1F0qH0EEBfo_014,data/raw/CMU-MOSEI/segments/1F0qH0EEBfo_014.mp4,no
1F0qH0EEBfo_015,data/raw/CMU-MOSEI/segments/1F0qH0EEBfo_015.mp4,no
1F0qH0EEBfo_016,data/raw/CMU-MOSEI/segments/1F0qH0EEBfo_016.mp4,no
1F0qH0EEBfo_017,data/raw/CMU-MOSEI/segments/1F0qH0EEBfo_017.mp4,no
1F0qH0EEBfo_018,data/raw/CMU-MOSEI/segments/1F0qH0EEBfo_018.mp4,no
1F0qH0EEBfo_019,data/raw/CMU-MOSEI/segments/1F0qH0EEBfo_019.mp4,no
1F0qH0EEBfo_020,data/raw/CMU-MOSEI/segments/1F0qH0EEBfo_020.mp4,no
1F0qH0EEBfo_021,data/raw/CMU-MOSEI/segments/1F0qH0EEBfo_021.mp4,no
1F0qH0EEBfo_022,data/raw/CMU-MOSEI/segments/1F0qH0EEBfo_022.mp4,no
1F0qH0EEBfo_024,data/raw/CMU-MOSEI/segments/1F0qH0EEBfo_024.mp4,no
1Gp4l-ZTCVk_000,data/raw/CMU-MOSEI/segments/1Gp4l-ZTCVk_000.mp4,no
1HK7Nea0PFo_001,data/raw/CMU-MOSEI/segments/1HK7Nea0PFo_001.mp4,no
1HS2HcN2LDo_001,data/raw/CMU-MOSEI/segments/1HS2HcN2LDo_001.mp4,yes
1HS2HcN2LDo_002,data/raw/CMU-MOSEI/segments/1HS2HcN2LDo_002.mp4,yes
1HS2HcN2LDo_003,data/raw/CMU-MOSEI/segments/1HS2HcN2LDo_003.mp4,yes
1HS2HcN2LDo_004,data/raw/CMU-MOSEI/segments/1HS2HcN2LDo_004.mp4,yes
1HS2HcN2LDo_005,data/raw/CMU-MOSEI/segments/1HS2HcN2LDo_005.mp4,yes
1HS2HcN2LDo_006,data/raw/CMU-MOSEI/segments/1HS2HcN2LDo_006.mp4,yes
1HS2HcN2LDo_008,data/raw/CMU-MOSEI/segments/1HS2HcN2LDo_008.mp4,yes
1J9Fa995Ojs_000,data/raw/CMU-MOSEI/segments/1J9Fa995Ojs_000.mp4,yes
1jogeKX0wGw_000,data/raw/CMU-MOSEI/segments/1jogeKX0wGw_000.mp4,no
1jogeKX0wGw_001,data/raw/CMU-MOSEI/segments/1jogeKX0wGw_001.mp4,no
1jogeKX0wGw_002,data/raw/CMU-MOSEI/segments/1jogeKX0wGw_002.mp4,no
1JQ9UCBEmCU_001,data/raw/CMU-MOSEI/segments/1JQ9UCBEmCU_001.mp4,no
1JQ9UCBEmCU_002,data/raw/CMU-MOSEI/segments/1JQ9UCBEmCU_002.mp4,no
1JQ9UCBEmCU_003,data/raw/CMU-MOSEI/segments/1JQ9UCBEmCU_003.mp4,no
1JQ9UCBEmCU_005,data/raw/CMU-MOSEI/segments/1JQ9UCBEmCU_005.mp4,no
1k7br8xXMSU_000,data/raw/CMU-MOSEI/segments/1k7br8xXMSU_000.mp4,no
1k7br8xXMSU_001,data/raw/CMU-MOSEI/segments/1k7br8xXMSU_001.mp4,no
1k7br8xXMSU_002,data/raw/CMU-MOSEI/segments/1k7br8xXMSU_002.mp4,no
1k7br8xXMSU_010,data/raw/CMU-MOSEI/segments/1k7br8xXMSU_010.mp4,no
1knHBRVPoYQ_000,data/raw/CMU-MOSEI/segments/1knHBRVPoYQ_000.mp4,no
1knHBRVPoYQ_002,data/raw/CMU-MOSEI/segments/1knHBRVPoYQ_002.mp4,no
1knHBRVPoYQ_003,data/raw/CMU-MOSEI/segments/1knHBRVPoYQ_003.mp4,no
1knHBRVPoYQ_004,data/raw/CMU-MOSEI/segments/1knHBRVPoYQ_004.mp4,no
1knHBRVPoYQ_005,data/raw/CMU-MOSEI/segments/1knHBRVPoYQ_005.mp4,no
1knHBRVPoYQ_006,data/raw/CMU-MOSEI/segments/1knHBRVPoYQ_006.mp4,no
1knHBRVPoYQ_007,data/raw/CMU-MOSEI/segments/1knHBRVPoYQ_007.mp4,no
1LkYxsqRPZM_001,data/raw/CMU-MOSEI/segments/1LkYxsqRPZM_001.mp4,no
1mHjMNZZvFo_000,data/raw/CMU-MOSEI/segments/1mHjMNZZvFo_000.mp4,no
1mHjMNZZvFo_002,data/raw/CMU-MOSEI/segments/1mHjMNZZvFo_002.mp4,no
1mHjMNZZvFo_004,data/raw/CMU-MOSEI/segments/1mHjMNZZvFo_004.mp4,no
1mHjMNZZvFo_005,data/raw/CMU-MOSEI/segments/1mHjMNZZvFo_005.mp4,no
1mHjMNZZvFo_006,data/raw/CMU-MOSEI/segments/1mHjMNZZvFo_006.mp4,no
1o8Gy4J6WSs_000,data/raw/CMU-MOSEI/segments/1o8Gy4J6WSs_000.mp4,no
1o8Gy4J6WSs_001,data/raw/CMU-MOSEI/segments/1o8Gy4J6WSs_001.mp4,no
1olbQVO_C-8_001,data/raw/CMU-MOSEI/segments/1olbQVO_C-8_001.mp4,yes
1pl2FVdQWj0_002,data/raw/CMU-MOSEI/segments/1pl2FVdQWj0_002.mp4,no
1pvK0_9SQns_001,data/raw/CMU-MOSEI/segments/1pvK0_9SQns_001.mp4,no
1RBT_QoSkIU_000,data/raw/CMU-MOSEI/segments/1RBT_QoSkIU_000.mp4,no
1S4p-Lfhbp4_000,data/raw/CMU-MOSEI/segments/1S4p-Lfhbp4_000.mp4,no
1S4p-Lfhbp4_001,data/raw/CMU-MOSEI/segments/1S4p-Lfhbp4_001.mp4,no
1S4p-Lfhbp4_002,data/raw/CMU-MOSEI/segments/1S4p-Lfhbp4_002.mp4,no
1S4p-Lfhbp4_004,data/raw/CMU-MOSEI/segments/1S4p-Lfhbp4_004.mp4,no
1sJjdaXXuJg_000,data/raw/CMU-MOSEI/segments/1sJjdaXXuJg_000.mp4,no
1sJjdaXXuJg_001,data/raw/CMU-MOSEI/segments/1sJjdaXXuJg_001.mp4,no
1sJjdaXXuJg_002,data/raw/CMU-MOSEI/segments/1sJjdaXXuJg_002.mp4,no
1tQOvm5eQOA_000,data/raw/CMU-MOSEI/segments/1tQOvm5eQOA_000.mp4,no
1tQOvm5eQOA_001,data/raw/CMU-MOSEI/segments/1tQOvm5eQOA_001.mp4,no
1tQOvm5eQOA_002,data/raw/CMU-MOSEI/segments/1tQOvm5eQOA_002.mp4,no
1tQOvm5eQOA_003,data/raw/CMU-MOSEI/segments/1tQOvm5eQOA_003.mp4,no
1tQOvm5eQOA_004,data/raw/CMU-MOSEI/segments/1tQOvm5eQOA_004.mp4,no
1tQOvm5eQOA_005,data/raw/CMU-MOSEI/segments/1tQOvm5eQOA_005.mp4,no
1tQOvm5eQOA_006,data/raw/CMU-MOSEI/segments/1tQOvm5eQOA_006.mp4,no
1tQOvm5eQOA_007,data/raw/CMU-MOSEI/segments/1tQOvm5eQOA_007.mp4,no
1tQOvm5eQOA_008,data/raw/CMU-MOSEI/segments/1tQOvm5eQOA_008.mp4,no
1tQOvm5eQOA_009,data/raw/CMU-MOSEI/segments/1tQOvm5eQOA_009.mp4,no
1tuMFJnlXJc_000,data/raw/CMU-MOSEI/segments/1tuMFJnlXJc_000.mp4,no
1tuMFJnlXJc_001,data/raw/CMU-MOSEI/segments/1tuMFJnlXJc_001.mp4,no
1tuMFJnlXJc_002,data/raw/CMU-MOSEI/segments/1tuMFJnlXJc_002.mp4,no
1tuMFJnlXJc_005,data/raw/CMU-MOSEI/segments/1tuMFJnlXJc_005.mp4,no
1tuMFJnlXJc_007,data/raw/CMU-MOSEI/segments/1tuMFJnlXJc_007.mp4,no
1tuMFJnlXJc_008,data/raw/CMU-MOSEI/segments/1tuMFJnlXJc_008.mp4,no
1tuMFJnlXJc_010,data/raw/CMU-MOSEI/segments/1tuMFJnlXJc_010.mp4,no
1W38PnuWIkM_000,data/raw/CMU-MOSEI/segments/1W38PnuWIkM_000.mp4,yes
1W38PnuWIkM_001,data/raw/CMU-MOSEI/segments/1W38PnuWIkM_001.mp4,yes
1W38PnuWIkM_002,data/raw/CMU-MOSEI/segments/1W38PnuWIkM_002.mp4,yes
1W38PnuWIkM_005,data/raw/CMU-MOSEI/segments/1W38PnuWIkM_005.mp4,yes
1W38PnuWIkM_006,data/raw/CMU-MOSEI/segments/1W38PnuWIkM_006.mp4,yes
1W38PnuWIkM_007,data/raw/CMU-MOSEI/segments/1W38PnuWIkM_007.mp4,yes
1x7kf9vArjU_000,data/raw/CMU-MOSEI/segments/1x7kf9vArjU_000.mp4,no
1x7kf9vArjU_001,data/raw/CMU-MOSEI/segments/1x7kf9vArjU_001.mp4,no
1x7kf9vArjU_002,data/raw/CMU-MOSEI/segments/1x7kf9vArjU_002.mp4,no
1ZjIX9AK860_001,data/raw/CMU-MOSEI/segments/1ZjIX9AK860_001.mp4,no
1ZjIX9AK860_002,data/raw/CMU-MOSEI/segments/1ZjIX9AK860_002.mp4,no
2-4autDbHVQ_000,data/raw/CMU-MOSEI/segments/2-4autDbHVQ_000.mp4,no
2-4autDbHVQ_001,data/raw/CMU-MOSEI/segments/2-4autDbHVQ_001.mp4,no
2-4autDbHVQ_002,data/raw/CMU-MOSEI/segments/2-4autDbHVQ_002.mp4,no
2-4autDbHVQ_003,data/raw/CMU-MOSEI/segments/2-4autDbHVQ_003.mp4,no
2-4autDbHVQ_004,data/raw/CMU-MOSEI/segments/2-4autDbHVQ_004.mp4,no
2-4autDbHVQ_005,data/raw/CMU-MOSEI/segments/2-4autDbHVQ_005.mp4,no
2-4autDbHVQ_006,data/raw/CMU-MOSEI/segments/2-4autDbHVQ_006.mp4,no
2-4autDbHVQ_007,data/raw/CMU-MOSEI/segments/2-4autDbHVQ_007.mp4,no
2-4autDbHVQ_008,data/raw/CMU-MOSEI/segments/2-4autDbHVQ_008.mp4,no
2-4autDbHVQ_009,data/raw/CMU-MOSEI/segments/2-4autDbHVQ_009.mp4,no
2-4autDbHVQ_010,data/raw/CMU-MOSEI/segments/2-4autDbHVQ_010.mp4,no
2-4autDbHVQ_011,data/raw/CMU-MOSEI/segments/2-4autDbHVQ_011.mp4,no
2-4autDbHVQ_012,data/raw/CMU-MOSEI/segments/2-4autDbHVQ_012.mp4,no
2-4autDbHVQ_014,data/raw/CMU-MOSEI/segments/2-4autDbHVQ_014.mp4,no
2-4autDbHVQ_015,data/raw/CMU-MOSEI/segments/2-4autDbHVQ_015.mp4,no
2-4autDbHVQ_018,data/raw/CMU-MOSEI/segments/2-4autDbHVQ_018.mp4,no
2-4autDbHVQ_019,data/raw/CMU-MOSEI/segments/2-4autDbHVQ_019.mp4,no
2-5hH_k2VFk_000,data/raw/CMU-MOSEI/segments/2-5hH_k2VFk_000.mp4,no
20LfN8ENbhM_000,data/raw/CMU-MOSEI/segments/20LfN8ENbhM_000.mp4,no
20LfN8ENbhM_001,data/raw/CMU-MOSEI/segments/20LfN8ENbhM_001.mp4,no
20LfN8ENbhM_002,data/raw/CMU-MOSEI/segments/20LfN8ENbhM_002.mp4,no
20LfN8ENbhM_003,data/raw/CMU-MOSEI/segments/20LfN8ENbhM_003.mp4,no
20LfN8ENbhM_004,data/raw/CMU-MOSEI/segments/20LfN8ENbhM_004.mp4,no
20LfN8ENbhM_005,data/raw/CMU-MOSEI/segments/20LfN8ENbhM_005.mp4,no
23YlZoucbyM_000,data/raw/CMU-MOSEI/segments/23YlZoucbyM_000.mp4,yes
23YlZoucbyM_004,data/raw/CMU-MOSEI/segments/23YlZoucbyM_004.mp4,yes
23YlZoucbyM_005,data/raw/CMU-MOSEI/segments/23YlZoucbyM_005.mp4,yes
23YlZoucbyM_006,data/raw/CMU-MOSEI/segments/23YlZoucbyM_006.mp4,yes
25t8nrkUfRY_000,data/raw/CMU-MOSEI/segments/25t8nrkUfRY_000.mp4,no
26WrTHLJJIU_001,data/raw/CMU-MOSEI/segments/26WrTHLJJIU_001.mp4,no
27ubp7CLLKQ_000,data/raw/CMU-MOSEI/segments/27ubp7CLLKQ_000.mp4,no
27ubp7CLLKQ_002,data/raw/CMU-MOSEI/segments/27ubp7CLLKQ_002.mp4,no
27ubp7CLLKQ_003,data/raw/CMU-MOSEI/segments/27ubp7CLLKQ_003.mp4,no
27ubp7CLLKQ_004,data/raw/CMU-MOSEI/segments/27ubp7CLLKQ_004.mp4,no
27ubp7CLLKQ_005,data/raw/CMU-MOSEI/segments/27ubp7CLLKQ_005.mp4,no
27v7Blr0vjw_004,data/raw/CMU-MOSEI/segments/27v7Blr0vjw_004.mp4,no
2c6Gb73nx4E_000,data/raw/CMU-MOSEI/segments/2c6Gb73nx4E_000.mp4,no
2c6Gb73nx4E_002,data/raw/CMU-MOSEI/segments/2c6Gb73nx4E_002.mp4,no
2cwNG0YuwtQ_001,data/raw/CMU-MOSEI/segments/2cwNG0YuwtQ_001.mp4,no
2cwNG0YuwtQ_002,data/raw/CMU-MOSEI/segments/2cwNG0YuwtQ_002.mp4,no
2cwNG0YuwtQ_006,data/raw/CMU-MOSEI/segments/2cwNG0YuwtQ_006.mp4,no
2cwNG0YuwtQ_007,data/raw/CMU-MOSEI/segments/2cwNG0YuwtQ_007.mp4,no
2cwNG0YuwtQ_008,data/raw/CMU-MOSEI/segments/2cwNG0YuwtQ_008.mp4,no
2cwNG0YuwtQ_009,data/raw/CMU-MOSEI/segments/2cwNG0YuwtQ_009.mp4,no
2cwNG0YuwtQ_010,data/raw/CMU-MOSEI/segments/2cwNG0YuwtQ_010.mp4,no
2f6ZHqJ76EU_001,data/raw/CMU-MOSEI/segments/2f6ZHqJ76EU_001.mp4,no
2h9VVQUZjK0_001,data/raw/CMU-MOSEI/segments/2h9VVQUZjK0_001.mp4,no
2h9VVQUZjK0_003,data/raw/CMU-MOSEI/segments/2h9VVQUZjK0_003.mp4,no
2h9VVQUZjK0_004,data/raw/CMU-MOSEI/segments/2h9VVQUZjK0_004.mp4,no
2h9VVQUZjK0_005,data/raw/CMU-MOSEI/segments/2h9VVQUZjK0_005.mp4,no
2h9VVQUZjK0_006,data/raw/CMU-MOSEI/segments/2h9VVQUZjK0_006.mp4,no
2h9VVQUZjK0_007,data/raw/CMU-MOSEI/segments/2h9VVQUZjK0_007.mp4,no
2h9VVQUZjK0_009,data/raw/CMU-MOSEI/segments/2h9VVQUZjK0_009.mp4,no
2h9VVQUZjK0_010,data/raw/CMU-MOSEI/segments/2h9VVQUZjK0_010.mp4,no
2h9VVQUZjK0_011,data/raw/CMU-MOSEI/segments/2h9VVQUZjK0_011.mp4,no
2h9VVQUZjK0_012,data/raw/CMU-MOSEI/segments/2h9VVQUZjK0_012.mp4,no
2HmBM3GGTlg_000,data/raw/CMU-MOSEI/segments/2HmBM3GGTlg_000.mp4,no
2HmBM3GGTlg_001,data/raw/CMU-MOSEI/segments/2HmBM3GGTlg_001.mp4,no
2HmBM3GGTlg_002,data/raw/CMU-MOSEI/segments/2HmBM3GGTlg_002.mp4,no
2HmBM3GGTlg_003,data/raw/CMU-MOSEI/segments/2HmBM3GGTlg_003.mp4,no
2HmBM3GGTlg_004,data/raw/CMU-MOSEI/segments/2HmBM3GGTlg_004.mp4,no
2HmBM3GGTlg_005,data/raw/CMU-MOSEI/segments/2HmBM3GGTlg_005.mp4,no
2HmBM3GGTlg_006,data/raw/CMU-MOSEI/segments/2HmBM3GGTlg_006.mp4,no
2HmBM3GGTlg_007,data/raw/CMU-MOSEI/segments/2HmBM3GGTlg_007.mp4,no
2HmBM3GGTlg_008,data/raw/CMU-MOSEI/segments/2HmBM3GGTlg_008.mp4,no
2HmBM3GGTlg_009,data/raw/CMU-MOSEI/segments/2HmBM3GGTlg_009.mp4,no
2HmBM3GGTlg_010,data/raw/CMU-MOSEI/segments/2HmBM3GGTlg_010.mp4,no
2HP4KedfmSc_000,data/raw/CMU-MOSEI/segments/2HP4KedfmSc_000.mp4,no
2HP4KedfmSc_002,data/raw/CMU-MOSEI/segments/2HP4KedfmSc_002.mp4,no
2HP4KedfmSc_005,data/raw/CMU-MOSEI/segments/2HP4KedfmSc_005.mp4,no
2HP4KedfmSc_007,data/raw/CMU-MOSEI/segments/2HP4KedfmSc_007.mp4,no
2HP4KedfmSc_008,data/raw/CMU-MOSEI/segments/2HP4KedfmSc_008.mp4,no
2JY5HXBWO84_002,data/raw/CMU-MOSEI/segments/2JY5HXBWO84_002.mp4,yes
2JY5HXBWO84_003,data/raw/CMU-MOSEI/segments/2JY5HXBWO84_003.mp4,yes
2LpVvLemgvw_000,data/raw/CMU-MOSEI/segments/2LpVvLemgvw_000.mp4,yes
2LpVvLemgvw_001,data/raw/CMU-MOSEI/segments/2LpVvLemgvw_001.mp4,yes
2LpVvLemgvw_002,data/raw/CMU-MOSEI/segments/2LpVvLemgvw_002.mp4,yes
2LpVvLemgvw_003,data/raw/CMU-MOSEI/segments/2LpVvLemgvw_003.mp4,yes
2LpVvLemgvw_004,data/raw/CMU-MOSEI/segments/2LpVvLemgvw_004.mp4,yes
2LpVvLemgvw_005,data/raw/CMU-MOSEI/segments/2LpVvLemgvw_005.mp4,yes
2LpVvLemgvw_009,data/raw/CMU-MOSEI/segments/2LpVvLemgvw_009.mp4,yes
2m58ShI1QSI_001,data/raw/CMU-MOSEI/segments/2m58ShI1QSI_001.mp4,no
2OLVF-KEaZU_000,data/raw/CMU-MOSEI/segments/2OLVF-KEaZU_000.mp4,no
2OLVF-KEaZU_001,data/raw/CMU-MOSEI/segments/2OLVF-KEaZU_001.mp4,no
2OLVF-KEaZU_002,data/raw/CMU-MOSEI/segments/2OLVF-KEaZU_002.mp4,no
2qKajMu7Vhc_002,data/raw/CMU-MOSEI/segments/2qKajMu7Vhc_002.mp4,no
2qKajMu7Vhc_004,data/raw/CMU-MOSEI/segments/2qKajMu7Vhc_004.mp4,no
2QOf2wSu0j0_001,data/raw/CMU-MOSEI/segments/2QOf2wSu0j0_001.mp4,no
2QXHdu2zlQY_001,data/raw/CMU-MOSEI/segments/2QXHdu2zlQY_001.mp4,no
2QXHdu2zlQY_002,data/raw/CMU-MOSEI/segments/2QXHdu2zlQY_002.mp4,no
2QXHdu2zlQY_003,data/raw/CMU-MOSEI/segments/2QXHdu2zlQY_003.mp4,no
2QXHdu2zlQY_005,data/raw/CMU-MOSEI/segments/2QXHdu2zlQY_005.mp4,no
2RC_DXV_dPQ_001,data/raw/CMU-MOSEI/segments/2RC_DXV_dPQ_001.mp4,no
2RC_DXV_dPQ_002,data/raw/CMU-MOSEI/segments/2RC_DXV_dPQ_002.mp4,no
2vsgDSlJ9pU_000,data/raw/CMU-MOSEI/segments/2vsgDSlJ9pU_000.mp4,no
2vsgDSlJ9pU_001,data/raw/CMU-MOSEI/segments/2vsgDSlJ9pU_001.mp4,no
2Vtv2gPzM7w_001,data/raw/CMU-MOSEI/segments/2Vtv2gPzM7w_001.mp4,no
2vX-ZRQQDwo_000,data/raw/CMU-MOSEI/segments/2vX-ZRQQDwo_000.mp4,no
2vX-ZRQQDwo_001,data/raw/CMU-MOSEI/segments/2vX-ZRQQDwo_001.mp4,no
2vX-ZRQQDwo_002,data/raw/CMU-MOSEI/segments/2vX-ZRQQDwo_002.mp4,no
2vX-ZRQQDwo_003,data/raw/CMU-MOSEI/segments/2vX-ZRQQDwo_003.mp4,no
2vX-ZRQQDwo_004,data/raw/CMU-MOSEI/segments/2vX-ZRQQDwo_004.mp4,no
2vX-ZRQQDwo_005,data/raw/CMU-MOSEI/segments/2vX-ZRQQDwo_005.mp4,no
2vX-ZRQQDwo_006,data/raw/CMU-MOSEI/segments/2vX-ZRQQDwo_006.mp4,no
2w7rpDe-HoA_000,data/raw/CMU-MOSEI/segments/2w7rpDe-HoA_000.mp4,no
2w7rpDe-HoA_004,data/raw/CMU-MOSEI/segments/2w7rpDe-HoA_004.mp4,no
2Wo-0trLBjU_000,data/raw/CMU-MOSEI/segments/2Wo-0trLBjU_000.mp4,no
2Wo-0trLBjU_001,data/raw/CMU-MOSEI/segments/2Wo-0trLBjU_001.mp4,no
2Wo-0trLBjU_002,data/raw/CMU-MOSEI/segments/2Wo-0trLBjU_002.mp4,no
2Wo-0trLBjU_005,data/raw/CMU-MOSEI/segments/2Wo-0trLBjU_005.mp4,no
2YwgSmmLibs_000,data/raw/CMU-MOSEI/segments/2YwgSmmLibs_000.mp4,no
31tcuDMQ_H8_001,data/raw/CMU-MOSEI/segments/31tcuDMQ_H8_001.mp4,no
31tcuDMQ_H8_005,data/raw/CMU-MOSEI/segments/31tcuDMQ_H8_005.mp4,no
31tcuDMQ_H8_006,data/raw/CMU-MOSEI/segments/31tcuDMQ_H8_006.mp4,no
32j1yMF37hA_000,data/raw/CMU-MOSEI/segments/32j1yMF37hA_000.mp4,no
32j1yMF37hA_001,data/raw/CMU-MOSEI/segments/32j1yMF37hA_001.mp4,no
32j1yMF37hA_002,data/raw/CMU-MOSEI/segments/32j1yMF37hA_002.mp4,no
33ueXDUn3mA_001,data/raw/CMU-MOSEI/segments/33ueXDUn3mA_001.mp4,no
33ueXDUn3mA_002,data/raw/CMU-MOSEI/segments/33ueXDUn3mA_002.mp4,no
33ueXDUn3mA_003,data/raw/CMU-MOSEI/segments/33ueXDUn3mA_003.mp4,no
33ueXDUn3mA_005,data/raw/CMU-MOSEI/segments/33ueXDUn3mA_005.mp4,no
34-ogj6rh6w_002,data/raw/CMU-MOSEI/segments/34-ogj6rh6w_002.mp4,yes
34-ogj6rh6w_003,data/raw/CMU-MOSEI/segments/34-ogj6rh6w_003.mp4,no
34-ogj6rh6w_004,data/raw/CMU-MOSEI/segments/34-ogj6rh6w_004.mp4,no
34-ogj6rh6w_005,data/raw/CMU-MOSEI/segments/34-ogj6rh6w_005.mp4,no
34-ogj6rh6w_006,data/raw/CMU-MOSEI/segments/34-ogj6rh6w_006.mp4,no
34-ogj6rh6w_008,data/raw/CMU-MOSEI/segments/34-ogj6rh6w_008.mp4,no
39lcRCFvV-s_000,data/raw/CMU-MOSEI/segments/39lcRCFvV-s_000.mp4,no
39lcRCFvV-s_001,data/raw/CMU-MOSEI/segments/39lcRCFvV-s_001.mp4,no
39lcRCFvV-s_002,data/raw/CMU-MOSEI/segments/39lcRCFvV-s_002.mp4,no
39lcRCFvV-s_004,data/raw/CMU-MOSEI/segments/39lcRCFvV-s_004.mp4,no
39lcRCFvV-s_007,data/raw/CMU-MOSEI/segments/39lcRCFvV-s_007.mp4,no
39lcRCFvV-s_008,data/raw/CMU-MOSEI/segments/39lcRCFvV-s_008.mp4,no
39lcRCFvV-s_009,data/raw/CMU-MOSEI/segments/39lcRCFvV-s_009.mp4,no
39lcRCFvV-s_010,data/raw/CMU-MOSEI/segments/39lcRCFvV-s_010.mp4,no
39lcRCFvV-s_011,data/raw/CMU-MOSEI/segments/39lcRCFvV-s_011.mp4,no
39lcRCFvV-s_012,data/raw/CMU-MOSEI/segments/39lcRCFvV-s_012.mp4,no
39lcRCFvV-s_013,data/raw/CMU-MOSEI/segments/39lcRCFvV-s_013.mp4,no
39lcRCFvV-s_014,data/raw/CMU-MOSEI/segments/39lcRCFvV-s_014.mp4,no
39lcRCFvV-s_015,data/raw/CMU-MOSEI/segments/39lcRCFvV-s_015.mp4,no
39lcRCFvV-s_016,data/raw/CMU-MOSEI/segments/39lcRCFvV-s_016.mp4,no
39lcRCFvV-s_017,data/raw/CMU-MOSEI/segments/39lcRCFvV-s_017.mp4,no
39lcRCFvV-s_018,data/raw/CMU-MOSEI/segments/39lcRCFvV-s_018.mp4,no
39lcRCFvV-s_019,data/raw/CMU-MOSEI/segments/39lcRCFvV-s_019.mp4,no
39lcRCFvV-s_020,data/raw/CMU-MOSEI/segments/39lcRCFvV-s_020.mp4,no
39lcRCFvV-s_021,data/raw/CMU-MOSEI/segments/39lcRCFvV-s_021.mp4,no
39lcRCFvV-s_022,data/raw/CMU-MOSEI/segments/39lcRCFvV-s_022.mp4,no
39lcRCFvV-s_023,data/raw/CMU-MOSEI/segments/39lcRCFvV-s_023.mp4,no
39lcRCFvV-s_024,data/raw/CMU-MOSEI/segments/39lcRCFvV-s_024.mp4,no
39lcRCFvV-s_026,data/raw/CMU-MOSEI/segments/39lcRCFvV-s_026.mp4,no
39lcRCFvV-s_027,data/raw/CMU-MOSEI/segments/39lcRCFvV-s_027.mp4,no
39lcRCFvV-s_028,data/raw/CMU-MOSEI/segments/39lcRCFvV-s_028.mp4,no
39lcRCFvV-s_029,data/raw/CMU-MOSEI/segments/39lcRCFvV-s_029.mp4,no
39lcRCFvV-s_030,data/raw/CMU-MOSEI/segments/39lcRCFvV-s_030.mp4,no
39lcRCFvV-s_031,data/raw/CMU-MOSEI/segments/39lcRCFvV-s_031.mp4,no
39lcRCFvV-s_032,data/raw/CMU-MOSEI/segments/39lcRCFvV-s_032.mp4,no
39lcRCFvV-s_033,data/raw/CMU-MOSEI/segments/39lcRCFvV-s_033.mp4,no
39lcRCFvV-s_034,data/raw/CMU-MOSEI/segments/39lcRCFvV-s_034.mp4,no
39lcRCFvV-s_035,data/raw/CMU-MOSEI/segments/39lcRCFvV-s_035.mp4,no
39lcRCFvV-s_036,data/raw/CMU-MOSEI/segments/39lcRCFvV-s_036.mp4,no
39lcRCFvV-s_037,data/raw/CMU-MOSEI/segments/39lcRCFvV-s_037.mp4,no
39lcRCFvV-s_038,data/raw/CMU-MOSEI/segments/39lcRCFvV-s_038.mp4,no
39lcRCFvV-s_039,data/raw/CMU-MOSEI/segments/39lcRCFvV-s_039.mp4,no
39lcRCFvV-s_042,data/raw/CMU-MOSEI/segments/39lcRCFvV-s_042.mp4,no
39lcRCFvV-s_043,data/raw/CMU-MOSEI/segments/39lcRCFvV-s_043.mp4,no
39lcRCFvV-s_044,data/raw/CMU-MOSEI/segments/39lcRCFvV-s_044.mp4,no
3aD0xAgxxyw_000,data/raw/CMU-MOSEI/segments/3aD0xAgxxyw_000.mp4,no
3aD0xAgxxyw_001,data/raw/CMU-MOSEI/segments/3aD0xAgxxyw_001.mp4,no
3aD0xAgxxyw_002,data/raw/CMU-MOSEI/segments/3aD0xAgxxyw_002.mp4,no
3aD0xAgxxyw_003,data/raw/CMU-MOSEI/segments/3aD0xAgxxyw_003.mp4,no
3aD0xAgxxyw_004,data/raw/CMU-MOSEI/segments/3aD0xAgxxyw_004.mp4,no
3aD0xAgxxyw_006,data/raw/CMU-MOSEI/segments/3aD0xAgxxyw_006.mp4,no
3aIQUQgawaI_000,data/raw/CMU-MOSEI/segments/3aIQUQgawaI_000.mp4,no
3aIQUQgawaI_002,data/raw/CMU-MOSEI/segments/3aIQUQgawaI_002.mp4,no
3B1zIUj-k3o_003,data/raw/CMU-MOSEI/segments/3B1zIUj-k3o_003.mp4,no
3B1zIUj-k3o_006,data/raw/CMU-MOSEI/segments/3B1zIUj-k3o_006.mp4,no
3f6xCzKx9CA_000,data/raw/CMU-MOSEI/segments/3f6xCzKx9CA_000.mp4,no
3f6xCzKx9CA_001,data/raw/CMU-MOSEI/segments/3f6xCzKx9CA_001.mp4,no
3f6xCzKx9CA_003,data/raw/CMU-MOSEI/segments/3f6xCzKx9CA_003.mp4,no
3fhCxePBuZY_000,data/raw/CMU-MOSEI/segments/3fhCxePBuZY_000.mp4,no
3fhCxePBuZY_001,data/raw/CMU-MOSEI/segments/3fhCxePBuZY_001.mp4,no
3fhCxePBuZY_003,data/raw/CMU-MOSEI/segments/3fhCxePBuZY_003.mp4,no
3fhCxePBuZY_005,data/raw/CMU-MOSEI/segments/3fhCxePBuZY_005.mp4,no
3fhCxePBuZY_006,data/raw/CMU-MOSEI/segments/3fhCxePBuZY_006.mp4,no
3fhCxePBuZY_008,data/raw/CMU-MOSEI/segments/3fhCxePBuZY_008.mp4,no
3fhCxePBuZY_009,data/raw/CMU-MOSEI/segments/3fhCxePBuZY_009.mp4,no
3fhCxePBuZY_010,data/raw/CMU-MOSEI/segments/3fhCxePBuZY_010.mp4,no
3fhCxePBuZY_011,data/raw/CMU-MOSEI/segments/3fhCxePBuZY_011.mp4,no
3fhCxePBuZY_012,data/raw/CMU-MOSEI/segments/3fhCxePBuZY_012.mp4,no
3fhCxePBuZY_013,data/raw/CMU-MOSEI/segments/3fhCxePBuZY_013.mp4,no
3fhCxePBuZY_014,data/raw/CMU-MOSEI/segments/3fhCxePBuZY_014.mp4,no
3FpmKxZgihw_000,data/raw/CMU-MOSEI/segments/3FpmKxZgihw_000.mp4,no
3FpmKxZgihw_002,data/raw/CMU-MOSEI/segments/3FpmKxZgihw_002.mp4,no
3FpmKxZgihw_004,data/raw/CMU-MOSEI/segments/3FpmKxZgihw_004.mp4,no
3FpmKxZgihw_005,data/raw/CMU-MOSEI/segments/3FpmKxZgihw_005.mp4,no
3FpmKxZgihw_006,data/raw/CMU-MOSEI/segments/3FpmKxZgihw_006.mp4,no
3FpmKxZgihw_007,data/raw/CMU-MOSEI/segments/3FpmKxZgihw_007.mp4,no
3FpmKxZgihw_008,data/raw/CMU-MOSEI/segments/3FpmKxZgihw_008.mp4,no
3gA34VxBijI_000,data/raw/CMU-MOSEI/segments/3gA34VxBijI_000.mp4,no
3GyEnzE1NTQ_000,data/raw/CMU-MOSEI/segments/3GyEnzE1NTQ_000.mp4,no
3GyEnzE1NTQ_001,data/raw/CMU-MOSEI/segments/3GyEnzE1NTQ_001.mp4,no
3GyEnzE1NTQ_002,data/raw/CMU-MOSEI/segments/3GyEnzE1NTQ_002.mp4,no
3GyEnzE1NTQ_003,data/raw/CMU-MOSEI/segments/3GyEnzE1NTQ_003.mp4,no
3GyEnzE1NTQ_004,data/raw/CMU-MOSEI/segments/3GyEnzE1NTQ_004.mp4,no
3GyEnzE1NTQ_005,data/raw/CMU-MOSEI/segments/3GyEnzE1NTQ_005.mp4,no
3GyEnzE1NTQ_006,data/raw/CMU-MOSEI/segments/3GyEnzE1NTQ_006.mp4,no
3GyEnzE1NTQ_007,data/raw/CMU-MOSEI/segments/3GyEnzE1NTQ_007.mp4,no
3GyEnzE1NTQ_008,data/raw/CMU-MOSEI/segments/3GyEnzE1NTQ_008.mp4,no
3GyEnzE1NTQ_009,data/raw/CMU-MOSEI/segments/3GyEnzE1NTQ_009.mp4,no
3hOlJf_JQDs_001,data/raw/CMU-MOSEI/segments/3hOlJf_JQDs_001.mp4,no
3HRnhUin-5g_000,data/raw/CMU-MOSEI/segments/3HRnhUin-5g_000.mp4,no
3HRnhUin-5g_002,data/raw/CMU-MOSEI/segments/3HRnhUin-5g_002.mp4,no
3HRnhUin-5g_003,data/raw/CMU-MOSEI/segments/3HRnhUin-5g_003.mp4,no
3HRnhUin-5g_005,data/raw/CMU-MOSEI/segments/3HRnhUin-5g_005.mp4,no
3IUVpwx23cY_000,data/raw/CMU-MOSEI/segments/3IUVpwx23cY_000.mp4,yes
3IUVpwx23cY_002,data/raw/CMU-MOSEI/segments/3IUVpwx23cY_002.mp4,yes
3IUVpwx23cY_003,data/raw/CMU-MOSEI/segments/3IUVpwx23cY_003.mp4,yes
3IUVpwx23cY_004,data/raw/CMU-MOSEI/segments/3IUVpwx23cY_004.mp4,yes
3j94B0pzSVs_000,data/raw/CMU-MOSEI/segments/3j94B0pzSVs_000.mp4,no
3j94B0pzSVs_002,data/raw/CMU-MOSEI/segments/3j94B0pzSVs_002.mp4,no
3j94B0pzSVs_003,data/raw/CMU-MOSEI/segments/3j94B0pzSVs_003.mp4,no
3j94B0pzSVs_005,data/raw/CMU-MOSEI/segments/3j94B0pzSVs_005.mp4,no
3j94B0pzSVs_006,data/raw/CMU-MOSEI/segments/3j94B0pzSVs_006.mp4,no
3j94B0pzSVs_007,data/raw/CMU-MOSEI/segments/3j94B0pzSVs_007.mp4,no
3j94B0pzSVs_009,data/raw/CMU-MOSEI/segments/3j94B0pzSVs_009.mp4,no
3j94B0pzSVs_011,data/raw/CMU-MOSEI/segments/3j94B0pzSVs_011.mp4,no
3kNPvhdF1NA_001,data/raw/CMU-MOSEI/segments/3kNPvhdF1NA_001.mp4,no
3lkn8MS3n8Q_001,data/raw/CMU-MOSEI/segments/3lkn8MS3n8Q_001.mp4,no
3lkn8MS3n8Q_003,data/raw/CMU-MOSEI/segments/3lkn8MS3n8Q_003.mp4,no
3lkn8MS3n8Q_005,data/raw/CMU-MOSEI/segments/3lkn8MS3n8Q_005.mp4,no
3lkn8MS3n8Q_006,data/raw/CMU-MOSEI/segments/3lkn8MS3n8Q_006.mp4,no
3lkn8MS3n8Q_007,data/raw/CMU-MOSEI/segments/3lkn8MS3n8Q_007.mp4,no
3lkn8MS3n8Q_008,data/raw/CMU-MOSEI/segments/3lkn8MS3n8Q_008.mp4,no
3lkn8MS3n8Q_009,data/raw/CMU-MOSEI/segments/3lkn8MS3n8Q_009.mp4,no
3lkn8MS3n8Q_010,data/raw/CMU-MOSEI/segments/3lkn8MS3n8Q_010.mp4,no
3lkn8MS3n8Q_013,data/raw/CMU-MOSEI/segments/3lkn8MS3n8Q_013.mp4,no
3MFNIag0wNE_000,data/raw/CMU-MOSEI/segments/3MFNIag0wNE_000.mp4,no
3MFNIag0wNE_001,data/raw/CMU-MOSEI/segments/3MFNIag0wNE_001.mp4,no
3MFNIag0wNE_005,data/raw/CMU-MOSEI/segments/3MFNIag0wNE_005.mp4,no
3MFNIag0wNE_006,data/raw/CMU-MOSEI/segments/3MFNIag0wNE_006.mp4,no
3MFNIag0wNE_009,data/raw/CMU-MOSEI/segments/3MFNIag0wNE_009.mp4,no
3MFNIag0wNE_010,data/raw/CMU-MOSEI/segments/3MFNIag0wNE_010.mp4,no
3ocpWAmSNUE_002,data/raw/CMU-MOSEI/segments/3ocpWAmSNUE_002.mp4,no
3odZe3AGilc_000,data/raw/CMU-MOSEI/segments/3odZe3AGilc_000.mp4,no
3odZe3AGilc_002,data/raw/CMU-MOSEI/segments/3odZe3AGilc_002.mp4,no
3oHPsYc8bmw_000,data/raw/CMU-MOSEI/segments/3oHPsYc8bmw_000.mp4,no
3oHPsYc8bmw_001,data/raw/CMU-MOSEI/segments/3oHPsYc8bmw_001.mp4,no
3OMgvtWNHp4_000,data/raw/CMU-MOSEI/segments/3OMgvtWNHp4_000.mp4,no
3OMgvtWNHp4_001,data/raw/CMU-MOSEI/segments/3OMgvtWNHp4_001.mp4,no
3OMgvtWNHp4_002,data/raw/CMU-MOSEI/segments/3OMgvtWNHp4_002.mp4,no
3OMgvtWNHp4_003,data/raw/CMU-MOSEI/segments/3OMgvtWNHp4_003.mp4,no
3OMgvtWNHp4_004,data/raw/CMU-MOSEI/segments/3OMgvtWNHp4_004.mp4,no
3OMgvtWNHp4_006,data/raw/CMU-MOSEI/segments/3OMgvtWNHp4_006.mp4,no
3OMgvtWNHp4_007,data/raw/CMU-MOSEI/segments/3OMgvtWNHp4_007.mp4,no
3OYY5Tsz_2k_000,data/raw/CMU-MOSEI/segments/3OYY5Tsz_2k_000.mp4,no
3OYY5Tsz_2k_004,data/raw/CMU-MOSEI/segments/3OYY5Tsz_2k_004.mp4,no
3OYY5Tsz_2k_005,data/raw/CMU-MOSEI/segments/3OYY5Tsz_2k_005.mp4,no
3paDwuRQP1w_000,data/raw/CMU-MOSEI/segments/3paDwuRQP1w_000.mp4,no
3REPHw7oLWo_002,data/raw/CMU-MOSEI/segments/3REPHw7oLWo_002.mp4,yes
3REPHw7oLWo_003,data/raw/CMU-MOSEI/segments/3REPHw7oLWo_003.mp4,yes
3sDL7mwosP0_001,data/raw/CMU-MOSEI/segments/3sDL7mwosP0_001.mp4,no
3sUS8vXbRwg_001,data/raw/CMU-MOSEI/segments/3sUS8vXbRwg_001.mp4,yes
3sUS8vXbRwg_003,data/raw/CMU-MOSEI/segments/3sUS8vXbRwg_003.mp4,yes
3sUS8vXbRwg_004,data/raw/CMU-MOSEI/segments/3sUS8vXbRwg_004.mp4,yes
3u_Joh0WJdw_000,data/raw/CMU-MOSEI/segments/3u_Joh0WJdw_000.mp4,no
3UOqbf_B_Yc_000,data/raw/CMU-MOSEI/segments/3UOqbf_B_Yc_000.mp4,no
3UOqbf_B_Yc_001,data/raw/CMU-MOSEI/segments/3UOqbf_B_Yc_001.mp4,no
3UOqbf_B_Yc_003,data/raw/CMU-MOSEI/segments/3UOqbf_B_Yc_003.mp4,no
3V2qm0rw920_000,data/raw/CMU-MOSEI/segments/3V2qm0rw920_000.mp4,no
3V2qm0rw920_001,data/raw/CMU-MOSEI/segments/3V2qm0rw920_001.mp4,no
3V2qm0rw920_003,data/raw/CMU-MOSEI/segments/3V2qm0rw920_003.mp4,no
3V2qm0rw920_004,data/raw/CMU-MOSEI/segments/3V2qm0rw920_004.mp4,no
3V2qm0rw920_005,data/raw/CMU-MOSEI/segments/3V2qm0rw920_005.mp4,no
3V2qm0rw920_006,data/raw/CMU-MOSEI/segments/3V2qm0rw920_006.mp4,no
3VsrcbjPwZY_002,data/raw/CMU-MOSEI/segments/3VsrcbjPwZY_002.mp4,yes
3wHE78v9zr4_000,data/raw/CMU-MOSEI/segments/3wHE78v9zr4_000.mp4,no
3wHE78v9zr4_001,data/raw/CMU-MOSEI/segments/3wHE78v9zr4_001.mp4,no
3wHE78v9zr4_004,data/raw/CMU-MOSEI/segments/3wHE78v9zr4_004.mp4,no
3wHE78v9zr4_009,data/raw/CMU-MOSEI/segments/3wHE78v9zr4_009.mp4,no
3wHE78v9zr4_011,data/raw/CMU-MOSEI/segments/3wHE78v9zr4_011.mp4,no
3wHE78v9zr4_012,data/raw/CMU-MOSEI/segments/3wHE78v9zr4_012.mp4,no
3wHE78v9zr4_013,data/raw/CMU-MOSEI/segments/3wHE78v9zr4_013.mp4,no
3wHE78v9zr4_018,data/raw/CMU-MOSEI/segments/3wHE78v9zr4_018.mp4,no
3wHE78v9zr4_019,data/raw/CMU-MOSEI/segments/3wHE78v9zr4_019.mp4,no
3wHE78v9zr4_020,data/raw/CMU-MOSEI/segments/3wHE78v9zr4_020.mp4,no
3wHE78v9zr4_023,data/raw/CMU-MOSEI/segments/3wHE78v9zr4_023.mp4,no
3Wi0if_L6Ug_001,data/raw/CMU-MOSEI/segments/3Wi0if_L6Ug_001.mp4,no
3Wi0if_L6Ug_002,data/raw/CMU-MOSEI/segments/3Wi0if_L6Ug_002.mp4,no
3Wi0if_L6Ug_008,data/raw/CMU-MOSEI/segments/3Wi0if_L6Ug_008.mp4,no
3Wi0if_L6Ug_009,data/raw/CMU-MOSEI/segments/3Wi0if_L6Ug_009.mp4,no
3WZ6R9B0PcU_000,data/raw/CMU-MOSEI/segments/3WZ6R9B0PcU_000.mp4,no
3y2YInNUmHY_000,data/raw/CMU-MOSEI/segments/3y2YInNUmHY_000.mp4,no
3y2YInNUmHY_001,data/raw/CMU-MOSEI/segments/3y2YInNUmHY_001.mp4,no
3ZmLhK_YHl8_000,data/raw/CMU-MOSEI/segments/3ZmLhK_YHl8_000.mp4,no
3ZmLhK_YHl8_001,data/raw/CMU-MOSEI/segments/3ZmLhK_YHl8_001.mp4,no
3ZmLhK_YHl8_003,data/raw/CMU-MOSEI/segments/3ZmLhK_YHl8_003.mp4,no
424SXFTCFsA_000,data/raw/CMU-MOSEI/segments/424SXFTCFsA_000.mp4,no
424SXFTCFsA_001,data/raw/CMU-MOSEI/segments/424SXFTCFsA_001.mp4,no
424SXFTCFsA_002,data/raw/CMU-MOSEI/segments/424SXFTCFsA_002.mp4,no
424SXFTCFsA_003,data/raw/CMU-MOSEI/segments/424SXFTCFsA_003.mp4,no
44MVdpDEQJs_000,data/raw/CMU-MOSEI/segments/44MVdpDEQJs_000.mp4,no
44MVdpDEQJs_001,data/raw/CMU-MOSEI/segments/44MVdpDEQJs_001.mp4,no
45c3QQzGakM_000,data/raw/CMU-MOSEI/segments/45c3QQzGakM_000.mp4,yes
4AQC7_uCuEE_003,data/raw/CMU-MOSEI/segments/4AQC7_uCuEE_003.mp4,no
4AQC7_uCuEE_005,data/raw/CMU-MOSEI/segments/4AQC7_uCuEE_005.mp4,no
4AQC7_uCuEE_006,data/raw/CMU-MOSEI/segments/4AQC7_uCuEE_006.mp4,no
4AQC7_uCuEE_007,data/raw/CMU-MOSEI/segments/4AQC7_uCuEE_007.mp4,no
4AQC7_uCuEE_010,data/raw/CMU-MOSEI/segments/4AQC7_uCuEE_010.mp4,no
4AQC7_uCuEE_012,data/raw/CMU-MOSEI/segments/4AQC7_uCuEE_012.mp4,no
4AQC7_uCuEE_013,data/raw/CMU-MOSEI/segments/4AQC7_uCuEE_013.mp4,no
4AQC7_uCuEE_014,data/raw/CMU-MOSEI/segments/4AQC7_uCuEE_014.mp4,no
4AQC7_uCuEE_015,data/raw/CMU-MOSEI/segments/4AQC7_uCuEE_015.mp4,no
4AQC7_uCuEE_016,data/raw/CMU-MOSEI/segments/4AQC7_uCuEE_016.mp4,no
4AQC7_uCuEE_018,data/raw/CMU-MOSEI/segments/4AQC7_uCuEE_018.mp4,no
4AQC7_uCuEE_019,data/raw/CMU-MOSEI/segments/4AQC7_uCuEE_019.mp4,no
4AQC7_uCuEE_020,data/raw/CMU-MOSEI/segments/4AQC7_uCuEE_020.mp4,no
4AQC7_uCuEE_021,data/raw/CMU-MOSEI/segments/4AQC7_uCuEE_021.mp4,no
4BoE-woHtwA_000,data/raw/CMU-MOSEI/segments/4BoE-woHtwA_000.mp4,no
4BoE-woHtwA_001,data/raw/CMU-MOSEI/segments/4BoE-woHtwA_001.mp4,no
4BoE-woHtwA_002,data/raw/CMU-MOSEI/segments/4BoE-woHtwA_002.mp4,no
4BoE-woHtwA_003,data/raw/CMU-MOSEI/segments/4BoE-woHtwA_003.mp4,no
4BoE-woHtwA_004,data/raw/CMU-MOSEI/segments/4BoE-woHtwA_004.mp4,no
4BoE-woHtwA_005,data/raw/CMU-MOSEI/segments/4BoE-woHtwA_005.mp4,no
4BoE-woHtwA_006,data/raw/CMU-MOSEI/segments/4BoE-woHtwA_006.mp4,no
4BoE-woHtwA_007,data/raw/CMU-MOSEI/segments/4BoE-woHtwA_007.mp4,no
4BoE-woHtwA_008,data/raw/CMU-MOSEI/segments/4BoE-woHtwA_008.mp4,no
4BoE-woHtwA_010,data/raw/CMU-MOSEI/segments/4BoE-woHtwA_010.mp4,no
4CKhrjuuofk_000,data/raw/CMU-MOSEI/segments/4CKhrjuuofk_000.mp4,no
4CKhrjuuofk_001,data/raw/CMU-MOSEI/segments/4CKhrjuuofk_001.mp4,no
4CKhrjuuofk_002,data/raw/CMU-MOSEI/segments/4CKhrjuuofk_002.mp4,no
4CKhrjuuofk_004,data/raw/CMU-MOSEI/segments/4CKhrjuuofk_004.mp4,no
4CKhrjuuofk_006,data/raw/CMU-MOSEI/segments/4CKhrjuuofk_006.mp4,no
4CKhrjuuofk_007,data/raw/CMU-MOSEI/segments/4CKhrjuuofk_007.mp4,no
4CKhrjuuofk_008,data/raw/CMU-MOSEI/segments/4CKhrjuuofk_008.mp4,no
4dAYMzRyndc_002,data/raw/CMU-MOSEI/segments/4dAYMzRyndc_002.mp4,no
4dAYMzRyndc_004,data/raw/CMU-MOSEI/segments/4dAYMzRyndc_004.mp4,no
4dAYMzRyndc_005,data/raw/CMU-MOSEI/segments/4dAYMzRyndc_005.mp4,no
4dAYMzRyndc_006,data/raw/CMU-MOSEI/segments/4dAYMzRyndc_006.mp4,no
4EEru3cZwXo_000,data/raw/CMU-MOSEI/segments/4EEru3cZwXo_000.mp4,no
4EEru3cZwXo_001,data/raw/CMU-MOSEI/segments/4EEru3cZwXo_001.mp4,no
4EEru3cZwXo_002,data/raw/CMU-MOSEI/segments/4EEru3cZwXo_002.mp4,no
4EEru3cZwXo_003,data/raw/CMU-MOSEI/segments/4EEru3cZwXo_003.mp4,no
4GYfmpEEtl4_000,data/raw/CMU-MOSEI/segments/4GYfmpEEtl4_000.mp4,no
4GYfmpEEtl4_001,data/raw/CMU-MOSEI/segments/4GYfmpEEtl4_001.mp4,no
4GYfmpEEtl4_002,data/raw/CMU-MOSEI/segments/4GYfmpEEtl4_002.mp4,no
4GYfmpEEtl4_004,data/raw/CMU-MOSEI/segments/4GYfmpEEtl4_004.mp4,no
4H9RfQuqsvg_000,data/raw/CMU-MOSEI/segments/4H9RfQuqsvg_000.mp4,no
4H9RfQuqsvg_001,data/raw/CMU-MOSEI/segments/4H9RfQuqsvg_001.mp4,no
4H9RfQuqsvg_002,data/raw/CMU-MOSEI/segments/4H9RfQuqsvg_002.mp4,no
4H9RfQuqsvg_003,data/raw/CMU-MOSEI/segments/4H9RfQuqsvg_003.mp4,no
4H9RfQuqsvg_004,data/raw/CMU-MOSEI/segments/4H9RfQuqsvg_004.mp4,no
4HAC00EAdno_002,data/raw/CMU-MOSEI/segments/4HAC00EAdno_002.mp4,yes
4HAC00EAdno_003,data/raw/CMU-MOSEI/segments/4HAC00EAdno_003.mp4,yes
4HAC00EAdno_004,data/raw/CMU-MOSEI/segments/4HAC00EAdno_004.mp4,yes
4HAC00EAdno_005,data/raw/CMU-MOSEI/segments/4HAC00EAdno_005.mp4,yes
4HAC00EAdno_008,data/raw/CMU-MOSEI/segments/4HAC00EAdno_008.mp4,yes
4HAC00EAdno_009,data/raw/CMU-MOSEI/segments/4HAC00EAdno_009.mp4,yes
4hEWns7JBg0_000,data/raw/CMU-MOSEI/segments/4hEWns7JBg0_000.mp4,no
4hEWns7JBg0_002,data/raw/CMU-MOSEI/segments/4hEWns7JBg0_002.mp4,no
4hEWns7JBg0_004,data/raw/CMU-MOSEI/segments/4hEWns7JBg0_004.mp4,no
4hEWns7JBg0_005,data/raw/CMU-MOSEI/segments/4hEWns7JBg0_005.mp4,no
4hEWns7JBg0_006,data/raw/CMU-MOSEI/segments/4hEWns7JBg0_006.mp4,no
4hEWns7JBg0_007,data/raw/CMU-MOSEI/segments/4hEWns7JBg0_007.mp4,no
4hEWns7JBg0_008,data/raw/CMU-MOSEI/segments/4hEWns7JBg0_008.mp4,no
4hEWns7JBg0_009,data/raw/CMU-MOSEI/segments/4hEWns7JBg0_009.mp4,no
4hEWns7JBg0_010,data/raw/CMU-MOSEI/segments/4hEWns7JBg0_010.mp4,no
4hEWns7JBg0_012,data/raw/CMU-MOSEI/segments/4hEWns7JBg0_012.mp4,no
4hEWns7JBg0_014,data/raw/CMU-MOSEI/segments/4hEWns7JBg0_014.mp4,no
4hEWns7JBg0_015,data/raw/CMU-MOSEI/segments/4hEWns7JBg0_015.mp4,no
4hEWns7JBg0_016,data/raw/CMU-MOSEI/segments/4hEWns7JBg0_016.mp4,no
4hEWns7JBg0_019,data/raw/CMU-MOSEI/segments/4hEWns7JBg0_019.mp4,no
4hEWns7JBg0_021,data/raw/CMU-MOSEI/segments/4hEWns7JBg0_021.mp4,no
4hEWns7JBg0_022,data/raw/CMU-MOSEI/segments/4hEWns7JBg0_022.mp4,no
4hEWns7JBg0_024,data/raw/CMU-MOSEI/segments/4hEWns7JBg0_024.mp4,no
4hEWns7JBg0_025,data/raw/CMU-MOSEI/segments/4hEWns7JBg0_025.mp4,no
4iG0ffmnCOw_001,data/raw/CMU-MOSEI/segments/4iG0ffmnCOw_001.mp4,no
4iG0ffmnCOw_004,data/raw/CMU-MOSEI/segments/4iG0ffmnCOw_004.mp4,no
4iG0ffmnCOw_005,data/raw/CMU-MOSEI/segments/4iG0ffmnCOw_005.mp4,no
4iG0ffmnCOw_008,data/raw/CMU-MOSEI/segments/4iG0ffmnCOw_008.mp4,no
4iG0ffmnCOw_009,data/raw/CMU-MOSEI/segments/4iG0ffmnCOw_009.mp4,no
4iw1jTY-X3A_000,data/raw/CMU-MOSEI/segments/4iw1jTY-X3A_000.mp4,no
4iw1jTY-X3A_001,data/raw/CMU-MOSEI/segments/4iw1jTY-X3A_001.mp4,no
4iw1jTY-X3A_002,data/raw/CMU-MOSEI/segments/4iw1jTY-X3A_002.mp4,no
4iw1jTY-X3A_003,data/raw/CMU-MOSEI/segments/4iw1jTY-X3A_003.mp4,no
4iw1jTY-X3A_004,data/raw/CMU-MOSEI/segments/4iw1jTY-X3A_004.mp4,no
4iw1jTY-X3A_005,data/raw/CMU-MOSEI/segments/4iw1jTY-X3A_005.mp4,no
4iw1jTY-X3A_006,data/raw/CMU-MOSEI/segments/4iw1jTY-X3A_006.mp4,no
4iw1jTY-X3A_009,data/raw/CMU-MOSEI/segments/4iw1jTY-X3A_009.mp4,no
4kF0U8kIMp4_000,data/raw/CMU-MOSEI/segments/4kF0U8kIMp4_000.mp4,yes
4kF0U8kIMp4_002,data/raw/CMU-MOSEI/segments/4kF0U8kIMp4_002.mp4,yes
4kF0U8kIMp4_004,data/raw/CMU-MOSEI/segments/4kF0U8kIMp4_004.mp4,yes
4kF0U8kIMp4_005,data/raw/CMU-MOSEI/segments/4kF0U8kIMp4_005.mp4,yes
4kF0U8kIMp4_006,data/raw/CMU-MOSEI/segments/4kF0U8kIMp4_006.mp4,yes
4lKz4xyCmkk_000,data/raw/CMU-MOSEI/segments/4lKz4xyCmkk_000.mp4,no
4lKz4xyCmkk_001,data/raw/CMU-MOSEI/segments/4lKz4xyCmkk_001.mp4,no
4lKz4xyCmkk_003,data/raw/CMU-MOSEI/segments/4lKz4xyCmkk_003.mp4,no
4lKz4xyCmkk_007,data/raw/CMU-MOSEI/segments/4lKz4xyCmkk_007.mp4,no
4lKz4xyCmkk_008,data/raw/CMU-MOSEI/segments/4lKz4xyCmkk_008.mp4,no
4lKz4xyCmkk_011,data/raw/CMU-MOSEI/segments/4lKz4xyCmkk_011.mp4,no
4Q7OkrJLzAc_000,data/raw/CMU-MOSEI/segments/4Q7OkrJLzAc_000.mp4,no
4Q7OkrJLzAc_001,data/raw/CMU-MOSEI/segments/4Q7OkrJLzAc_001.mp4,no
4Q7OkrJLzAc_002,data/raw/CMU-MOSEI/segments/4Q7OkrJLzAc_002.mp4,no
4Q7OkrJLzAc_004,data/raw/CMU-MOSEI/segments/4Q7OkrJLzAc_004.mp4,no
4Q95Lg3Icho_001,data/raw/CMU-MOSEI/segments/4Q95Lg3Icho_001.mp4,no
4Q95Lg3Icho_003,data/raw/CMU-MOSEI/segments/4Q95Lg3Icho_003.mp4,no
4Q95Lg3Icho_005,data/raw/CMU-MOSEI/segments/4Q95Lg3Icho_005.mp4,no
4Q95Lg3Icho_008,data/raw/CMU-MOSEI/segments/4Q95Lg3Icho_008.mp4,no
4Q95Lg3Icho_010,data/raw/CMU-MOSEI/segments/4Q95Lg3Icho_010.mp4,no
4Q95Lg3Icho_013,data/raw/CMU-MOSEI/segments/4Q95Lg3Icho_013.mp4,no
4Q95Lg3Icho_014,data/raw/CMU-MOSEI/segments/4Q95Lg3Icho_014.mp4,no
4Q95Lg3Icho_016,data/raw/CMU-MOSEI/segments/4Q95Lg3Icho_016.mp4,no
4Q95Lg3Icho_018,data/raw/CMU-MOSEI/segments/4Q95Lg3Icho_018.mp4,no
4Q95Lg3Icho_019,data/raw/CMU-MOSEI/segments/4Q95Lg3Icho_019.mp4,no
4Q95Lg3Icho_021,data/raw/CMU-MOSEI/segments/4Q95Lg3Icho_021.mp4,no
4Q95Lg3Icho_023,data/raw/CMU-MOSEI/segments/4Q95Lg3Icho_023.mp4,no
4qjz4BQCZyM_000,data/raw/CMU-MOSEI/segments/4qjz4BQCZyM_000.mp4,yes
4qjz4BQCZyM_001,data/raw/CMU-MOSEI/segments/4qjz4BQCZyM_001.mp4,yes
4qoB5a6dR3w_000,data/raw/CMU-MOSEI/segments/4qoB5a6dR3w_000.mp4,yes
4qoB5a6dR3w_001,data/raw/CMU-MOSEI/segments/4qoB5a6dR3w_001.mp4,yes
4qoB5a6dR3w_002,data/raw/CMU-MOSEI/segments/4qoB5a6dR3w_002.mp4,yes
4VA4kqMnEqA_000,data/raw/CMU-MOSEI/segments/4VA4kqMnEqA_000.mp4,no
4VA4kqMnEqA_001,data/raw/CMU-MOSEI/segments/4VA4kqMnEqA_001.mp4,no
4VA4kqMnEqA_002,data/raw/CMU-MOSEI/segments/4VA4kqMnEqA_002.mp4,no
4VA4kqMnEqA_003,data/raw/CMU-MOSEI/segments/4VA4kqMnEqA_003.mp4,no
4VA4kqMnEqA_005,data/raw/CMU-MOSEI/segments/4VA4kqMnEqA_005.mp4,no
4VA4kqMnEqA_006,data/raw/CMU-MOSEI/segments/4VA4kqMnEqA_006.mp4,no
4VA4kqMnEqA_007,data/raw/CMU-MOSEI/segments/4VA4kqMnEqA_007.mp4,no
4VA4kqMnEqA_008,data/raw/CMU-MOSEI/segments/4VA4kqMnEqA_008.mp4,no
4wdeBJ39Cuw_001,data/raw/CMU-MOSEI/segments/4wdeBJ39Cuw_001.mp4,no
4wdeBJ39Cuw_002,data/raw/CMU-MOSEI/segments/4wdeBJ39Cuw_002.mp4,no
4wdeBJ39Cuw_003,data/raw/CMU-MOSEI/segments/4wdeBJ39Cuw_003.mp4,no
4wdeBJ39Cuw_004,data/raw/CMU-MOSEI/segments/4wdeBJ39Cuw_004.mp4,no
4wLP4elp1uM_000,data/raw/CMU-MOSEI/segments/4wLP4elp1uM_000.mp4,yes
4wLP4elp1uM_001,data/raw/CMU-MOSEI/segments/4wLP4elp1uM_001.mp4,yes
4WTVL5bNybU_000,data/raw/CMU-MOSEI/segments/4WTVL5bNybU_000.mp4,yes
4WTVL5bNybU_001,data/raw/CMU-MOSEI/segments/4WTVL5bNybU_001.mp4,yes
4wuug3-5cWo_000,data/raw/CMU-MOSEI/segments/4wuug3-5cWo_000.mp4,no
4wuug3-5cWo_001,data/raw/CMU-MOSEI/segments/4wuug3-5cWo_001.mp4,no
4wuug3-5cWo_002,data/raw/CMU-MOSEI/segments/4wuug3-5cWo_002.mp4,no
4wuug3-5cWo_003,data/raw/CMU-MOSEI/segments/4wuug3-5cWo_003.mp4,no
4wuug3-5cWo_005,data/raw/CMU-MOSEI/segments/4wuug3-5cWo_005.mp4,no
4wuug3-5cWo_006,data/raw/CMU-MOSEI/segments/4wuug3-5cWo_006.mp4,no
4wuug3-5cWo_007,data/raw/CMU-MOSEI/segments/4wuug3-5cWo_007.mp4,no
4wuug3-5cWo_008,data/raw/CMU-MOSEI/segments/4wuug3-5cWo_008.mp4,no
4wuug3-5cWo_009,data/raw/CMU-MOSEI/segments/4wuug3-5cWo_009.mp4,no
4wuug3-5cWo_010,data/raw/CMU-MOSEI/segments/4wuug3-5cWo_010.mp4,no
4wuug3-5cWo_011,data/raw/CMU-MOSEI/segments/4wuug3-5cWo_011.mp4,no
4wuug3-5cWo_012,data/raw/CMU-MOSEI/segments/4wuug3-5cWo_012.mp4,no
4Y8ROYezksQ_000,data/raw/CMU-MOSEI/segments/4Y8ROYezksQ_000.mp4,no
4YfyP0uIqw0_000,data/raw/CMU-MOSEI/segments/4YfyP0uIqw0_000.mp4,no
55T4QNcdpOk_000,data/raw/CMU-MOSEI/segments/55T4QNcdpOk_000.mp4,no
55T4QNcdpOk_001,data/raw/CMU-MOSEI/segments/55T4QNcdpOk_001.mp4,no
5B0PQx3Ep3k_001,data/raw/CMU-MOSEI/segments/5B0PQx3Ep3k_001.mp4,no
5eY4S1F62Z4_002,data/raw/CMU-MOSEI/segments/5eY4S1F62Z4_002.mp4,no
5eY4S1F62Z4_003,data/raw/CMU-MOSEI/segments/5eY4S1F62Z4_003.mp4,no
5eY4S1F62Z4_005,data/raw/CMU-MOSEI/segments/5eY4S1F62Z4_005.mp4,no
5eY4S1F62Z4_006,data/raw/CMU-MOSEI/segments/5eY4S1F62Z4_006.mp4,no
5eY4S1F62Z4_008,data/raw/CMU-MOSEI/segments/5eY4S1F62Z4_008.mp4,no
5eY4S1F62Z4_009,data/raw/CMU-MOSEI/segments/5eY4S1F62Z4_009.mp4,no
5eY4S1F62Z4_011,data/raw/CMU-MOSEI/segments/5eY4S1F62Z4_011.mp4,no
5eY4S1F62Z4_014,data/raw/CMU-MOSEI/segments/5eY4S1F62Z4_014.mp4,no
5eY4S1F62Z4_016,data/raw/CMU-MOSEI/segments/5eY4S1F62Z4_016.mp4,no
5FbzKjx3Lho_000,data/raw/CMU-MOSEI/segments/5FbzKjx3Lho_000.mp4,no
5FbzKjx3Lho_001,data/raw/CMU-MOSEI/segments/5FbzKjx3Lho_001.mp4,no
5fKPJPFqPho_000,data/raw/CMU-MOSEI/segments/5fKPJPFqPho_000.mp4,no
5fKPJPFqPho_001,data/raw/CMU-MOSEI/segments/5fKPJPFqPho_001.mp4,no
5fKPJPFqPho_002,data/raw/CMU-MOSEI/segments/5fKPJPFqPho_002.mp4,no
5fKPJPFqPho_003,data/raw/CMU-MOSEI/segments/5fKPJPFqPho_003.mp4,no
5fKPJPFqPho_004,data/raw/CMU-MOSEI/segments/5fKPJPFqPho_004.mp4,no
5fKPJPFqPho_005,data/raw/CMU-MOSEI/segments/5fKPJPFqPho_005.mp4,no
5fKPJPFqPho_006,data/raw/CMU-MOSEI/segments/5fKPJPFqPho_006.mp4,no
5fKPJPFqPho_007,data/raw/CMU-MOSEI/segments/5fKPJPFqPho_007.mp4,no
5fKPJPFqPho_008,data/raw/CMU-MOSEI/segments/5fKPJPFqPho_008.mp4,no
5fKPJPFqPho_009,data/raw/CMU-MOSEI/segments/5fKPJPFqPho_009.mp4,no
5fKPJPFqPho_010,data/raw/CMU-MOSEI/segments/5fKPJPFqPho_010.mp4,no
5hXC8JbiLd8_000,data/raw/CMU-MOSEI/segments/5hXC8JbiLd8_000.mp4,no
5hXC8JbiLd8_001,data/raw/CMU-MOSEI/segments/5hXC8JbiLd8_001.mp4,no
5i6AgQSjXO4_000,data/raw/CMU-MOSEI/segments/5i6AgQSjXO4_000.mp4,no
5i6AgQSjXO4_001,data/raw/CMU-MOSEI/segments/5i6AgQSjXO4_001.mp4,no
5i6AgQSjXO4_004,data/raw/CMU-MOSEI/segments/5i6AgQSjXO4_004.mp4,no
5i6AgQSjXO4_005,data/raw/CMU-MOSEI/segments/5i6AgQSjXO4_005.mp4,no
5i6AgQSjXO4_006,data/raw/CMU-MOSEI/segments/5i6AgQSjXO4_006.mp4,no
5IhAgV0Bf_4_000,data/raw/CMU-MOSEI/segments/5IhAgV0Bf_4_000.mp4,no
5JMpMKAO-Mk_000,data/raw/CMU-MOSEI/segments/5JMpMKAO-Mk_000.mp4,no
5JMpMKAO-Mk_001,data/raw/CMU-MOSEI/segments/5JMpMKAO-Mk_001.mp4,no
5JMpMKAO-Mk_002,data/raw/CMU-MOSEI/segments/5JMpMKAO-Mk_002.mp4,no
5lrDS7LluCA_000,data/raw/CMU-MOSEI/segments/5lrDS7LluCA_000.mp4,no
5lrDS7LluCA_001,data/raw/CMU-MOSEI/segments/5lrDS7LluCA_001.mp4,no
5lrDS7LluCA_002,data/raw/CMU-MOSEI/segments/5lrDS7LluCA_002.mp4,no
5lrDS7LluCA_004,data/raw/CMU-MOSEI/segments/5lrDS7LluCA_004.mp4,no
5lrDS7LluCA_006,data/raw/CMU-MOSEI/segments/5lrDS7LluCA_006.mp4,no
5O1W39o56gg_000,data/raw/CMU-MOSEI/segments/5O1W39o56gg_000.mp4,no
5O1W39o56gg_001,data/raw/CMU-MOSEI/segments/5O1W39o56gg_001.mp4,no
5O1W39o56gg_002,data/raw/CMU-MOSEI/segments/5O1W39o56gg_002.mp4,no
5O1W39o56gg_003,data/raw/CMU-MOSEI/segments/5O1W39o56gg_003.mp4,no
5O1W39o56gg_004,data/raw/CMU-MOSEI/segments/5O1W39o56gg_004.mp4,no
5O1W39o56gg_005,data/raw/CMU-MOSEI/segments/5O1W39o56gg_005.mp4,no
5O1W39o56gg_006,data/raw/CMU-MOSEI/segments/5O1W39o56gg_006.mp4,no
5O1W39o56gg_007,data/raw/CMU-MOSEI/segments/5O1W39o56gg_007.mp4,no
5O1W39o56gg_008,data/raw/CMU-MOSEI/segments/5O1W39o56gg_008.mp4,no
5OLO6zEbrVw_000,data/raw/CMU-MOSEI/segments/5OLO6zEbrVw_000.mp4,no
5OLO6zEbrVw_003,data/raw/CMU-MOSEI/segments/5OLO6zEbrVw_003.mp4,no
5OUcvUDMMWE_000,data/raw/CMU-MOSEI/segments/5OUcvUDMMWE_000.mp4,no
5OUcvUDMMWE_001,data/raw/CMU-MOSEI/segments/5OUcvUDMMWE_001.mp4,no
5OUcvUDMMWE_002,data/raw/CMU-MOSEI/segments/5OUcvUDMMWE_002.mp4,no
5OUcvUDMMWE_003,data/raw/CMU-MOSEI/segments/5OUcvUDMMWE_003.mp4,no
5OUcvUDMMWE_004,data/raw/CMU-MOSEI/segments/5OUcvUDMMWE_004.mp4,no
5OUcvUDMMWE_005,data/raw/CMU-MOSEI/segments/5OUcvUDMMWE_005.mp4,no
5OUcvUDMMWE_006,data/raw/CMU-MOSEI/segments/5OUcvUDMMWE_006.mp4,no
5OUcvUDMMWE_007,data/raw/CMU-MOSEI/segments/5OUcvUDMMWE_007.mp4,no
5OUcvUDMMWE_008,data/raw/CMU-MOSEI/segments/5OUcvUDMMWE_008.mp4,no
5OUcvUDMMWE_009,data/raw/CMU-MOSEI/segments/5OUcvUDMMWE_009.mp4,no
5OUcvUDMMWE_010,data/raw/CMU-MOSEI/segments/5OUcvUDMMWE_010.mp4,no
5pxFqJ5hKMU_000,data/raw/CMU-MOSEI/segments/5pxFqJ5hKMU_000.mp4,yes
5qQs9Cfydo4_001,data/raw/CMU-MOSEI/segments/5qQs9Cfydo4_001.mp4,no
5qQs9Cfydo4_002,data/raw/CMU-MOSEI/segments/5qQs9Cfydo4_002.mp4,no
5qQs9Cfydo4_003,data/raw/CMU-MOSEI/segments/5qQs9Cfydo4_003.mp4,no
5R5fDxZUL8M_004,data/raw/CMU-MOSEI/segments/5R5fDxZUL8M_004.mp4,yes
5R5fDxZUL8M_005,data/raw/CMU-MOSEI/segments/5R5fDxZUL8M_005.mp4,yes
5RVF_3YBUVI_000,data/raw/CMU-MOSEI/segments/5RVF_3YBUVI_000.mp4,no
5sDBK-lP8Pg_000,data/raw/CMU-MOSEI/segments/5sDBK-lP8Pg_000.mp4,no
5Tqu1IXJjGY_001,data/raw/CMU-MOSEI/segments/5Tqu1IXJjGY_001.mp4,yes
5Tqu1IXJjGY_002,data/raw/CMU-MOSEI/segments/5Tqu1IXJjGY_002.mp4,yes
5Tqu1IXJjGY_003,data/raw/CMU-MOSEI/segments/5Tqu1IXJjGY_003.mp4,yes
5Tqu1IXJjGY_004,data/raw/CMU-MOSEI/segments/5Tqu1IXJjGY_004.mp4,yes
5vwXp27bCLw_003,data/raw/CMU-MOSEI/segments/5vwXp27bCLw_003.mp4,no
5vwXp27bCLw_006,data/raw/CMU-MOSEI/segments/5vwXp27bCLw_006.mp4,no
5vwXp27bCLw_009,data/raw/CMU-MOSEI/segments/5vwXp27bCLw_009.mp4,no
5vwXp27bCLw_010,data/raw/CMU-MOSEI/segments/5vwXp27bCLw_010.mp4,no
5vwXp27bCLw_011,data/raw/CMU-MOSEI/segments/5vwXp27bCLw_011.mp4,no
5XX0csik6VQ_002,data/raw/CMU-MOSEI/segments/5XX0csik6VQ_002.mp4,no
5XX0csik6VQ_004,data/raw/CMU-MOSEI/segments/5XX0csik6VQ_004.mp4,no
5YnYGjrhzF4_003,data/raw/CMU-MOSEI/segments/5YnYGjrhzF4_003.mp4,no
5YnYGjrhzF4_004,data/raw/CMU-MOSEI/segments/5YnYGjrhzF4_004.mp4,no
5YnYGjrhzF4_006,data/raw/CMU-MOSEI/segments/5YnYGjrhzF4_006.mp4,no
5YnYGjrhzF4_007,data/raw/CMU-MOSEI/segments/5YnYGjrhzF4_007.mp4,no
5YnYGjrhzF4_008,data/raw/CMU-MOSEI/segments/5YnYGjrhzF4_008.mp4,no
5YnYGjrhzF4_009,data/raw/CMU-MOSEI/segments/5YnYGjrhzF4_009.mp4,no
60Qw70Rd9Yg_000,data/raw/CMU-MOSEI/segments/60Qw70Rd9Yg_000.mp4,yes
60Qw70Rd9Yg_001,data/raw/CMU-MOSEI/segments/60Qw70Rd9Yg_001.mp4,yes
60Qw70Rd9Yg_002,data/raw/CMU-MOSEI/segments/60Qw70Rd9Yg_002.mp4,yes
65kkuNV921k_001,data/raw/CMU-MOSEI/segments/65kkuNV921k_001.mp4,yes
65kkuNV921k_002,data/raw/CMU-MOSEI/segments/65kkuNV921k_002.mp4,yes
65kkuNV921k_003,data/raw/CMU-MOSEI/segments/65kkuNV921k_003.mp4,yes
65kkuNV921k_006,data/raw/CMU-MOSEI/segments/65kkuNV921k_006.mp4,yes
65kkuNV921k_007,data/raw/CMU-MOSEI/segments/65kkuNV921k_007.mp4,yes
65kkuNV921k_009,data/raw/CMU-MOSEI/segments/65kkuNV921k_009.mp4,yes
65kkuNV921k_010,data/raw/CMU-MOSEI/segments/65kkuNV921k_010.mp4,yes
65kkuNV921k_013,data/raw/CMU-MOSEI/segments/65kkuNV921k_013.mp4,yes
65kkuNV921k_014,data/raw/CMU-MOSEI/segments/65kkuNV921k_014.mp4,yes
663uRzFOfrg_001,data/raw/CMU-MOSEI/segments/663uRzFOfrg_001.mp4,no
67uKYi7mslE_001,data/raw/CMU-MOSEI/segments/67uKYi7mslE_001.mp4,yes
67uKYi7mslE_004,data/raw/CMU-MOSEI/segments/67uKYi7mslE_004.mp4,yes
67uKYi7mslE_008,data/raw/CMU-MOSEI/segments/67uKYi7mslE_008.mp4,yes
67uKYi7mslE_010,data/raw/CMU-MOSEI/segments/67uKYi7mslE_010.mp4,yes
67uKYi7mslE_012,data/raw/CMU-MOSEI/segments/67uKYi7mslE_012.mp4,yes
67uKYi7mslE_013,data/raw/CMU-MOSEI/segments/67uKYi7mslE_013.mp4,yes
67uKYi7mslE_016,data/raw/CMU-MOSEI/segments/67uKYi7mslE_016.mp4,yes
69NtV79qgOg_002,data/raw/CMU-MOSEI/segments/69NtV79qgOg_002.mp4,no
69NtV79qgOg_003,data/raw/CMU-MOSEI/segments/69NtV79qgOg_003.mp4,no
69NtV79qgOg_004,data/raw/CMU-MOSEI/segments/69NtV79qgOg_004.mp4,no
6_k3cw9_k-Y_000,data/raw/CMU-MOSEI/segments/6_k3cw9_k-Y_000.mp4,no
6aoTjlvo0js_001,data/raw/CMU-MOSEI/segments/6aoTjlvo0js_001.mp4,no
6brtMLkjjYk_000,data/raw/CMU-MOSEI/segments/6brtMLkjjYk_000.mp4,yes
6brtMLkjjYk_001,data/raw/CMU-MOSEI/segments/6brtMLkjjYk_001.mp4,yes
6E-yr6nPxGA_000,data/raw/CMU-MOSEI/segments/6E-yr6nPxGA_000.mp4,no
6G8JJ69aN6o_002,data/raw/CMU-MOSEI/segments/6G8JJ69aN6o_002.mp4,no
6G8JJ69aN6o_003,data/raw/CMU-MOSEI/segments/6G8JJ69aN6o_003.mp4,no
6G8JJ69aN6o_004,data/raw/CMU-MOSEI/segments/6G8JJ69aN6o_004.mp4,no
6G8JJ69aN6o_005,data/raw/CMU-MOSEI/segments/6G8JJ69aN6o_005.mp4,no
6IUj6jyoTl0_000,data/raw/CMU-MOSEI/segments/6IUj6jyoTl0_000.mp4,no
6J_yzh1LNAE_001,data/raw/CMU-MOSEI/segments/6J_yzh1LNAE_001.mp4,no
6KvG5VbLalY_001,data/raw/CMU-MOSEI/segments/6KvG5VbLalY_001.mp4,yes
6KvG5VbLalY_002,data/raw/CMU-MOSEI/segments/6KvG5VbLalY_002.mp4,yes
6MloL1gIccs_000,data/raw/CMU-MOSEI/segments/6MloL1gIccs_000.mp4,no
6MloL1gIccs_001,data/raw/CMU-MOSEI/segments/6MloL1gIccs_001.mp4,no
6MloL1gIccs_002,data/raw/CMU-MOSEI/segments/6MloL1gIccs_002.mp4,no
6MloL1gIccs_003,data/raw/CMU-MOSEI/segments/6MloL1gIccs_003.mp4,no
6MloL1gIccs_004,data/raw/CMU-MOSEI/segments/6MloL1gIccs_004.mp4,no
6MloL1gIccs_005,data/raw/CMU-MOSEI/segments/6MloL1gIccs_005.mp4,no
6MloL1gIccs_006,data/raw/CMU-MOSEI/segments/6MloL1gIccs_006.mp4,no
6MloL1gIccs_008,data/raw/CMU-MOSEI/segments/6MloL1gIccs_008.mp4,no
6MloL1gIccs_009,data/raw/CMU-MOSEI/segments/6MloL1gIccs_009.mp4,no
6MYUY5tC2Us_000,data/raw/CMU-MOSEI/segments/6MYUY5tC2Us_000.mp4,no
6MYUY5tC2Us_001,data/raw/CMU-MOSEI/segments/6MYUY5tC2Us_001.mp4,no
6MYUY5tC2Us_002,data/raw/CMU-MOSEI/segments/6MYUY5tC2Us_002.mp4,no
6MYUY5tC2Us_003,data/raw/CMU-MOSEI/segments/6MYUY5tC2Us_003.mp4,no
6MYUY5tC2Us_004,data/raw/CMU-MOSEI/segments/6MYUY5tC2Us_004.mp4,no
6MYUY5tC2Us_006,data/raw/CMU-MOSEI/segments/6MYUY5tC2Us_006.mp4,no
6ng8CZ0ULK4_000,data/raw/CMU-MOSEI/segments/6ng8CZ0ULK4_000.mp4,yes
6ng8CZ0ULK4_001,data/raw/CMU-MOSEI/segments/6ng8CZ0ULK4_001.mp4,yes
6ng8CZ0ULK4_002,data/raw/CMU-MOSEI/segments/6ng8CZ0ULK4_002.mp4,yes
6ng8CZ0ULK4_003,data/raw/CMU-MOSEI/segments/6ng8CZ0ULK4_003.mp4,yes
6ng8CZ0ULK4_004,data/raw/CMU-MOSEI/segments/6ng8CZ0ULK4_004.mp4,yes
6ng8CZ0ULK4_005,data/raw/CMU-MOSEI/segments/6ng8CZ0ULK4_005.mp4,yes
6ng8CZ0ULK4_006,data/raw/CMU-MOSEI/segments/6ng8CZ0ULK4_006.mp4,yes
6ng8CZ0ULK4_007,data/raw/CMU-MOSEI/segments/6ng8CZ0ULK4_007.mp4,yes
6ng8CZ0ULK4_008,data/raw/CMU-MOSEI/segments/6ng8CZ0ULK4_008.mp4,yes
6ng8CZ0ULK4_010,data/raw/CMU-MOSEI/segments/6ng8CZ0ULK4_010.mp4,yes
6PLlauWxF5E_000,data/raw/CMU-MOSEI/segments/6PLlauWxF5E_000.mp4,yes
6PLlauWxF5E_001,data/raw/CMU-MOSEI/segments/6PLlauWxF5E_001.mp4,yes
6rkV4QRcVnk_000,data/raw/CMU-MOSEI/segments/6rkV4QRcVnk_000.mp4,no
6rkV4QRcVnk_001,data/raw/CMU-MOSEI/segments/6rkV4QRcVnk_001.mp4,no
6rkV4QRcVnk_002,data/raw/CMU-MOSEI/segments/6rkV4QRcVnk_002.mp4,no
6rkV4QRcVnk_004,data/raw/CMU-MOSEI/segments/6rkV4QRcVnk_004.mp4,no
6rkV4QRcVnk_005,data/raw/CMU-MOSEI/segments/6rkV4QRcVnk_005.mp4,no
6rkV4QRcVnk_006,data/raw/CMU-MOSEI/segments/6rkV4QRcVnk_006.mp4,no
6slq62RwH3Q_000,data/raw/CMU-MOSEI/segments/6slq62RwH3Q_000.mp4,no
6slq62RwH3Q_002,data/raw/CMU-MOSEI/segments/6slq62RwH3Q_002.mp4,no
6slq62RwH3Q_003,data/raw/CMU-MOSEI/segments/6slq62RwH3Q_003.mp4,no
6slq62RwH3Q_004,data/raw/CMU-MOSEI/segments/6slq62RwH3Q_004.mp4,no
6slq62RwH3Q_009,data/raw/CMU-MOSEI/segments/6slq62RwH3Q_009.mp4,no
6T1GHj7qwYs_001,data/raw/CMU-MOSEI/segments/6T1GHj7qwYs_001.mp4,no
6TDXQtGUNEs_000,data/raw/CMU-MOSEI/segments/6TDXQtGUNEs_000.mp4,yes
6TDXQtGUNEs_001,data/raw/CMU-MOSEI/segments/6TDXQtGUNEs_001.mp4,yes
6TDXQtGUNEs_004,data/raw/CMU-MOSEI/segments/6TDXQtGUNEs_004.mp4,yes
6TDXQtGUNEs_006,data/raw/CMU-MOSEI/segments/6TDXQtGUNEs_006.mp4,yes
6TDXQtGUNEs_008,data/raw/CMU-MOSEI/segments/6TDXQtGUNEs_008.mp4,yes
6uoM8-9d0zA_000,data/raw/CMU-MOSEI/segments/6uoM8-9d0zA_000.mp4,no
6uPGcKTpC4I_004,data/raw/CMU-MOSEI/segments/6uPGcKTpC4I_004.mp4,no
6UV6ktwbLoo_003,data/raw/CMU-MOSEI/segments/6UV6ktwbLoo_003.mp4,no
6vbd4o5rIjM_000,data/raw/CMU-MOSEI/segments/6vbd4o5rIjM_000.mp4,no
6vbd4o5rIjM_003,data/raw/CMU-MOSEI/segments/6vbd4o5rIjM_003.mp4,no
6vbd4o5rIjM_004,data/raw/CMU-MOSEI/segments/6vbd4o5rIjM_004.mp4,no
6vbd4o5rIjM_005,data/raw/CMU-MOSEI/segments/6vbd4o5rIjM_005.mp4,no
6vbd4o5rIjM_006,data/raw/CMU-MOSEI/segments/6vbd4o5rIjM_006.mp4,no
6Vg10LxmWUY_000,data/raw/CMU-MOSEI/segments/6Vg10LxmWUY_000.mp4,yes
6Vg10LxmWUY_001,data/raw/CMU-MOSEI/segments/6Vg10LxmWUY_001.mp4,yes
6Vg10LxmWUY_004,data/raw/CMU-MOSEI/segments/6Vg10LxmWUY_004.mp4,yes
6xvVFYR5di0_000,data/raw/CMU-MOSEI/segments/6xvVFYR5di0_000.mp4,no
6xvVFYR5di0_002,data/raw/CMU-MOSEI/segments/6xvVFYR5di0_002.mp4,no
6xvVFYR5di0_003,data/raw/CMU-MOSEI/segments/6xvVFYR5di0_003.mp4,no
6xvVFYR5di0_004,data/raw/CMU-MOSEI/segments/6xvVFYR5di0_004.mp4,no
6xvVFYR5di0_005,data/raw/CMU-MOSEI/segments/6xvVFYR5di0_005.mp4,no
6xvVFYR5di0_006,data/raw/CMU-MOSEI/segments/6xvVFYR5di0_006.mp4,no
6xvVFYR5di0_007,data/raw/CMU-MOSEI/segments/6xvVFYR5di0_007.mp4,no
6YNAmRjpxlA_001,data/raw/CMU-MOSEI/segments/6YNAmRjpxlA_001.mp4,no
6YNAmRjpxlA_002,data/raw/CMU-MOSEI/segments/6YNAmRjpxlA_002.mp4,no
6YNAmRjpxlA_003,data/raw/CMU-MOSEI/segments/6YNAmRjpxlA_003.mp4,no
6ywl-j2-e-s_001,data/raw/CMU-MOSEI/segments/6ywl-j2-e-s_001.mp4,no
72tXTrSXoMk_001,data/raw/CMU-MOSEI/segments/72tXTrSXoMk_001.mp4,yes
72tXTrSXoMk_003,data/raw/CMU-MOSEI/segments/72tXTrSXoMk_003.mp4,yes
72tXTrSXoMk_004,data/raw/CMU-MOSEI/segments/72tXTrSXoMk_004.mp4,yes
72tXTrSXoMk_005,data/raw/CMU-MOSEI/segments/72tXTrSXoMk_005.mp4,yes
72tXTrSXoMk_006,data/raw/CMU-MOSEI/segments/72tXTrSXoMk_006.mp4,yes
72tXTrSXoMk_007,data/raw/CMU-MOSEI/segments/72tXTrSXoMk_007.mp4,yes
72tXTrSXoMk_008,data/raw/CMU-MOSEI/segments/72tXTrSXoMk_008.mp4,yes
75RGHaxmUK8_000,data/raw/CMU-MOSEI/segments/75RGHaxmUK8_000.mp4,no
75RGHaxmUK8_001,data/raw/CMU-MOSEI/segments/75RGHaxmUK8_001.mp4,no
75RGHaxmUK8_002,data/raw/CMU-MOSEI/segments/75RGHaxmUK8_002.mp4,no
76PsKs4kPXE_000,data/raw/CMU-MOSEI/segments/76PsKs4kPXE_000.mp4,no
76sN4tvbPGk_002,data/raw/CMU-MOSEI/segments/76sN4tvbPGk_002.mp4,no
76sN4tvbPGk_003,data/raw/CMU-MOSEI/segments/76sN4tvbPGk_003.mp4,no
76sN4tvbPGk_004,data/raw/CMU-MOSEI/segments/76sN4tvbPGk_004.mp4,no
7_K3F-lAv1k_000,data/raw/CMU-MOSEI/segments/7_K3F-lAv1k_000.mp4,no
7BFhRPlSOf0_000,data/raw/CMU-MOSEI/segments/7BFhRPlSOf0_000.mp4,yes
7BFhRPlSOf0_001,data/raw/CMU-MOSEI/segments/7BFhRPlSOf0_001.mp4,yes
7BFhRPlSOf0_003,data/raw/CMU-MOSEI/segments/7BFhRPlSOf0_003.mp4,yes
7CLe7PZtna4_000,data/raw/CMU-MOSEI/segments/7CLe7PZtna4_000.mp4,yes
7CLe7PZtna4_001,data/raw/CMU-MOSEI/segments/7CLe7PZtna4_001.mp4,yes
7eWclVCXOtk_000,data/raw/CMU-MOSEI/segments/7eWclVCXOtk_000.mp4,no
7eWclVCXOtk_001,data/raw/CMU-MOSEI/segments/7eWclVCXOtk_001.mp4,no
7eWclVCXOtk_002,data/raw/CMU-MOSEI/segments/7eWclVCXOtk_002.mp4,no
7eWclVCXOtk_003,data/raw/CMU-MOSEI/segments/7eWclVCXOtk_003.mp4,no
7eWclVCXOtk_004,data/raw/CMU-MOSEI/segments/7eWclVCXOtk_004.mp4,no
7eWclVCXOtk_005,data/raw/CMU-MOSEI/segments/7eWclVCXOtk_005.mp4,no
7eWclVCXOtk_006,data/raw/CMU-MOSEI/segments/7eWclVCXOtk_006.mp4,no
7eWclVCXOtk_007,data/raw/CMU-MOSEI/segments/7eWclVCXOtk_007.mp4,no
7EWOMjaKlus_000,data/raw/CMU-MOSEI/segments/7EWOMjaKlus_000.mp4,no
7EWOMjaKlus_001,data/raw/CMU-MOSEI/segments/7EWOMjaKlus_001.mp4,no
7EWOMjaKlus_002,data/raw/CMU-MOSEI/segments/7EWOMjaKlus_002.mp4,no
7EWOMjaKlus_003,data/raw/CMU-MOSEI/segments/7EWOMjaKlus_003.mp4,no
7EWOMjaKlus_004,data/raw/CMU-MOSEI/segments/7EWOMjaKlus_004.mp4,no
7EWOMjaKlus_005,data/raw/CMU-MOSEI/segments/7EWOMjaKlus_005.mp4,no
7EWOMjaKlus_006,data/raw/CMU-MOSEI/segments/7EWOMjaKlus_006.mp4,no
7EWOMjaKlus_007,data/raw/CMU-MOSEI/segments/7EWOMjaKlus_007.mp4,no
7EWOMjaKlus_008,data/raw/CMU-MOSEI/segments/7EWOMjaKlus_008.mp4,no
7EWOMjaKlus_009,data/raw/CMU-MOSEI/segments/7EWOMjaKlus_009.mp4,no
7EWOMjaKlus_010,data/raw/CMU-MOSEI/segments/7EWOMjaKlus_010.mp4,no
7EWOMjaKlus_011,data/raw/CMU-MOSEI/segments/7EWOMjaKlus_011.mp4,no
7EWOMjaKlus_012,data/raw/CMU-MOSEI/segments/7EWOMjaKlus_012.mp4,no
7EWOMjaKlus_013,data/raw/CMU-MOSEI/segments/7EWOMjaKlus_013.mp4,no
7f3ndBCx_JE_001,data/raw/CMU-MOSEI/segments/7f3ndBCx_JE_001.mp4,no
7fPYpqzw1iY_000,data/raw/CMU-MOSEI/segments/7fPYpqzw1iY_000.mp4,no
7hSWYI99-24_000,data/raw/CMU-MOSEI/segments/7hSWYI99-24_000.mp4,no
7hSWYI99-24_001,data/raw/CMU-MOSEI/segments/7hSWYI99-24_001.mp4,no
7hSWYI99-24_002,data/raw/CMU-MOSEI/segments/7hSWYI99-24_002.mp4,no
7hSWYI99-24_003,data/raw/CMU-MOSEI/segments/7hSWYI99-24_003.mp4,no
7ifnoHhrMtA_000,data/raw/CMU-MOSEI/segments/7ifnoHhrMtA_000.mp4,no
7ifnoHhrMtA_002,data/raw/CMU-MOSEI/segments/7ifnoHhrMtA_002.mp4,no
7ifnoHhrMtA_005,data/raw/CMU-MOSEI/segments/7ifnoHhrMtA_005.mp4,no
7IxmlIwqigw_002,data/raw/CMU-MOSEI/segments/7IxmlIwqigw_002.mp4,no
7IxmlIwqigw_003,data/raw/CMU-MOSEI/segments/7IxmlIwqigw_003.mp4,no
7IxmlIwqigw_004,data/raw/CMU-MOSEI/segments/7IxmlIwqigw_004.mp4,no
7IxmlIwqigw_005,data/raw/CMU-MOSEI/segments/7IxmlIwqigw_005.mp4,no
7IxmlIwqigw_007,data/raw/CMU-MOSEI/segments/7IxmlIwqigw_007.mp4,no
7IxmlIwqigw_009,data/raw/CMU-MOSEI/segments/7IxmlIwqigw_009.mp4,no
7mb8Y2AhXIY_000,data/raw/CMU-MOSEI/segments/7mb8Y2AhXIY_000.mp4,no
7mb8Y2AhXIY_002,data/raw/CMU-MOSEI/segments/7mb8Y2AhXIY_002.mp4,no
7mb8Y2AhXIY_003,data/raw/CMU-MOSEI/segments/7mb8Y2AhXIY_003.mp4,no
7pZPQbMKGkY_000,data/raw/CMU-MOSEI/segments/7pZPQbMKGkY_000.mp4,no
7pZPQbMKGkY_001,data/raw/CMU-MOSEI/segments/7pZPQbMKGkY_001.mp4,no
7pZPQbMKGkY_002,data/raw/CMU-MOSEI/segments/7pZPQbMKGkY_002.mp4,no
7pZPQbMKGkY_004,data/raw/CMU-MOSEI/segments/7pZPQbMKGkY_004.mp4,no
7pZPQbMKGkY_005,data/raw/CMU-MOSEI/segments/7pZPQbMKGkY_005.mp4,no
7pZPQbMKGkY_006,data/raw/CMU-MOSEI/segments/7pZPQbMKGkY_006.mp4,no
7R70kKqtGh0_000,data/raw/CMU-MOSEI/segments/7R70kKqtGh0_000.mp4,yes
7rMLN0KKE5k_002,data/raw/CMU-MOSEI/segments/7rMLN0KKE5k_002.mp4,no
7rMLN0KKE5k_003,data/raw/CMU-MOSEI/segments/7rMLN0KKE5k_003.mp4,no
7rMLN0KKE5k_004,data/raw/CMU-MOSEI/segments/7rMLN0KKE5k_004.mp4,no
7rMLN0KKE5k_006,data/raw/CMU-MOSEI/segments/7rMLN0KKE5k_006.mp4,no
7rMLN0KKE5k_008,data/raw/CMU-MOSEI/segments/7rMLN0KKE5k_008.mp4,no
7rMLN0KKE5k_010,data/raw/CMU-MOSEI/segments/7rMLN0KKE5k_010.mp4,no
7rMLN0KKE5k_012,data/raw/CMU-MOSEI/segments/7rMLN0KKE5k_012.mp4,no
7rMLN0KKE5k_013,data/raw/CMU-MOSEI/segments/7rMLN0KKE5k_013.mp4,no
7rMLN0KKE5k_014,data/raw/CMU-MOSEI/segments/7rMLN0KKE5k_014.mp4,no
7rMLN0KKE5k_016,data/raw/CMU-MOSEI/segments/7rMLN0KKE5k_016.mp4,no
7rMLN0KKE5k_017,data/raw/CMU-MOSEI/segments/7rMLN0KKE5k_017.mp4,no
7rMLN0KKE5k_018,data/raw/CMU-MOSEI/segments/7rMLN0KKE5k_018.mp4,no
7rMLN0KKE5k_022,data/raw/CMU-MOSEI/segments/7rMLN0KKE5k_022.mp4,no
7rMLN0KKE5k_025,data/raw/CMU-MOSEI/segments/7rMLN0KKE5k_025.mp4,no
7rMLN0KKE5k_026,data/raw/CMU-MOSEI/segments/7rMLN0KKE5k_026.mp4,no
7rMLN0KKE5k_027,data/raw/CMU-MOSEI/segments/7rMLN0KKE5k_027.mp4,no
7rMLN0KKE5k_028,data/raw/CMU-MOSEI/segments/7rMLN0KKE5k_028.mp4,no
7sgAWvbLtiM_000,data/raw/CMU-MOSEI/segments/7sgAWvbLtiM_000.mp4,no
7sgAWvbLtiM_001,data/raw/CMU-MOSEI/segments/7sgAWvbLtiM_001.mp4,no
7sgAWvbLtiM_003,data/raw/CMU-MOSEI/segments/7sgAWvbLtiM_003.mp4,no
7sgAWvbLtiM_004,data/raw/CMU-MOSEI/segments/7sgAWvbLtiM_004.mp4,no
7sgAWvbLtiM_005,data/raw/CMU-MOSEI/segments/7sgAWvbLtiM_005.mp4,no
7sgAWvbLtiM_006,data/raw/CMU-MOSEI/segments/7sgAWvbLtiM_006.mp4,no
7sgAWvbLtiM_007,data/raw/CMU-MOSEI/segments/7sgAWvbLtiM_007.mp4,no
7SsmaZZ7mz0_000,data/raw/CMU-MOSEI/segments/7SsmaZZ7mz0_000.mp4,no
7SsmaZZ7mz0_001,data/raw/CMU-MOSEI/segments/7SsmaZZ7mz0_001.mp4,no
7SsmaZZ7mz0_002,data/raw/CMU-MOSEI/segments/7SsmaZZ7mz0_002.mp4,no
7SsmaZZ7mz0_003,data/raw/CMU-MOSEI/segments/7SsmaZZ7mz0_003.mp4,no
7U_z0JfleAw_000,data/raw/CMU-MOSEI/segments/7U_z0JfleAw_000.mp4,no
7U_z0JfleAw_001,data/raw/CMU-MOSEI/segments/7U_z0JfleAw_001.mp4,no
7U_z0JfleAw_002,data/raw/CMU-MOSEI/segments/7U_z0JfleAw_002.mp4,no
7U_z0JfleAw_004,data/raw/CMU-MOSEI/segments/7U_z0JfleAw_004.mp4,no
7UlSX-syPeo_001,data/raw/CMU-MOSEI/segments/7UlSX-syPeo_001.mp4,no
7UlSX-syPeo_002,data/raw/CMU-MOSEI/segments/7UlSX-syPeo_002.mp4,no
7UlSX-syPeo_003,data/raw/CMU-MOSEI/segments/7UlSX-syPeo_003.mp4,no
7UlSX-syPeo_005,data/raw/CMU-MOSEI/segments/7UlSX-syPeo_005.mp4,no
7UlSX-syPeo_007,data/raw/CMU-MOSEI/segments/7UlSX-syPeo_007.mp4,no
7UlSX-syPeo_009,data/raw/CMU-MOSEI/segments/7UlSX-syPeo_009.mp4,no
7UlSX-syPeo_010,data/raw/CMU-MOSEI/segments/7UlSX-syPeo_010.mp4,no
7UlSX-syPeo_012,data/raw/CMU-MOSEI/segments/7UlSX-syPeo_012.mp4,no
7UlSX-syPeo_014,data/raw/CMU-MOSEI/segments/7UlSX-syPeo_014.mp4,no
7UlSX-syPeo_016,data/raw/CMU-MOSEI/segments/7UlSX-syPeo_016.mp4,no
7UlSX-syPeo_017,data/raw/CMU-MOSEI/segments/7UlSX-syPeo_017.mp4,no
7UlSX-syPeo_019,data/raw/CMU-MOSEI/segments/7UlSX-syPeo_019.mp4,no
7UlSX-syPeo_020,data/raw/CMU-MOSEI/segments/7UlSX-syPeo_020.mp4,no
7xiu1tAJ2d8_000,data/raw/CMU-MOSEI/segments/7xiu1tAJ2d8_000.mp4,no
7xiu1tAJ2d8_004,data/raw/CMU-MOSEI/segments/7xiu1tAJ2d8_004.mp4,no
7xiu1tAJ2d8_005,data/raw/CMU-MOSEI/segments/7xiu1tAJ2d8_005.mp4,no
7xiu1tAJ2d8_006,data/raw/CMU-MOSEI/segments/7xiu1tAJ2d8_006.mp4,no
7xiu1tAJ2d8_008,data/raw/CMU-MOSEI/segments/7xiu1tAJ2d8_008.mp4,no
7xiu1tAJ2d8_009,data/raw/CMU-MOSEI/segments/7xiu1tAJ2d8_009.mp4,no
7xiu1tAJ2d8_010,data/raw/CMU-MOSEI/segments/7xiu1tAJ2d8_010.mp4,no
7xiu1tAJ2d8_011,data/raw/CMU-MOSEI/segments/7xiu1tAJ2d8_011.mp4,no
7ZzbemE4QEE_000,data/raw/CMU-MOSEI/segments/7ZzbemE4QEE_000.mp4,yes
7ZzbemE4QEE_001,data/raw/CMU-MOSEI/segments/7ZzbemE4QEE_001.mp4,yes
7ZzbemE4QEE_002,data/raw/CMU-MOSEI/segments/7ZzbemE4QEE_002.mp4,yes
7ZzbemE4QEE_003,data/raw/CMU-MOSEI/segments/7ZzbemE4QEE_003.mp4,yes
7ZzbemE4QEE_005,data/raw/CMU-MOSEI/segments/7ZzbemE4QEE_005.mp4,yes
7ZzbemE4QEE_006,data/raw/CMU-MOSEI/segments/7ZzbemE4QEE_006.mp4,yes
7ZzbemE4QEE_007,data/raw/CMU-MOSEI/segments/7ZzbemE4QEE_007.mp4,yes
7ZzbemE4QEE_008,data/raw/CMU-MOSEI/segments/7ZzbemE4QEE_008.mp4,yes
7ZzbemE4QEE_009,data/raw/CMU-MOSEI/segments/7ZzbemE4QEE_009.mp4,yes
7ZzbemE4QEE_010,data/raw/CMU-MOSEI/segments/7ZzbemE4QEE_010.mp4,yes
7ZzbemE4QEE_012,data/raw/CMU-MOSEI/segments/7ZzbemE4QEE_012.mp4,yes
7ZzbemE4QEE_013,data/raw/CMU-MOSEI/segments/7ZzbemE4QEE_013.mp4,yes
7ZzbemE4QEE_014,data/raw/CMU-MOSEI/segments/7ZzbemE4QEE_014.mp4,yes
7ZzbemE4QEE_015,data/raw/CMU-MOSEI/segments/7ZzbemE4QEE_015.mp4,yes
7ZzbemE4QEE_016,data/raw/CMU-MOSEI/segments/7ZzbemE4QEE_016.mp4,yes
7ZzbemE4QEE_018,data/raw/CMU-MOSEI/segments/7ZzbemE4QEE_018.mp4,yes
7ZzbemE4QEE_019,data/raw/CMU-MOSEI/segments/7ZzbemE4QEE_019.mp4,yes
7ZzbemE4QEE_020,data/raw/CMU-MOSEI/segments/7ZzbemE4QEE_020.mp4,yes
7ZzbemE4QEE_021,data/raw/CMU-MOSEI/segments/7ZzbemE4QEE_021.mp4,yes
7ZzbemE4QEE_023,data/raw/CMU-MOSEI/segments/7ZzbemE4QEE_023.mp4,yes
7ZzbemE4QEE_025,data/raw/CMU-MOSEI/segments/7ZzbemE4QEE_025.mp4,yes
7ZzbemE4QEE_027,data/raw/CMU-MOSEI/segments/7ZzbemE4QEE_027.mp4,yes
7ZzbemE4QEE_028,data/raw/CMU-MOSEI/segments/7ZzbemE4QEE_028.mp4,yes
7ZzbemE4QEE_029,data/raw/CMU-MOSEI/segments/7ZzbemE4QEE_029.mp4,yes
7ZzbemE4QEE_031,data/raw/CMU-MOSEI/segments/7ZzbemE4QEE_031.mp4,yes
7ZzbemE4QEE_033,data/raw/CMU-MOSEI/segments/7ZzbemE4QEE_033.mp4,yes
7ZzbemE4QEE_034,data/raw/CMU-MOSEI/segments/7ZzbemE4QEE_034.mp4,yes
7ZzbemE4QEE_035,data/raw/CMU-MOSEI/segments/7ZzbemE4QEE_035.mp4,yes
7ZzbemE4QEE_036,data/raw/CMU-MOSEI/segments/7ZzbemE4QEE_036.mp4,yes
7ZzbemE4QEE_037,data/raw/CMU-MOSEI/segments/7ZzbemE4QEE_037.mp4,yes
7ZzbemE4QEE_038,data/raw/CMU-MOSEI/segments/7ZzbemE4QEE_038.mp4,yes
8-Hi9NmF4rM_000,data/raw/CMU-MOSEI/segments/8-Hi9NmF4rM_000.mp4,no
8-Hi9NmF4rM_001,data/raw/CMU-MOSEI/segments/8-Hi9NmF4rM_001.mp4,no
830KzUc6CbU_000,data/raw/CMU-MOSEI/segments/830KzUc6CbU_000.mp4,yes
830KzUc6CbU_002,data/raw/CMU-MOSEI/segments/830KzUc6CbU_002.mp4,yes
83_N43pvgHI_000,data/raw/CMU-MOSEI/segments/83_N43pvgHI_000.mp4,no
856LGms_0s0_000,data/raw/CMU-MOSEI/segments/856LGms_0s0_000.mp4,no
86c2OkQ3_U8_003,data/raw/CMU-MOSEI/segments/86c2OkQ3_U8_003.mp4,no
86c2OkQ3_U8_004,data/raw/CMU-MOSEI/segments/86c2OkQ3_U8_004.mp4,no
86c2OkQ3_U8_005,data/raw/CMU-MOSEI/segments/86c2OkQ3_U8_005.mp4,no
86c2OkQ3_U8_006,data/raw/CMU-MOSEI/segments/86c2OkQ3_U8_006.mp4,no
86c2OkQ3_U8_007,data/raw/CMU-MOSEI/segments/86c2OkQ3_U8_007.mp4,no
86c2OkQ3_U8_008,data/raw/CMU-MOSEI/segments/86c2OkQ3_U8_008.mp4,no
86c2OkQ3_U8_010,data/raw/CMU-MOSEI/segments/86c2OkQ3_U8_010.mp4,no
87MsiC3E2-w_000,data/raw/CMU-MOSEI/segments/87MsiC3E2-w_000.mp4,no
88oSn21TFcA_000,data/raw/CMU-MOSEI/segments/88oSn21TFcA_000.mp4,no
88oSn21TFcA_001,data/raw/CMU-MOSEI/segments/88oSn21TFcA_001.mp4,no
88oSn21TFcA_006,data/raw/CMU-MOSEI/segments/88oSn21TFcA_006.mp4,no
88S1BjwMfdw_000,data/raw/CMU-MOSEI/segments/88S1BjwMfdw_000.mp4,no
88S1BjwMfdw_001,data/raw/CMU-MOSEI/segments/88S1BjwMfdw_001.mp4,no
88S1BjwMfdw_002,data/raw/CMU-MOSEI/segments/88S1BjwMfdw_002.mp4,no
88S1BjwMfdw_003,data/raw/CMU-MOSEI/segments/88S1BjwMfdw_003.mp4,no
88S1BjwMfdw_004,data/raw/CMU-MOSEI/segments/88S1BjwMfdw_004.mp4,no
8Cp8c-eQELQ_001,data/raw/CMU-MOSEI/segments/8Cp8c-eQELQ_001.mp4,no
8Cp8c-eQELQ_007,data/raw/CMU-MOSEI/segments/8Cp8c-eQELQ_007.mp4,no
8Cp8c-eQELQ_008,data/raw/CMU-MOSEI/segments/8Cp8c-eQELQ_008.mp4,no
8Cp8c-eQELQ_010,data/raw/CMU-MOSEI/segments/8Cp8c-eQELQ_010.mp4,no
8Cp8c-eQELQ_011,data/raw/CMU-MOSEI/segments/8Cp8c-eQELQ_011.mp4,no
8EHEEXex5D8_001,data/raw/CMU-MOSEI/segments/8EHEEXex5D8_001.mp4,no
8EHEEXex5D8_003,data/raw/CMU-MOSEI/segments/8EHEEXex5D8_003.mp4,no
8EHEEXex5D8_004,data/raw/CMU-MOSEI/segments/8EHEEXex5D8_004.mp4,no
8EHEEXex5D8_005,data/raw/CMU-MOSEI/segments/8EHEEXex5D8_005.mp4,no
8EHEEXex5D8_006,data/raw/CMU-MOSEI/segments/8EHEEXex5D8_006.mp4,no
8EHEEXex5D8_008,data/raw/CMU-MOSEI/segments/8EHEEXex5D8_008.mp4,no
8EHEEXex5D8_009,data/raw/CMU-MOSEI/segments/8EHEEXex5D8_009.mp4,no
8EHEEXex5D8_011,data/raw/CMU-MOSEI/segments/8EHEEXex5D8_011.mp4,no
8F1mj-XT6KA_000,data/raw/CMU-MOSEI/segments/8F1mj-XT6KA_000.mp4,no
8F1mj-XT6KA_001,data/raw/CMU-MOSEI/segments/8F1mj-XT6KA_001.mp4,no
8F1mj-XT6KA_002,data/raw/CMU-MOSEI/segments/8F1mj-XT6KA_002.mp4,no
8M0AlvtMrv8_000,data/raw/CMU-MOSEI/segments/8M0AlvtMrv8_000.mp4,no
8M0AlvtMrv8_002,data/raw/CMU-MOSEI/segments/8M0AlvtMrv8_002.mp4,no
8ovb-GaZ3QE_003,data/raw/CMU-MOSEI/segments/8ovb-GaZ3QE_003.mp4,no
8ovb-GaZ3QE_004,data/raw/CMU-MOSEI/segments/8ovb-GaZ3QE_004.mp4,no
8ovb-GaZ3QE_006,data/raw/CMU-MOSEI/segments/8ovb-GaZ3QE_006.mp4,no
8P0zm2oYDyY_004,data/raw/CMU-MOSEI/segments/8P0zm2oYDyY_004.mp4,yes
8qCNtqjygW8_000,data/raw/CMU-MOSEI/segments/8qCNtqjygW8_000.mp4,yes
8qCNtqjygW8_001,data/raw/CMU-MOSEI/segments/8qCNtqjygW8_001.mp4,yes
8qCNtqjygW8_002,data/raw/CMU-MOSEI/segments/8qCNtqjygW8_002.mp4,yes
8qCNtqjygW8_003,data/raw/CMU-MOSEI/segments/8qCNtqjygW8_003.mp4,yes
8qCNtqjygW8_004,data/raw/CMU-MOSEI/segments/8qCNtqjygW8_004.mp4,yes
8qCNtqjygW8_005,data/raw/CMU-MOSEI/segments/8qCNtqjygW8_005.mp4,yes
8qCNtqjygW8_006,data/raw/CMU-MOSEI/segments/8qCNtqjygW8_006.mp4,yes
8qCNtqjygW8_007,data/raw/CMU-MOSEI/segments/8qCNtqjygW8_007.mp4,yes
8qCNtqjygW8_008,data/raw/CMU-MOSEI/segments/8qCNtqjygW8_008.mp4,yes
8qCNtqjygW8_009,data/raw/CMU-MOSEI/segments/8qCNtqjygW8_009.mp4,yes
8qCNtqjygW8_010,data/raw/CMU-MOSEI/segments/8qCNtqjygW8_010.mp4,yes
8qCNtqjygW8_011,data/raw/CMU-MOSEI/segments/8qCNtqjygW8_011.mp4,yes
8qCNtqjygW8_012,data/raw/CMU-MOSEI/segments/8qCNtqjygW8_012.mp4,yes
8u5aet7s9_w_000,data/raw/CMU-MOSEI/segments/8u5aet7s9_w_000.mp4,no
8u5aet7s9_w_001,data/raw/CMU-MOSEI/segments/8u5aet7s9_w_001.mp4,no
8u5aet7s9_w_003,data/raw/CMU-MOSEI/segments/8u5aet7s9_w_003.mp4,no
8u5aet7s9_w_004,data/raw/CMU-MOSEI/segments/8u5aet7s9_w_004.mp4,no
8u5aet7s9_w_007,data/raw/CMU-MOSEI/segments/8u5aet7s9_w_007.mp4,no
8u5aet7s9_w_008,data/raw/CMU-MOSEI/segments/8u5aet7s9_w_008.mp4,no
8VP1qxX9mh4_000,data/raw/CMU-MOSEI/segments/8VP1qxX9mh4_000.mp4,no
8vpoQ5UVpXE_000,data/raw/CMU-MOSEI/segments/8vpoQ5UVpXE_000.mp4,no
8vpoQ5UVpXE_001,data/raw/CMU-MOSEI/segments/8vpoQ5UVpXE_001.mp4,no
8vpoQ5UVpXE_002,data/raw/CMU-MOSEI/segments/8vpoQ5UVpXE_002.mp4,no
8vpoQ5UVpXE_003,data/raw/CMU-MOSEI/segments/8vpoQ5UVpXE_003.mp4,no
8vpoQ5UVpXE_004,data/raw/CMU-MOSEI/segments/8vpoQ5UVpXE_004.mp4,no
8wdxczYf1jI_001,data/raw/CMU-MOSEI/segments/8wdxczYf1jI_001.mp4,no
8wQhzezNcUY_000,data/raw/CMU-MOSEI/segments/8wQhzezNcUY_000.mp4,yes
8wQhzezNcUY_003,data/raw/CMU-MOSEI/segments/8wQhzezNcUY_003.mp4,yes
8wQhzezNcUY_005,data/raw/CMU-MOSEI/segments/8wQhzezNcUY_005.mp4,yes
8X5tGQLBqPo_000,data/raw/CMU-MOSEI/segments/8X5tGQLBqPo_000.mp4,no
8X5tGQLBqPo_003,data/raw/CMU-MOSEI/segments/8X5tGQLBqPo_003.mp4,no
8X5tGQLBqPo_009,data/raw/CMU-MOSEI/segments/8X5tGQLBqPo_009.mp4,no
8x81fzwcJko_000,data/raw/CMU-MOSEI/segments/8x81fzwcJko_000.mp4,no
8x81fzwcJko_001,data/raw/CMU-MOSEI/segments/8x81fzwcJko_001.mp4,no
8x81fzwcJko_002,data/raw/CMU-MOSEI/segments/8x81fzwcJko_002.mp4,no
8XZszYrUSCQ_000,data/raw/CMU-MOSEI/segments/8XZszYrUSCQ_000.mp4,yes
8XZszYrUSCQ_001,data/raw/CMU-MOSEI/segments/8XZszYrUSCQ_001.mp4,yes
8XZszYrUSCQ_002,data/raw/CMU-MOSEI/segments/8XZszYrUSCQ_002.mp4,yes
8XZszYrUSCQ_003,data/raw/CMU-MOSEI/segments/8XZszYrUSCQ_003.mp4,yes
8YsIvz4qnk4_000,data/raw/CMU-MOSEI/segments/8YsIvz4qnk4_000.mp4,no
8YsIvz4qnk4_001,data/raw/CMU-MOSEI/segments/8YsIvz4qnk4_001.mp4,no
9-EO2oCAGA4_001,data/raw/CMU-MOSEI/segments/9-EO2oCAGA4_001.mp4,no
9-EO2oCAGA4_004,data/raw/CMU-MOSEI/segments/9-EO2oCAGA4_004.mp4,no
9-EO2oCAGA4_005,data/raw/CMU-MOSEI/segments/9-EO2oCAGA4_005.mp4,no
9-EO2oCAGA4_009,data/raw/CMU-MOSEI/segments/9-EO2oCAGA4_009.mp4,no
9-EO2oCAGA4_010,data/raw/CMU-MOSEI/segments/9-EO2oCAGA4_010.mp4,no
9-EO2oCAGA4_011,data/raw/CMU-MOSEI/segments/9-EO2oCAGA4_011.mp4,no
9-K1CXCXui4_000,data/raw/CMU-MOSEI/segments/9-K1CXCXui4_000.mp4,no
9-K1CXCXui4_003,data/raw/CMU-MOSEI/segments/9-K1CXCXui4_003.mp4,no
9-K1CXCXui4_004,data/raw/CMU-MOSEI/segments/9-K1CXCXui4_004.mp4,no
9-K1CXCXui4_008,data/raw/CMU-MOSEI/segments/9-K1CXCXui4_008.mp4,no
9-K1CXCXui4_010,data/raw/CMU-MOSEI/segments/9-K1CXCXui4_010.mp4,no
9-K1CXCXui4_013,data/raw/CMU-MOSEI/segments/9-K1CXCXui4_013.mp4,no
9-K1CXCXui4_016,data/raw/CMU-MOSEI/segments/9-K1CXCXui4_016.mp4,no
90wZz0thye4_000,data/raw/CMU-MOSEI/segments/90wZz0thye4_000.mp4,no
90wZz0thye4_001,data/raw/CMU-MOSEI/segments/90wZz0thye4_001.mp4,no
90wZz0thye4_004,data/raw/CMU-MOSEI/segments/90wZz0thye4_004.mp4,no
90wZz0thye4_005,data/raw/CMU-MOSEI/segments/90wZz0thye4_005.mp4,no
92tWNUhG9DY_000,data/raw/CMU-MOSEI/segments/92tWNUhG9DY_000.mp4,no
92tWNUhG9DY_001,data/raw/CMU-MOSEI/segments/92tWNUhG9DY_001.mp4,no
92tWNUhG9DY_003,data/raw/CMU-MOSEI/segments/92tWNUhG9DY_003.mp4,no
92tWNUhG9DY_004,data/raw/CMU-MOSEI/segments/92tWNUhG9DY_004.mp4,no
92tWNUhG9DY_005,data/raw/CMU-MOSEI/segments/92tWNUhG9DY_005.mp4,no
92tWNUhG9DY_006,data/raw/CMU-MOSEI/segments/92tWNUhG9DY_006.mp4,no
94ULum9MYX0_000,data/raw/CMU-MOSEI/segments/94ULum9MYX0_000.mp4,no
95mDHiLeDCM_000,data/raw/CMU-MOSEI/segments/95mDHiLeDCM_000.mp4,yes
95mDHiLeDCM_001,data/raw/CMU-MOSEI/segments/95mDHiLeDCM_001.mp4,yes
95mDHiLeDCM_002,data/raw/CMU-MOSEI/segments/95mDHiLeDCM_002.mp4,yes
95mDHiLeDCM_003,data/raw/CMU-MOSEI/segments/95mDHiLeDCM_003.mp4,yes
97ENTofrmNo_001,data/raw/CMU-MOSEI/segments/97ENTofrmNo_001.mp4,no
97ENTofrmNo_003,data/raw/CMU-MOSEI/segments/97ENTofrmNo_003.mp4,no
984VkHzXl8w_000,data/raw/CMU-MOSEI/segments/984VkHzXl8w_000.mp4,no
984VkHzXl8w_001,data/raw/CMU-MOSEI/segments/984VkHzXl8w_001.mp4,no
984VkHzXl8w_002,data/raw/CMU-MOSEI/segments/984VkHzXl8w_002.mp4,no
984VkHzXl8w_003,data/raw/CMU-MOSEI/segments/984VkHzXl8w_003.mp4,no
984VkHzXl8w_005,data/raw/CMU-MOSEI/segments/984VkHzXl8w_005.mp4,no
9bAgEmihzLs_000,data/raw/CMU-MOSEI/segments/9bAgEmihzLs_000.mp4,yes
9bAgEmihzLs_002,data/raw/CMU-MOSEI/segments/9bAgEmihzLs_002.mp4,yes
9BceQC_SdTM_002,data/raw/CMU-MOSEI/segments/9BceQC_SdTM_002.mp4,yes
9cSJglGi9Pg_000,data/raw/CMU-MOSEI/segments/9cSJglGi9Pg_000.mp4,no
9cSJglGi9Pg_001,data/raw/CMU-MOSEI/segments/9cSJglGi9Pg_001.mp4,no
9cSJglGi9Pg_002,data/raw/CMU-MOSEI/segments/9cSJglGi9Pg_002.mp4,no
9cSJglGi9Pg_003,data/raw/CMU-MOSEI/segments/9cSJglGi9Pg_003.mp4,no
9cSJglGi9Pg_004,data/raw/CMU-MOSEI/segments/9cSJglGi9Pg_004.mp4,no
9cSJglGi9Pg_005,data/raw/CMU-MOSEI/segments/9cSJglGi9Pg_005.mp4,no
9cSJglGi9Pg_007,data/raw/CMU-MOSEI/segments/9cSJglGi9Pg_007.mp4,no
9cSJglGi9Pg_008,data/raw/CMU-MOSEI/segments/9cSJglGi9Pg_008.mp4,no
9cSJglGi9Pg_010,data/raw/CMU-MOSEI/segments/9cSJglGi9Pg_010.mp4,no
9cSJglGi9Pg_012,data/raw/CMU-MOSEI/segments/9cSJglGi9Pg_012.mp4,no
9cSJglGi9Pg_013,data/raw/CMU-MOSEI/segments/9cSJglGi9Pg_013.mp4,no
9cxlcpbmrH0_001,data/raw/CMU-MOSEI/segments/9cxlcpbmrH0_001.mp4,no
9cxlcpbmrH0_003,data/raw/CMU-MOSEI/segments/9cxlcpbmrH0_003.mp4,no
9cxlcpbmrH0_005,data/raw/CMU-MOSEI/segments/9cxlcpbmrH0_005.mp4,no
9cxlcpbmrH0_008,data/raw/CMU-MOSEI/segments/9cxlcpbmrH0_008.mp4,no
9f6A3ucYArQ_000,data/raw/CMU-MOSEI/segments/9f6A3ucYArQ_000.mp4,no
9f6A3ucYArQ_001,data/raw/CMU-MOSEI/segments/9f6A3ucYArQ_001.mp4,no
9f6A3ucYArQ_002,data/raw/CMU-MOSEI/segments/9f6A3ucYArQ_002.mp4,no
9f6A3ucYArQ_003,data/raw/CMU-MOSEI/segments/9f6A3ucYArQ_003.mp4,no
9GzFQBljNIY_000,data/raw/CMU-MOSEI/segments/9GzFQBljNIY_000.mp4,no
9GzFQBljNIY_001,data/raw/CMU-MOSEI/segments/9GzFQBljNIY_001.mp4,no
9GzFQBljNIY_002,data/raw/CMU-MOSEI/segments/9GzFQBljNIY_002.mp4,no
9GzFQBljNIY_003,data/raw/CMU-MOSEI/segments/9GzFQBljNIY_003.mp4,no
9GzFQBljNIY_004,data/raw/CMU-MOSEI/segments/9GzFQBljNIY_004.mp4,no
9GzFQBljNIY_005,data/raw/CMU-MOSEI/segments/9GzFQBljNIY_005.mp4,no
9JqwFRCTKOM_000,data/raw/CMU-MOSEI/segments/9JqwFRCTKOM_000.mp4,yes
9K4aWWoXuyU_000,data/raw/CMU-MOSEI/segments/9K4aWWoXuyU_000.mp4,no
9K5mYSaoBL4_002,data/raw/CMU-MOSEI/segments/9K5mYSaoBL4_002.mp4,no
9K5mYSaoBL4_003,data/raw/CMU-MOSEI/segments/9K5mYSaoBL4_003.mp4,no
9K5mYSaoBL4_004,data/raw/CMU-MOSEI/segments/9K5mYSaoBL4_004.mp4,no
9K5mYSaoBL4_005,data/raw/CMU-MOSEI/segments/9K5mYSaoBL4_005.mp4,no
9K5mYSaoBL4_006,data/raw/CMU-MOSEI/segments/9K5mYSaoBL4_006.mp4,no
9K5mYSaoBL4_007,data/raw/CMU-MOSEI/segments/9K5mYSaoBL4_007.mp4,no
9kLNVTm3Z90_000,data/raw/CMU-MOSEI/segments/9kLNVTm3Z90_000.mp4,no
9kLNVTm3Z90_001,data/raw/CMU-MOSEI/segments/9kLNVTm3Z90_001.mp4,no
9orb0lQnVW4_000,data/raw/CMU-MOSEI/segments/9orb0lQnVW4_000.mp4,no
9OY3NU2ycVw_001,data/raw/CMU-MOSEI/segments/9OY3NU2ycVw_001.mp4,yes
9OY3NU2ycVw_003,data/raw/CMU-MOSEI/segments/9OY3NU2ycVw_003.mp4,yes
9OY3NU2ycVw_004,data/raw/CMU-MOSEI/segments/9OY3NU2ycVw_004.mp4,yes
9OY3NU2ycVw_005,data/raw/CMU-MOSEI/segments/9OY3NU2ycVw_005.mp4,yes
9OY3NU2ycVw_006,data/raw/CMU-MOSEI/segments/9OY3NU2ycVw_006.mp4,yes
9OY3NU2ycVw_007,data/raw/CMU-MOSEI/segments/9OY3NU2ycVw_007.mp4,yes
9OY3NU2ycVw_008,data/raw/CMU-MOSEI/segments/9OY3NU2ycVw_008.mp4,yes
9pdyTplXwM4_000,data/raw/CMU-MOSEI/segments/9pdyTplXwM4_000.mp4,no
9pdyTplXwM4_001,data/raw/CMU-MOSEI/segments/9pdyTplXwM4_001.mp4,no
9pdyTplXwM4_002,data/raw/CMU-MOSEI/segments/9pdyTplXwM4_002.mp4,no
9pdyTplXwM4_003,data/raw/CMU-MOSEI/segments/9pdyTplXwM4_003.mp4,no
9pdyTplXwM4_004,data/raw/CMU-MOSEI/segments/9pdyTplXwM4_004.mp4,no
9pdyTplXwM4_005,data/raw/CMU-MOSEI/segments/9pdyTplXwM4_005.mp4,no
9pdyTplXwM4_006,data/raw/CMU-MOSEI/segments/9pdyTplXwM4_006.mp4,no
9pzn93kdP_g_000,data/raw/CMU-MOSEI/segments/9pzn93kdP_g_000.mp4,no
9pzn93kdP_g_005,data/raw/CMU-MOSEI/segments/9pzn93kdP_g_005.mp4,no
9pzn93kdP_g_006,data/raw/CMU-MOSEI/segments/9pzn93kdP_g_006.mp4,no
9pzn93kdP_g_008,data/raw/CMU-MOSEI/segments/9pzn93kdP_g_008.mp4,no
9PzZSheh10U_000,data/raw/CMU-MOSEI/segments/9PzZSheh10U_000.mp4,no
9PzZSheh10U_001,data/raw/CMU-MOSEI/segments/9PzZSheh10U_001.mp4,no
9PzZSheh10U_002,data/raw/CMU-MOSEI/segments/9PzZSheh10U_002.mp4,no
9PzZSheh10U_004,data/raw/CMU-MOSEI/segments/9PzZSheh10U_004.mp4,no
9PzZSheh10U_006,data/raw/CMU-MOSEI/segments/9PzZSheh10U_006.mp4,no
9PzZSheh10U_007,data/raw/CMU-MOSEI/segments/9PzZSheh10U_007.mp4,no
9PzZSheh10U_009,data/raw/CMU-MOSEI/segments/9PzZSheh10U_009.mp4,no
9PzZSheh10U_010,data/raw/CMU-MOSEI/segments/9PzZSheh10U_010.mp4,no
9PzZSheh10U_011,data/raw/CMU-MOSEI/segments/9PzZSheh10U_011.mp4,no
9PzZSheh10U_012,data/raw/CMU-MOSEI/segments/9PzZSheh10U_012.mp4,no
9PzZSheh10U_013,data/raw/CMU-MOSEI/segments/9PzZSheh10U_013.mp4,no
9PzZSheh10U_014,data/raw/CMU-MOSEI/segments/9PzZSheh10U_014.mp4,no
9PzZSheh10U_018,data/raw/CMU-MOSEI/segments/9PzZSheh10U_018.mp4,no
9PzZSheh10U_019,data/raw/CMU-MOSEI/segments/9PzZSheh10U_019.mp4,no
9PzZSheh10U_020,data/raw/CMU-MOSEI/segments/9PzZSheh10U_020.mp4,no
9PzZSheh10U_021,data/raw/CMU-MOSEI/segments/9PzZSheh10U_021.mp4,no
9PzZSheh10U_022,data/raw/CMU-MOSEI/segments/9PzZSheh10U_022.mp4,no
9PzZSheh10U_023,data/raw/CMU-MOSEI/segments/9PzZSheh10U_023.mp4,no
9PzZSheh10U_024,data/raw/CMU-MOSEI/segments/9PzZSheh10U_024.mp4,no
9PzZSheh10U_025,data/raw/CMU-MOSEI/segments/9PzZSheh10U_025.mp4,no
9PzZSheh10U_027,data/raw/CMU-MOSEI/segments/9PzZSheh10U_027.mp4,no
9PzZSheh10U_028,data/raw/CMU-MOSEI/segments/9PzZSheh10U_028.mp4,no
9PzZSheh10U_029,data/raw/CMU-MOSEI/segments/9PzZSheh10U_029.mp4,no
9PzZSheh10U_030,data/raw/CMU-MOSEI/segments/9PzZSheh10U_030.mp4,no
9QI-9w_VdB4_001,data/raw/CMU-MOSEI/segments/9QI-9w_VdB4_001.mp4,no
9QI-9w_VdB4_002,data/raw/CMU-MOSEI/segments/9QI-9w_VdB4_002.mp4,no
9Un1O2ypJmI_002,data/raw/CMU-MOSEI/segments/9Un1O2ypJmI_002.mp4,yes
9zBj8VkRBpE_000,data/raw/CMU-MOSEI/segments/9zBj8VkRBpE_000.mp4,no
9zBj8VkRBpE_003,data/raw/CMU-MOSEI/segments/9zBj8VkRBpE_003.mp4,no
9zBj8VkRBpE_004,data/raw/CMU-MOSEI/segments/9zBj8VkRBpE_004.mp4,no
9zWeMrfr-l0_000,data/raw/CMU-MOSEI/segments/9zWeMrfr-l0_000.mp4,yes
9zWeMrfr-l0_002,data/raw/CMU-MOSEI/segments/9zWeMrfr-l0_002.mp4,yes
9zWeMrfr-l0_003,data/raw/CMU-MOSEI/segments/9zWeMrfr-l0_003.mp4,yes
9zWeMrfr-l0_004,data/raw/CMU-MOSEI/segments/9zWeMrfr-l0_004.mp4,yes
_1nvuNk7EFY_001,data/raw/CMU-MOSEI/segments/_1nvuNk7EFY_001.mp4,no
_1nvuNk7EFY_003,data/raw/CMU-MOSEI/segments/_1nvuNk7EFY_003.mp4,no
_1nvuNk7EFY_005,data/raw/CMU-MOSEI/segments/_1nvuNk7EFY_005.mp4,no
_1nvuNk7EFY_007,data/raw/CMU-MOSEI/segments/_1nvuNk7EFY_007.mp4,no
_1nvuNk7EFY_010,data/raw/CMU-MOSEI/segments/_1nvuNk7EFY_010.mp4,no
_1nvuNk7EFY_011,data/raw/CMU-MOSEI/segments/_1nvuNk7EFY_011.mp4,no
_BMdEKNF5Js_000,data/raw/CMU-MOSEI/segments/_BMdEKNF5Js_000.mp4,no
A2E78CGi5TU_000,data/raw/CMU-MOSEI/segments/A2E78CGi5TU_000.mp4,no
A2E78CGi5TU_002,data/raw/CMU-MOSEI/segments/A2E78CGi5TU_002.mp4,no
A2E78CGi5TU_004,data/raw/CMU-MOSEI/segments/A2E78CGi5TU_004.mp4,no
A2E78CGi5TU_005,data/raw/CMU-MOSEI/segments/A2E78CGi5TU_005.mp4,no
A2E78CGi5TU_006,data/raw/CMU-MOSEI/segments/A2E78CGi5TU_006.mp4,no
A2E78CGi5TU_007,data/raw/CMU-MOSEI/segments/A2E78CGi5TU_007.mp4,no
A2E78CGi5TU_008,data/raw/CMU-MOSEI/segments/A2E78CGi5TU_008.mp4,no
A6R6J8SJtBc_001,data/raw/CMU-MOSEI/segments/A6R6J8SJtBc_001.mp4,no
a7HHg_JygJo_002,data/raw/CMU-MOSEI/segments/a7HHg_JygJo_002.mp4,no
a7HHg_JygJo_004,data/raw/CMU-MOSEI/segments/a7HHg_JygJo_004.mp4,no
a7HHg_JygJo_005,data/raw/CMU-MOSEI/segments/a7HHg_JygJo_005.mp4,no
a7HHg_JygJo_006,data/raw/CMU-MOSEI/segments/a7HHg_JygJo_006.mp4,no
A8plGi4rbxM_000,data/raw/CMU-MOSEI/segments/A8plGi4rbxM_000.mp4,no
A8plGi4rbxM_001,data/raw/CMU-MOSEI/segments/A8plGi4rbxM_001.mp4,no
A8plGi4rbxM_002,data/raw/CMU-MOSEI/segments/A8plGi4rbxM_002.mp4,no
a8UMRrUjavI_000,data/raw/CMU-MOSEI/segments/a8UMRrUjavI_000.mp4,no
a8UMRrUjavI_001,data/raw/CMU-MOSEI/segments/a8UMRrUjavI_001.mp4,no
a8UMRrUjavI_002,data/raw/CMU-MOSEI/segments/a8UMRrUjavI_002.mp4,no
a8UMRrUjavI_003,data/raw/CMU-MOSEI/segments/a8UMRrUjavI_003.mp4,no
a8UMRrUjavI_004,data/raw/CMU-MOSEI/segments/a8UMRrUjavI_004.mp4,no
a8UMRrUjavI_005,data/raw/CMU-MOSEI/segments/a8UMRrUjavI_005.mp4,no
a8WV5KEMKSw_003,data/raw/CMU-MOSEI/segments/a8WV5KEMKSw_003.mp4,no
a8WV5KEMKSw_004,data/raw/CMU-MOSEI/segments/a8WV5KEMKSw_004.mp4,no
aa2MEQ6FL7k_000,data/raw/CMU-MOSEI/segments/aa2MEQ6FL7k_000.mp4,no
aa2MEQ6FL7k_002,data/raw/CMU-MOSEI/segments/aa2MEQ6FL7k_002.mp4,no
aa2MEQ6FL7k_003,data/raw/CMU-MOSEI/segments/aa2MEQ6FL7k_003.mp4,no
aa2MEQ6FL7k_004,data/raw/CMU-MOSEI/segments/aa2MEQ6FL7k_004.mp4,no
AB1PbMaW03s_000,data/raw/CMU-MOSEI/segments/AB1PbMaW03s_000.mp4,no
AB1PbMaW03s_001,data/raw/CMU-MOSEI/segments/AB1PbMaW03s_001.mp4,no
AB1PbMaW03s_002,data/raw/CMU-MOSEI/segments/AB1PbMaW03s_002.mp4,no
AB1PbMaW03s_003,data/raw/CMU-MOSEI/segments/AB1PbMaW03s_003.mp4,no
AB1PbMaW03s_005,data/raw/CMU-MOSEI/segments/AB1PbMaW03s_005.mp4,no
AB1PbMaW03s_006,data/raw/CMU-MOSEI/segments/AB1PbMaW03s_006.mp4,no
AB1PbMaW03s_007,data/raw/CMU-MOSEI/segments/AB1PbMaW03s_007.mp4,no
AB1PbMaW03s_009,data/raw/CMU-MOSEI/segments/AB1PbMaW03s_009.mp4,no
AB1PbMaW03s_010,data/raw/CMU-MOSEI/segments/AB1PbMaW03s_010.mp4,no
AcoRjVPIVmQ_000,data/raw/CMU-MOSEI/segments/AcoRjVPIVmQ_000.mp4,no
AcoRjVPIVmQ_001,data/raw/CMU-MOSEI/segments/AcoRjVPIVmQ_001.mp4,no
aDvgbBqTWWE_000,data/raw/CMU-MOSEI/segments/aDvgbBqTWWE_000.mp4,no
aDvgbBqTWWE_001,data/raw/CMU-MOSEI/segments/aDvgbBqTWWE_001.mp4,no
aDvgbBqTWWE_002,data/raw/CMU-MOSEI/segments/aDvgbBqTWWE_002.mp4,no
aDvgbBqTWWE_003,data/raw/CMU-MOSEI/segments/aDvgbBqTWWE_003.mp4,no
aDvgbBqTWWE_004,data/raw/CMU-MOSEI/segments/aDvgbBqTWWE_004.mp4,no
aDvgbBqTWWE_005,data/raw/CMU-MOSEI/segments/aDvgbBqTWWE_005.mp4,no
ADYia28RrFU_000,data/raw/CMU-MOSEI/segments/ADYia28RrFU_000.mp4,yes
ADYia28RrFU_001,data/raw/CMU-MOSEI/segments/ADYia28RrFU_001.mp4,yes
ADYia28RrFU_002,data/raw/CMU-MOSEI/segments/ADYia28RrFU_002.mp4,yes
ADYia28RrFU_003,data/raw/CMU-MOSEI/segments/ADYia28RrFU_003.mp4,yes
ADYia28RrFU_004,data/raw/CMU-MOSEI/segments/ADYia28RrFU_004.mp4,yes
ADYia28RrFU_007,data/raw/CMU-MOSEI/segments/ADYia28RrFU_007.mp4,yes
aE7sckIAWuw_000,data/raw/CMU-MOSEI/segments/aE7sckIAWuw_000.mp4,no
aE7sckIAWuw_001,data/raw/CMU-MOSEI/segments/aE7sckIAWuw_001.mp4,no
aE7sckIAWuw_002,data/raw/CMU-MOSEI/segments/aE7sckIAWuw_002.mp4,no
aE7sckIAWuw_003,data/raw/CMU-MOSEI/segments/aE7sckIAWuw_003.mp4,no
aE7sckIAWuw_004,data/raw/CMU-MOSEI/segments/aE7sckIAWuw_004.mp4,no
aEaM_LOI-BM_001,data/raw/CMU-MOSEI/segments/aEaM_LOI-BM_001.mp4,no
aEaM_LOI-BM_003,data/raw/CMU-MOSEI/segments/aEaM_LOI-BM_003.mp4,no
aEaM_LOI-BM_005,data/raw/CMU-MOSEI/segments/aEaM_LOI-BM_005.mp4,no
aFhc2ddipoM_000,data/raw/CMU-MOSEI/segments/aFhc2ddipoM_000.mp4,no
aFhc2ddipoM_004,data/raw/CMU-MOSEI/segments/aFhc2ddipoM_004.mp4,no
aFhc2ddipoM_005,data/raw/CMU-MOSEI/segments/aFhc2ddipoM_005.mp4,no
aFhc2ddipoM_006,data/raw/CMU-MOSEI/segments/aFhc2ddipoM_006.mp4,no
aFhT0px8AMw_000,data/raw/CMU-MOSEI/segments/aFhT0px8AMw_000.mp4,no
aFjMWlR1QAY_000,data/raw/CMU-MOSEI/segments/aFjMWlR1QAY_000.mp4,no
aFjMWlR1QAY_001,data/raw/CMU-MOSEI/segments/aFjMWlR1QAY_001.mp4,no
aFjMWlR1QAY_002,data/raw/CMU-MOSEI/segments/aFjMWlR1QAY_002.mp4,no
aFjMWlR1QAY_003,data/raw/CMU-MOSEI/segments/aFjMWlR1QAY_003.mp4,no
aFjMWlR1QAY_004,data/raw/CMU-MOSEI/segments/aFjMWlR1QAY_004.mp4,no
aFjMWlR1QAY_005,data/raw/CMU-MOSEI/segments/aFjMWlR1QAY_005.mp4,no
aFjMWlR1QAY_006,data/raw/CMU-MOSEI/segments/aFjMWlR1QAY_006.mp4,no
aFjMWlR1QAY_007,data/raw/CMU-MOSEI/segments/aFjMWlR1QAY_007.mp4,no
aFjMWlR1QAY_008,data/raw/CMU-MOSEI/segments/aFjMWlR1QAY_008.mp4,no
aFjMWlR1QAY_009,data/raw/CMU-MOSEI/segments/aFjMWlR1QAY_009.mp4,no
aFjMWlR1QAY_010,data/raw/CMU-MOSEI/segments/aFjMWlR1QAY_010.mp4,no
aFjMWlR1QAY_012,data/raw/CMU-MOSEI/segments/aFjMWlR1QAY_012.mp4,no
AgH84SNRx5s_000,data/raw/CMU-MOSEI/segments/AgH84SNRx5s_000.mp4,no
AgH84SNRx5s_001,data/raw/CMU-MOSEI/segments/AgH84SNRx5s_001.mp4,no
AGM-hNupJik_000,data/raw/CMU-MOSEI/segments/AGM-hNupJik_000.mp4,no
ahcAFnY6iAY_000,data/raw/CMU-MOSEI/segments/ahcAFnY6iAY_000.mp4,no
ahG9c_uaf8s_002,data/raw/CMU-MOSEI/segments/ahG9c_uaf8s_002.mp4,no
AHiA9hohKr8_000,data/raw/CMU-MOSEI/segments/AHiA9hohKr8_000.mp4,no
AHiA9hohKr8_001,data/raw/CMU-MOSEI/segments/AHiA9hohKr8_001.mp4,no
AHiA9hohKr8_002,data/raw/CMU-MOSEI/segments/AHiA9hohKr8_002.mp4,no
AHiA9hohKr8_003,data/raw/CMU-MOSEI/segments/AHiA9hohKr8_003.mp4,no
AHiA9hohKr8_004,data/raw/CMU-MOSEI/segments/AHiA9hohKr8_004.mp4,no
AHiA9hohKr8_006,data/raw/CMU-MOSEI/segments/AHiA9hohKr8_006.mp4,no
aiUq5xksJy0_000,data/raw/CMU-MOSEI/segments/aiUq5xksJy0_000.mp4,no
aiUq5xksJy0_001,data/raw/CMU-MOSEI/segments/aiUq5xksJy0_001.mp4,no
aiUq5xksJy0_002,data/raw/CMU-MOSEI/segments/aiUq5xksJy0_002.mp4,no
aiUq5xksJy0_003,data/raw/CMU-MOSEI/segments/aiUq5xksJy0_003.mp4,no
aiUq5xksJy0_004,data/raw/CMU-MOSEI/segments/aiUq5xksJy0_004.mp4,no
aiUq5xksJy0_006,data/raw/CMU-MOSEI/segments/aiUq5xksJy0_006.mp4,no
aiUq5xksJy0_007,data/raw/CMU-MOSEI/segments/aiUq5xksJy0_007.mp4,no
AKofHsmxa1I_003,data/raw/CMU-MOSEI/segments/AKofHsmxa1I_003.mp4,no
aKPfbyW-Qxw_005,data/raw/CMU-MOSEI/segments/aKPfbyW-Qxw_005.mp4,no
aKPfbyW-Qxw_008,data/raw/CMU-MOSEI/segments/aKPfbyW-Qxw_008.mp4,no
AlJX3Jw3xKk_000,data/raw/CMU-MOSEI/segments/AlJX3Jw3xKk_000.mp4,yes
AlmUwZgY6bs_000,data/raw/CMU-MOSEI/segments/AlmUwZgY6bs_000.mp4,yes
AmGocfFQfVE_001,data/raw/CMU-MOSEI/segments/AmGocfFQfVE_001.mp4,no
AmGocfFQfVE_003,data/raw/CMU-MOSEI/segments/AmGocfFQfVE_003.mp4,no
aMtFBGh2wKI_002,data/raw/CMU-MOSEI/segments/aMtFBGh2wKI_002.mp4,no
aMtFBGh2wKI_003,data/raw/CMU-MOSEI/segments/aMtFBGh2wKI_003.mp4,no
aMtFBGh2wKI_004,data/raw/CMU-MOSEI/segments/aMtFBGh2wKI_004.mp4,no
An8x4UfwZ7k_000,data/raw/CMU-MOSEI/segments/An8x4UfwZ7k_000.mp4,no
ap465Tlzf88_000,data/raw/CMU-MOSEI/segments/ap465Tlzf88_000.mp4,no
APYv5s4ucd0_000,data/raw/CMU-MOSEI/segments/APYv5s4ucd0_000.mp4,no
APYv5s4ucd0_001,data/raw/CMU-MOSEI/segments/APYv5s4ucd0_001.mp4,no
aqmRPNfeOy8_003,data/raw/CMU-MOSEI/segments/aqmRPNfeOy8_003.mp4,no
Arh2TKRi_mg_001,data/raw/CMU-MOSEI/segments/Arh2TKRi_mg_001.mp4,no
Arh2TKRi_mg_003,data/raw/CMU-MOSEI/segments/Arh2TKRi_mg_003.mp4,no
Arh2TKRi_mg_006,data/raw/CMU-MOSEI/segments/Arh2TKRi_mg_006.mp4,no
Arh2TKRi_mg_007,data/raw/CMU-MOSEI/segments/Arh2TKRi_mg_007.mp4,no
Arh2TKRi_mg_009,data/raw/CMU-MOSEI/segments/Arh2TKRi_mg_009.mp4,no
Arh2TKRi_mg_010,data/raw/CMU-MOSEI/segments/Arh2TKRi_mg_010.mp4,no
ARNWtLCbfW4_000,data/raw/CMU-MOSEI/segments/ARNWtLCbfW4_000.mp4,no
ARNWtLCbfW4_001,data/raw/CMU-MOSEI/segments/ARNWtLCbfW4_001.mp4,no
ARNWtLCbfW4_003,data/raw/CMU-MOSEI/segments/ARNWtLCbfW4_003.mp4,no
ARNWtLCbfW4_005,data/raw/CMU-MOSEI/segments/ARNWtLCbfW4_005.mp4,no
AsrhHuCfvF4_001,data/raw/CMU-MOSEI/segments/AsrhHuCfvF4_001.mp4,no
asWraTfIqq0_000,data/raw/CMU-MOSEI/segments/asWraTfIqq0_000.mp4,no
asWraTfIqq0_001,data/raw/CMU-MOSEI/segments/asWraTfIqq0_001.mp4,no
asWraTfIqq0_002,data/raw/CMU-MOSEI/segments/asWraTfIqq0_002.mp4,no
asWraTfIqq0_003,data/raw/CMU-MOSEI/segments/asWraTfIqq0_003.mp4,no
asWraTfIqq0_004,data/raw/CMU-MOSEI/segments/asWraTfIqq0_004.mp4,no
asWraTfIqq0_005,data/raw/CMU-MOSEI/segments/asWraTfIqq0_005.mp4,no
asWraTfIqq0_006,data/raw/CMU-MOSEI/segments/asWraTfIqq0_006.mp4,no
asWraTfIqq0_007,data/raw/CMU-MOSEI/segments/asWraTfIqq0_007.mp4,no
asWraTfIqq0_009,data/raw/CMU-MOSEI/segments/asWraTfIqq0_009.mp4,no
ATfnMuJJDkk_000,data/raw/CMU-MOSEI/segments/ATfnMuJJDkk_000.mp4,no
ATfnMuJJDkk_002,data/raw/CMU-MOSEI/segments/ATfnMuJJDkk_002.mp4,no
ATfnMuJJDkk_003,data/raw/CMU-MOSEI/segments/ATfnMuJJDkk_003.mp4,no
ATfnMuJJDkk_005,data/raw/CMU-MOSEI/segments/ATfnMuJJDkk_005.mp4,no
ATfnMuJJDkk_006,data/raw/CMU-MOSEI/segments/ATfnMuJJDkk_006.mp4,no
ATfnMuJJDkk_007,data/raw/CMU-MOSEI/segments/ATfnMuJJDkk_007.mp4,no
ATfnMuJJDkk_008,data/raw/CMU-MOSEI/segments/ATfnMuJJDkk_008.mp4,no
atxoi7pB5TM_001,data/raw/CMU-MOSEI/segments/atxoi7pB5TM_001.mp4,no
atxoi7pB5TM_002,data/raw/CMU-MOSEI/segments/atxoi7pB5TM_002.mp4,no
auTpzciNgls_000,data/raw/CMU-MOSEI/segments/auTpzciNgls_000.mp4,no
auTpzciNgls_001,data/raw/CMU-MOSEI/segments/auTpzciNgls_001.mp4,no
AVScVfLgNmw_000,data/raw/CMU-MOSEI/segments/AVScVfLgNmw_000.mp4,no
AVScVfLgNmw_003,data/raw/CMU-MOSEI/segments/AVScVfLgNmw_003.mp4,no
AVScVfLgNmw_004,data/raw/CMU-MOSEI/segments/AVScVfLgNmw_004.mp4,no
AVScVfLgNmw_005,data/raw/CMU-MOSEI/segments/AVScVfLgNmw_005.mp4,no
AVScVfLgNmw_006,data/raw/CMU-MOSEI/segments/AVScVfLgNmw_006.mp4,no
aYdMtEO0cbI_000,data/raw/CMU-MOSEI/segments/aYdMtEO0cbI_000.mp4,no
aYdMtEO0cbI_001,data/raw/CMU-MOSEI/segments/aYdMtEO0cbI_001.mp4,no
b-FX9NOVQOM_000,data/raw/CMU-MOSEI/segments/b-FX9NOVQOM_000.mp4,no
b-FX9NOVQOM_002,data/raw/CMU-MOSEI/segments/b-FX9NOVQOM_002.mp4,no
b-FX9NOVQOM_003,data/raw/CMU-MOSEI/segments/b-FX9NOVQOM_003.mp4,no
B1B71X_SmwY_001,data/raw/CMU-MOSEI/segments/B1B71X_SmwY_001.mp4,no
B1B71X_SmwY_005,data/raw/CMU-MOSEI/segments/B1B71X_SmwY_005.mp4,no
B1B71X_SmwY_007,data/raw/CMU-MOSEI/segments/B1B71X_SmwY_007.mp4,no
B1B71X_SmwY_010,data/raw/CMU-MOSEI/segments/B1B71X_SmwY_010.mp4,no
B1B71X_SmwY_012,data/raw/CMU-MOSEI/segments/B1B71X_SmwY_012.mp4,no
B1B71X_SmwY_014,data/raw/CMU-MOSEI/segments/B1B71X_SmwY_014.mp4,no
B1B71X_SmwY_017,data/raw/CMU-MOSEI/segments/B1B71X_SmwY_017.mp4,no
b7DK08bWU6c_000,data/raw/CMU-MOSEI/segments/b7DK08bWU6c_000.mp4,no
b86B3hP8ARM_000,data/raw/CMU-MOSEI/segments/b86B3hP8ARM_000.mp4,no
b8xmgi4VV0M_002,data/raw/CMU-MOSEI/segments/b8xmgi4VV0M_002.mp4,no
b8xmgi4VV0M_003,data/raw/CMU-MOSEI/segments/b8xmgi4VV0M_003.mp4,no
b8xmgi4VV0M_005,data/raw/CMU-MOSEI/segments/b8xmgi4VV0M_005.mp4,no
b8xmgi4VV0M_008,data/raw/CMU-MOSEI/segments/b8xmgi4VV0M_008.mp4,no
babuyKl7EAw_000,data/raw/CMU-MOSEI/segments/babuyKl7EAw_000.mp4,no
babuyKl7EAw_001,data/raw/CMU-MOSEI/segments/babuyKl7EAw_001.mp4,no
babuyKl7EAw_003,data/raw/CMU-MOSEI/segments/babuyKl7EAw_003.mp4,no
babuyKl7EAw_004,data/raw/CMU-MOSEI/segments/babuyKl7EAw_004.mp4,no
babuyKl7EAw_005,data/raw/CMU-MOSEI/segments/babuyKl7EAw_005.mp4,no
babuyKl7EAw_006,data/raw/CMU-MOSEI/segments/babuyKl7EAw_006.mp4,no
babuyKl7EAw_008,data/raw/CMU-MOSEI/segments/babuyKl7EAw_008.mp4,no
babuyKl7EAw_011,data/raw/CMU-MOSEI/segments/babuyKl7EAw_011.mp4,no
badtXoOJaf8_000,data/raw/CMU-MOSEI/segments/badtXoOJaf8_000.mp4,no
badtXoOJaf8_001,data/raw/CMU-MOSEI/segments/badtXoOJaf8_001.mp4,no
badtXoOJaf8_002,data/raw/CMU-MOSEI/segments/badtXoOJaf8_002.mp4,no
badtXoOJaf8_003,data/raw/CMU-MOSEI/segments/badtXoOJaf8_003.mp4,no
badtXoOJaf8_004,data/raw/CMU-MOSEI/segments/badtXoOJaf8_004.mp4,no
BaX10vbFhuU_000,data/raw/CMU-MOSEI/segments/BaX10vbFhuU_000.mp4,no
BaX10vbFhuU_001,data/raw/CMU-MOSEI/segments/BaX10vbFhuU_001.mp4,no
Baz0VVQ-E9E_000,data/raw/CMU-MOSEI/segments/Baz0VVQ-E9E_000.mp4,no
Baz0VVQ-E9E_001,data/raw/CMU-MOSEI/segments/Baz0VVQ-E9E_001.mp4,no
Baz0VVQ-E9E_002,data/raw/CMU-MOSEI/segments/Baz0VVQ-E9E_002.mp4,no
Baz0VVQ-E9E_003,data/raw/CMU-MOSEI/segments/Baz0VVQ-E9E_003.mp4,no
Baz0VVQ-E9E_004,data/raw/CMU-MOSEI/segments/Baz0VVQ-E9E_004.mp4,no
Baz0VVQ-E9E_005,data/raw/CMU-MOSEI/segments/Baz0VVQ-E9E_005.mp4,no
Baz0VVQ-E9E_006,data/raw/CMU-MOSEI/segments/Baz0VVQ-E9E_006.mp4,no
BBoe8-HWPSw_000,data/raw/CMU-MOSEI/segments/BBoe8-HWPSw_000.mp4,no
BBoe8-HWPSw_001,data/raw/CMU-MOSEI/segments/BBoe8-HWPSw_001.mp4,no
BBoe8-HWPSw_002,data/raw/CMU-MOSEI/segments/BBoe8-HWPSw_002.mp4,no
BBoe8-HWPSw_003,data/raw/CMU-MOSEI/segments/BBoe8-HWPSw_003.mp4,no
BBoe8-HWPSw_005,data/raw/CMU-MOSEI/segments/BBoe8-HWPSw_005.mp4,no
BBoe8-HWPSw_006,data/raw/CMU-MOSEI/segments/BBoe8-HWPSw_006.mp4,no
BBoe8-HWPSw_007,data/raw/CMU-MOSEI/segments/BBoe8-HWPSw_007.mp4,no
BBSVLGf7zPI_000,data/raw/CMU-MOSEI/segments/BBSVLGf7zPI_000.mp4,yes
bCBMKwafZKY_000,data/raw/CMU-MOSEI/segments/bCBMKwafZKY_000.mp4,no
bcns0Gu66D8_000,data/raw/CMU-MOSEI/segments/bcns0Gu66D8_000.mp4,no
bcns0Gu66D8_001,data/raw/CMU-MOSEI/segments/bcns0Gu66D8_001.mp4,no
bcns0Gu66D8_002,data/raw/CMU-MOSEI/segments/bcns0Gu66D8_002.mp4,no
bcns0Gu66D8_003,data/raw/CMU-MOSEI/segments/bcns0Gu66D8_003.mp4,no
bD0FqMn1KXw_002,data/raw/CMU-MOSEI/segments/bD0FqMn1KXw_002.mp4,no
bD0FqMn1KXw_003,data/raw/CMU-MOSEI/segments/bD0FqMn1KXw_003.mp4,no
bD0FqMn1KXw_004,data/raw/CMU-MOSEI/segments/bD0FqMn1KXw_004.mp4,no
bD0FqMn1KXw_006,data/raw/CMU-MOSEI/segments/bD0FqMn1KXw_006.mp4,no
bdFCD-3BCRg_000,data/raw/CMU-MOSEI/segments/bdFCD-3BCRg_000.mp4,no
bdFCD-3BCRg_001,data/raw/CMU-MOSEI/segments/bdFCD-3BCRg_001.mp4,no
bdFCD-3BCRg_004,data/raw/CMU-MOSEI/segments/bdFCD-3BCRg_004.mp4,no
bdFCD-3BCRg_005,data/raw/CMU-MOSEI/segments/bdFCD-3BCRg_005.mp4,no
bdFCD-3BCRg_006,data/raw/CMU-MOSEI/segments/bdFCD-3BCRg_006.mp4,no
bdFCD-3BCRg_008,data/raw/CMU-MOSEI/segments/bdFCD-3BCRg_008.mp4,no
bdFCD-3BCRg_010,data/raw/CMU-MOSEI/segments/bdFCD-3BCRg_010.mp4,no
bdFCD-3BCRg_011,data/raw/CMU-MOSEI/segments/bdFCD-3BCRg_011.mp4,no
bdFCD-3BCRg_012,data/raw/CMU-MOSEI/segments/bdFCD-3BCRg_012.mp4,no
bdFCD-3BCRg_013,data/raw/CMU-MOSEI/segments/bdFCD-3BCRg_013.mp4,no
bdFCD-3BCRg_014,data/raw/CMU-MOSEI/segments/bdFCD-3BCRg_014.mp4,no
bdFCD-3BCRg_015,data/raw/CMU-MOSEI/segments/bdFCD-3BCRg_015.mp4,no
bdFCD-3BCRg_018,data/raw/CMU-MOSEI/segments/bdFCD-3BCRg_018.mp4,no
bdFCD-3BCRg_019,data/raw/CMU-MOSEI/segments/bdFCD-3BCRg_019.mp4,no
bdFCD-3BCRg_020,data/raw/CMU-MOSEI/segments/bdFCD-3BCRg_020.mp4,no
bdFCD-3BCRg_021,data/raw/CMU-MOSEI/segments/bdFCD-3BCRg_021.mp4,no
bdFCD-3BCRg_022,data/raw/CMU-MOSEI/segments/bdFCD-3BCRg_022.mp4,no
bdFCD-3BCRg_023,data/raw/CMU-MOSEI/segments/bdFCD-3BCRg_023.mp4,no
bdFCD-3BCRg_024,data/raw/CMU-MOSEI/segments/bdFCD-3BCRg_024.mp4,no
bdFCD-3BCRg_025,data/raw/CMU-MOSEI/segments/bdFCD-3BCRg_025.mp4,no
BdqoZ5qpz0E_000,data/raw/CMU-MOSEI/segments/BdqoZ5qpz0E_000.mp4,no
BdqoZ5qpz0E_001,data/raw/CMU-MOSEI/segments/BdqoZ5qpz0E_001.mp4,no
BdqoZ5qpz0E_004,data/raw/CMU-MOSEI/segments/BdqoZ5qpz0E_004.mp4,no
BdqoZ5qpz0E_005,data/raw/CMU-MOSEI/segments/BdqoZ5qpz0E_005.mp4,no
BdqoZ5qpz0E_007,data/raw/CMU-MOSEI/segments/BdqoZ5qpz0E_007.mp4,no
BdqoZ5qpz0E_009,data/raw/CMU-MOSEI/segments/BdqoZ5qpz0E_009.mp4,no
BdqoZ5qpz0E_011,data/raw/CMU-MOSEI/segments/BdqoZ5qpz0E_011.mp4,no
BdqoZ5qpz0E_015,data/raw/CMU-MOSEI/segments/BdqoZ5qpz0E_015.mp4,no
bdtwQxwySN0_002,data/raw/CMU-MOSEI/segments/bdtwQxwySN0_002.mp4,no
bdtwQxwySN0_004,data/raw/CMU-MOSEI/segments/bdtwQxwySN0_004.mp4,no
bEXCrGIOoWU_001,data/raw/CMU-MOSEI/segments/bEXCrGIOoWU_001.mp4,no
bfy28AlY-TQ_000,data/raw/CMU-MOSEI/segments/bfy28AlY-TQ_000.mp4,no
Bg-PA5KTjNs_000,data/raw/CMU-MOSEI/segments/Bg-PA5KTjNs_000.mp4,no
Bg-PA5KTjNs_004,data/raw/CMU-MOSEI/segments/Bg-PA5KTjNs_004.mp4,no
Bg-PA5KTjNs_005,data/raw/CMU-MOSEI/segments/Bg-PA5KTjNs_005.mp4,no
Bg-PA5KTjNs_007,data/raw/CMU-MOSEI/segments/Bg-PA5KTjNs_007.mp4,no
Bg-PA5KTjNs_008,data/raw/CMU-MOSEI/segments/Bg-PA5KTjNs_008.mp4,no
bge5PUG3G4A_001,data/raw/CMU-MOSEI/segments/bge5PUG3G4A_001.mp4,no
BgXqrxum5G4_001,data/raw/CMU-MOSEI/segments/BgXqrxum5G4_001.mp4,no
BgXqrxum5G4_002,data/raw/CMU-MOSEI/segments/BgXqrxum5G4_002.mp4,no
BgXqrxum5G4_003,data/raw/CMU-MOSEI/segments/BgXqrxum5G4_003.mp4,no
BgXqrxum5G4_004,data/raw/CMU-MOSEI/segments/BgXqrxum5G4_004.mp4,no
BgXqrxum5G4_005,data/raw/CMU-MOSEI/segments/BgXqrxum5G4_005.mp4,no
BgXqrxum5G4_006,data/raw/CMU-MOSEI/segments/BgXqrxum5G4_006.mp4,no
BgXqrxum5G4_007,data/raw/CMU-MOSEI/segments/BgXqrxum5G4_007.mp4,no
bhFK-xy76U4_000,data/raw/CMU-MOSEI/segments/bhFK-xy76U4_000.mp4,no
bhFK-xy76U4_001,data/raw/CMU-MOSEI/segments/bhFK-xy76U4_001.mp4,no
bhPB19tr-JY_000,data/raw/CMU-MOSEI/segments/bhPB19tr-JY_000.mp4,no
bhPB19tr-JY_002,data/raw/CMU-MOSEI/segments/bhPB19tr-JY_002.mp4,no
bhPB19tr-JY_005,data/raw/CMU-MOSEI/segments/bhPB19tr-JY_005.mp4,no
bJI7-LnKPH4_000,data/raw/CMU-MOSEI/segments/bJI7-LnKPH4_000.mp4,no
bJI7-LnKPH4_001,data/raw/CMU-MOSEI/segments/bJI7-LnKPH4_001.mp4,no
bJI7-LnKPH4_002,data/raw/CMU-MOSEI/segments/bJI7-LnKPH4_002.mp4,no
bJI7-LnKPH4_004,data/raw/CMU-MOSEI/segments/bJI7-LnKPH4_004.mp4,no
bJI7-LnKPH4_005,data/raw/CMU-MOSEI/segments/bJI7-LnKPH4_005.mp4,no
BJS5KCSowgU_001,data/raw/CMU-MOSEI/segments/BJS5KCSowgU_001.mp4,no
bkX5FOX22Tw_000,data/raw/CMU-MOSEI/segments/bkX5FOX22Tw_000.mp4,no
bkX5FOX22Tw_001,data/raw/CMU-MOSEI/segments/bkX5FOX22Tw_001.mp4,no
bkX5FOX22Tw_002,data/raw/CMU-MOSEI/segments/bkX5FOX22Tw_002.mp4,no
bkX5FOX22Tw_004,data/raw/CMU-MOSEI/segments/bkX5FOX22Tw_004.mp4,no
bkX5FOX22Tw_005,data/raw/CMU-MOSEI/segments/bkX5FOX22Tw_005.mp4,no
bkX5FOX22Tw_006,data/raw/CMU-MOSEI/segments/bkX5FOX22Tw_006.mp4,no
BLFUj7_uy_0_002,data/raw/CMU-MOSEI/segments/BLFUj7_uy_0_002.mp4,yes
BLFUj7_uy_0_005,data/raw/CMU-MOSEI/segments/BLFUj7_uy_0_005.mp4,yes
BLFUj7_uy_0_011,data/raw/CMU-MOSEI/segments/BLFUj7_uy_0_011.mp4,yes
BmDybDBTe7o_000,data/raw/CMU-MOSEI/segments/BmDybDBTe7o_000.mp4,no
BmDybDBTe7o_001,data/raw/CMU-MOSEI/segments/BmDybDBTe7o_001.mp4,no
BmDybDBTe7o_002,data/raw/CMU-MOSEI/segments/BmDybDBTe7o_002.mp4,no
BmDybDBTe7o_004,data/raw/CMU-MOSEI/segments/BmDybDBTe7o_004.mp4,no
BmDybDBTe7o_005,data/raw/CMU-MOSEI/segments/BmDybDBTe7o_005.mp4,no
BMhG11CXgww_002,data/raw/CMU-MOSEI/segments/BMhG11CXgww_002.mp4,no
BMhG11CXgww_003,data/raw/CMU-MOSEI/segments/BMhG11CXgww_003.mp4,no
BMhG11CXgww_004,data/raw/CMU-MOSEI/segments/BMhG11CXgww_004.mp4,no
BNaRO9g8ugQ_000,data/raw/CMU-MOSEI/segments/BNaRO9g8ugQ_000.mp4,no
bNQOeiAotbk_000,data/raw/CMU-MOSEI/segments/bNQOeiAotbk_000.mp4,no
bNQOeiAotbk_001,data/raw/CMU-MOSEI/segments/bNQOeiAotbk_001.mp4,no
bNQOeiAotbk_002,data/raw/CMU-MOSEI/segments/bNQOeiAotbk_002.mp4,no
bNQOeiAotbk_008,data/raw/CMU-MOSEI/segments/bNQOeiAotbk_008.mp4,no
bNQOeiAotbk_009,data/raw/CMU-MOSEI/segments/bNQOeiAotbk_009.mp4,no
bNQOeiAotbk_010,data/raw/CMU-MOSEI/segments/bNQOeiAotbk_010.mp4,no
bnzVR2ETQQ8_002,data/raw/CMU-MOSEI/segments/bnzVR2ETQQ8_002.mp4,no
Bo5IDtP8_Fk_002,data/raw/CMU-MOSEI/segments/Bo5IDtP8_Fk_002.mp4,no
Bo5IDtP8_Fk_003,data/raw/CMU-MOSEI/segments/Bo5IDtP8_Fk_003.mp4,no
Bo5IDtP8_Fk_004,data/raw/CMU-MOSEI/segments/Bo5IDtP8_Fk_004.mp4,no
bpvYdXVlgvc_000,data/raw/CMU-MOSEI/segments/bpvYdXVlgvc_000.mp4,no
bpvYdXVlgvc_001,data/raw/CMU-MOSEI/segments/bpvYdXVlgvc_001.mp4,no
bpvYdXVlgvc_002,data/raw/CMU-MOSEI/segments/bpvYdXVlgvc_002.mp4,no
bpvYdXVlgvc_003,data/raw/CMU-MOSEI/segments/bpvYdXVlgvc_003.mp4,no
bpvYdXVlgvc_004,data/raw/CMU-MOSEI/segments/bpvYdXVlgvc_004.mp4,no
BRdw-_dbJXc_003,data/raw/CMU-MOSEI/segments/BRdw-_dbJXc_003.mp4,yes
BRdw-_dbJXc_004,data/raw/CMU-MOSEI/segments/BRdw-_dbJXc_004.mp4,yes
BRdw-_dbJXc_005,data/raw/CMU-MOSEI/segments/BRdw-_dbJXc_005.mp4,yes
BRdw-_dbJXc_006,data/raw/CMU-MOSEI/segments/BRdw-_dbJXc_006.mp4,yes
BRdw-_dbJXc_007,data/raw/CMU-MOSEI/segments/BRdw-_dbJXc_007.mp4,yes
BRdw-_dbJXc_008,data/raw/CMU-MOSEI/segments/BRdw-_dbJXc_008.mp4,yes
BRSyH6yfDLk_002,data/raw/CMU-MOSEI/segments/BRSyH6yfDLk_002.mp4,no
BRSyH6yfDLk_004,data/raw/CMU-MOSEI/segments/BRSyH6yfDLk_004.mp4,no
BRzjQHYWbSs_000,data/raw/CMU-MOSEI/segments/BRzjQHYWbSs_000.mp4,no
BRzjQHYWbSs_002,data/raw/CMU-MOSEI/segments/BRzjQHYWbSs_002.mp4,no
BRzjQHYWbSs_003,data/raw/CMU-MOSEI/segments/BRzjQHYWbSs_003.mp4,no
BRzjQHYWbSs_005,data/raw/CMU-MOSEI/segments/BRzjQHYWbSs_005.mp4,no
BRzjQHYWbSs_007,data/raw/CMU-MOSEI/segments/BRzjQHYWbSs_007.mp4,no
BRzjQHYWbSs_008,data/raw/CMU-MOSEI/segments/BRzjQHYWbSs_008.mp4,no
BRzjQHYWbSs_009,data/raw/CMU-MOSEI/segments/BRzjQHYWbSs_009.mp4,no
BRzjQHYWbSs_010,data/raw/CMU-MOSEI/segments/BRzjQHYWbSs_010.mp4,no
BRzjQHYWbSs_011,data/raw/CMU-MOSEI/segments/BRzjQHYWbSs_011.mp4,no
BRzjQHYWbSs_012,data/raw/CMU-MOSEI/segments/BRzjQHYWbSs_012.mp4,no
BRzjQHYWbSs_013,data/raw/CMU-MOSEI/segments/BRzjQHYWbSs_013.mp4,no
BRzjQHYWbSs_014,data/raw/CMU-MOSEI/segments/BRzjQHYWbSs_014.mp4,no
BseI8-TYWm8_001,data/raw/CMU-MOSEI/segments/BseI8-TYWm8_001.mp4,no
BseI8-TYWm8_002,data/raw/CMU-MOSEI/segments/BseI8-TYWm8_002.mp4,no
BseI8-TYWm8_003,data/raw/CMU-MOSEI/segments/BseI8-TYWm8_003.mp4,no
bU6CgE_kMRY_003,data/raw/CMU-MOSEI/segments/bU6CgE_kMRY_003.mp4,no
bUFAN2TgPaU_000,data/raw/CMU-MOSEI/segments/bUFAN2TgPaU_000.mp4,no
bUFAN2TgPaU_001,data/raw/CMU-MOSEI/segments/bUFAN2TgPaU_001.mp4,no
bUFAN2TgPaU_002,data/raw/CMU-MOSEI/segments/bUFAN2TgPaU_002.mp4,no
bUFAN2TgPaU_004,data/raw/CMU-MOSEI/segments/bUFAN2TgPaU_004.mp4,no
bUFAN2TgPaU_005,data/raw/CMU-MOSEI/segments/bUFAN2TgPaU_005.mp4,no
bUFAN2TgPaU_006,data/raw/CMU-MOSEI/segments/bUFAN2TgPaU_006.mp4,no
bUFAN2TgPaU_007,data/raw/CMU-MOSEI/segments/bUFAN2TgPaU_007.mp4,no
bUFAN2TgPaU_008,data/raw/CMU-MOSEI/segments/bUFAN2TgPaU_008.mp4,no
BuPhjBayua8_002,data/raw/CMU-MOSEI/segments/BuPhjBayua8_002.mp4,no
bVhWpCvpSs4_001,data/raw/CMU-MOSEI/segments/bVhWpCvpSs4_001.mp4,no
bVhWpCvpSs4_002,data/raw/CMU-MOSEI/segments/bVhWpCvpSs4_002.mp4,no
bVhWpCvpSs4_003,data/raw/CMU-MOSEI/segments/bVhWpCvpSs4_003.mp4,no
bVhWpCvpSs4_004,data/raw/CMU-MOSEI/segments/bVhWpCvpSs4_004.mp4,no
bVhWpCvpSs4_005,data/raw/CMU-MOSEI/segments/bVhWpCvpSs4_005.mp4,no
bVhWpCvpSs4_007,data/raw/CMU-MOSEI/segments/bVhWpCvpSs4_007.mp4,no
bWmrrWQOVCM_002,data/raw/CMU-MOSEI/segments/bWmrrWQOVCM_002.mp4,no
bYt4wybVLRQ_000,data/raw/CMU-MOSEI/segments/bYt4wybVLRQ_000.mp4,no
bYt4wybVLRQ_001,data/raw/CMU-MOSEI/segments/bYt4wybVLRQ_001.mp4,no
bYt4wybVLRQ_002,data/raw/CMU-MOSEI/segments/bYt4wybVLRQ_002.mp4,no
bYt4wybVLRQ_004,data/raw/CMU-MOSEI/segments/bYt4wybVLRQ_004.mp4,no
bZ2ytqPtyK4_000,data/raw/CMU-MOSEI/segments/bZ2ytqPtyK4_000.mp4,no
BZOB3r5AoKE_001,data/raw/CMU-MOSEI/segments/BZOB3r5AoKE_001.mp4,no
BZOB3r5AoKE_003,data/raw/CMU-MOSEI/segments/BZOB3r5AoKE_003.mp4,no
C-UUQju3bXo_000,data/raw/CMU-MOSEI/segments/C-UUQju3bXo_000.mp4,yes
C-UUQju3bXo_001,data/raw/CMU-MOSEI/segments/C-UUQju3bXo_001.mp4,yes
c1a1y9ytHH0_001,data/raw/CMU-MOSEI/segments/c1a1y9ytHH0_001.mp4,no
c1a1y9ytHH0_004,data/raw/CMU-MOSEI/segments/c1a1y9ytHH0_004.mp4,no
c1a1y9ytHH0_005,data/raw/CMU-MOSEI/segments/c1a1y9ytHH0_005.mp4,no
C2xNDBU2Z0s_000,data/raw/CMU-MOSEI/segments/C2xNDBU2Z0s_000.mp4,no
C2xNDBU2Z0s_001,data/raw/CMU-MOSEI/segments/C2xNDBU2Z0s_001.mp4,no
C2xNDBU2Z0s_002,data/raw/CMU-MOSEI/segments/C2xNDBU2Z0s_002.mp4,no
C3lDRFu1ZcI_001,data/raw/CMU-MOSEI/segments/C3lDRFu1ZcI_001.mp4,no
C3lDRFu1ZcI_003,data/raw/CMU-MOSEI/segments/C3lDRFu1ZcI_003.mp4,no
C3lDRFu1ZcI_004,data/raw/CMU-MOSEI/segments/C3lDRFu1ZcI_004.mp4,no
C3lDRFu1ZcI_005,data/raw/CMU-MOSEI/segments/C3lDRFu1ZcI_005.mp4,no
C5-cY1nPQ20_000,data/raw/CMU-MOSEI/segments/C5-cY1nPQ20_000.mp4,no
C5-cY1nPQ20_001,data/raw/CMU-MOSEI/segments/C5-cY1nPQ20_001.mp4,no
C5-cY1nPQ20_002,data/raw/CMU-MOSEI/segments/C5-cY1nPQ20_002.mp4,no
C5-cY1nPQ20_003,data/raw/CMU-MOSEI/segments/C5-cY1nPQ20_003.mp4,no
C5-cY1nPQ20_004,data/raw/CMU-MOSEI/segments/C5-cY1nPQ20_004.mp4,no
C5-cY1nPQ20_005,data/raw/CMU-MOSEI/segments/C5-cY1nPQ20_005.mp4,no
C5-cY1nPQ20_006,data/raw/CMU-MOSEI/segments/C5-cY1nPQ20_006.mp4,no
C5-cY1nPQ20_007,data/raw/CMU-MOSEI/segments/C5-cY1nPQ20_007.mp4,no
C5-cY1nPQ20_008,data/raw/CMU-MOSEI/segments/C5-cY1nPQ20_008.mp4,no
C5-cY1nPQ20_009,data/raw/CMU-MOSEI/segments/C5-cY1nPQ20_009.mp4,no
c5cB7AfVgcE_001,data/raw/CMU-MOSEI/segments/c5cB7AfVgcE_001.mp4,no
c5cB7AfVgcE_002,data/raw/CMU-MOSEI/segments/c5cB7AfVgcE_002.mp4,no
c5VEvmutmVg_001,data/raw/CMU-MOSEI/segments/c5VEvmutmVg_001.mp4,no
c5VEvmutmVg_002,data/raw/CMU-MOSEI/segments/c5VEvmutmVg_002.mp4,no
c5VEvmutmVg_003,data/raw/CMU-MOSEI/segments/c5VEvmutmVg_003.mp4,no
c5VEvmutmVg_005,data/raw/CMU-MOSEI/segments/c5VEvmutmVg_005.mp4,no
c5VEvmutmVg_006,data/raw/CMU-MOSEI/segments/c5VEvmutmVg_006.mp4,no
c5VEvmutmVg_007,data/raw/CMU-MOSEI/segments/c5VEvmutmVg_007.mp4,no
c5VEvmutmVg_008,data/raw/CMU-MOSEI/segments/c5VEvmutmVg_008.mp4,no
c5VEvmutmVg_009,data/raw/CMU-MOSEI/segments/c5VEvmutmVg_009.mp4,no
c5VEvmutmVg_010,data/raw/CMU-MOSEI/segments/c5VEvmutmVg_010.mp4,no
c5VEvmutmVg_012,data/raw/CMU-MOSEI/segments/c5VEvmutmVg_012.mp4,no
c5VEvmutmVg_013,data/raw/CMU-MOSEI/segments/c5VEvmutmVg_013.mp4,no
c5VEvmutmVg_014,data/raw/CMU-MOSEI/segments/c5VEvmutmVg_014.mp4,no
c5VEvmutmVg_015,data/raw/CMU-MOSEI/segments/c5VEvmutmVg_015.mp4,no
c5VEvmutmVg_018,data/raw/CMU-MOSEI/segments/c5VEvmutmVg_018.mp4,no
c5VEvmutmVg_019,data/raw/CMU-MOSEI/segments/c5VEvmutmVg_019.mp4,no
c5zxqITn3ZM_000,data/raw/CMU-MOSEI/segments/c5zxqITn3ZM_000.mp4,no
c5zxqITn3ZM_001,data/raw/CMU-MOSEI/segments/c5zxqITn3ZM_001.mp4,no
c5zxqITn3ZM_002,data/raw/CMU-MOSEI/segments/c5zxqITn3ZM_002.mp4,no
c5zxqITn3ZM_003,data/raw/CMU-MOSEI/segments/c5zxqITn3ZM_003.mp4,no
c5zxqITn3ZM_005,data/raw/CMU-MOSEI/segments/c5zxqITn3ZM_005.mp4,no
c6wuh0NRG1s_000,data/raw/CMU-MOSEI/segments/c6wuh0NRG1s_000.mp4,no
c6wuh0NRG1s_002,data/raw/CMU-MOSEI/segments/c6wuh0NRG1s_002.mp4,no
c6wuh0NRG1s_003,data/raw/CMU-MOSEI/segments/c6wuh0NRG1s_003.mp4,no
c6wuh0NRG1s_005,data/raw/CMU-MOSEI/segments/c6wuh0NRG1s_005.mp4,no
c6wuh0NRG1s_006,data/raw/CMU-MOSEI/segments/c6wuh0NRG1s_006.mp4,no
C74-of1rjg4_000,data/raw/CMU-MOSEI/segments/C74-of1rjg4_000.mp4,no
c7xUcM68IFE_000,data/raw/CMU-MOSEI/segments/c7xUcM68IFE_000.mp4,no
c7xUcM68IFE_001,data/raw/CMU-MOSEI/segments/c7xUcM68IFE_001.mp4,no
c7xUcM68IFE_002,data/raw/CMU-MOSEI/segments/c7xUcM68IFE_002.mp4,no
c7xUcM68IFE_003,data/raw/CMU-MOSEI/segments/c7xUcM68IFE_003.mp4,no
c7xUcM68IFE_004,data/raw/CMU-MOSEI/segments/c7xUcM68IFE_004.mp4,no
c7xUcM68IFE_005,data/raw/CMU-MOSEI/segments/c7xUcM68IFE_005.mp4,no
c7xUcM68IFE_006,data/raw/CMU-MOSEI/segments/c7xUcM68IFE_006.mp4,no
c7xUcM68IFE_007,data/raw/CMU-MOSEI/segments/c7xUcM68IFE_007.mp4,no
c805Td8A_Ek_000,data/raw/CMU-MOSEI/segments/c805Td8A_Ek_000.mp4,no
c805Td8A_Ek_001,data/raw/CMU-MOSEI/segments/c805Td8A_Ek_001.mp4,no
c805Td8A_Ek_002,data/raw/CMU-MOSEI/segments/c805Td8A_Ek_002.mp4,no
c805Td8A_Ek_004,data/raw/CMU-MOSEI/segments/c805Td8A_Ek_004.mp4,no
c805Td8A_Ek_008,data/raw/CMU-MOSEI/segments/c805Td8A_Ek_008.mp4,no
C864zaWmEd0_000,data/raw/CMU-MOSEI/segments/C864zaWmEd0_000.mp4,no
C8Fhlk-eczU_001,data/raw/CMU-MOSEI/segments/C8Fhlk-eczU_001.mp4,no
C8Fhlk-eczU_002,data/raw/CMU-MOSEI/segments/C8Fhlk-eczU_002.mp4,no
c9jD33baJ60_001,data/raw/CMU-MOSEI/segments/c9jD33baJ60_001.mp4,no
c9jD33baJ60_002,data/raw/CMU-MOSEI/segments/c9jD33baJ60_002.mp4,no
c9jD33baJ60_003,data/raw/CMU-MOSEI/segments/c9jD33baJ60_003.mp4,no
c9jD33baJ60_004,data/raw/CMU-MOSEI/segments/c9jD33baJ60_004.mp4,no
c9jD33baJ60_006,data/raw/CMU-MOSEI/segments/c9jD33baJ60_006.mp4,no
caLWajc18Y4_000,data/raw/CMU-MOSEI/segments/caLWajc18Y4_000.mp4,no
caLWajc18Y4_005,data/raw/CMU-MOSEI/segments/caLWajc18Y4_005.mp4,no
caLWajc18Y4_006,data/raw/CMU-MOSEI/segments/caLWajc18Y4_006.mp4,no
caLWajc18Y4_007,data/raw/CMU-MOSEI/segments/caLWajc18Y4_007.mp4,no
caLWajc18Y4_008,data/raw/CMU-MOSEI/segments/caLWajc18Y4_008.mp4,no
caLWajc18Y4_009,data/raw/CMU-MOSEI/segments/caLWajc18Y4_009.mp4,no
Cb8ay6WtJuM_000,data/raw/CMU-MOSEI/segments/Cb8ay6WtJuM_000.mp4,yes
Cb8ay6WtJuM_001,data/raw/CMU-MOSEI/segments/Cb8ay6WtJuM_001.mp4,yes
Cb8ay6WtJuM_002,data/raw/CMU-MOSEI/segments/Cb8ay6WtJuM_002.mp4,yes
Cb8ay6WtJuM_003,data/raw/CMU-MOSEI/segments/Cb8ay6WtJuM_003.mp4,yes
Cb8ay6WtJuM_004,data/raw/CMU-MOSEI/segments/Cb8ay6WtJuM_004.mp4,yes
Cb8ay6WtJuM_005,data/raw/CMU-MOSEI/segments/Cb8ay6WtJuM_005.mp4,yes
Cb8ay6WtJuM_006,data/raw/CMU-MOSEI/segments/Cb8ay6WtJuM_006.mp4,yes
Cb8ay6WtJuM_008,data/raw/CMU-MOSEI/segments/Cb8ay6WtJuM_008.mp4,yes
Cb8ay6WtJuM_009,data/raw/CMU-MOSEI/segments/Cb8ay6WtJuM_009.mp4,yes
CbQxC1iPyS8_004,data/raw/CMU-MOSEI/segments/CbQxC1iPyS8_004.mp4,no
CbRexsp1HKw_000,data/raw/CMU-MOSEI/segments/CbRexsp1HKw_000.mp4,no
CbRexsp1HKw_003,data/raw/CMU-MOSEI/segments/CbRexsp1HKw_003.mp4,no
CbRexsp1HKw_004,data/raw/CMU-MOSEI/segments/CbRexsp1HKw_004.mp4,no
CbRexsp1HKw_005,data/raw/CMU-MOSEI/segments/CbRexsp1HKw_005.mp4,no
CBYQDIqucxE_000,data/raw/CMU-MOSEI/segments/CBYQDIqucxE_000.mp4,no
Cd0JH1AreDw_001,data/raw/CMU-MOSEI/segments/Cd0JH1AreDw_001.mp4,no
Cd0JH1AreDw_002,data/raw/CMU-MOSEI/segments/Cd0JH1AreDw_002.mp4,no
Cd0JH1AreDw_003,data/raw/CMU-MOSEI/segments/Cd0JH1AreDw_003.mp4,no
Cd0JH1AreDw_004,data/raw/CMU-MOSEI/segments/Cd0JH1AreDw_004.mp4,no
Cd0JH1AreDw_005,data/raw/CMU-MOSEI/segments/Cd0JH1AreDw_005.mp4,no
CdB8QBhFccs_000,data/raw/CMU-MOSEI/segments/CdB8QBhFccs_000.mp4,yes
CdB8QBhFccs_001,data/raw/CMU-MOSEI/segments/CdB8QBhFccs_001.mp4,yes
CdB8QBhFccs_002,data/raw/CMU-MOSEI/segments/CdB8QBhFccs_002.mp4,yes
CdB8QBhFccs_004,data/raw/CMU-MOSEI/segments/CdB8QBhFccs_004.mp4,yes
CdB8QBhFccs_006,data/raw/CMU-MOSEI/segments/CdB8QBhFccs_006.mp4,yes
ce1ObTPlI38_000,data/raw/CMU-MOSEI/segments/ce1ObTPlI38_000.mp4,no
CE9yV4SearE_000,data/raw/CMU-MOSEI/segments/CE9yV4SearE_000.mp4,no
CE9yV4SearE_004,data/raw/CMU-MOSEI/segments/CE9yV4SearE_004.mp4,no
CE9yV4SearE_005,data/raw/CMU-MOSEI/segments/CE9yV4SearE_005.mp4,no
CE9yV4SearE_006,data/raw/CMU-MOSEI/segments/CE9yV4SearE_006.mp4,no
Ceu9AkIjuLY_005,data/raw/CMU-MOSEI/segments/Ceu9AkIjuLY_005.mp4,yes
Ceu9AkIjuLY_008,data/raw/CMU-MOSEI/segments/Ceu9AkIjuLY_008.mp4,yes
Ceu9AkIjuLY_009,data/raw/CMU-MOSEI/segments/Ceu9AkIjuLY_009.mp4,yes
cEXJ2zFbC9I_000,data/raw/CMU-MOSEI/segments/cEXJ2zFbC9I_000.mp4,no
cfX_iuhCbRY_000,data/raw/CMU-MOSEI/segments/cfX_iuhCbRY_000.mp4,no
cfX_iuhCbRY_003,data/raw/CMU-MOSEI/segments/cfX_iuhCbRY_003.mp4,no
cfX_iuhCbRY_004,data/raw/CMU-MOSEI/segments/cfX_iuhCbRY_004.mp4,no
cfX_iuhCbRY_005,data/raw/CMU-MOSEI/segments/cfX_iuhCbRY_005.mp4,no
CHh6hWo1AFE_000,data/raw/CMU-MOSEI/segments/CHh6hWo1AFE_000.mp4,no
CHh6hWo1AFE_002,data/raw/CMU-MOSEI/segments/CHh6hWo1AFE_002.mp4,no
CHh6hWo1AFE_003,data/raw/CMU-MOSEI/segments/CHh6hWo1AFE_003.mp4,no
CHh6hWo1AFE_005,data/raw/CMU-MOSEI/segments/CHh6hWo1AFE_005.mp4,no
CHh6hWo1AFE_006,data/raw/CMU-MOSEI/segments/CHh6hWo1AFE_006.mp4,no
CHh6hWo1AFE_007,data/raw/CMU-MOSEI/segments/CHh6hWo1AFE_007.mp4,no
ChhZna-aBK4_000,data/raw/CMU-MOSEI/segments/ChhZna-aBK4_000.mp4,no
ChhZna-aBK4_001,data/raw/CMU-MOSEI/segments/ChhZna-aBK4_001.mp4,no
ChhZna-aBK4_004,data/raw/CMU-MOSEI/segments/ChhZna-aBK4_004.mp4,no
ChhZna-aBK4_006,data/raw/CMU-MOSEI/segments/ChhZna-aBK4_006.mp4,no
ChhZna-aBK4_007,data/raw/CMU-MOSEI/segments/ChhZna-aBK4_007.mp4,no
ChhZna-aBK4_008,data/raw/CMU-MOSEI/segments/ChhZna-aBK4_008.mp4,no
ChhZna-aBK4_009,data/raw/CMU-MOSEI/segments/ChhZna-aBK4_009.mp4,no
ChhZna-aBK4_010,data/raw/CMU-MOSEI/segments/ChhZna-aBK4_010.mp4,no
ChhZna-aBK4_013,data/raw/CMU-MOSEI/segments/ChhZna-aBK4_013.mp4,no
Cj7R36s4dbM_000,data/raw/CMU-MOSEI/segments/Cj7R36s4dbM_000.mp4,yes
Cj7R36s4dbM_001,data/raw/CMU-MOSEI/segments/Cj7R36s4dbM_001.mp4,yes
Cj7R36s4dbM_002,data/raw/CMU-MOSEI/segments/Cj7R36s4dbM_002.mp4,yes
Cj7R36s4dbM_003,data/raw/CMU-MOSEI/segments/Cj7R36s4dbM_003.mp4,yes
Cj7R36s4dbM_004,data/raw/CMU-MOSEI/segments/Cj7R36s4dbM_004.mp4,yes
Cj7R36s4dbM_006,data/raw/CMU-MOSEI/segments/Cj7R36s4dbM_006.mp4,yes
Cj7R36s4dbM_007,data/raw/CMU-MOSEI/segments/Cj7R36s4dbM_007.mp4,yes
cjgq9d8Zn9g_000,data/raw/CMU-MOSEI/segments/cjgq9d8Zn9g_000.mp4,no
cjgq9d8Zn9g_002,data/raw/CMU-MOSEI/segments/cjgq9d8Zn9g_002.mp4,no
cjgq9d8Zn9g_004,data/raw/CMU-MOSEI/segments/cjgq9d8Zn9g_004.mp4,no
cjgq9d8Zn9g_006,data/raw/CMU-MOSEI/segments/cjgq9d8Zn9g_006.mp4,no
CK31s0kfp-k_001,data/raw/CMU-MOSEI/segments/CK31s0kfp-k_001.mp4,no
CK31s0kfp-k_003,data/raw/CMU-MOSEI/segments/CK31s0kfp-k_003.mp4,no
CKqDDh50gcU_000,data/raw/CMU-MOSEI/segments/CKqDDh50gcU_000.mp4,no
CKqDDh50gcU_001,data/raw/CMU-MOSEI/segments/CKqDDh50gcU_001.mp4,no
cKUPgzZu-Fk_000,data/raw/CMU-MOSEI/segments/cKUPgzZu-Fk_000.mp4,no
cKUPgzZu-Fk_002,data/raw/CMU-MOSEI/segments/cKUPgzZu-Fk_002.mp4,no
CL4hDu95Eqw_000,data/raw/CMU-MOSEI/segments/CL4hDu95Eqw_000.mp4,no
CL4hDu95Eqw_001,data/raw/CMU-MOSEI/segments/CL4hDu95Eqw_001.mp4,no
CL4hDu95Eqw_002,data/raw/CMU-MOSEI/segments/CL4hDu95Eqw_002.mp4,no
CL4hDu95Eqw_005,data/raw/CMU-MOSEI/segments/CL4hDu95Eqw_005.mp4,no
cmJW6mkspkI_000,data/raw/CMU-MOSEI/segments/cmJW6mkspkI_000.mp4,no
cmJW6mkspkI_001,data/raw/CMU-MOSEI/segments/cmJW6mkspkI_001.mp4,no
cml9rShionM_003,data/raw/CMU-MOSEI/segments/cml9rShionM_003.mp4,no
cml9rShionM_005,data/raw/CMU-MOSEI/segments/cml9rShionM_005.mp4,no
cn0WZ8-0Z1Y_000,data/raw/CMU-MOSEI/segments/cn0WZ8-0Z1Y_000.mp4,no
cn0WZ8-0Z1Y_001,data/raw/CMU-MOSEI/segments/cn0WZ8-0Z1Y_001.mp4,no
cn0WZ8-0Z1Y_002,data/raw/CMU-MOSEI/segments/cn0WZ8-0Z1Y_002.mp4,no
cn0WZ8-0Z1Y_003,data/raw/CMU-MOSEI/segments/cn0WZ8-0Z1Y_003.mp4,no
cn0WZ8-0Z1Y_006,data/raw/CMU-MOSEI/segments/cn0WZ8-0Z1Y_006.mp4,no
cn0WZ8-0Z1Y_007,data/raw/CMU-MOSEI/segments/cn0WZ8-0Z1Y_007.mp4,no
cnllFPRyBFs_001,data/raw/CMU-MOSEI/segments/cnllFPRyBFs_001.mp4,no
CO2YoTZbUr0_000,data/raw/CMU-MOSEI/segments/CO2YoTZbUr0_000.mp4,yes
CO2YoTZbUr0_001,data/raw/CMU-MOSEI/segments/CO2YoTZbUr0_001.mp4,yes
CO2YoTZbUr0_004,data/raw/CMU-MOSEI/segments/CO2YoTZbUr0_004.mp4,yes
CO2YoTZbUr0_005,data/raw/CMU-MOSEI/segments/CO2YoTZbUr0_005.mp4,yes
CO2YoTZbUr0_006,data/raw/CMU-MOSEI/segments/CO2YoTZbUr0_006.mp4,yes
CO2YoTZbUr0_008,data/raw/CMU-MOSEI/segments/CO2YoTZbUr0_008.mp4,yes
CO6n-skQJss_001,data/raw/CMU-MOSEI/segments/CO6n-skQJss_001.mp4,no
cOcNe3L4VAg_000,data/raw/CMU-MOSEI/segments/cOcNe3L4VAg_000.mp4,no
cOcNe3L4VAg_002,data/raw/CMU-MOSEI/segments/cOcNe3L4VAg_002.mp4,no
cOcNe3L4VAg_004,data/raw/CMU-MOSEI/segments/cOcNe3L4VAg_004.mp4,no
cOcNe3L4VAg_005,data/raw/CMU-MOSEI/segments/cOcNe3L4VAg_005.mp4,no
cOcNe3L4VAg_008,data/raw/CMU-MOSEI/segments/cOcNe3L4VAg_008.mp4,no
cOcNe3L4VAg_009,data/raw/CMU-MOSEI/segments/cOcNe3L4VAg_009.mp4,no
cOcNe3L4VAg_011,data/raw/CMU-MOSEI/segments/cOcNe3L4VAg_011.mp4,no
cOcNe3L4VAg_012,data/raw/CMU-MOSEI/segments/cOcNe3L4VAg_012.mp4,no
cOcNe3L4VAg_014,data/raw/CMU-MOSEI/segments/cOcNe3L4VAg_014.mp4,no
CPjbogfLHR4_000,data/raw/CMU-MOSEI/segments/CPjbogfLHR4_000.mp4,no
CPjbogfLHR4_001,data/raw/CMU-MOSEI/segments/CPjbogfLHR4_001.mp4,no
CPjbogfLHR4_002,data/raw/CMU-MOSEI/segments/CPjbogfLHR4_002.mp4,no
CPjbogfLHR4_003,data/raw/CMU-MOSEI/segments/CPjbogfLHR4_003.mp4,no
CPjbogfLHR4_004,data/raw/CMU-MOSEI/segments/CPjbogfLHR4_004.mp4,no
CPjbogfLHR4_005,data/raw/CMU-MOSEI/segments/CPjbogfLHR4_005.mp4,no
CqFt3_uka14_002,data/raw/CMU-MOSEI/segments/CqFt3_uka14_002.mp4,no
CqFt3_uka14_003,data/raw/CMU-MOSEI/segments/CqFt3_uka14_003.mp4,no
cR_KQlNhoNE_000,data/raw/CMU-MOSEI/segments/cR_KQlNhoNE_000.mp4,no
cR_KQlNhoNE_001,data/raw/CMU-MOSEI/segments/cR_KQlNhoNE_001.mp4,no
cR_KQlNhoNE_002,data/raw/CMU-MOSEI/segments/cR_KQlNhoNE_002.mp4,no
cR_KQlNhoNE_003,data/raw/CMU-MOSEI/segments/cR_KQlNhoNE_003.mp4,no
cR_KQlNhoNE_004,data/raw/CMU-MOSEI/segments/cR_KQlNhoNE_004.mp4,no
cR_KQlNhoNE_005,data/raw/CMU-MOSEI/segments/cR_KQlNhoNE_005.mp4,no
cR_KQlNhoNE_008,data/raw/CMU-MOSEI/segments/cR_KQlNhoNE_008.mp4,no
cR_KQlNhoNE_009,data/raw/CMU-MOSEI/segments/cR_KQlNhoNE_009.mp4,no
cRFiXLzcCOA_000,data/raw/CMU-MOSEI/segments/cRFiXLzcCOA_000.mp4,no
cRFiXLzcCOA_003,data/raw/CMU-MOSEI/segments/cRFiXLzcCOA_003.mp4,no
Ctc23Icfzvg_001,data/raw/CMU-MOSEI/segments/Ctc23Icfzvg_001.mp4,no
Ctc23Icfzvg_003,data/raw/CMU-MOSEI/segments/Ctc23Icfzvg_003.mp4,no
ctMCSUT2LlQ_000,data/raw/CMU-MOSEI/segments/ctMCSUT2LlQ_000.mp4,no
ctMCSUT2LlQ_001,data/raw/CMU-MOSEI/segments/ctMCSUT2LlQ_001.mp4,no
ctMCSUT2LlQ_002,data/raw/CMU-MOSEI/segments/ctMCSUT2LlQ_002.mp4,no
ctMCSUT2LlQ_003,data/raw/CMU-MOSEI/segments/ctMCSUT2LlQ_003.mp4,no
ctMCSUT2LlQ_004,data/raw/CMU-MOSEI/segments/ctMCSUT2LlQ_004.mp4,no
ctMCSUT2LlQ_006,data/raw/CMU-MOSEI/segments/ctMCSUT2LlQ_006.mp4,no
ctMCSUT2LlQ_007,data/raw/CMU-MOSEI/segments/ctMCSUT2LlQ_007.mp4,no
CuFLRnu4FQ8_000,data/raw/CMU-MOSEI/segments/CuFLRnu4FQ8_000.mp4,no
CvW0Mh1EWFA_001,data/raw/CMU-MOSEI/segments/CvW0Mh1EWFA_001.mp4,no
CvW0Mh1EWFA_005,data/raw/CMU-MOSEI/segments/CvW0Mh1EWFA_005.mp4,no
CVx494kExvc_001,data/raw/CMU-MOSEI/segments/CVx494kExvc_001.mp4,yes
CVx494kExvc_002,data/raw/CMU-MOSEI/segments/CVx494kExvc_002.mp4,yes
CVx494kExvc_005,data/raw/CMU-MOSEI/segments/CVx494kExvc_005.mp4,yes
CVx494kExvc_010,data/raw/CMU-MOSEI/segments/CVx494kExvc_010.mp4,yes
CVx494kExvc_011,data/raw/CMU-MOSEI/segments/CVx494kExvc_011.mp4,yes
CXojk-oSaEw_000,data/raw/CMU-MOSEI/segments/CXojk-oSaEw_000.mp4,no
CXojk-oSaEw_002,data/raw/CMU-MOSEI/segments/CXojk-oSaEw_002.mp4,no
CXojk-oSaEw_003,data/raw/CMU-MOSEI/segments/CXojk-oSaEw_003.mp4,no
cXu56oK462o_000,data/raw/CMU-MOSEI/segments/cXu56oK462o_000.mp4,no
cXu56oK462o_001,data/raw/CMU-MOSEI/segments/cXu56oK462o_001.mp4,no
CXvUdCdKTJY_002,data/raw/CMU-MOSEI/segments/CXvUdCdKTJY_002.mp4,yes
CXvUdCdKTJY_003,data/raw/CMU-MOSEI/segments/CXvUdCdKTJY_003.mp4,yes
cyOSDKOxb1o_000,data/raw/CMU-MOSEI/segments/cyOSDKOxb1o_000.mp4,no
cZDAM6NjBzE_000,data/raw/CMU-MOSEI/segments/cZDAM6NjBzE_000.mp4,no
cZDAM6NjBzE_001,data/raw/CMU-MOSEI/segments/cZDAM6NjBzE_001.mp4,no
cZDAM6NjBzE_002,data/raw/CMU-MOSEI/segments/cZDAM6NjBzE_002.mp4,no
cZDAM6NjBzE_003,data/raw/CMU-MOSEI/segments/cZDAM6NjBzE_003.mp4,no
CzstrpOTtgo_000,data/raw/CMU-MOSEI/segments/CzstrpOTtgo_000.mp4,no
CzstrpOTtgo_001,data/raw/CMU-MOSEI/segments/CzstrpOTtgo_001.mp4,no
CzstrpOTtgo_003,data/raw/CMU-MOSEI/segments/CzstrpOTtgo_003.mp4,no
cZVM4svwE90_000,data/raw/CMU-MOSEI/segments/cZVM4svwE90_000.mp4,no
cZVM4svwE90_001,data/raw/CMU-MOSEI/segments/cZVM4svwE90_001.mp4,no
cZVM4svwE90_002,data/raw/CMU-MOSEI/segments/cZVM4svwE90_002.mp4,no
cZVM4svwE90_003,data/raw/CMU-MOSEI/segments/cZVM4svwE90_003.mp4,no
cZVM4svwE90_004,data/raw/CMU-MOSEI/segments/cZVM4svwE90_004.mp4,no
cZVM4svwE90_005,data/raw/CMU-MOSEI/segments/cZVM4svwE90_005.mp4,no
cZVM4svwE90_008,data/raw/CMU-MOSEI/segments/cZVM4svwE90_008.mp4,no
cZVM4svwE90_011,data/raw/CMU-MOSEI/segments/cZVM4svwE90_011.mp4,no
cZVM4svwE90_013,data/raw/CMU-MOSEI/segments/cZVM4svwE90_013.mp4,no
cZVM4svwE90_015,data/raw/CMU-MOSEI/segments/cZVM4svwE90_015.mp4,no
cZVM4svwE90_016,data/raw/CMU-MOSEI/segments/cZVM4svwE90_016.mp4,no
cZVM4svwE90_019,data/raw/CMU-MOSEI/segments/cZVM4svwE90_019.mp4,no
cZVM4svwE90_020,data/raw/CMU-MOSEI/segments/cZVM4svwE90_020.mp4,no
cZVM4svwE90_021,data/raw/CMU-MOSEI/segments/cZVM4svwE90_021.mp4,no
cZVM4svwE90_022,data/raw/CMU-MOSEI/segments/cZVM4svwE90_022.mp4,no
cZVM4svwE90_023,data/raw/CMU-MOSEI/segments/cZVM4svwE90_023.mp4,no
cZVM4svwE90_024,data/raw/CMU-MOSEI/segments/cZVM4svwE90_024.mp4,no
cZVM4svwE90_025,data/raw/CMU-MOSEI/segments/cZVM4svwE90_025.mp4,no
cZVM4svwE90_026,data/raw/CMU-MOSEI/segments/cZVM4svwE90_026.mp4,no
CZVmxwrWv34_000,data/raw/CMU-MOSEI/segments/CZVmxwrWv34_000.mp4,no
CZVmxwrWv34_001,data/raw/CMU-MOSEI/segments/CZVmxwrWv34_001.mp4,no
CZVmxwrWv34_002,data/raw/CMU-MOSEI/segments/CZVmxwrWv34_002.mp4,no
CZVmxwrWv34_003,data/raw/CMU-MOSEI/segments/CZVmxwrWv34_003.mp4,no
D-DqVICJXBU_000,data/raw/CMU-MOSEI/segments/D-DqVICJXBU_000.mp4,no
D02PT0bl88A_000,data/raw/CMU-MOSEI/segments/D02PT0bl88A_000.mp4,no
D02PT0bl88A_002,data/raw/CMU-MOSEI/segments/D02PT0bl88A_002.mp4,no
d0QNH2vcDgU_001,data/raw/CMU-MOSEI/segments/d0QNH2vcDgU_001.mp4,no
d0QNH2vcDgU_002,data/raw/CMU-MOSEI/segments/d0QNH2vcDgU_002.mp4,no
d0QNH2vcDgU_003,data/raw/CMU-MOSEI/segments/d0QNH2vcDgU_003.mp4,no
d0QNH2vcDgU_004,data/raw/CMU-MOSEI/segments/d0QNH2vcDgU_004.mp4,no
d0QNH2vcDgU_009,data/raw/CMU-MOSEI/segments/d0QNH2vcDgU_009.mp4,no
d0QNH2vcDgU_010,data/raw/CMU-MOSEI/segments/d0QNH2vcDgU_010.mp4,no
d0QNH2vcDgU_011,data/raw/CMU-MOSEI/segments/d0QNH2vcDgU_011.mp4,no
d0QNH2vcDgU_012,data/raw/CMU-MOSEI/segments/d0QNH2vcDgU_012.mp4,no
d0QNH2vcDgU_015,data/raw/CMU-MOSEI/segments/d0QNH2vcDgU_015.mp4,no
d0QNH2vcDgU_016,data/raw/CMU-MOSEI/segments/d0QNH2vcDgU_016.mp4,no
d0QNH2vcDgU_018,data/raw/CMU-MOSEI/segments/d0QNH2vcDgU_018.mp4,no
d0QNH2vcDgU_019,data/raw/CMU-MOSEI/segments/d0QNH2vcDgU_019.mp4,no
d0QNH2vcDgU_020,data/raw/CMU-MOSEI/segments/d0QNH2vcDgU_020.mp4,no
d0QNH2vcDgU_021,data/raw/CMU-MOSEI/segments/d0QNH2vcDgU_021.mp4,no
d1CDP6sMuLA_001,data/raw/CMU-MOSEI/segments/d1CDP6sMuLA_001.mp4,no
d1CDP6sMuLA_003,data/raw/CMU-MOSEI/segments/d1CDP6sMuLA_003.mp4,no
d1CDP6sMuLA_007,data/raw/CMU-MOSEI/segments/d1CDP6sMuLA_007.mp4,no
d1CDP6sMuLA_010,data/raw/CMU-MOSEI/segments/d1CDP6sMuLA_010.mp4,no
d1CDP6sMuLA_011,data/raw/CMU-MOSEI/segments/d1CDP6sMuLA_011.mp4,no
d1CDP6sMuLA_012,data/raw/CMU-MOSEI/segments/d1CDP6sMuLA_012.mp4,no
d38u9n5GOLM_000,data/raw/CMU-MOSEI/segments/d38u9n5GOLM_000.mp4,no
d38u9n5GOLM_002,data/raw/CMU-MOSEI/segments/d38u9n5GOLM_002.mp4,no
d38u9n5GOLM_005,data/raw/CMU-MOSEI/segments/d38u9n5GOLM_005.mp4,no
d38u9n5GOLM_006,data/raw/CMU-MOSEI/segments/d38u9n5GOLM_006.mp4,no
d38u9n5GOLM_007,data/raw/CMU-MOSEI/segments/d38u9n5GOLM_007.mp4,no
d38u9n5GOLM_008,data/raw/CMU-MOSEI/segments/d38u9n5GOLM_008.mp4,no
d38u9n5GOLM_009,data/raw/CMU-MOSEI/segments/d38u9n5GOLM_009.mp4,no
d38u9n5GOLM_010,data/raw/CMU-MOSEI/segments/d38u9n5GOLM_010.mp4,no
d38u9n5GOLM_013,data/raw/CMU-MOSEI/segments/d38u9n5GOLM_013.mp4,no
d38u9n5GOLM_014,data/raw/CMU-MOSEI/segments/d38u9n5GOLM_014.mp4,no
D5cQWqYcBAE_001,data/raw/CMU-MOSEI/segments/D5cQWqYcBAE_001.mp4,no
D5cQWqYcBAE_002,data/raw/CMU-MOSEI/segments/D5cQWqYcBAE_002.mp4,no
d89Z_olwc2Y_001,data/raw/CMU-MOSEI/segments/d89Z_olwc2Y_001.mp4,no
d89Z_olwc2Y_002,data/raw/CMU-MOSEI/segments/d89Z_olwc2Y_002.mp4,no
d89Z_olwc2Y_003,data/raw/CMU-MOSEI/segments/d89Z_olwc2Y_003.mp4,no
d89Z_olwc2Y_005,data/raw/CMU-MOSEI/segments/d89Z_olwc2Y_005.mp4,no
d8BR6hsvzoY_000,data/raw/CMU-MOSEI/segments/d8BR6hsvzoY_000.mp4,no
d8BR6hsvzoY_001,data/raw/CMU-MOSEI/segments/d8BR6hsvzoY_001.mp4,no
d8BR6hsvzoY_002,data/raw/CMU-MOSEI/segments/d8BR6hsvzoY_002.mp4,no
d8BR6hsvzoY_003,data/raw/CMU-MOSEI/segments/d8BR6hsvzoY_003.mp4,no
d8BR6hsvzoY_004,data/raw/CMU-MOSEI/segments/d8BR6hsvzoY_004.mp4,no
d8BR6hsvzoY_005,data/raw/CMU-MOSEI/segments/d8BR6hsvzoY_005.mp4,no
d8BR6hsvzoY_006,data/raw/CMU-MOSEI/segments/d8BR6hsvzoY_006.mp4,no
d8BR6hsvzoY_007,data/raw/CMU-MOSEI/segments/d8BR6hsvzoY_007.mp4,no
d8BR6hsvzoY_009,data/raw/CMU-MOSEI/segments/d8BR6hsvzoY_009.mp4,no
d99mfGIenCo_000,data/raw/CMU-MOSEI/segments/d99mfGIenCo_000.mp4,no
d99mfGIenCo_001,data/raw/CMU-MOSEI/segments/d99mfGIenCo_001.mp4,no
d99mfGIenCo_002,data/raw/CMU-MOSEI/segments/d99mfGIenCo_002.mp4,no
d99mfGIenCo_004,data/raw/CMU-MOSEI/segments/d99mfGIenCo_004.mp4,no
d99mfGIenCo_009,data/raw/CMU-MOSEI/segments/d99mfGIenCo_009.mp4,no
d99mfGIenCo_010,data/raw/CMU-MOSEI/segments/d99mfGIenCo_010.mp4,no
d99mfGIenCo_012,data/raw/CMU-MOSEI/segments/d99mfGIenCo_012.mp4,no
d99mfGIenCo_014,data/raw/CMU-MOSEI/segments/d99mfGIenCo_014.mp4,no
d99mfGIenCo_015,data/raw/CMU-MOSEI/segments/d99mfGIenCo_015.mp4,no
damyXH7mBic_001,data/raw/CMU-MOSEI/segments/damyXH7mBic_001.mp4,no
DatH-ra0VKY_004,data/raw/CMU-MOSEI/segments/DatH-ra0VKY_004.mp4,no
DaXkixKFEvE_000,data/raw/CMU-MOSEI/segments/DaXkixKFEvE_000.mp4,no
DaXkixKFEvE_001,data/raw/CMU-MOSEI/segments/DaXkixKFEvE_001.mp4,no
DaXkixKFEvE_002,data/raw/CMU-MOSEI/segments/DaXkixKFEvE_002.mp4,no
DbAppk7xT0Y_000,data/raw/CMU-MOSEI/segments/DbAppk7xT0Y_000.mp4,no
DbAppk7xT0Y_001,data/raw/CMU-MOSEI/segments/DbAppk7xT0Y_001.mp4,no
DbAppk7xT0Y_002,data/raw/CMU-MOSEI/segments/DbAppk7xT0Y_002.mp4,no
DbAppk7xT0Y_005,data/raw/CMU-MOSEI/segments/DbAppk7xT0Y_005.mp4,no
DbAppk7xT0Y_006,data/raw/CMU-MOSEI/segments/DbAppk7xT0Y_006.mp4,no
dbpGH5iP0GE_000,data/raw/CMU-MOSEI/segments/dbpGH5iP0GE_000.mp4,no
dbpGH5iP0GE_001,data/raw/CMU-MOSEI/segments/dbpGH5iP0GE_001.mp4,no
dBWvtPeHpWM_000,data/raw/CMU-MOSEI/segments/dBWvtPeHpWM_000.mp4,no
dBWvtPeHpWM_001,data/raw/CMU-MOSEI/segments/dBWvtPeHpWM_001.mp4,no
dBWvtPeHpWM_004,data/raw/CMU-MOSEI/segments/dBWvtPeHpWM_004.mp4,no
dBWvtPeHpWM_005,data/raw/CMU-MOSEI/segments/dBWvtPeHpWM_005.mp4,no
dBWvtPeHpWM_006,data/raw/CMU-MOSEI/segments/dBWvtPeHpWM_006.mp4,no
dBWvtPeHpWM_007,data/raw/CMU-MOSEI/segments/dBWvtPeHpWM_007.mp4,no
dBWvtPeHpWM_008,data/raw/CMU-MOSEI/segments/dBWvtPeHpWM_008.mp4,no
dBWvtPeHpWM_009,data/raw/CMU-MOSEI/segments/dBWvtPeHpWM_009.mp4,no
dBWvtPeHpWM_011,data/raw/CMU-MOSEI/segments/dBWvtPeHpWM_011.mp4,no
dCDAcBR505Q_000,data/raw/CMU-MOSEI/segments/dCDAcBR505Q_000.mp4,no
dCDAcBR505Q_001,data/raw/CMU-MOSEI/segments/dCDAcBR505Q_001.mp4,no
dcUlt6zk_S0_002,data/raw/CMU-MOSEI/segments/dcUlt6zk_S0_002.mp4,no
dDFyJp_OkeA_001,data/raw/CMU-MOSEI/segments/dDFyJp_OkeA_001.mp4,no
dDFyJp_OkeA_004,data/raw/CMU-MOSEI/segments/dDFyJp_OkeA_004.mp4,no
DebbnL-_rnI_000,data/raw/CMU-MOSEI/segments/DebbnL-_rnI_000.mp4,no
DebbnL-_rnI_001,data/raw/CMU-MOSEI/segments/DebbnL-_rnI_001.mp4,no
dEDbm2ubVRQ_000,data/raw/CMU-MOSEI/segments/dEDbm2ubVRQ_000.mp4,no
dEDbm2ubVRQ_001,data/raw/CMU-MOSEI/segments/dEDbm2ubVRQ_001.mp4,no
dEDbm2ubVRQ_004,data/raw/CMU-MOSEI/segments/dEDbm2ubVRQ_004.mp4,no
DEFDuYyc-Xw_000,data/raw/CMU-MOSEI/segments/DEFDuYyc-Xw_000.mp4,no
DEFDuYyc-Xw_002,data/raw/CMU-MOSEI/segments/DEFDuYyc-Xw_002.mp4,no
DEFDuYyc-Xw_003,data/raw/CMU-MOSEI/segments/DEFDuYyc-Xw_003.mp4,no
DEFDuYyc-Xw_004,data/raw/CMU-MOSEI/segments/DEFDuYyc-Xw_004.mp4,no
DEFDuYyc-Xw_006,data/raw/CMU-MOSEI/segments/DEFDuYyc-Xw_006.mp4,no
DEFDuYyc-Xw_007,data/raw/CMU-MOSEI/segments/DEFDuYyc-Xw_007.mp4,no
dEXSb0CfodU_000,data/raw/CMU-MOSEI/segments/dEXSb0CfodU_000.mp4,no
DfTMoqwMHVE_001,data/raw/CMU-MOSEI/segments/DfTMoqwMHVE_001.mp4,no
dH0FmwvOzs0_000,data/raw/CMU-MOSEI/segments/dH0FmwvOzs0_000.mp4,no
dH0FmwvOzs0_001,data/raw/CMU-MOSEI/segments/dH0FmwvOzs0_001.mp4,no
DhXBaBOB4E8_000,data/raw/CMU-MOSEI/segments/DhXBaBOB4E8_000.mp4,no
DiOw-w5LDJ0_002,data/raw/CMU-MOSEI/segments/DiOw-w5LDJ0_002.mp4,no
DiOw-w5LDJ0_003,data/raw/CMU-MOSEI/segments/DiOw-w5LDJ0_003.mp4,no
DiOw-w5LDJ0_005,data/raw/CMU-MOSEI/segments/DiOw-w5LDJ0_005.mp4,no
dJ5MXl66-UQ_001,data/raw/CMU-MOSEI/segments/dJ5MXl66-UQ_001.mp4,no
dJ5MXl66-UQ_002,data/raw/CMU-MOSEI/segments/dJ5MXl66-UQ_002.mp4,no
DjcZrtcBZi4_000,data/raw/CMU-MOSEI/segments/DjcZrtcBZi4_000.mp4,no
DjcZrtcBZi4_001,data/raw/CMU-MOSEI/segments/DjcZrtcBZi4_001.mp4,no
DjcZrtcBZi4_002,data/raw/CMU-MOSEI/segments/DjcZrtcBZi4_002.mp4,no
DjcZrtcBZi4_003,data/raw/CMU-MOSEI/segments/DjcZrtcBZi4_003.mp4,no
DjcZrtcBZi4_004,data/raw/CMU-MOSEI/segments/DjcZrtcBZi4_004.mp4,no
DjcZrtcBZi4_006,data/raw/CMU-MOSEI/segments/DjcZrtcBZi4_006.mp4,no
DjcZrtcBZi4_007,data/raw/CMU-MOSEI/segments/DjcZrtcBZi4_007.mp4,no
DjcZrtcBZi4_008,data/raw/CMU-MOSEI/segments/DjcZrtcBZi4_008.mp4,no
DlbYiwOnTyk_000,data/raw/CMU-MOSEI/segments/DlbYiwOnTyk_000.mp4,no
DlbYiwOnTyk_002,data/raw/CMU-MOSEI/segments/DlbYiwOnTyk_002.mp4,no
DlbYiwOnTyk_003,data/raw/CMU-MOSEI/segments/DlbYiwOnTyk_003.mp4,no
dlE05KC95uk_000,data/raw/CMU-MOSEI/segments/dlE05KC95uk_000.mp4,no
dlE05KC95uk_001,data/raw/CMU-MOSEI/segments/dlE05KC95uk_001.mp4,no
dlE05KC95uk_006,data/raw/CMU-MOSEI/segments/dlE05KC95uk_006.mp4,no
dlE05KC95uk_008,data/raw/CMU-MOSEI/segments/dlE05KC95uk_008.mp4,no
dLmtsRyRH4s_000,data/raw/CMU-MOSEI/segments/dLmtsRyRH4s_000.mp4,no
dLzsNc_hzkQ_001,data/raw/CMU-MOSEI/segments/dLzsNc_hzkQ_001.mp4,no
DMtFQjrY7Hg_000,data/raw/CMU-MOSEI/segments/DMtFQjrY7Hg_000.mp4,no
DMtFQjrY7Hg_001,data/raw/CMU-MOSEI/segments/DMtFQjrY7Hg_001.mp4,no
DnBHq5I52LM_000,data/raw/CMU-MOSEI/segments/DnBHq5I52LM_000.mp4,yes
DnBHq5I52LM_002,data/raw/CMU-MOSEI/segments/DnBHq5I52LM_002.mp4,yes
DnBHq5I52LM_003,data/raw/CMU-MOSEI/segments/DnBHq5I52LM_003.mp4,yes
DnBHq5I52LM_004,data/raw/CMU-MOSEI/segments/DnBHq5I52LM_004.mp4,yes
DnBHq5I52LM_005,data/raw/CMU-MOSEI/segments/DnBHq5I52LM_005.mp4,yes
DnBHq5I52LM_006,data/raw/CMU-MOSEI/segments/DnBHq5I52LM_006.mp4,yes
DnBHq5I52LM_007,data/raw/CMU-MOSEI/segments/DnBHq5I52LM_007.mp4,yes
DnBHq5I52LM_008,data/raw/CMU-MOSEI/segments/DnBHq5I52LM_008.mp4,yes
Dnhxm6sHQpc_000,data/raw/CMU-MOSEI/segments/Dnhxm6sHQpc_000.mp4,no
Dnhxm6sHQpc_001,data/raw/CMU-MOSEI/segments/Dnhxm6sHQpc_001.mp4,no
Dnhxm6sHQpc_002,data/raw/CMU-MOSEI/segments/Dnhxm6sHQpc_002.mp4,no
Dnhxm6sHQpc_003,data/raw/CMU-MOSEI/segments/Dnhxm6sHQpc_003.mp4,no
DNzA2UIkRZk_000,data/raw/CMU-MOSEI/segments/DNzA2UIkRZk_000.mp4,no
dqragS38hCk_000,data/raw/CMU-MOSEI/segments/dqragS38hCk_000.mp4,no
dqragS38hCk_001,data/raw/CMU-MOSEI/segments/dqragS38hCk_001.mp4,no
dqragS38hCk_002,data/raw/CMU-MOSEI/segments/dqragS38hCk_002.mp4,no
dqragS38hCk_003,data/raw/CMU-MOSEI/segments/dqragS38hCk_003.mp4,no
dqragS38hCk_004,data/raw/CMU-MOSEI/segments/dqragS38hCk_004.mp4,no
dqragS38hCk_005,data/raw/CMU-MOSEI/segments/dqragS38hCk_005.mp4,no
dqragS38hCk_006,data/raw/CMU-MOSEI/segments/dqragS38hCk_006.mp4,no
dqragS38hCk_007,data/raw/CMU-MOSEI/segments/dqragS38hCk_007.mp4,no
dqragS38hCk_008,data/raw/CMU-MOSEI/segments/dqragS38hCk_008.mp4,no
DR65no1jCbg_002,data/raw/CMU-MOSEI/segments/DR65no1jCbg_002.mp4,no
dR68gbeOWOc_001,data/raw/CMU-MOSEI/segments/dR68gbeOWOc_001.mp4,no
DR9Hhpy8aA8_000,data/raw/CMU-MOSEI/segments/DR9Hhpy8aA8_000.mp4,no
DR9Hhpy8aA8_001,data/raw/CMU-MOSEI/segments/DR9Hhpy8aA8_001.mp4,no
DR9Hhpy8aA8_002,data/raw/CMU-MOSEI/segments/DR9Hhpy8aA8_002.mp4,no
dSax_7klbfE_000,data/raw/CMU-MOSEI/segments/dSax_7klbfE_000.mp4,no
dSax_7klbfE_003,data/raw/CMU-MOSEI/segments/dSax_7klbfE_003.mp4,no
dSax_7klbfE_005,data/raw/CMU-MOSEI/segments/dSax_7klbfE_005.mp4,no
dsob2MgUPpA_000,data/raw/CMU-MOSEI/segments/dsob2MgUPpA_000.mp4,no
dsob2MgUPpA_001,data/raw/CMU-MOSEI/segments/dsob2MgUPpA_001.mp4,no
dsob2MgUPpA_002,data/raw/CMU-MOSEI/segments/dsob2MgUPpA_002.mp4,no
dsob2MgUPpA_003,data/raw/CMU-MOSEI/segments/dsob2MgUPpA_003.mp4,no
dsob2MgUPpA_004,data/raw/CMU-MOSEI/segments/dsob2MgUPpA_004.mp4,no
dsob2MgUPpA_005,data/raw/CMU-MOSEI/segments/dsob2MgUPpA_005.mp4,no
dsob2MgUPpA_006,data/raw/CMU-MOSEI/segments/dsob2MgUPpA_006.mp4,no
dsob2MgUPpA_008,data/raw/CMU-MOSEI/segments/dsob2MgUPpA_008.mp4,no
dsob2MgUPpA_010,data/raw/CMU-MOSEI/segments/dsob2MgUPpA_010.mp4,no
dsob2MgUPpA_011,data/raw/CMU-MOSEI/segments/dsob2MgUPpA_011.mp4,no
dsob2MgUPpA_013,data/raw/CMU-MOSEI/segments/dsob2MgUPpA_013.mp4,no
dsob2MgUPpA_014,data/raw/CMU-MOSEI/segments/dsob2MgUPpA_014.mp4,no
dsob2MgUPpA_015,data/raw/CMU-MOSEI/segments/dsob2MgUPpA_015.mp4,no
dt641WxonBI_000,data/raw/CMU-MOSEI/segments/dt641WxonBI_000.mp4,no
DtbT85s3i94_000,data/raw/CMU-MOSEI/segments/DtbT85s3i94_000.mp4,no
DtbT85s3i94_001,data/raw/CMU-MOSEI/segments/DtbT85s3i94_001.mp4,no
DtbT85s3i94_003,data/raw/CMU-MOSEI/segments/DtbT85s3i94_003.mp4,no
DtbT85s3i94_004,data/raw/CMU-MOSEI/segments/DtbT85s3i94_004.mp4,no
dTcz1am1eUw_000,data/raw/CMU-MOSEI/segments/dTcz1am1eUw_000.mp4,no
dTcz1am1eUw_001,data/raw/CMU-MOSEI/segments/dTcz1am1eUw_001.mp4,no
DtwbwyfajnI_000,data/raw/CMU-MOSEI/segments/DtwbwyfajnI_000.mp4,no
DtwbwyfajnI_001,data/raw/CMU-MOSEI/segments/DtwbwyfajnI_001.mp4,no
DtwbwyfajnI_002,data/raw/CMU-MOSEI/segments/DtwbwyfajnI_002.mp4,no
DtwbwyfajnI_003,data/raw/CMU-MOSEI/segments/DtwbwyfajnI_003.mp4,no
dWfgSGnd9zM_001,data/raw/CMU-MOSEI/segments/dWfgSGnd9zM_001.mp4,no
dWfgSGnd9zM_002,data/raw/CMU-MOSEI/segments/dWfgSGnd9zM_002.mp4,no
dWfgSGnd9zM_004,data/raw/CMU-MOSEI/segments/dWfgSGnd9zM_004.mp4,no
dWfgSGnd9zM_005,data/raw/CMU-MOSEI/segments/dWfgSGnd9zM_005.mp4,no
dXMAS2tIknw_000,data/raw/CMU-MOSEI/segments/dXMAS2tIknw_000.mp4,no
dXMAS2tIknw_001,data/raw/CMU-MOSEI/segments/dXMAS2tIknw_001.mp4,no
dXMAS2tIknw_003,data/raw/CMU-MOSEI/segments/dXMAS2tIknw_003.mp4,no
dXMAS2tIknw_005,data/raw/CMU-MOSEI/segments/dXMAS2tIknw_005.mp4,no
dXMAS2tIknw_006,data/raw/CMU-MOSEI/segments/dXMAS2tIknw_006.mp4,no
DXQGngge7vU_000,data/raw/CMU-MOSEI/segments/DXQGngge7vU_000.mp4,no
DXQGngge7vU_001,data/raw/CMU-MOSEI/segments/DXQGngge7vU_001.mp4,no
DXQGngge7vU_002,data/raw/CMU-MOSEI/segments/DXQGngge7vU_002.mp4,no
DXQGngge7vU_003,data/raw/CMU-MOSEI/segments/DXQGngge7vU_003.mp4,no
DXQGngge7vU_004,data/raw/CMU-MOSEI/segments/DXQGngge7vU_004.mp4,no
DXQGngge7vU_005,data/raw/CMU-MOSEI/segments/DXQGngge7vU_005.mp4,no
dxsPkcG-Q30_000,data/raw/CMU-MOSEI/segments/dxsPkcG-Q30_000.mp4,no
dYgmvmFegkQ_000,data/raw/CMU-MOSEI/segments/dYgmvmFegkQ_000.mp4,no
dYgmvmFegkQ_002,data/raw/CMU-MOSEI/segments/dYgmvmFegkQ_002.mp4,no
dYgmvmFegkQ_003,data/raw/CMU-MOSEI/segments/dYgmvmFegkQ_003.mp4,no
dYgmvmFegkQ_004,data/raw/CMU-MOSEI/segments/dYgmvmFegkQ_004.mp4,no
dYgmvmFegkQ_005,data/raw/CMU-MOSEI/segments/dYgmvmFegkQ_005.mp4,no
dyZdiWNflko_000,data/raw/CMU-MOSEI/segments/dyZdiWNflko_000.mp4,no
dyZdiWNflko_001,data/raw/CMU-MOSEI/segments/dyZdiWNflko_001.mp4,no
dyZdiWNflko_002,data/raw/CMU-MOSEI/segments/dyZdiWNflko_002.mp4,no
dyZdiWNflko_003,data/raw/CMU-MOSEI/segments/dyZdiWNflko_003.mp4,no
dyZdiWNflko_004,data/raw/CMU-MOSEI/segments/dyZdiWNflko_004.mp4,no
dyZdiWNflko_005,data/raw/CMU-MOSEI/segments/dyZdiWNflko_005.mp4,no
dyZdiWNflko_006,data/raw/CMU-MOSEI/segments/dyZdiWNflko_006.mp4,no
dyZdiWNflko_007,data/raw/CMU-MOSEI/segments/dyZdiWNflko_007.mp4,no
dyZdiWNflko_009,data/raw/CMU-MOSEI/segments/dyZdiWNflko_009.mp4,no
DzdPl68gV5o_000,data/raw/CMU-MOSEI/segments/DzdPl68gV5o_000.mp4,no
DzdPl68gV5o_001,data/raw/CMU-MOSEI/segments/DzdPl68gV5o_001.mp4,no
DZIFCYOhosQ_000,data/raw/CMU-MOSEI/segments/DZIFCYOhosQ_000.mp4,no
DZIFCYOhosQ_003,data/raw/CMU-MOSEI/segments/DZIFCYOhosQ_003.mp4,no
DZIFCYOhosQ_004,data/raw/CMU-MOSEI/segments/DZIFCYOhosQ_004.mp4,no
DZIFCYOhosQ_005,data/raw/CMU-MOSEI/segments/DZIFCYOhosQ_005.mp4,no
DZIFCYOhosQ_007,data/raw/CMU-MOSEI/segments/DZIFCYOhosQ_007.mp4,no
DZIFCYOhosQ_008,data/raw/CMU-MOSEI/segments/DZIFCYOhosQ_008.mp4,no
DZIFCYOhosQ_009,data/raw/CMU-MOSEI/segments/DZIFCYOhosQ_009.mp4,no
dZK01jhM27k_000,data/raw/CMU-MOSEI/segments/dZK01jhM27k_000.mp4,no
dZolFNqR-hA_000,data/raw/CMU-MOSEI/segments/dZolFNqR-hA_000.mp4,no
e-2QlzFeyNU_000,data/raw/CMU-MOSEI/segments/e-2QlzFeyNU_000.mp4,no
e-2QlzFeyNU_001,data/raw/CMU-MOSEI/segments/e-2QlzFeyNU_001.mp4,no
E05bA058vts_000,data/raw/CMU-MOSEI/segments/E05bA058vts_000.mp4,no
e0hYEr848TE_000,data/raw/CMU-MOSEI/segments/e0hYEr848TE_000.mp4,no
e1E5W_ZefmY_001,data/raw/CMU-MOSEI/segments/e1E5W_ZefmY_001.mp4,no
e1E5W_ZefmY_002,data/raw/CMU-MOSEI/segments/e1E5W_ZefmY_002.mp4,no
e1E5W_ZefmY_003,data/raw/CMU-MOSEI/segments/e1E5W_ZefmY_003.mp4,no
e1E5W_ZefmY_005,data/raw/CMU-MOSEI/segments/e1E5W_ZefmY_005.mp4,no
e1E5W_ZefmY_006,data/raw/CMU-MOSEI/segments/e1E5W_ZefmY_006.mp4,no
E1r0FrFyNTw_000,data/raw/CMU-MOSEI/segments/E1r0FrFyNTw_000.mp4,no
E1r0FrFyNTw_001,data/raw/CMU-MOSEI/segments/E1r0FrFyNTw_001.mp4,no
E1r0FrFyNTw_002,data/raw/CMU-MOSEI/segments/E1r0FrFyNTw_002.mp4,no
e7_2U4lm6TE_000,data/raw/CMU-MOSEI/segments/e7_2U4lm6TE_000.mp4,no
e7_2U4lm6TE_002,data/raw/CMU-MOSEI/segments/e7_2U4lm6TE_002.mp4,no
e7_2U4lm6TE_003,data/raw/CMU-MOSEI/segments/e7_2U4lm6TE_003.mp4,no
e7_2U4lm6TE_004,data/raw/CMU-MOSEI/segments/e7_2U4lm6TE_004.mp4,no
e7_2U4lm6TE_005,data/raw/CMU-MOSEI/segments/e7_2U4lm6TE_005.mp4,no
e7_2U4lm6TE_006,data/raw/CMU-MOSEI/segments/e7_2U4lm6TE_006.mp4,no
e7_2U4lm6TE_007,data/raw/CMU-MOSEI/segments/e7_2U4lm6TE_007.mp4,no
e7_2U4lm6TE_009,data/raw/CMU-MOSEI/segments/e7_2U4lm6TE_009.mp4,no
e7_2U4lm6TE_010,data/raw/CMU-MOSEI/segments/e7_2U4lm6TE_010.mp4,no
e7_2U4lm6TE_011,data/raw/CMU-MOSEI/segments/e7_2U4lm6TE_011.mp4,no
e7_2U4lm6TE_014,data/raw/CMU-MOSEI/segments/e7_2U4lm6TE_014.mp4,no
e7_2U4lm6TE_017,data/raw/CMU-MOSEI/segments/e7_2U4lm6TE_017.mp4,no
E7ZLz3tSwNM_000,data/raw/CMU-MOSEI/segments/E7ZLz3tSwNM_000.mp4,no
E7ZLz3tSwNM_002,data/raw/CMU-MOSEI/segments/E7ZLz3tSwNM_002.mp4,no
E8MuzHUhUHk_002,data/raw/CMU-MOSEI/segments/E8MuzHUhUHk_002.mp4,no
E8MuzHUhUHk_003,data/raw/CMU-MOSEI/segments/E8MuzHUhUHk_003.mp4,no
E8MuzHUhUHk_004,data/raw/CMU-MOSEI/segments/E8MuzHUhUHk_004.mp4,no
E8MuzHUhUHk_007,data/raw/CMU-MOSEI/segments/E8MuzHUhUHk_007.mp4,no
E8MuzHUhUHk_009,data/raw/CMU-MOSEI/segments/E8MuzHUhUHk_009.mp4,no
E8MuzHUhUHk_010,data/raw/CMU-MOSEI/segments/E8MuzHUhUHk_010.mp4,no
E_ocLuUw-1I_001,data/raw/CMU-MOSEI/segments/E_ocLuUw-1I_001.mp4,no
E_ocLuUw-1I_002,data/raw/CMU-MOSEI/segments/E_ocLuUw-1I_002.mp4,no
E_ocLuUw-1I_003,data/raw/CMU-MOSEI/segments/E_ocLuUw-1I_003.mp4,no
E_ocLuUw-1I_004,data/raw/CMU-MOSEI/segments/E_ocLuUw-1I_004.mp4,no
E_oqbJatW3E_000,data/raw/CMU-MOSEI/segments/E_oqbJatW3E_000.mp4,no
E_oqbJatW3E_001,data/raw/CMU-MOSEI/segments/E_oqbJatW3E_001.mp4,no
Ea_Huc2-lwo_000,data/raw/CMU-MOSEI/segments/Ea_Huc2-lwo_000.mp4,no
Ea_Huc2-lwo_002,data/raw/CMU-MOSEI/segments/Ea_Huc2-lwo_002.mp4,no
eE8Qr9fOvVA_000,data/raw/CMU-MOSEI/segments/eE8Qr9fOvVA_000.mp4,no
eE8Qr9fOvVA_002,data/raw/CMU-MOSEI/segments/eE8Qr9fOvVA_002.mp4,no
EEjCkc82oyk_000,data/raw/CMU-MOSEI/segments/EEjCkc82oyk_000.mp4,no
EEjCkc82oyk_001,data/raw/CMU-MOSEI/segments/EEjCkc82oyk_001.mp4,no
EEjCkc82oyk_002,data/raw/CMU-MOSEI/segments/EEjCkc82oyk_002.mp4,no
EEjCkc82oyk_004,data/raw/CMU-MOSEI/segments/EEjCkc82oyk_004.mp4,no
EEjCkc82oyk_005,data/raw/CMU-MOSEI/segments/EEjCkc82oyk_005.mp4,no
EEjCkc82oyk_007,data/raw/CMU-MOSEI/segments/EEjCkc82oyk_007.mp4,no
EfQoSpEZa0o_000,data/raw/CMU-MOSEI/segments/EfQoSpEZa0o_000.mp4,no
EfQoSpEZa0o_001,data/raw/CMU-MOSEI/segments/EfQoSpEZa0o_001.mp4,no
EfQoSpEZa0o_002,data/raw/CMU-MOSEI/segments/EfQoSpEZa0o_002.mp4,no
EfQoSpEZa0o_003,data/raw/CMU-MOSEI/segments/EfQoSpEZa0o_003.mp4,no
eFV7iFPYZB4_000,data/raw/CMU-MOSEI/segments/eFV7iFPYZB4_000.mp4,no
eFV7iFPYZB4_001,data/raw/CMU-MOSEI/segments/eFV7iFPYZB4_001.mp4,no
eFV7iFPYZB4_002,data/raw/CMU-MOSEI/segments/eFV7iFPYZB4_002.mp4,no
eFV7iFPYZB4_003,data/raw/CMU-MOSEI/segments/eFV7iFPYZB4_003.mp4,no
eFV7iFPYZB4_004,data/raw/CMU-MOSEI/segments/eFV7iFPYZB4_004.mp4,no
eFV7iFPYZB4_005,data/raw/CMU-MOSEI/segments/eFV7iFPYZB4_005.mp4,no
eFV7iFPYZB4_007,data/raw/CMU-MOSEI/segments/eFV7iFPYZB4_007.mp4,no
eFV7iFPYZB4_008,data/raw/CMU-MOSEI/segments/eFV7iFPYZB4_008.mp4,no
eFV7iFPYZB4_009,data/raw/CMU-MOSEI/segments/eFV7iFPYZB4_009.mp4,no
eFV7iFPYZB4_010,data/raw/CMU-MOSEI/segments/eFV7iFPYZB4_010.mp4,no
eFV7iFPYZB4_011,data/raw/CMU-MOSEI/segments/eFV7iFPYZB4_011.mp4,no
ehZrOdw6PhA_000,data/raw/CMU-MOSEI/segments/ehZrOdw6PhA_000.mp4,no
ehZrOdw6PhA_001,data/raw/CMU-MOSEI/segments/ehZrOdw6PhA_001.mp4,no
ehZrOdw6PhA_002,data/raw/CMU-MOSEI/segments/ehZrOdw6PhA_002.mp4,no
EiG3r8hAVeY_001,data/raw/CMU-MOSEI/segments/EiG3r8hAVeY_001.mp4,no
EiG3r8hAVeY_002,data/raw/CMU-MOSEI/segments/EiG3r8hAVeY_002.mp4,no
EiG3r8hAVeY_003,data/raw/CMU-MOSEI/segments/EiG3r8hAVeY_003.mp4,no
EiG3r8hAVeY_005,data/raw/CMU-MOSEI/segments/EiG3r8hAVeY_005.mp4,no
EiG3r8hAVeY_006,data/raw/CMU-MOSEI/segments/EiG3r8hAVeY_006.mp4,no
ejDe6hQWZOk_000,data/raw/CMU-MOSEI/segments/ejDe6hQWZOk_000.mp4,no
ejDe6hQWZOk_002,data/raw/CMU-MOSEI/segments/ejDe6hQWZOk_002.mp4,no
eJfT7-dDqzA_000,data/raw/CMU-MOSEI/segments/eJfT7-dDqzA_000.mp4,no
eJfT7-dDqzA_001,data/raw/CMU-MOSEI/segments/eJfT7-dDqzA_001.mp4,no
eJfT7-dDqzA_002,data/raw/CMU-MOSEI/segments/eJfT7-dDqzA_002.mp4,no
eJfT7-dDqzA_003,data/raw/CMU-MOSEI/segments/eJfT7-dDqzA_003.mp4,no
eJfT7-dDqzA_004,data/raw/CMU-MOSEI/segments/eJfT7-dDqzA_004.mp4,no
eJfT7-dDqzA_005,data/raw/CMU-MOSEI/segments/eJfT7-dDqzA_005.mp4,no
EJT25p7JahU_003,data/raw/CMU-MOSEI/segments/EJT25p7JahU_003.mp4,no
eKQKEi2-0Ws_000,data/raw/CMU-MOSEI/segments/eKQKEi2-0Ws_000.mp4,no
eKRWfaizBO0_000,data/raw/CMU-MOSEI/segments/eKRWfaizBO0_000.mp4,no
eKRWfaizBO0_001,data/raw/CMU-MOSEI/segments/eKRWfaizBO0_001.mp4,no
ELtbrO8FbuI_000,data/raw/CMU-MOSEI/segments/ELtbrO8FbuI_000.mp4,no
Emi9cw9xa00_002,data/raw/CMU-MOSEI/segments/Emi9cw9xa00_002.mp4,no
Emi9cw9xa00_003,data/raw/CMU-MOSEI/segments/Emi9cw9xa00_003.mp4,no
Emi9cw9xa00_005,data/raw/CMU-MOSEI/segments/Emi9cw9xa00_005.mp4,no
Emi9cw9xa00_008,data/raw/CMU-MOSEI/segments/Emi9cw9xa00_008.mp4,no
Emi9cw9xa00_010,data/raw/CMU-MOSEI/segments/Emi9cw9xa00_010.mp4,no
Emjv2cDzW1E_000,data/raw/CMU-MOSEI/segments/Emjv2cDzW1E_000.mp4,no
EMS14J0odIE_001,data/raw/CMU-MOSEI/segments/EMS14J0odIE_001.mp4,no
EO_SN04Xef0_001,data/raw/CMU-MOSEI/segments/EO_SN04Xef0_001.mp4,no
EO_SN04Xef0_002,data/raw/CMU-MOSEI/segments/EO_SN04Xef0_002.mp4,no
EO_SN04Xef0_004,data/raw/CMU-MOSEI/segments/EO_SN04Xef0_004.mp4,no
EoC83JhkCAw_001,data/raw/CMU-MOSEI/segments/EoC83JhkCAw_001.mp4,no
EoC83JhkCAw_002,data/raw/CMU-MOSEI/segments/EoC83JhkCAw_002.mp4,no
EoC83JhkCAw_003,data/raw/CMU-MOSEI/segments/EoC83JhkCAw_003.mp4,no
EoC83JhkCAw_004,data/raw/CMU-MOSEI/segments/EoC83JhkCAw_004.mp4,no
EoC83JhkCAw_005,data/raw/CMU-MOSEI/segments/EoC83JhkCAw_005.mp4,no
EoC83JhkCAw_006,data/raw/CMU-MOSEI/segments/EoC83JhkCAw_006.mp4,no
EoC83JhkCAw_008,data/raw/CMU-MOSEI/segments/EoC83JhkCAw_008.mp4,no
EoC83JhkCAw_009,data/raw/CMU-MOSEI/segments/EoC83JhkCAw_009.mp4,no
EoC83JhkCAw_010,data/raw/CMU-MOSEI/segments/EoC83JhkCAw_010.mp4,no
eOiC1kb17P4_002,data/raw/CMU-MOSEI/segments/eOiC1kb17P4_002.mp4,no
EOkdFMw0pmk_000,data/raw/CMU-MOSEI/segments/EOkdFMw0pmk_000.mp4,no
EOkdFMw0pmk_001,data/raw/CMU-MOSEI/segments/EOkdFMw0pmk_001.mp4,no
EOkdFMw0pmk_002,data/raw/CMU-MOSEI/segments/EOkdFMw0pmk_002.mp4,no
EOkdFMw0pmk_003,data/raw/CMU-MOSEI/segments/EOkdFMw0pmk_003.mp4,no
EOkdFMw0pmk_004,data/raw/CMU-MOSEI/segments/EOkdFMw0pmk_004.mp4,no
EOkdFMw0pmk_005,data/raw/CMU-MOSEI/segments/EOkdFMw0pmk_005.mp4,no
EOkdFMw0pmk_006,data/raw/CMU-MOSEI/segments/EOkdFMw0pmk_006.mp4,no
EOkdFMw0pmk_007,data/raw/CMU-MOSEI/segments/EOkdFMw0pmk_007.mp4,no
EOkdFMw0pmk_008,data/raw/CMU-MOSEI/segments/EOkdFMw0pmk_008.mp4,no
EOkdFMw0pmk_009,data/raw/CMU-MOSEI/segments/EOkdFMw0pmk_009.mp4,no
ep3IasggD3k_000,data/raw/CMU-MOSEI/segments/ep3IasggD3k_000.mp4,no
ep3IasggD3k_001,data/raw/CMU-MOSEI/segments/ep3IasggD3k_001.mp4,no
ep3IasggD3k_004,data/raw/CMU-MOSEI/segments/ep3IasggD3k_004.mp4,no
ep3IasggD3k_005,data/raw/CMU-MOSEI/segments/ep3IasggD3k_005.mp4,no
ep3IasggD3k_006,data/raw/CMU-MOSEI/segments/ep3IasggD3k_006.mp4,no
EpadyoYlAjQ_000,data/raw/CMU-MOSEI/segments/EpadyoYlAjQ_000.mp4,no
EpadyoYlAjQ_001,data/raw/CMU-MOSEI/segments/EpadyoYlAjQ_001.mp4,no
EpadyoYlAjQ_003,data/raw/CMU-MOSEI/segments/EpadyoYlAjQ_003.mp4,no
EpadyoYlAjQ_004,data/raw/CMU-MOSEI/segments/EpadyoYlAjQ_004.mp4,no
EpadyoYlAjQ_005,data/raw/CMU-MOSEI/segments/EpadyoYlAjQ_005.mp4,no
EpadyoYlAjQ_006,data/raw/CMU-MOSEI/segments/EpadyoYlAjQ_006.mp4,no
ePiz4zU6crI_000,data/raw/CMU-MOSEI/segments/ePiz4zU6crI_000.mp4,no
ePtlUYCdrNM_000,data/raw/CMU-MOSEI/segments/ePtlUYCdrNM_000.mp4,no
ePtlUYCdrNM_002,data/raw/CMU-MOSEI/segments/ePtlUYCdrNM_002.mp4,no
ePtlUYCdrNM_004,data/raw/CMU-MOSEI/segments/ePtlUYCdrNM_004.mp4,no
ePtlUYCdrNM_006,data/raw/CMU-MOSEI/segments/ePtlUYCdrNM_006.mp4,no
EQxkXiWAm08_000,data/raw/CMU-MOSEI/segments/EQxkXiWAm08_000.mp4,no
EQxkXiWAm08_001,data/raw/CMU-MOSEI/segments/EQxkXiWAm08_001.mp4,no
erNDEjQeox8_000,data/raw/CMU-MOSEI/segments/erNDEjQeox8_000.mp4,no
eSHOcLD5T58_000,data/raw/CMU-MOSEI/segments/eSHOcLD5T58_000.mp4,no
eSHOcLD5T58_001,data/raw/CMU-MOSEI/segments/eSHOcLD5T58_001.mp4,no
eSHOcLD5T58_002,data/raw/CMU-MOSEI/segments/eSHOcLD5T58_002.mp4,no
eSHOcLD5T58_003,data/raw/CMU-MOSEI/segments/eSHOcLD5T58_003.mp4,no
eSHOcLD5T58_004,data/raw/CMU-MOSEI/segments/eSHOcLD5T58_004.mp4,no
eSHOcLD5T58_005,data/raw/CMU-MOSEI/segments/eSHOcLD5T58_005.mp4,no
eSHOcLD5T58_006,data/raw/CMU-MOSEI/segments/eSHOcLD5T58_006.mp4,no
eSHOcLD5T58_007,data/raw/CMU-MOSEI/segments/eSHOcLD5T58_007.mp4,no
esnOE1LefKA_000,data/raw/CMU-MOSEI/segments/esnOE1LefKA_000.mp4,no
esnOE1LefKA_001,data/raw/CMU-MOSEI/segments/esnOE1LefKA_001.mp4,no
ET1cU5_A2YM_002,data/raw/CMU-MOSEI/segments/ET1cU5_A2YM_002.mp4,no
ET1cU5_A2YM_003,data/raw/CMU-MOSEI/segments/ET1cU5_A2YM_003.mp4,no
ET1cU5_A2YM_004,data/raw/CMU-MOSEI/segments/ET1cU5_A2YM_004.mp4,no
etPDgRjrnJ8_001,data/raw/CMU-MOSEI/segments/etPDgRjrnJ8_001.mp4,no
EujJ0SwiCRE_000,data/raw/CMU-MOSEI/segments/EujJ0SwiCRE_000.mp4,no
EULEL3QhKD0_001,data/raw/CMU-MOSEI/segments/EULEL3QhKD0_001.mp4,no
EULEL3QhKD0_002,data/raw/CMU-MOSEI/segments/EULEL3QhKD0_002.mp4,no
EuSp1pkX9i8_000,data/raw/CMU-MOSEI/segments/EuSp1pkX9i8_000.mp4,no
EuSp1pkX9i8_001,data/raw/CMU-MOSEI/segments/EuSp1pkX9i8_001.mp4,no
EWYivXUavOY_000,data/raw/CMU-MOSEI/segments/EWYivXUavOY_000.mp4,no
EWYivXUavOY_001,data/raw/CMU-MOSEI/segments/EWYivXUavOY_001.mp4,no
EWYivXUavOY_002,data/raw/CMU-MOSEI/segments/EWYivXUavOY_002.mp4,no
EWYivXUavOY_003,data/raw/CMU-MOSEI/segments/EWYivXUavOY_003.mp4,no
EWYivXUavOY_004,data/raw/CMU-MOSEI/segments/EWYivXUavOY_004.mp4,no
ex-dKshlXoY_000,data/raw/CMU-MOSEI/segments/ex-dKshlXoY_000.mp4,no
ex-dKshlXoY_001,data/raw/CMU-MOSEI/segments/ex-dKshlXoY_001.mp4,no
ExDLNkDVsxY_000,data/raw/CMU-MOSEI/segments/ExDLNkDVsxY_000.mp4,no
ExDLNkDVsxY_001,data/raw/CMU-MOSEI/segments/ExDLNkDVsxY_001.mp4,no
ExDLNkDVsxY_002,data/raw/CMU-MOSEI/segments/ExDLNkDVsxY_002.mp4,no
ExDLNkDVsxY_003,data/raw/CMU-MOSEI/segments/ExDLNkDVsxY_003.mp4,no
ExDLNkDVsxY_004,data/raw/CMU-MOSEI/segments/ExDLNkDVsxY_004.mp4,no
ExDLNkDVsxY_005,data/raw/CMU-MOSEI/segments/ExDLNkDVsxY_005.mp4,no
ExDLNkDVsxY_006,data/raw/CMU-MOSEI/segments/ExDLNkDVsxY_006.mp4,no
ExDLNkDVsxY_008,data/raw/CMU-MOSEI/segments/ExDLNkDVsxY_008.mp4,no
ey1lr8wFFDc_000,data/raw/CMU-MOSEI/segments/ey1lr8wFFDc_000.mp4,no
eY64P27khzk_002,data/raw/CMU-MOSEI/segments/eY64P27khzk_002.mp4,no
eY64P27khzk_004,data/raw/CMU-MOSEI/segments/eY64P27khzk_004.mp4,no
EyoMU2yoJPY_001,data/raw/CMU-MOSEI/segments/EyoMU2yoJPY_001.mp4,no
EyoMU2yoJPY_002,data/raw/CMU-MOSEI/segments/EyoMU2yoJPY_002.mp4,no
EyoMU2yoJPY_003,data/raw/CMU-MOSEI/segments/EyoMU2yoJPY_003.mp4,no
Ezn3p5FWF_U_000,data/raw/CMU-MOSEI/segments/Ezn3p5FWF_U_000.mp4,no
ezuWKsxPRSM_000,data/raw/CMU-MOSEI/segments/ezuWKsxPRSM_000.mp4,no
ezuWKsxPRSM_001,data/raw/CMU-MOSEI/segments/ezuWKsxPRSM_001.mp4,no
ezuWKsxPRSM_003,data/raw/CMU-MOSEI/segments/ezuWKsxPRSM_003.mp4,no
eZVcshSUD3Q_000,data/raw/CMU-MOSEI/segments/eZVcshSUD3Q_000.mp4,no
eZVcshSUD3Q_001,data/raw/CMU-MOSEI/segments/eZVcshSUD3Q_001.mp4,no
eZVcshSUD3Q_002,data/raw/CMU-MOSEI/segments/eZVcshSUD3Q_002.mp4,no
f-VdKweez2U_001,data/raw/CMU-MOSEI/segments/f-VdKweez2U_001.mp4,no
f-VdKweez2U_003,data/raw/CMU-MOSEI/segments/f-VdKweez2U_003.mp4,no
f-VdKweez2U_004,data/raw/CMU-MOSEI/segments/f-VdKweez2U_004.mp4,no
F1U26PLiXjM_000,data/raw/CMU-MOSEI/segments/F1U26PLiXjM_000.mp4,no
F1U26PLiXjM_001,data/raw/CMU-MOSEI/segments/F1U26PLiXjM_001.mp4,no
F2hc2FLOdhI_000,data/raw/CMU-MOSEI/segments/F2hc2FLOdhI_000.mp4,no
F2hc2FLOdhI_001,data/raw/CMU-MOSEI/segments/F2hc2FLOdhI_001.mp4,no
F2hc2FLOdhI_002,data/raw/CMU-MOSEI/segments/F2hc2FLOdhI_002.mp4,no
F2hc2FLOdhI_003,data/raw/CMU-MOSEI/segments/F2hc2FLOdhI_003.mp4,no
F2hc2FLOdhI_004,data/raw/CMU-MOSEI/segments/F2hc2FLOdhI_004.mp4,no
F2hc2FLOdhI_006,data/raw/CMU-MOSEI/segments/F2hc2FLOdhI_006.mp4,no
F2M7WbPXRps_001,data/raw/CMU-MOSEI/segments/F2M7WbPXRps_001.mp4,no
F2M7WbPXRps_002,data/raw/CMU-MOSEI/segments/F2M7WbPXRps_002.mp4,no
F2M7WbPXRps_003,data/raw/CMU-MOSEI/segments/F2M7WbPXRps_003.mp4,no
F4OhXQTMOEc_001,data/raw/CMU-MOSEI/segments/F4OhXQTMOEc_001.mp4,no
F4OhXQTMOEc_003,data/raw/CMU-MOSEI/segments/F4OhXQTMOEc_003.mp4,no
F4OhXQTMOEc_005,data/raw/CMU-MOSEI/segments/F4OhXQTMOEc_005.mp4,no
F4OhXQTMOEc_006,data/raw/CMU-MOSEI/segments/F4OhXQTMOEc_006.mp4,no
F59hwsm4Ld0_000,data/raw/CMU-MOSEI/segments/F59hwsm4Ld0_000.mp4,no
F59hwsm4Ld0_001,data/raw/CMU-MOSEI/segments/F59hwsm4Ld0_001.mp4,no
F59hwsm4Ld0_003,data/raw/CMU-MOSEI/segments/F59hwsm4Ld0_003.mp4,no
F59hwsm4Ld0_004,data/raw/CMU-MOSEI/segments/F59hwsm4Ld0_004.mp4,no
F59hwsm4Ld0_007,data/raw/CMU-MOSEI/segments/F59hwsm4Ld0_007.mp4,no
F59hwsm4Ld0_008,data/raw/CMU-MOSEI/segments/F59hwsm4Ld0_008.mp4,no
F59hwsm4Ld0_009,data/raw/CMU-MOSEI/segments/F59hwsm4Ld0_009.mp4,no
F59hwsm4Ld0_010,data/raw/CMU-MOSEI/segments/F59hwsm4Ld0_010.mp4,no
F59hwsm4Ld0_011,data/raw/CMU-MOSEI/segments/F59hwsm4Ld0_011.mp4,no
F59hwsm4Ld0_012,data/raw/CMU-MOSEI/segments/F59hwsm4Ld0_012.mp4,no
F59hwsm4Ld0_013,data/raw/CMU-MOSEI/segments/F59hwsm4Ld0_013.mp4,no
F59hwsm4Ld0_014,data/raw/CMU-MOSEI/segments/F59hwsm4Ld0_014.mp4,no
F59hwsm4Ld0_015,data/raw/CMU-MOSEI/segments/F59hwsm4Ld0_015.mp4,no
F59hwsm4Ld0_016,data/raw/CMU-MOSEI/segments/F59hwsm4Ld0_016.mp4,no
F59hwsm4Ld0_017,data/raw/CMU-MOSEI/segments/F59hwsm4Ld0_017.mp4,no
F59hwsm4Ld0_018,data/raw/CMU-MOSEI/segments/F59hwsm4Ld0_018.mp4,no
F59hwsm4Ld0_019,data/raw/CMU-MOSEI/segments/F59hwsm4Ld0_019.mp4,no
F59hwsm4Ld0_020,data/raw/CMU-MOSEI/segments/F59hwsm4Ld0_020.mp4,no
F59hwsm4Ld0_021,data/raw/CMU-MOSEI/segments/F59hwsm4Ld0_021.mp4,no
F59hwsm4Ld0_022,data/raw/CMU-MOSEI/segments/F59hwsm4Ld0_022.mp4,no
F59hwsm4Ld0_023,data/raw/CMU-MOSEI/segments/F59hwsm4Ld0_023.mp4,no
F59hwsm4Ld0_024,data/raw/CMU-MOSEI/segments/F59hwsm4Ld0_024.mp4,no
F59hwsm4Ld0_025,data/raw/CMU-MOSEI/segments/F59hwsm4Ld0_025.mp4,no
F59hwsm4Ld0_026,data/raw/CMU-MOSEI/segments/F59hwsm4Ld0_026.mp4,no
F59hwsm4Ld0_027,data/raw/CMU-MOSEI/segments/F59hwsm4Ld0_027.mp4,no
F59hwsm4Ld0_028,data/raw/CMU-MOSEI/segments/F59hwsm4Ld0_028.mp4,no
F59hwsm4Ld0_029,data/raw/CMU-MOSEI/segments/F59hwsm4Ld0_029.mp4,no
F59hwsm4Ld0_030,data/raw/CMU-MOSEI/segments/F59hwsm4Ld0_030.mp4,no
F59hwsm4Ld0_032,data/raw/CMU-MOSEI/segments/F59hwsm4Ld0_032.mp4,no
F59hwsm4Ld0_033,data/raw/CMU-MOSEI/segments/F59hwsm4Ld0_033.mp4,no
F59hwsm4Ld0_034,data/raw/CMU-MOSEI/segments/F59hwsm4Ld0_034.mp4,no
F59hwsm4Ld0_035,data/raw/CMU-MOSEI/segments/F59hwsm4Ld0_035.mp4,no
F59hwsm4Ld0_036,data/raw/CMU-MOSEI/segments/F59hwsm4Ld0_036.mp4,no
F59hwsm4Ld0_037,data/raw/CMU-MOSEI/segments/F59hwsm4Ld0_037.mp4,no
F59hwsm4Ld0_038,data/raw/CMU-MOSEI/segments/F59hwsm4Ld0_038.mp4,no
F59hwsm4Ld0_039,data/raw/CMU-MOSEI/segments/F59hwsm4Ld0_039.mp4,no
F59hwsm4Ld0_040,data/raw/CMU-MOSEI/segments/F59hwsm4Ld0_040.mp4,no
F59hwsm4Ld0_041,data/raw/CMU-MOSEI/segments/F59hwsm4Ld0_041.mp4,no
F59hwsm4Ld0_042,data/raw/CMU-MOSEI/segments/F59hwsm4Ld0_042.mp4,no
F59hwsm4Ld0_044,data/raw/CMU-MOSEI/segments/F59hwsm4Ld0_044.mp4,no
F59hwsm4Ld0_045,data/raw/CMU-MOSEI/segments/F59hwsm4Ld0_045.mp4,no
f5k5cF80aUE_000,data/raw/CMU-MOSEI/segments/f5k5cF80aUE_000.mp4,no
f5k5cF80aUE_001,data/raw/CMU-MOSEI/segments/f5k5cF80aUE_001.mp4,no
f5k5cF80aUE_002,data/raw/CMU-MOSEI/segments/f5k5cF80aUE_002.mp4,no
f5k5cF80aUE_003,data/raw/CMU-MOSEI/segments/f5k5cF80aUE_003.mp4,no
F6JV-K840EY_000,data/raw/CMU-MOSEI/segments/F6JV-K840EY_000.mp4,no
F6JV-K840EY_001,data/raw/CMU-MOSEI/segments/F6JV-K840EY_001.mp4,no
F6JV-K840EY_002,data/raw/CMU-MOSEI/segments/F6JV-K840EY_002.mp4,no
f6S2XNPIiFk_001,data/raw/CMU-MOSEI/segments/f6S2XNPIiFk_001.mp4,no
f6S2XNPIiFk_007,data/raw/CMU-MOSEI/segments/f6S2XNPIiFk_007.mp4,no
f6S2XNPIiFk_008,data/raw/CMU-MOSEI/segments/f6S2XNPIiFk_008.mp4,no
F8eQI8E-6q4_002,data/raw/CMU-MOSEI/segments/F8eQI8E-6q4_002.mp4,no
f8Puta8k8fU_000,data/raw/CMU-MOSEI/segments/f8Puta8k8fU_000.mp4,no
F_YaG_pvZrA_001,data/raw/CMU-MOSEI/segments/F_YaG_pvZrA_001.mp4,no
F_YaG_pvZrA_003,data/raw/CMU-MOSEI/segments/F_YaG_pvZrA_003.mp4,no
f_ZJ7L14oYQ_000,data/raw/CMU-MOSEI/segments/f_ZJ7L14oYQ_000.mp4,no
f_ZJ7L14oYQ_001,data/raw/CMU-MOSEI/segments/f_ZJ7L14oYQ_001.mp4,no
f_ZJ7L14oYQ_002,data/raw/CMU-MOSEI/segments/f_ZJ7L14oYQ_002.mp4,no
f_ZJ7L14oYQ_003,data/raw/CMU-MOSEI/segments/f_ZJ7L14oYQ_003.mp4,no
f_ZJ7L14oYQ_004,data/raw/CMU-MOSEI/segments/f_ZJ7L14oYQ_004.mp4,no
f_ZJ7L14oYQ_005,data/raw/CMU-MOSEI/segments/f_ZJ7L14oYQ_005.mp4,no
f_ZJ7L14oYQ_006,data/raw/CMU-MOSEI/segments/f_ZJ7L14oYQ_006.mp4,no
f_ZJ7L14oYQ_007,data/raw/CMU-MOSEI/segments/f_ZJ7L14oYQ_007.mp4,no
f_ZJ7L14oYQ_009,data/raw/CMU-MOSEI/segments/f_ZJ7L14oYQ_009.mp4,no
f_ZJ7L14oYQ_010,data/raw/CMU-MOSEI/segments/f_ZJ7L14oYQ_010.mp4,no
f_ZJ7L14oYQ_011,data/raw/CMU-MOSEI/segments/f_ZJ7L14oYQ_011.mp4,no
f_ZJ7L14oYQ_012,data/raw/CMU-MOSEI/segments/f_ZJ7L14oYQ_012.mp4,no
f_ZJ7L14oYQ_013,data/raw/CMU-MOSEI/segments/f_ZJ7L14oYQ_013.mp4,no
f_ZJ7L14oYQ_014,data/raw/CMU-MOSEI/segments/f_ZJ7L14oYQ_014.mp4,no
faUvT7zfsyk_000,data/raw/CMU-MOSEI/segments/faUvT7zfsyk_000.mp4,no
faUvT7zfsyk_002,data/raw/CMU-MOSEI/segments/faUvT7zfsyk_002.mp4,no
faXGVcVcVsE_000,data/raw/CMU-MOSEI/segments/faXGVcVcVsE_000.mp4,no
faXGVcVcVsE_002,data/raw/CMU-MOSEI/segments/faXGVcVcVsE_002.mp4,no
faXGVcVcVsE_003,data/raw/CMU-MOSEI/segments/faXGVcVcVsE_003.mp4,no
faXGVcVcVsE_005,data/raw/CMU-MOSEI/segments/faXGVcVcVsE_005.mp4,no
faXGVcVcVsE_006,data/raw/CMU-MOSEI/segments/faXGVcVcVsE_006.mp4,no
faXGVcVcVsE_012,data/raw/CMU-MOSEI/segments/faXGVcVcVsE_012.mp4,no
faXGVcVcVsE_015,data/raw/CMU-MOSEI/segments/faXGVcVcVsE_015.mp4,no
FB_b1dm0SRY_000,data/raw/CMU-MOSEI/segments/FB_b1dm0SRY_000.mp4,no
FB_b1dm0SRY_006,data/raw/CMU-MOSEI/segments/FB_b1dm0SRY_006.mp4,no
FB_b1dm0SRY_007,data/raw/CMU-MOSEI/segments/FB_b1dm0SRY_007.mp4,no
FB_b1dm0SRY_008,data/raw/CMU-MOSEI/segments/FB_b1dm0SRY_008.mp4,no
FB_b1dm0SRY_011,data/raw/CMU-MOSEI/segments/FB_b1dm0SRY_011.mp4,no
FB_b1dm0SRY_013,data/raw/CMU-MOSEI/segments/FB_b1dm0SRY_013.mp4,no
fbHlBmq7Ipo_000,data/raw/CMU-MOSEI/segments/fbHlBmq7Ipo_000.mp4,no
fbHlBmq7Ipo_002,data/raw/CMU-MOSEI/segments/fbHlBmq7Ipo_002.mp4,no
fbHlBmq7Ipo_003,data/raw/CMU-MOSEI/segments/fbHlBmq7Ipo_003.mp4,no
fbHlBmq7Ipo_005,data/raw/CMU-MOSEI/segments/fbHlBmq7Ipo_005.mp4,no
fbHlBmq7Ipo_006,data/raw/CMU-MOSEI/segments/fbHlBmq7Ipo_006.mp4,no
fbHlBmq7Ipo_007,data/raw/CMU-MOSEI/segments/fbHlBmq7Ipo_007.mp4,no
fbHlBmq7Ipo_008,data/raw/CMU-MOSEI/segments/fbHlBmq7Ipo_008.mp4,no
fbHlBmq7Ipo_010,data/raw/CMU-MOSEI/segments/fbHlBmq7Ipo_010.mp4,no
fbHlBmq7Ipo_011,data/raw/CMU-MOSEI/segments/fbHlBmq7Ipo_011.mp4,no
fbSxct2JcKU_000,data/raw/CMU-MOSEI/segments/fbSxct2JcKU_000.mp4,no
FCMbWx2JpZ0_000,data/raw/CMU-MOSEI/segments/FCMbWx2JpZ0_000.mp4,no
FCMbWx2JpZ0_001,data/raw/CMU-MOSEI/segments/FCMbWx2JpZ0_001.mp4,no
fcxbB7ybUfs_002,data/raw/CMU-MOSEI/segments/fcxbB7ybUfs_002.mp4,no
fdc7iyzKvFQ_000,data/raw/CMU-MOSEI/segments/fdc7iyzKvFQ_000.mp4,no
fdc7iyzKvFQ_002,data/raw/CMU-MOSEI/segments/fdc7iyzKvFQ_002.mp4,no
FdTczBnXtYU_002,data/raw/CMU-MOSEI/segments/FdTczBnXtYU_002.mp4,no
FdTczBnXtYU_003,data/raw/CMU-MOSEI/segments/FdTczBnXtYU_003.mp4,no
fDYZINwIs_A_000,data/raw/CMU-MOSEI/segments/fDYZINwIs_A_000.mp4,no
fe2CWCpdTF8_000,data/raw/CMU-MOSEI/segments/fe2CWCpdTF8_000.mp4,no
FfavRdRKsAQ_001,data/raw/CMU-MOSEI/segments/FfavRdRKsAQ_001.mp4,no
FfavRdRKsAQ_005,data/raw/CMU-MOSEI/segments/FfavRdRKsAQ_005.mp4,no
FfavRdRKsAQ_007,data/raw/CMU-MOSEI/segments/FfavRdRKsAQ_007.mp4,no
FfavRdRKsAQ_009,data/raw/CMU-MOSEI/segments/FfavRdRKsAQ_009.mp4,no
fhADeWE5VgU_002,data/raw/CMU-MOSEI/segments/fhADeWE5VgU_002.mp4,no
FHDVQkU-nGI_000,data/raw/CMU-MOSEI/segments/FHDVQkU-nGI_000.mp4,no
FHDVQkU-nGI_001,data/raw/CMU-MOSEI/segments/FHDVQkU-nGI_001.mp4,no
FHDVQkU-nGI_002,data/raw/CMU-MOSEI/segments/FHDVQkU-nGI_002.mp4,no
FHDVQkU-nGI_003,data/raw/CMU-MOSEI/segments/FHDVQkU-nGI_003.mp4,no
FHDVQkU-nGI_004,data/raw/CMU-MOSEI/segments/FHDVQkU-nGI_004.mp4,no
FHDVQkU-nGI_005,data/raw/CMU-MOSEI/segments/FHDVQkU-nGI_005.mp4,no
FHDVQkU-nGI_006,data/raw/CMU-MOSEI/segments/FHDVQkU-nGI_006.mp4,no
FHDVQkU-nGI_007,data/raw/CMU-MOSEI/segments/FHDVQkU-nGI_007.mp4,no
FHlzZ2VxuGQ_007,data/raw/CMU-MOSEI/segments/FHlzZ2VxuGQ_007.mp4,no
fhY2vbnjuWY_000,data/raw/CMU-MOSEI/segments/fhY2vbnjuWY_000.mp4,no
fhY2vbnjuWY_001,data/raw/CMU-MOSEI/segments/fhY2vbnjuWY_001.mp4,no
fhY2vbnjuWY_002,data/raw/CMU-MOSEI/segments/fhY2vbnjuWY_002.mp4,no
fI9KptYFZeg_000,data/raw/CMU-MOSEI/segments/fI9KptYFZeg_000.mp4,no
fI9KptYFZeg_001,data/raw/CMU-MOSEI/segments/fI9KptYFZeg_001.mp4,no
fI9KptYFZeg_003,data/raw/CMU-MOSEI/segments/fI9KptYFZeg_003.mp4,no
fiXZqpbRYKk_000,data/raw/CMU-MOSEI/segments/fiXZqpbRYKk_000.mp4,no
fiXZqpbRYKk_001,data/raw/CMU-MOSEI/segments/fiXZqpbRYKk_001.mp4,no
fiXZqpbRYKk_002,data/raw/CMU-MOSEI/segments/fiXZqpbRYKk_002.mp4,no
fiXZqpbRYKk_003,data/raw/CMU-MOSEI/segments/fiXZqpbRYKk_003.mp4,no
fiXZqpbRYKk_004,data/raw/CMU-MOSEI/segments/fiXZqpbRYKk_004.mp4,no
fiXZqpbRYKk_005,data/raw/CMU-MOSEI/segments/fiXZqpbRYKk_005.mp4,no
fiXZqpbRYKk_006,data/raw/CMU-MOSEI/segments/fiXZqpbRYKk_006.mp4,no
fiXZqpbRYKk_007,data/raw/CMU-MOSEI/segments/fiXZqpbRYKk_007.mp4,no
fiXZqpbRYKk_008,data/raw/CMU-MOSEI/segments/fiXZqpbRYKk_008.mp4,no
fiXZqpbRYKk_009,data/raw/CMU-MOSEI/segments/fiXZqpbRYKk_009.mp4,no
fiXZqpbRYKk_010,data/raw/CMU-MOSEI/segments/fiXZqpbRYKk_010.mp4,no
fiXZqpbRYKk_011,data/raw/CMU-MOSEI/segments/fiXZqpbRYKk_011.mp4,no
flBtk736di4_000,data/raw/CMU-MOSEI/segments/flBtk736di4_000.mp4,no
flBtk736di4_002,data/raw/CMU-MOSEI/segments/flBtk736di4_002.mp4,no
flBtk736di4_006,data/raw/CMU-MOSEI/segments/flBtk736di4_006.mp4,no
flBtk736di4_007,data/raw/CMU-MOSEI/segments/flBtk736di4_007.mp4,no
flGZteJUNYU_000,data/raw/CMU-MOSEI/segments/flGZteJUNYU_000.mp4,no
FLyWn2DCci4_002,data/raw/CMU-MOSEI/segments/FLyWn2DCci4_002.mp4,no
FMenDv3y8jc_000,data/raw/CMU-MOSEI/segments/FMenDv3y8jc_000.mp4,no
FMenDv3y8jc_005,data/raw/CMU-MOSEI/segments/FMenDv3y8jc_005.mp4,no
FmIS69vB12I_000,data/raw/CMU-MOSEI/segments/FmIS69vB12I_000.mp4,no
FmIS69vB12I_001,data/raw/CMU-MOSEI/segments/FmIS69vB12I_001.mp4,no
FmIS69vB12I_002,data/raw/CMU-MOSEI/segments/FmIS69vB12I_002.mp4,no
FmIS69vB12I_003,data/raw/CMU-MOSEI/segments/FmIS69vB12I_003.mp4,no
FmIS69vB12I_004,data/raw/CMU-MOSEI/segments/FmIS69vB12I_004.mp4,no
FmIS69vB12I_005,data/raw/CMU-MOSEI/segments/FmIS69vB12I_005.mp4,no
FmIS69vB12I_006,data/raw/CMU-MOSEI/segments/FmIS69vB12I_006.mp4,no
FmIS69vB12I_007,data/raw/CMU-MOSEI/segments/FmIS69vB12I_007.mp4,no
FmIS69vB12I_008,data/raw/CMU-MOSEI/segments/FmIS69vB12I_008.mp4,no
FmIS69vB12I_009,data/raw/CMU-MOSEI/segments/FmIS69vB12I_009.mp4,no
FmIS69vB12I_010,data/raw/CMU-MOSEI/segments/FmIS69vB12I_010.mp4,no
FmIS69vB12I_011,data/raw/CMU-MOSEI/segments/FmIS69vB12I_011.mp4,no
FMW6diQ9rMo_000,data/raw/CMU-MOSEI/segments/FMW6diQ9rMo_000.mp4,no
FMW6diQ9rMo_002,data/raw/CMU-MOSEI/segments/FMW6diQ9rMo_002.mp4,no
FMW6diQ9rMo_003,data/raw/CMU-MOSEI/segments/FMW6diQ9rMo_003.mp4,no
FMW6diQ9rMo_004,data/raw/CMU-MOSEI/segments/FMW6diQ9rMo_004.mp4,no
FMW6diQ9rMo_005,data/raw/CMU-MOSEI/segments/FMW6diQ9rMo_005.mp4,no
FMW6diQ9rMo_006,data/raw/CMU-MOSEI/segments/FMW6diQ9rMo_006.mp4,no
FMW6diQ9rMo_007,data/raw/CMU-MOSEI/segments/FMW6diQ9rMo_007.mp4,no
Fmwc7wkIc4Q_000,data/raw/CMU-MOSEI/segments/Fmwc7wkIc4Q_000.mp4,no
Fmwc7wkIc4Q_001,data/raw/CMU-MOSEI/segments/Fmwc7wkIc4Q_001.mp4,no
Fmwc7wkIc4Q_002,data/raw/CMU-MOSEI/segments/Fmwc7wkIc4Q_002.mp4,no
Fmwc7wkIc4Q_003,data/raw/CMU-MOSEI/segments/Fmwc7wkIc4Q_003.mp4,no
Fmwc7wkIc4Q_004,data/raw/CMU-MOSEI/segments/Fmwc7wkIc4Q_004.mp4,no
Fmwc7wkIc4Q_005,data/raw/CMU-MOSEI/segments/Fmwc7wkIc4Q_005.mp4,no
Fmwc7wkIc4Q_006,data/raw/CMU-MOSEI/segments/Fmwc7wkIc4Q_006.mp4,no
Fmwc7wkIc4Q_008,data/raw/CMU-MOSEI/segments/Fmwc7wkIc4Q_008.mp4,no
Fmwc7wkIc4Q_009,data/raw/CMU-MOSEI/segments/Fmwc7wkIc4Q_009.mp4,no
Fmwc7wkIc4Q_011,data/raw/CMU-MOSEI/segments/Fmwc7wkIc4Q_011.mp4,no
Fmwc7wkIc4Q_012,data/raw/CMU-MOSEI/segments/Fmwc7wkIc4Q_012.mp4,no
Fmwc7wkIc4Q_014,data/raw/CMU-MOSEI/segments/Fmwc7wkIc4Q_014.mp4,no
FNbULlE9RKg_000,data/raw/CMU-MOSEI/segments/FNbULlE9RKg_000.mp4,no
FNbULlE9RKg_003,data/raw/CMU-MOSEI/segments/FNbULlE9RKg_003.mp4,no
FOMXt3lStco_000,data/raw/CMU-MOSEI/segments/FOMXt3lStco_000.mp4,no
foXArPhK0xY_000,data/raw/CMU-MOSEI/segments/foXArPhK0xY_000.mp4,no
foXArPhK0xY_004,data/raw/CMU-MOSEI/segments/foXArPhK0xY_004.mp4,no
foXArPhK0xY_005,data/raw/CMU-MOSEI/segments/foXArPhK0xY_005.mp4,no
foXArPhK0xY_006,data/raw/CMU-MOSEI/segments/foXArPhK0xY_006.mp4,no
fOxg1NstCHA_000,data/raw/CMU-MOSEI/segments/fOxg1NstCHA_000.mp4,no
FP3o75bpi8k_002,data/raw/CMU-MOSEI/segments/FP3o75bpi8k_002.mp4,no
FphtHpVV-7w_000,data/raw/CMU-MOSEI/segments/FphtHpVV-7w_000.mp4,no
FphtHpVV-7w_003,data/raw/CMU-MOSEI/segments/FphtHpVV-7w_003.mp4,no
FqEekswKPWE_003,data/raw/CMU-MOSEI/segments/FqEekswKPWE_003.mp4,no
FqEekswKPWE_004,data/raw/CMU-MOSEI/segments/FqEekswKPWE_004.mp4,no
FR0B64ID-hA_000,data/raw/CMU-MOSEI/segments/FR0B64ID-hA_000.mp4,no
FR0B64ID-hA_001,data/raw/CMU-MOSEI/segments/FR0B64ID-hA_001.mp4,no
frCWtiam4tE_001,data/raw/CMU-MOSEI/segments/frCWtiam4tE_001.mp4,no
frCWtiam4tE_002,data/raw/CMU-MOSEI/segments/frCWtiam4tE_002.mp4,no
frCWtiam4tE_003,data/raw/CMU-MOSEI/segments/frCWtiam4tE_003.mp4,no
FRKwvmrwrZA_002,data/raw/CMU-MOSEI/segments/FRKwvmrwrZA_002.mp4,no
FRKwvmrwrZA_004,data/raw/CMU-MOSEI/segments/FRKwvmrwrZA_004.mp4,no
FRKwvmrwrZA_005,data/raw/CMU-MOSEI/segments/FRKwvmrwrZA_005.mp4,no
FRKwvmrwrZA_006,data/raw/CMU-MOSEI/segments/FRKwvmrwrZA_006.mp4,no
FRKwvmrwrZA_008,data/raw/CMU-MOSEI/segments/FRKwvmrwrZA_008.mp4,no
FRKwvmrwrZA_010,data/raw/CMU-MOSEI/segments/FRKwvmrwrZA_010.mp4,no
fsd1qPLA3kY_000,data/raw/CMU-MOSEI/segments/fsd1qPLA3kY_000.mp4,no
fsd1qPLA3kY_002,data/raw/CMU-MOSEI/segments/fsd1qPLA3kY_002.mp4,no
FSGL5K2EEdo_000,data/raw/CMU-MOSEI/segments/FSGL5K2EEdo_000.mp4,no
FSGL5K2EEdo_001,data/raw/CMU-MOSEI/segments/FSGL5K2EEdo_001.mp4,no
FsmNLTdE2p0_000,data/raw/CMU-MOSEI/segments/FsmNLTdE2p0_000.mp4,no
fSOVk2cS-sY_000,data/raw/CMU-MOSEI/segments/fSOVk2cS-sY_000.mp4,no
fSOVk2cS-sY_002,data/raw/CMU-MOSEI/segments/fSOVk2cS-sY_002.mp4,no
fSOVk2cS-sY_003,data/raw/CMU-MOSEI/segments/fSOVk2cS-sY_003.mp4,no
fSOVk2cS-sY_004,data/raw/CMU-MOSEI/segments/fSOVk2cS-sY_004.mp4,no
fTNOAssiTYk_000,data/raw/CMU-MOSEI/segments/fTNOAssiTYk_000.mp4,no
fTNOAssiTYk_001,data/raw/CMU-MOSEI/segments/fTNOAssiTYk_001.mp4,no
fTNOAssiTYk_004,data/raw/CMU-MOSEI/segments/fTNOAssiTYk_004.mp4,no
fTNOAssiTYk_005,data/raw/CMU-MOSEI/segments/fTNOAssiTYk_005.mp4,no
FvoZgWvc3gc_000,data/raw/CMU-MOSEI/segments/FvoZgWvc3gc_000.mp4,no
FvoZgWvc3gc_001,data/raw/CMU-MOSEI/segments/FvoZgWvc3gc_001.mp4,no
FvoZgWvc3gc_002,data/raw/CMU-MOSEI/segments/FvoZgWvc3gc_002.mp4,no
FvoZgWvc3gc_003,data/raw/CMU-MOSEI/segments/FvoZgWvc3gc_003.mp4,no
FvoZgWvc3gc_004,data/raw/CMU-MOSEI/segments/FvoZgWvc3gc_004.mp4,no
fW1pK2L6RgM_000,data/raw/CMU-MOSEI/segments/fW1pK2L6RgM_000.mp4,no
fW1pK2L6RgM_002,data/raw/CMU-MOSEI/segments/fW1pK2L6RgM_002.mp4,no
fW1pK2L6RgM_004,data/raw/CMU-MOSEI/segments/fW1pK2L6RgM_004.mp4,no
fW1pK2L6RgM_005,data/raw/CMU-MOSEI/segments/fW1pK2L6RgM_005.mp4,no
FWBCTZiijEM_000,data/raw/CMU-MOSEI/segments/FWBCTZiijEM_000.mp4,no
FWBCTZiijEM_001,data/raw/CMU-MOSEI/segments/FWBCTZiijEM_001.mp4,no
fWOIAxzBQFY_004,data/raw/CMU-MOSEI/segments/fWOIAxzBQFY_004.mp4,no
fWOIAxzBQFY_005,data/raw/CMU-MOSEI/segments/fWOIAxzBQFY_005.mp4,no
fWOIAxzBQFY_008,data/raw/CMU-MOSEI/segments/fWOIAxzBQFY_008.mp4,no
fWOIAxzBQFY_009,data/raw/CMU-MOSEI/segments/fWOIAxzBQFY_009.mp4,no
fWOIAxzBQFY_010,data/raw/CMU-MOSEI/segments/fWOIAxzBQFY_010.mp4,no
fWOIAxzBQFY_011,data/raw/CMU-MOSEI/segments/fWOIAxzBQFY_011.mp4,no
FX87sfrE47w_000,data/raw/CMU-MOSEI/segments/FX87sfrE47w_000.mp4,no
FX87sfrE47w_001,data/raw/CMU-MOSEI/segments/FX87sfrE47w_001.mp4,no
FX87sfrE47w_002,data/raw/CMU-MOSEI/segments/FX87sfrE47w_002.mp4,no
FxxJB8hBpyQ_000,data/raw/CMU-MOSEI/segments/FxxJB8hBpyQ_000.mp4,no
FylhSeozvG8_000,data/raw/CMU-MOSEI/segments/FylhSeozvG8_000.mp4,no
FylhSeozvG8_001,data/raw/CMU-MOSEI/segments/FylhSeozvG8_001.mp4,no
FylhSeozvG8_002,data/raw/CMU-MOSEI/segments/FylhSeozvG8_002.mp4,no
FylhSeozvG8_003,data/raw/CMU-MOSEI/segments/FylhSeozvG8_003.mp4,no
FylhSeozvG8_004,data/raw/CMU-MOSEI/segments/FylhSeozvG8_004.mp4,no
FylhSeozvG8_005,data/raw/CMU-MOSEI/segments/FylhSeozvG8_005.mp4,no
FylhSeozvG8_006,data/raw/CMU-MOSEI/segments/FylhSeozvG8_006.mp4,no
FylhSeozvG8_007,data/raw/CMU-MOSEI/segments/FylhSeozvG8_007.mp4,no
FylhSeozvG8_008,data/raw/CMU-MOSEI/segments/FylhSeozvG8_008.mp4,no
FylhSeozvG8_009,data/raw/CMU-MOSEI/segments/FylhSeozvG8_009.mp4,no
FylhSeozvG8_010,data/raw/CMU-MOSEI/segments/FylhSeozvG8_010.mp4,no
FylhSeozvG8_011,data/raw/CMU-MOSEI/segments/FylhSeozvG8_011.mp4,no
FylhSeozvG8_012,data/raw/CMU-MOSEI/segments/FylhSeozvG8_012.mp4,no
fz-MzQcOBwQ_000,data/raw/CMU-MOSEI/segments/fz-MzQcOBwQ_000.mp4,no
fz-MzQcOBwQ_002,data/raw/CMU-MOSEI/segments/fz-MzQcOBwQ_002.mp4,no
fz-MzQcOBwQ_003,data/raw/CMU-MOSEI/segments/fz-MzQcOBwQ_003.mp4,no
fz-MzQcOBwQ_004,data/raw/CMU-MOSEI/segments/fz-MzQcOBwQ_004.mp4,no
fz-MzQcOBwQ_005,data/raw/CMU-MOSEI/segments/fz-MzQcOBwQ_005.mp4,no
fz-MzQcOBwQ_006,data/raw/CMU-MOSEI/segments/fz-MzQcOBwQ_006.mp4,no
fz-MzQcOBwQ_007,data/raw/CMU-MOSEI/segments/fz-MzQcOBwQ_007.mp4,no
fz-MzQcOBwQ_008,data/raw/CMU-MOSEI/segments/fz-MzQcOBwQ_008.mp4,no
fz-MzQcOBwQ_012,data/raw/CMU-MOSEI/segments/fz-MzQcOBwQ_012.mp4,no
FzxmeVRTjwU_000,data/raw/CMU-MOSEI/segments/FzxmeVRTjwU_000.mp4,no
FzxmeVRTjwU_001,data/raw/CMU-MOSEI/segments/FzxmeVRTjwU_001.mp4,no
FzxmeVRTjwU_002,data/raw/CMU-MOSEI/segments/FzxmeVRTjwU_002.mp4,no
FzxmeVRTjwU_003,data/raw/CMU-MOSEI/segments/FzxmeVRTjwU_003.mp4,no
FzxmeVRTjwU_004,data/raw/CMU-MOSEI/segments/FzxmeVRTjwU_004.mp4,no
FzxmeVRTjwU_006,data/raw/CMU-MOSEI/segments/FzxmeVRTjwU_006.mp4,no
G1Z_JUTgZqo_001,data/raw/CMU-MOSEI/segments/G1Z_JUTgZqo_001.mp4,no
G1Z_JUTgZqo_002,data/raw/CMU-MOSEI/segments/G1Z_JUTgZqo_002.mp4,no
G3RPgs_7l3U_000,data/raw/CMU-MOSEI/segments/G3RPgs_7l3U_000.mp4,no
G4HMKRdIva0_001,data/raw/CMU-MOSEI/segments/G4HMKRdIva0_001.mp4,no
G4HMKRdIva0_003,data/raw/CMU-MOSEI/segments/G4HMKRdIva0_003.mp4,no
G4HMKRdIva0_007,data/raw/CMU-MOSEI/segments/G4HMKRdIva0_007.mp4,no
G4HMKRdIva0_016,data/raw/CMU-MOSEI/segments/G4HMKRdIva0_016.mp4,no
g6VJg6ycUk0_000,data/raw/CMU-MOSEI/segments/g6VJg6ycUk0_000.mp4,no
g8Cl74tS3oY_000,data/raw/CMU-MOSEI/segments/g8Cl74tS3oY_000.mp4,no
g8Cl74tS3oY_002,data/raw/CMU-MOSEI/segments/g8Cl74tS3oY_002.mp4,no
g8NBNtY3cpU_000,data/raw/CMU-MOSEI/segments/g8NBNtY3cpU_000.mp4,no
G8p4QMjLUXI_000,data/raw/CMU-MOSEI/segments/G8p4QMjLUXI_000.mp4,no
G8p4QMjLUXI_001,data/raw/CMU-MOSEI/segments/G8p4QMjLUXI_001.mp4,no
G8p4QMjLUXI_002,data/raw/CMU-MOSEI/segments/G8p4QMjLUXI_002.mp4,no
G8p4QMjLUXI_003,data/raw/CMU-MOSEI/segments/G8p4QMjLUXI_003.mp4,no
G8p4QMjLUXI_004,data/raw/CMU-MOSEI/segments/G8p4QMjLUXI_004.mp4,no
G8p4QMjLUXI_005,data/raw/CMU-MOSEI/segments/G8p4QMjLUXI_005.mp4,no
G8p4QMjLUXI_006,data/raw/CMU-MOSEI/segments/G8p4QMjLUXI_006.mp4,no
G8p4QMjLUXI_007,data/raw/CMU-MOSEI/segments/G8p4QMjLUXI_007.mp4,no
g99kISQbyuI_000,data/raw/CMU-MOSEI/segments/g99kISQbyuI_000.mp4,no
g99kISQbyuI_001,data/raw/CMU-MOSEI/segments/g99kISQbyuI_001.mp4,no
g99kISQbyuI_002,data/raw/CMU-MOSEI/segments/g99kISQbyuI_002.mp4,no
g99kISQbyuI_003,data/raw/CMU-MOSEI/segments/g99kISQbyuI_003.mp4,no
g99kISQbyuI_004,data/raw/CMU-MOSEI/segments/g99kISQbyuI_004.mp4,no
g99kISQbyuI_005,data/raw/CMU-MOSEI/segments/g99kISQbyuI_005.mp4,no
g99kISQbyuI_006,data/raw/CMU-MOSEI/segments/g99kISQbyuI_006.mp4,no
g99kISQbyuI_007,data/raw/CMU-MOSEI/segments/g99kISQbyuI_007.mp4,no
g99kISQbyuI_008,data/raw/CMU-MOSEI/segments/g99kISQbyuI_008.mp4,no
g9rNhtFG9aU_000,data/raw/CMU-MOSEI/segments/g9rNhtFG9aU_000.mp4,no
g9rNhtFG9aU_001,data/raw/CMU-MOSEI/segments/g9rNhtFG9aU_001.mp4,no
g9rNhtFG9aU_003,data/raw/CMU-MOSEI/segments/g9rNhtFG9aU_003.mp4,no
g9rNhtFG9aU_005,data/raw/CMU-MOSEI/segments/g9rNhtFG9aU_005.mp4,no
G_M3lYn6hAA_000,data/raw/CMU-MOSEI/segments/G_M3lYn6hAA_000.mp4,no
G_M3lYn6hAA_002,data/raw/CMU-MOSEI/segments/G_M3lYn6hAA_002.mp4,no
gAMbkJk6gnE_002,data/raw/CMU-MOSEI/segments/gAMbkJk6gnE_002.mp4,no
gAMbkJk6gnE_003,data/raw/CMU-MOSEI/segments/gAMbkJk6gnE_003.mp4,no
gC_wF3uKFW0_001,data/raw/CMU-MOSEI/segments/gC_wF3uKFW0_001.mp4,no
gC_wF3uKFW0_002,data/raw/CMU-MOSEI/segments/gC_wF3uKFW0_002.mp4,no
gC_wF3uKFW0_003,data/raw/CMU-MOSEI/segments/gC_wF3uKFW0_003.mp4,no
gC_wF3uKFW0_004,data/raw/CMU-MOSEI/segments/gC_wF3uKFW0_004.mp4,no
gC_wF3uKFW0_005,data/raw/CMU-MOSEI/segments/gC_wF3uKFW0_005.mp4,no
Gc_zIjqqUys_001,data/raw/CMU-MOSEI/segments/Gc_zIjqqUys_001.mp4,no
gcFECfN4BCU_001,data/raw/CMU-MOSEI/segments/gcFECfN4BCU_001.mp4,no
gcFECfN4BCU_003,data/raw/CMU-MOSEI/segments/gcFECfN4BCU_003.mp4,no
gcFECfN4BCU_005,data/raw/CMU-MOSEI/segments/gcFECfN4BCU_005.mp4,no
gcFECfN4BCU_006,data/raw/CMU-MOSEI/segments/gcFECfN4BCU_006.mp4,no
gcFECfN4BCU_008,data/raw/CMU-MOSEI/segments/gcFECfN4BCU_008.mp4,no
gcFECfN4BCU_011,data/raw/CMU-MOSEI/segments/gcFECfN4BCU_011.mp4,no
gcFECfN4BCU_013,data/raw/CMU-MOSEI/segments/gcFECfN4BCU_013.mp4,no
gcFECfN4BCU_014,data/raw/CMU-MOSEI/segments/gcFECfN4BCU_014.mp4,no
gcFECfN4BCU_015,data/raw/CMU-MOSEI/segments/gcFECfN4BCU_015.mp4,no
gcFECfN4BCU_017,data/raw/CMU-MOSEI/segments/gcFECfN4BCU_017.mp4,no
gcFECfN4BCU_018,data/raw/CMU-MOSEI/segments/gcFECfN4BCU_018.mp4,no
gcFECfN4BCU_019,data/raw/CMU-MOSEI/segments/gcFECfN4BCU_019.mp4,no
gcFECfN4BCU_021,data/raw/CMU-MOSEI/segments/gcFECfN4BCU_021.mp4,no
GCOFujDHDx0_001,data/raw/CMU-MOSEI/segments/GCOFujDHDx0_001.mp4,no
GCOFujDHDx0_002,data/raw/CMU-MOSEI/segments/GCOFujDHDx0_002.mp4,no
gcpsSao7kHM_000,data/raw/CMU-MOSEI/segments/gcpsSao7kHM_000.mp4,no
gcpsSao7kHM_001,data/raw/CMU-MOSEI/segments/gcpsSao7kHM_001.mp4,no
gcpsSao7kHM_003,data/raw/CMU-MOSEI/segments/gcpsSao7kHM_003.mp4,no
gcpsSao7kHM_004,data/raw/CMU-MOSEI/segments/gcpsSao7kHM_004.mp4,no
gcpsSao7kHM_005,data/raw/CMU-MOSEI/segments/gcpsSao7kHM_005.mp4,no
GdFP_p4eQX0_000,data/raw/CMU-MOSEI/segments/GdFP_p4eQX0_000.mp4,no
GdFP_p4eQX0_001,data/raw/CMU-MOSEI/segments/GdFP_p4eQX0_001.mp4,no
GdFP_p4eQX0_002,data/raw/CMU-MOSEI/segments/GdFP_p4eQX0_002.mp4,no
GdFP_p4eQX0_003,data/raw/CMU-MOSEI/segments/GdFP_p4eQX0_003.mp4,no
GdFP_p4eQX0_004,data/raw/CMU-MOSEI/segments/GdFP_p4eQX0_004.mp4,no
ge071m9bGeY_000,data/raw/CMU-MOSEI/segments/ge071m9bGeY_000.mp4,no
ge071m9bGeY_001,data/raw/CMU-MOSEI/segments/ge071m9bGeY_001.mp4,no
ge071m9bGeY_003,data/raw/CMU-MOSEI/segments/ge071m9bGeY_003.mp4,no
ge071m9bGeY_004,data/raw/CMU-MOSEI/segments/ge071m9bGeY_004.mp4,no
ge071m9bGeY_006,data/raw/CMU-MOSEI/segments/ge071m9bGeY_006.mp4,no
ge071m9bGeY_007,data/raw/CMU-MOSEI/segments/ge071m9bGeY_007.mp4,no
ge071m9bGeY_008,data/raw/CMU-MOSEI/segments/ge071m9bGeY_008.mp4,no
gE7kUqMqQ9g_001,data/raw/CMU-MOSEI/segments/gE7kUqMqQ9g_001.mp4,no
gEgcpVY8WK4_000,data/raw/CMU-MOSEI/segments/gEgcpVY8WK4_000.mp4,no
gEgcpVY8WK4_001,data/raw/CMU-MOSEI/segments/gEgcpVY8WK4_001.mp4,no
gEgcpVY8WK4_002,data/raw/CMU-MOSEI/segments/gEgcpVY8WK4_002.mp4,no
gEgcpVY8WK4_003,data/raw/CMU-MOSEI/segments/gEgcpVY8WK4_003.mp4,no
gEgcpVY8WK4_007,data/raw/CMU-MOSEI/segments/gEgcpVY8WK4_007.mp4,no
gEgcpVY8WK4_008,data/raw/CMU-MOSEI/segments/gEgcpVY8WK4_008.mp4,no
gEgcpVY8WK4_009,data/raw/CMU-MOSEI/segments/gEgcpVY8WK4_009.mp4,no
gEgcpVY8WK4_010,data/raw/CMU-MOSEI/segments/gEgcpVY8WK4_010.mp4,no
gEgcpVY8WK4_011,data/raw/CMU-MOSEI/segments/gEgcpVY8WK4_011.mp4,no
gEgcpVY8WK4_012,data/raw/CMU-MOSEI/segments/gEgcpVY8WK4_012.mp4,no
gEgcpVY8WK4_013,data/raw/CMU-MOSEI/segments/gEgcpVY8WK4_013.mp4,no
gEgcpVY8WK4_014,data/raw/CMU-MOSEI/segments/gEgcpVY8WK4_014.mp4,no
gEgcpVY8WK4_016,data/raw/CMU-MOSEI/segments/gEgcpVY8WK4_016.mp4,no
gEgcpVY8WK4_018,data/raw/CMU-MOSEI/segments/gEgcpVY8WK4_018.mp4,no
gEgcpVY8WK4_019,data/raw/CMU-MOSEI/segments/gEgcpVY8WK4_019.mp4,no
gEgcpVY8WK4_020,data/raw/CMU-MOSEI/segments/gEgcpVY8WK4_020.mp4,no
gEgcpVY8WK4_021,data/raw/CMU-MOSEI/segments/gEgcpVY8WK4_021.mp4,no
gEgcpVY8WK4_023,data/raw/CMU-MOSEI/segments/gEgcpVY8WK4_023.mp4,no
gEgcpVY8WK4_024,data/raw/CMU-MOSEI/segments/gEgcpVY8WK4_024.mp4,no
gEgcpVY8WK4_025,data/raw/CMU-MOSEI/segments/gEgcpVY8WK4_025.mp4,no
gEgcpVY8WK4_026,data/raw/CMU-MOSEI/segments/gEgcpVY8WK4_026.mp4,no
gEgcpVY8WK4_027,data/raw/CMU-MOSEI/segments/gEgcpVY8WK4_027.mp4,no
gEgcpVY8WK4_028,data/raw/CMU-MOSEI/segments/gEgcpVY8WK4_028.mp4,no
gEgcpVY8WK4_029,data/raw/CMU-MOSEI/segments/gEgcpVY8WK4_029.mp4,no
gEgcpVY8WK4_030,data/raw/CMU-MOSEI/segments/gEgcpVY8WK4_030.mp4,no
gEgcpVY8WK4_031,data/raw/CMU-MOSEI/segments/gEgcpVY8WK4_031.mp4,no
Gg9ZcRlwnbc_002,data/raw/CMU-MOSEI/segments/Gg9ZcRlwnbc_002.mp4,no
Gg9ZcRlwnbc_003,data/raw/CMU-MOSEI/segments/Gg9ZcRlwnbc_003.mp4,no
Gg9ZcRlwnbc_004,data/raw/CMU-MOSEI/segments/Gg9ZcRlwnbc_004.mp4,no
Gg9ZcRlwnbc_006,data/raw/CMU-MOSEI/segments/Gg9ZcRlwnbc_006.mp4,no
Gg9ZcRlwnbc_007,data/raw/CMU-MOSEI/segments/Gg9ZcRlwnbc_007.mp4,no
Gg9ZcRlwnbc_009,data/raw/CMU-MOSEI/segments/Gg9ZcRlwnbc_009.mp4,no
GICVzJMDfv0_001,data/raw/CMU-MOSEI/segments/GICVzJMDfv0_001.mp4,no
gJdSxPhf85M_002,data/raw/CMU-MOSEI/segments/gJdSxPhf85M_002.mp4,no
gjEYmdWrBLM_001,data/raw/CMU-MOSEI/segments/gjEYmdWrBLM_001.mp4,no
gjEYmdWrBLM_002,data/raw/CMU-MOSEI/segments/gjEYmdWrBLM_002.mp4,no
gjEYmdWrBLM_003,data/raw/CMU-MOSEI/segments/gjEYmdWrBLM_003.mp4,no
gjEYmdWrBLM_005,data/raw/CMU-MOSEI/segments/gjEYmdWrBLM_005.mp4,no
gjEYmdWrBLM_006,data/raw/CMU-MOSEI/segments/gjEYmdWrBLM_006.mp4,no
gjEYmdWrBLM_007,data/raw/CMU-MOSEI/segments/gjEYmdWrBLM_007.mp4,no
gjEYmdWrBLM_008,data/raw/CMU-MOSEI/segments/gjEYmdWrBLM_008.mp4,no
gjEYmdWrBLM_009,data/raw/CMU-MOSEI/segments/gjEYmdWrBLM_009.mp4,no
gjEYmdWrBLM_010,data/raw/CMU-MOSEI/segments/gjEYmdWrBLM_010.mp4,no
gjEYmdWrBLM_011,data/raw/CMU-MOSEI/segments/gjEYmdWrBLM_011.mp4,no
gjEYmdWrBLM_013,data/raw/CMU-MOSEI/segments/gjEYmdWrBLM_013.mp4,no
gjEYmdWrBLM_014,data/raw/CMU-MOSEI/segments/gjEYmdWrBLM_014.mp4,no
gjEYmdWrBLM_015,data/raw/CMU-MOSEI/segments/gjEYmdWrBLM_015.mp4,no
gjEYmdWrBLM_017,data/raw/CMU-MOSEI/segments/gjEYmdWrBLM_017.mp4,no
gjEYmdWrBLM_018,data/raw/CMU-MOSEI/segments/gjEYmdWrBLM_018.mp4,no
gjEYmdWrBLM_019,data/raw/CMU-MOSEI/segments/gjEYmdWrBLM_019.mp4,no
gjEYmdWrBLM_020,data/raw/CMU-MOSEI/segments/gjEYmdWrBLM_020.mp4,no
gjEYmdWrBLM_021,data/raw/CMU-MOSEI/segments/gjEYmdWrBLM_021.mp4,no
gjEYmdWrBLM_023,data/raw/CMU-MOSEI/segments/gjEYmdWrBLM_023.mp4,no
gjEYmdWrBLM_024,data/raw/CMU-MOSEI/segments/gjEYmdWrBLM_024.mp4,no
gjEYmdWrBLM_025,data/raw/CMU-MOSEI/segments/gjEYmdWrBLM_025.mp4,no
gjEYmdWrBLM_026,data/raw/CMU-MOSEI/segments/gjEYmdWrBLM_026.mp4,no
gjEYmdWrBLM_027,data/raw/CMU-MOSEI/segments/gjEYmdWrBLM_027.mp4,no
gjGL6YY6oMs_000,data/raw/CMU-MOSEI/segments/gjGL6YY6oMs_000.mp4,no
gjGL6YY6oMs_001,data/raw/CMU-MOSEI/segments/gjGL6YY6oMs_001.mp4,no
gjGL6YY6oMs_002,data/raw/CMU-MOSEI/segments/gjGL6YY6oMs_002.mp4,no
gjGL6YY6oMs_003,data/raw/CMU-MOSEI/segments/gjGL6YY6oMs_003.mp4,no
gjGL6YY6oMs_004,data/raw/CMU-MOSEI/segments/gjGL6YY6oMs_004.mp4,no
gjGL6YY6oMs_005,data/raw/CMU-MOSEI/segments/gjGL6YY6oMs_005.mp4,no
gJjkCPO7iXg_002,data/raw/CMU-MOSEI/segments/gJjkCPO7iXg_002.mp4,no
gJjkCPO7iXg_003,data/raw/CMU-MOSEI/segments/gJjkCPO7iXg_003.mp4,no
gjSyl6evrWk_001,data/raw/CMU-MOSEI/segments/gjSyl6evrWk_001.mp4,no
gjSyl6evrWk_004,data/raw/CMU-MOSEI/segments/gjSyl6evrWk_004.mp4,no
gjSyl6evrWk_006,data/raw/CMU-MOSEI/segments/gjSyl6evrWk_006.mp4,no
gjSyl6evrWk_007,data/raw/CMU-MOSEI/segments/gjSyl6evrWk_007.mp4,no
GK-Pprzh0t0_001,data/raw/CMU-MOSEI/segments/GK-Pprzh0t0_001.mp4,no
GK-Pprzh0t0_003,data/raw/CMU-MOSEI/segments/GK-Pprzh0t0_003.mp4,no
GkoBk5K-FH0_003,data/raw/CMU-MOSEI/segments/GkoBk5K-FH0_003.mp4,no
GkoBk5K-FH0_005,data/raw/CMU-MOSEI/segments/GkoBk5K-FH0_005.mp4,no
GkoBk5K-FH0_007,data/raw/CMU-MOSEI/segments/GkoBk5K-FH0_007.mp4,no
GkoBk5K-FH0_008,data/raw/CMU-MOSEI/segments/GkoBk5K-FH0_008.mp4,no
GkoBk5K-FH0_009,data/raw/CMU-MOSEI/segments/GkoBk5K-FH0_009.mp4,no
GkoBk5K-FH0_010,data/raw/CMU-MOSEI/segments/GkoBk5K-FH0_010.mp4,no
GkoBk5K-FH0_011,data/raw/CMU-MOSEI/segments/GkoBk5K-FH0_011.mp4,no
GkoBk5K-FH0_014,data/raw/CMU-MOSEI/segments/GkoBk5K-FH0_014.mp4,no
gKojBrXHhUc_000,data/raw/CMU-MOSEI/segments/gKojBrXHhUc_000.mp4,no
gKojBrXHhUc_001,data/raw/CMU-MOSEI/segments/gKojBrXHhUc_001.mp4,no
GKsjv42t284_002,data/raw/CMU-MOSEI/segments/GKsjv42t284_002.mp4,no
GKsjv42t284_003,data/raw/CMU-MOSEI/segments/GKsjv42t284_003.mp4,no
GKsjv42t284_004,data/raw/CMU-MOSEI/segments/GKsjv42t284_004.mp4,no
gL8h7lOPv1Q_000,data/raw/CMU-MOSEI/segments/gL8h7lOPv1Q_000.mp4,no
gL8h7lOPv1Q_001,data/raw/CMU-MOSEI/segments/gL8h7lOPv1Q_001.mp4,no
gL8h7lOPv1Q_003,data/raw/CMU-MOSEI/segments/gL8h7lOPv1Q_003.mp4,no
gL8h7lOPv1Q_004,data/raw/CMU-MOSEI/segments/gL8h7lOPv1Q_004.mp4,no
gL8h7lOPv1Q_007,data/raw/CMU-MOSEI/segments/gL8h7lOPv1Q_007.mp4,no
gL8h7lOPv1Q_009,data/raw/CMU-MOSEI/segments/gL8h7lOPv1Q_009.mp4,no
gLdRUsLw4CA_000,data/raw/CMU-MOSEI/segments/gLdRUsLw4CA_000.mp4,no
gLdRUsLw4CA_002,data/raw/CMU-MOSEI/segments/gLdRUsLw4CA_002.mp4,no
gLdRUsLw4CA_003,data/raw/CMU-MOSEI/segments/gLdRUsLw4CA_003.mp4,no
Gljee9uq_Rc_001,data/raw/CMU-MOSEI/segments/Gljee9uq_Rc_001.mp4,no
Gljee9uq_Rc_003,data/raw/CMU-MOSEI/segments/Gljee9uq_Rc_003.mp4,no
Gljee9uq_Rc_004,data/raw/CMU-MOSEI/segments/Gljee9uq_Rc_004.mp4,no
Gljee9uq_Rc_005,data/raw/CMU-MOSEI/segments/Gljee9uq_Rc_005.mp4,no
Gljee9uq_Rc_006,data/raw/CMU-MOSEI/segments/Gljee9uq_Rc_006.mp4,no
Gljee9uq_Rc_009,data/raw/CMU-MOSEI/segments/Gljee9uq_Rc_009.mp4,no
Gmhi58erY6k_000,data/raw/CMU-MOSEI/segments/Gmhi58erY6k_000.mp4,no
Gmhi58erY6k_001,data/raw/CMU-MOSEI/segments/Gmhi58erY6k_001.mp4,no
Gmhi58erY6k_002,data/raw/CMU-MOSEI/segments/Gmhi58erY6k_002.mp4,no
Gmhi58erY6k_003,data/raw/CMU-MOSEI/segments/Gmhi58erY6k_003.mp4,no
Gmhi58erY6k_004,data/raw/CMU-MOSEI/segments/Gmhi58erY6k_004.mp4,no
Gmhi58erY6k_005,data/raw/CMU-MOSEI/segments/Gmhi58erY6k_005.mp4,no
GMHW6XEO1ms_000,data/raw/CMU-MOSEI/segments/GMHW6XEO1ms_000.mp4,no
GMHW6XEO1ms_002,data/raw/CMU-MOSEI/segments/GMHW6XEO1ms_002.mp4,no
GMHW6XEO1ms_003,data/raw/CMU-MOSEI/segments/GMHW6XEO1ms_003.mp4,no
GMnoxaqqReQ_000,data/raw/CMU-MOSEI/segments/GMnoxaqqReQ_000.mp4,no
GMnoxaqqReQ_001,data/raw/CMU-MOSEI/segments/GMnoxaqqReQ_001.mp4,no
GmpDbIstUdc_001,data/raw/CMU-MOSEI/segments/GmpDbIstUdc_001.mp4,no
GNP0PFas12Y_001,data/raw/CMU-MOSEI/segments/GNP0PFas12Y_001.mp4,no
GNP0PFas12Y_002,data/raw/CMU-MOSEI/segments/GNP0PFas12Y_002.mp4,no
GNP0PFas12Y_003,data/raw/CMU-MOSEI/segments/GNP0PFas12Y_003.mp4,no
GNP0PFas12Y_004,data/raw/CMU-MOSEI/segments/GNP0PFas12Y_004.mp4,no
GNP0PFas12Y_005,data/raw/CMU-MOSEI/segments/GNP0PFas12Y_005.mp4,no
GNP0PFas12Y_006,data/raw/CMU-MOSEI/segments/GNP0PFas12Y_006.mp4,no
GOj7TBcEA8E_000,data/raw/CMU-MOSEI/segments/GOj7TBcEA8E_000.mp4,no
GOj7TBcEA8E_001,data/raw/CMU-MOSEI/segments/GOj7TBcEA8E_001.mp4,no
GOj7TBcEA8E_002,data/raw/CMU-MOSEI/segments/GOj7TBcEA8E_002.mp4,no
GOj7TBcEA8E_004,data/raw/CMU-MOSEI/segments/GOj7TBcEA8E_004.mp4,no
GOj7TBcEA8E_005,data/raw/CMU-MOSEI/segments/GOj7TBcEA8E_005.mp4,no
GOj7TBcEA8E_006,data/raw/CMU-MOSEI/segments/GOj7TBcEA8E_006.mp4,no
GOj7TBcEA8E_008,data/raw/CMU-MOSEI/segments/GOj7TBcEA8E_008.mp4,no
GOj7TBcEA8E_009,data/raw/CMU-MOSEI/segments/GOj7TBcEA8E_009.mp4,no
GOj7TBcEA8E_010,data/raw/CMU-MOSEI/segments/GOj7TBcEA8E_010.mp4,no
GOj7TBcEA8E_012,data/raw/CMU-MOSEI/segments/GOj7TBcEA8E_012.mp4,no
GOj7TBcEA8E_013,data/raw/CMU-MOSEI/segments/GOj7TBcEA8E_013.mp4,no
GOj7TBcEA8E_014,data/raw/CMU-MOSEI/segments/GOj7TBcEA8E_014.mp4,no
GOj7TBcEA8E_015,data/raw/CMU-MOSEI/segments/GOj7TBcEA8E_015.mp4,no
goMtnNHQ_z4_000,data/raw/CMU-MOSEI/segments/goMtnNHQ_z4_000.mp4,no
goMtnNHQ_z4_001,data/raw/CMU-MOSEI/segments/goMtnNHQ_z4_001.mp4,no
goMtnNHQ_z4_002,data/raw/CMU-MOSEI/segments/goMtnNHQ_z4_002.mp4,no
goMtnNHQ_z4_003,data/raw/CMU-MOSEI/segments/goMtnNHQ_z4_003.mp4,no
GpRDC-S88dM_001,data/raw/CMU-MOSEI/segments/GpRDC-S88dM_001.mp4,no
GpRDC-S88dM_002,data/raw/CMU-MOSEI/segments/GpRDC-S88dM_002.mp4,no
GpRDC-S88dM_003,data/raw/CMU-MOSEI/segments/GpRDC-S88dM_003.mp4,no
GpRDC-S88dM_006,data/raw/CMU-MOSEI/segments/GpRDC-S88dM_006.mp4,no
GpRDC-S88dM_007,data/raw/CMU-MOSEI/segments/GpRDC-S88dM_007.mp4,no
GpRDC-S88dM_008,data/raw/CMU-MOSEI/segments/GpRDC-S88dM_008.mp4,no
GpRDC-S88dM_009,data/raw/CMU-MOSEI/segments/GpRDC-S88dM_009.mp4,no
GpRDC-S88dM_010,data/raw/CMU-MOSEI/segments/GpRDC-S88dM_010.mp4,no
GpRDC-S88dM_011,data/raw/CMU-MOSEI/segments/GpRDC-S88dM_011.mp4,no
GpRDC-S88dM_012,data/raw/CMU-MOSEI/segments/GpRDC-S88dM_012.mp4,no
GpRDC-S88dM_018,data/raw/CMU-MOSEI/segments/GpRDC-S88dM_018.mp4,no
GpRDC-S88dM_020,data/raw/CMU-MOSEI/segments/GpRDC-S88dM_020.mp4,no
GpRDC-S88dM_021,data/raw/CMU-MOSEI/segments/GpRDC-S88dM_021.mp4,no
GpRDC-S88dM_022,data/raw/CMU-MOSEI/segments/GpRDC-S88dM_022.mp4,no
GpRDC-S88dM_026,data/raw/CMU-MOSEI/segments/GpRDC-S88dM_026.mp4,no
GpRDC-S88dM_027,data/raw/CMU-MOSEI/segments/GpRDC-S88dM_027.mp4,no
gPWyANEm0eE_005,data/raw/CMU-MOSEI/segments/gPWyANEm0eE_005.mp4,no
gPWyANEm0eE_006,data/raw/CMU-MOSEI/segments/gPWyANEm0eE_006.mp4,no
gR3igiwaeyc_000,data/raw/CMU-MOSEI/segments/gR3igiwaeyc_000.mp4,no
gR3igiwaeyc_001,data/raw/CMU-MOSEI/segments/gR3igiwaeyc_001.mp4,no
gR3igiwaeyc_002,data/raw/CMU-MOSEI/segments/gR3igiwaeyc_002.mp4,no
gR3igiwaeyc_004,data/raw/CMU-MOSEI/segments/gR3igiwaeyc_004.mp4,no
gR3igiwaeyc_005,data/raw/CMU-MOSEI/segments/gR3igiwaeyc_005.mp4,no
gR3igiwaeyc_006,data/raw/CMU-MOSEI/segments/gR3igiwaeyc_006.mp4,no
gR3igiwaeyc_007,data/raw/CMU-MOSEI/segments/gR3igiwaeyc_007.mp4,no
gR3igiwaeyc_008,data/raw/CMU-MOSEI/segments/gR3igiwaeyc_008.mp4,no
gR4gM_WXesQ_000,data/raw/CMU-MOSEI/segments/gR4gM_WXesQ_000.mp4,no
gR4gM_WXesQ_001,data/raw/CMU-MOSEI/segments/gR4gM_WXesQ_001.mp4,no
gR4gM_WXesQ_002,data/raw/CMU-MOSEI/segments/gR4gM_WXesQ_002.mp4,no
gR4gM_WXesQ_003,data/raw/CMU-MOSEI/segments/gR4gM_WXesQ_003.mp4,no
gR4gM_WXesQ_006,data/raw/CMU-MOSEI/segments/gR4gM_WXesQ_006.mp4,no
gR4gM_WXesQ_009,data/raw/CMU-MOSEI/segments/gR4gM_WXesQ_009.mp4,no
gR4gM_WXesQ_010,data/raw/CMU-MOSEI/segments/gR4gM_WXesQ_010.mp4,no
gR4gM_WXesQ_011,data/raw/CMU-MOSEI/segments/gR4gM_WXesQ_011.mp4,no
gR4gM_WXesQ_012,data/raw/CMU-MOSEI/segments/gR4gM_WXesQ_012.mp4,no
gR4gM_WXesQ_013,data/raw/CMU-MOSEI/segments/gR4gM_WXesQ_013.mp4,no
gR4gM_WXesQ_014,data/raw/CMU-MOSEI/segments/gR4gM_WXesQ_014.mp4,no
gR4gM_WXesQ_015,data/raw/CMU-MOSEI/segments/gR4gM_WXesQ_015.mp4,no
gR4gM_WXesQ_016,data/raw/CMU-MOSEI/segments/gR4gM_WXesQ_016.mp4,no
gr9YU-UTJzQ_000,data/raw/CMU-MOSEI/segments/gr9YU-UTJzQ_000.mp4,no
grePRQ8zonA_002,data/raw/CMU-MOSEI/segments/grePRQ8zonA_002.mp4,no
grsV1YN1z5s_000,data/raw/CMU-MOSEI/segments/grsV1YN1z5s_000.mp4,no
GSnt_fW8qjI_002,data/raw/CMU-MOSEI/segments/GSnt_fW8qjI_002.mp4,no
GtRxTvuF6J0_000,data/raw/CMU-MOSEI/segments/GtRxTvuF6J0_000.mp4,no
GtRxTvuF6J0_001,data/raw/CMU-MOSEI/segments/GtRxTvuF6J0_001.mp4,no
GtRxTvuF6J0_002,data/raw/CMU-MOSEI/segments/GtRxTvuF6J0_002.mp4,no
GtRxTvuF6J0_003,data/raw/CMU-MOSEI/segments/GtRxTvuF6J0_003.mp4,no
GtRxTvuF6J0_004,data/raw/CMU-MOSEI/segments/GtRxTvuF6J0_004.mp4,no
gU7McujYYPY_002,data/raw/CMU-MOSEI/segments/gU7McujYYPY_002.mp4,no
gU7McujYYPY_003,data/raw/CMU-MOSEI/segments/gU7McujYYPY_003.mp4,no
gU7McujYYPY_004,data/raw/CMU-MOSEI/segments/gU7McujYYPY_004.mp4,no
gU7McujYYPY_005,data/raw/CMU-MOSEI/segments/gU7McujYYPY_005.mp4,no
gU7McujYYPY_006,data/raw/CMU-MOSEI/segments/gU7McujYYPY_006.mp4,no
GUffC7vu9zA_000,data/raw/CMU-MOSEI/segments/GUffC7vu9zA_000.mp4,no
GUffC7vu9zA_001,data/raw/CMU-MOSEI/segments/GUffC7vu9zA_001.mp4,no
GUffC7vu9zA_002,data/raw/CMU-MOSEI/segments/GUffC7vu9zA_002.mp4,no
GUffC7vu9zA_003,data/raw/CMU-MOSEI/segments/GUffC7vu9zA_003.mp4,no
GUffC7vu9zA_004,data/raw/CMU-MOSEI/segments/GUffC7vu9zA_004.mp4,no
GUffC7vu9zA_005,data/raw/CMU-MOSEI/segments/GUffC7vu9zA_005.mp4,no
GUffC7vu9zA_006,data/raw/CMU-MOSEI/segments/GUffC7vu9zA_006.mp4,no
Gv0kKbfwPpI_001,data/raw/CMU-MOSEI/segments/Gv0kKbfwPpI_001.mp4,no
gv43BPYYxKQ_001,data/raw/CMU-MOSEI/segments/gv43BPYYxKQ_001.mp4,no
gvjQ1XfMA_g_000,data/raw/CMU-MOSEI/segments/gvjQ1XfMA_g_000.mp4,no
gVqs4TzqySw_003,data/raw/CMU-MOSEI/segments/gVqs4TzqySw_003.mp4,no
gVqs4TzqySw_004,data/raw/CMU-MOSEI/segments/gVqs4TzqySw_004.mp4,no
gVqs4TzqySw_005,data/raw/CMU-MOSEI/segments/gVqs4TzqySw_005.mp4,no
GxcOSmJAyYQ_000,data/raw/CMU-MOSEI/segments/GxcOSmJAyYQ_000.mp4,no
GxcOSmJAyYQ_001,data/raw/CMU-MOSEI/segments/GxcOSmJAyYQ_001.mp4,no
gXDRWhJbfFU_002,data/raw/CMU-MOSEI/segments/gXDRWhJbfFU_002.mp4,no
gXDRWhJbfFU_010,data/raw/CMU-MOSEI/segments/gXDRWhJbfFU_010.mp4,no
GXIfrEUJ5d4_001,data/raw/CMU-MOSEI/segments/GXIfrEUJ5d4_001.mp4,no
gXuiIWRxrw4_000,data/raw/CMU-MOSEI/segments/gXuiIWRxrw4_000.mp4,no
gXuiIWRxrw4_002,data/raw/CMU-MOSEI/segments/gXuiIWRxrw4_002.mp4,no
gXuiIWRxrw4_003,data/raw/CMU-MOSEI/segments/gXuiIWRxrw4_003.mp4,no
gXuiIWRxrw4_008,data/raw/CMU-MOSEI/segments/gXuiIWRxrw4_008.mp4,no
gXuiIWRxrw4_010,data/raw/CMU-MOSEI/segments/gXuiIWRxrw4_010.mp4,no
gXuiIWRxrw4_011,data/raw/CMU-MOSEI/segments/gXuiIWRxrw4_011.mp4,no
gXuiIWRxrw4_013,data/raw/CMU-MOSEI/segments/gXuiIWRxrw4_013.mp4,no
gXuiIWRxrw4_017,data/raw/CMU-MOSEI/segments/gXuiIWRxrw4_017.mp4,no
gZDyk95Xob4_000,data/raw/CMU-MOSEI/segments/gZDyk95Xob4_000.mp4,no
gZDyk95Xob4_002,data/raw/CMU-MOSEI/segments/gZDyk95Xob4_002.mp4,no
gZDyk95Xob4_003,data/raw/CMU-MOSEI/segments/gZDyk95Xob4_003.mp4,no
gZDyk95Xob4_005,data/raw/CMU-MOSEI/segments/gZDyk95Xob4_005.mp4,no
gZDyk95Xob4_006,data/raw/CMU-MOSEI/segments/gZDyk95Xob4_006.mp4,no
gZDyk95Xob4_007,data/raw/CMU-MOSEI/segments/gZDyk95Xob4_007.mp4,no
gZDyk95Xob4_008,data/raw/CMU-MOSEI/segments/gZDyk95Xob4_008.mp4,no
gZDyk95Xob4_009,data/raw/CMU-MOSEI/segments/gZDyk95Xob4_009.mp4,no
gZDyk95Xob4_010,data/raw/CMU-MOSEI/segments/gZDyk95Xob4_010.mp4,no
gZDyk95Xob4_011,data/raw/CMU-MOSEI/segments/gZDyk95Xob4_011.mp4,no
gZF-YNQHqwI_000,data/raw/CMU-MOSEI/segments/gZF-YNQHqwI_000.mp4,no
gZF-YNQHqwI_001,data/raw/CMU-MOSEI/segments/gZF-YNQHqwI_001.mp4,no
gZF-YNQHqwI_002,data/raw/CMU-MOSEI/segments/gZF-YNQHqwI_002.mp4,no
gZF-YNQHqwI_003,data/raw/CMU-MOSEI/segments/gZF-YNQHqwI_003.mp4,no
gZF-YNQHqwI_004,data/raw/CMU-MOSEI/segments/gZF-YNQHqwI_004.mp4,no
gZF-YNQHqwI_005,data/raw/CMU-MOSEI/segments/gZF-YNQHqwI_005.mp4,no
gZF-YNQHqwI_006,data/raw/CMU-MOSEI/segments/gZF-YNQHqwI_006.mp4,no
gZF-YNQHqwI_007,data/raw/CMU-MOSEI/segments/gZF-YNQHqwI_007.mp4,no
gZF-YNQHqwI_008,data/raw/CMU-MOSEI/segments/gZF-YNQHqwI_008.mp4,no
gZF-YNQHqwI_009,data/raw/CMU-MOSEI/segments/gZF-YNQHqwI_009.mp4,no
gZF-YNQHqwI_010,data/raw/CMU-MOSEI/segments/gZF-YNQHqwI_010.mp4,no
gzZ8NTeTzRs_000,data/raw/CMU-MOSEI/segments/gzZ8NTeTzRs_000.mp4,no
H-74k5vclCU_000,data/raw/CMU-MOSEI/segments/H-74k5vclCU_000.mp4,no
H-74k5vclCU_001,data/raw/CMU-MOSEI/segments/H-74k5vclCU_001.mp4,no
H-74k5vclCU_002,data/raw/CMU-MOSEI/segments/H-74k5vclCU_002.mp4,no
H-AJ-grXvgQ_000,data/raw/CMU-MOSEI/segments/H-AJ-grXvgQ_000.mp4,no
H-AJ-grXvgQ_002,data/raw/CMU-MOSEI/segments/H-AJ-grXvgQ_002.mp4,no
H-AJ-grXvgQ_003,data/raw/CMU-MOSEI/segments/H-AJ-grXvgQ_003.mp4,no
h1ZZHUU4j0k_001,data/raw/CMU-MOSEI/segments/h1ZZHUU4j0k_001.mp4,no
h1ZZHUU4j0k_002,data/raw/CMU-MOSEI/segments/h1ZZHUU4j0k_002.mp4,no
h1ZZHUU4j0k_004,data/raw/CMU-MOSEI/segments/h1ZZHUU4j0k_004.mp4,no
h1ZZHUU4j0k_005,data/raw/CMU-MOSEI/segments/h1ZZHUU4j0k_005.mp4,no
h1ZZHUU4j0k_006,data/raw/CMU-MOSEI/segments/h1ZZHUU4j0k_006.mp4,no
h1ZZHUU4j0k_007,data/raw/CMU-MOSEI/segments/h1ZZHUU4j0k_007.mp4,no
h1ZZHUU4j0k_008,data/raw/CMU-MOSEI/segments/h1ZZHUU4j0k_008.mp4,no
h1ZZHUU4j0k_009,data/raw/CMU-MOSEI/segments/h1ZZHUU4j0k_009.mp4,no
h1ZZHUU4j0k_010,data/raw/CMU-MOSEI/segments/h1ZZHUU4j0k_010.mp4,no
h1ZZHUU4j0k_011,data/raw/CMU-MOSEI/segments/h1ZZHUU4j0k_011.mp4,no
h1ZZHUU4j0k_014,data/raw/CMU-MOSEI/segments/h1ZZHUU4j0k_014.mp4,no
h1ZZHUU4j0k_015,data/raw/CMU-MOSEI/segments/h1ZZHUU4j0k_015.mp4,no
h1ZZHUU4j0k_018,data/raw/CMU-MOSEI/segments/h1ZZHUU4j0k_018.mp4,no
h1ZZHUU4j0k_021,data/raw/CMU-MOSEI/segments/h1ZZHUU4j0k_021.mp4,no
H26MMmrHTlQ_000,data/raw/CMU-MOSEI/segments/H26MMmrHTlQ_000.mp4,no
H26MMmrHTlQ_001,data/raw/CMU-MOSEI/segments/H26MMmrHTlQ_001.mp4,no
H26MMmrHTlQ_002,data/raw/CMU-MOSEI/segments/H26MMmrHTlQ_002.mp4,no
H26MMmrHTlQ_003,data/raw/CMU-MOSEI/segments/H26MMmrHTlQ_003.mp4,no
H26MMmrHTlQ_005,data/raw/CMU-MOSEI/segments/H26MMmrHTlQ_005.mp4,no
H26MMmrHTlQ_006,data/raw/CMU-MOSEI/segments/H26MMmrHTlQ_006.mp4,no
H26MMmrHTlQ_007,data/raw/CMU-MOSEI/segments/H26MMmrHTlQ_007.mp4,no
H26MMmrHTlQ_008,data/raw/CMU-MOSEI/segments/H26MMmrHTlQ_008.mp4,no
H26MMmrHTlQ_009,data/raw/CMU-MOSEI/segments/H26MMmrHTlQ_009.mp4,no
H4w9mU8B3Mc_000,data/raw/CMU-MOSEI/segments/H4w9mU8B3Mc_000.mp4,no
H4w9mU8B3Mc_001,data/raw/CMU-MOSEI/segments/H4w9mU8B3Mc_001.mp4,no
H4w9mU8B3Mc_003,data/raw/CMU-MOSEI/segments/H4w9mU8B3Mc_003.mp4,no
H6ci6Myq8uI_000,data/raw/CMU-MOSEI/segments/H6ci6Myq8uI_000.mp4,no
h7p5URoookk_000,data/raw/CMU-MOSEI/segments/h7p5URoookk_000.mp4,no
h7p5URoookk_001,data/raw/CMU-MOSEI/segments/h7p5URoookk_001.mp4,no
h7p5URoookk_002,data/raw/CMU-MOSEI/segments/h7p5URoookk_002.mp4,no
h7p5URoookk_003,data/raw/CMU-MOSEI/segments/h7p5URoookk_003.mp4,no
h7p5URoookk_004,data/raw/CMU-MOSEI/segments/h7p5URoookk_004.mp4,no
h7p5URoookk_005,data/raw/CMU-MOSEI/segments/h7p5URoookk_005.mp4,no
h7p5URoookk_008,data/raw/CMU-MOSEI/segments/h7p5URoookk_008.mp4,no
h7p5URoookk_009,data/raw/CMU-MOSEI/segments/h7p5URoookk_009.mp4,no
h7p5URoookk_010,data/raw/CMU-MOSEI/segments/h7p5URoookk_010.mp4,no
h7p5URoookk_011,data/raw/CMU-MOSEI/segments/h7p5URoookk_011.mp4,no
h7p5URoookk_013,data/raw/CMU-MOSEI/segments/h7p5URoookk_013.mp4,no
h7p5URoookk_015,data/raw/CMU-MOSEI/segments/h7p5URoookk_015.mp4,no
h7p5URoookk_016,data/raw/CMU-MOSEI/segments/h7p5URoookk_016.mp4,no
h7p5URoookk_017,data/raw/CMU-MOSEI/segments/h7p5URoookk_017.mp4,no
h7p5URoookk_018,data/raw/CMU-MOSEI/segments/h7p5URoookk_018.mp4,no
h7p5URoookk_020,data/raw/CMU-MOSEI/segments/h7p5URoookk_020.mp4,no
h7p5URoookk_024,data/raw/CMU-MOSEI/segments/h7p5URoookk_024.mp4,no
h7p5URoookk_025,data/raw/CMU-MOSEI/segments/h7p5URoookk_025.mp4,no
h7p5URoookk_026,data/raw/CMU-MOSEI/segments/h7p5URoookk_026.mp4,no
H9BNzzxlscA_002,data/raw/CMU-MOSEI/segments/H9BNzzxlscA_002.mp4,no
H9BNzzxlscA_003,data/raw/CMU-MOSEI/segments/H9BNzzxlscA_003.mp4,no
H9mSft9YGuk_000,data/raw/CMU-MOSEI/segments/H9mSft9YGuk_000.mp4,no
H9mSft9YGuk_001,data/raw/CMU-MOSEI/segments/H9mSft9YGuk_001.mp4,no
H9mSft9YGuk_002,data/raw/CMU-MOSEI/segments/H9mSft9YGuk_002.mp4,no
HAid0IEUoFQ_001,data/raw/CMU-MOSEI/segments/HAid0IEUoFQ_001.mp4,no
HAnQVHOd3hg_000,data/raw/CMU-MOSEI/segments/HAnQVHOd3hg_000.mp4,no
HAnQVHOd3hg_001,data/raw/CMU-MOSEI/segments/HAnQVHOd3hg_001.mp4,no
hASTLbFHrEs_000,data/raw/CMU-MOSEI/segments/hASTLbFHrEs_000.mp4,no
hASTLbFHrEs_001,data/raw/CMU-MOSEI/segments/hASTLbFHrEs_001.mp4,no
hASTLbFHrEs_002,data/raw/CMU-MOSEI/segments/hASTLbFHrEs_002.mp4,no
hASTLbFHrEs_003,data/raw/CMU-MOSEI/segments/hASTLbFHrEs_003.mp4,no
hASTLbFHrEs_004,data/raw/CMU-MOSEI/segments/hASTLbFHrEs_004.mp4,no
hASTLbFHrEs_005,data/raw/CMU-MOSEI/segments/hASTLbFHrEs_005.mp4,no
hASTLbFHrEs_007,data/raw/CMU-MOSEI/segments/hASTLbFHrEs_007.mp4,no
hASTLbFHrEs_008,data/raw/CMU-MOSEI/segments/hASTLbFHrEs_008.mp4,no
hawztAtYHCE_000,data/raw/CMU-MOSEI/segments/hawztAtYHCE_000.mp4,no
hawztAtYHCE_002,data/raw/CMU-MOSEI/segments/hawztAtYHCE_002.mp4,no
HByf7qiO-Kg_000,data/raw/CMU-MOSEI/segments/HByf7qiO-Kg_000.mp4,no
HByf7qiO-Kg_001,data/raw/CMU-MOSEI/segments/HByf7qiO-Kg_001.mp4,no
HByf7qiO-Kg_002,data/raw/CMU-MOSEI/segments/HByf7qiO-Kg_002.mp4,no
HByf7qiO-Kg_003,data/raw/CMU-MOSEI/segments/HByf7qiO-Kg_003.mp4,no
HByf7qiO-Kg_004,data/raw/CMU-MOSEI/segments/HByf7qiO-Kg_004.mp4,no
HByf7qiO-Kg_005,data/raw/CMU-MOSEI/segments/HByf7qiO-Kg_005.mp4,no
HByf7qiO-Kg_006,data/raw/CMU-MOSEI/segments/HByf7qiO-Kg_006.mp4,no
HByf7qiO-Kg_007,data/raw/CMU-MOSEI/segments/HByf7qiO-Kg_007.mp4,no
HByf7qiO-Kg_008,data/raw/CMU-MOSEI/segments/HByf7qiO-Kg_008.mp4,no
HByf7qiO-Kg_009,data/raw/CMU-MOSEI/segments/HByf7qiO-Kg_009.mp4,no
HByf7qiO-Kg_010,data/raw/CMU-MOSEI/segments/HByf7qiO-Kg_010.mp4,no
HByf7qiO-Kg_011,data/raw/CMU-MOSEI/segments/HByf7qiO-Kg_011.mp4,no
hCFV5VLgS0A_000,data/raw/CMU-MOSEI/segments/hCFV5VLgS0A_000.mp4,no
hCFV5VLgS0A_002,data/raw/CMU-MOSEI/segments/hCFV5VLgS0A_002.mp4,no
hCFV5VLgS0A_003,data/raw/CMU-MOSEI/segments/hCFV5VLgS0A_003.mp4,no
hCFV5VLgS0A_004,data/raw/CMU-MOSEI/segments/hCFV5VLgS0A_004.mp4,no
hCFV5VLgS0A_005,data/raw/CMU-MOSEI/segments/hCFV5VLgS0A_005.mp4,no
hCFV5VLgS0A_006,data/raw/CMU-MOSEI/segments/hCFV5VLgS0A_006.mp4,no
hCFV5VLgS0A_007,data/raw/CMU-MOSEI/segments/hCFV5VLgS0A_007.mp4,no
hCFV5VLgS0A_008,data/raw/CMU-MOSEI/segments/hCFV5VLgS0A_008.mp4,no
hdLC4Ro977Q_001,data/raw/CMU-MOSEI/segments/hdLC4Ro977Q_001.mp4,no
he475nnmMi0_001,data/raw/CMU-MOSEI/segments/he475nnmMi0_001.mp4,no
he475nnmMi0_003,data/raw/CMU-MOSEI/segments/he475nnmMi0_003.mp4,no
he475nnmMi0_007,data/raw/CMU-MOSEI/segments/he475nnmMi0_007.mp4,no
he475nnmMi0_008,data/raw/CMU-MOSEI/segments/he475nnmMi0_008.mp4,no
he475nnmMi0_010,data/raw/CMU-MOSEI/segments/he475nnmMi0_010.mp4,no
HetCe0lLacc_000,data/raw/CMU-MOSEI/segments/HetCe0lLacc_000.mp4,no
hfK8QtTd7fo_000,data/raw/CMU-MOSEI/segments/hfK8QtTd7fo_000.mp4,no
HfLVQZLvcH8_000,data/raw/CMU-MOSEI/segments/HfLVQZLvcH8_000.mp4,no
HFPGeaEPy9o_000,data/raw/CMU-MOSEI/segments/HFPGeaEPy9o_000.mp4,no
HFPGeaEPy9o_001,data/raw/CMU-MOSEI/segments/HFPGeaEPy9o_001.mp4,no
HFPGeaEPy9o_002,data/raw/CMU-MOSEI/segments/HFPGeaEPy9o_002.mp4,no
hfVXx8hfKak_003,data/raw/CMU-MOSEI/segments/hfVXx8hfKak_003.mp4,no
HgDdU_RB9UA_006,data/raw/CMU-MOSEI/segments/HgDdU_RB9UA_006.mp4,no
HGicRLwgtkM_000,data/raw/CMU-MOSEI/segments/HGicRLwgtkM_000.mp4,no
HGicRLwgtkM_004,data/raw/CMU-MOSEI/segments/HGicRLwgtkM_004.mp4,no
HGicRLwgtkM_006,data/raw/CMU-MOSEI/segments/HGicRLwgtkM_006.mp4,no
hGRRlXfH0BY_002,data/raw/CMU-MOSEI/segments/hGRRlXfH0BY_002.mp4,no
hGRRlXfH0BY_004,data/raw/CMU-MOSEI/segments/hGRRlXfH0BY_004.mp4,no
hGRRlXfH0BY_005,data/raw/CMU-MOSEI/segments/hGRRlXfH0BY_005.mp4,no
hGRRlXfH0BY_006,data/raw/CMU-MOSEI/segments/hGRRlXfH0BY_006.mp4,no
hh04W3xXa5s_000,data/raw/CMU-MOSEI/segments/hh04W3xXa5s_000.mp4,no
hh04W3xXa5s_001,data/raw/CMU-MOSEI/segments/hh04W3xXa5s_001.mp4,no
HhpziYYP2Vg_002,data/raw/CMU-MOSEI/segments/HhpziYYP2Vg_002.mp4,no
HhpziYYP2Vg_003,data/raw/CMU-MOSEI/segments/HhpziYYP2Vg_003.mp4,no
HhpziYYP2Vg_005,data/raw/CMU-MOSEI/segments/HhpziYYP2Vg_005.mp4,no
HhpziYYP2Vg_008,data/raw/CMU-MOSEI/segments/HhpziYYP2Vg_008.mp4,no
HhpziYYP2Vg_009,data/raw/CMU-MOSEI/segments/HhpziYYP2Vg_009.mp4,no
HhpziYYP2Vg_011,data/raw/CMU-MOSEI/segments/HhpziYYP2Vg_011.mp4,no
HhpziYYP2Vg_012,data/raw/CMU-MOSEI/segments/HhpziYYP2Vg_012.mp4,no
hIQhkTjNaQc_000,data/raw/CMU-MOSEI/segments/hIQhkTjNaQc_000.mp4,no
hIQhkTjNaQc_002,data/raw/CMU-MOSEI/segments/hIQhkTjNaQc_002.mp4,no
hIQhkTjNaQc_004,data/raw/CMU-MOSEI/segments/hIQhkTjNaQc_004.mp4,no
hjBQmIWiWgw_000,data/raw/CMU-MOSEI/segments/hjBQmIWiWgw_000.mp4,no
hjBQmIWiWgw_001,data/raw/CMU-MOSEI/segments/hjBQmIWiWgw_001.mp4,no
hjBQmIWiWgw_002,data/raw/CMU-MOSEI/segments/hjBQmIWiWgw_002.mp4,no
hjBQmIWiWgw_004,data/raw/CMU-MOSEI/segments/hjBQmIWiWgw_004.mp4,no
hjBQmIWiWgw_005,data/raw/CMU-MOSEI/segments/hjBQmIWiWgw_005.mp4,no
hjBQmIWiWgw_006,data/raw/CMU-MOSEI/segments/hjBQmIWiWgw_006.mp4,no
hjBQmIWiWgw_008,data/raw/CMU-MOSEI/segments/hjBQmIWiWgw_008.mp4,no
hjBQmIWiWgw_009,data/raw/CMU-MOSEI/segments/hjBQmIWiWgw_009.mp4,no
hjBQmIWiWgw_010,data/raw/CMU-MOSEI/segments/hjBQmIWiWgw_010.mp4,no
HjLpXXFoAQw_000,data/raw/CMU-MOSEI/segments/HjLpXXFoAQw_000.mp4,no
HjLpXXFoAQw_001,data/raw/CMU-MOSEI/segments/HjLpXXFoAQw_001.mp4,no
HJTxq72GuMs_003,data/raw/CMU-MOSEI/segments/HJTxq72GuMs_003.mp4,no
hkGN5q3OOCE_001,data/raw/CMU-MOSEI/segments/hkGN5q3OOCE_001.mp4,no
Hkt_kncJGVM_000,data/raw/CMU-MOSEI/segments/Hkt_kncJGVM_000.mp4,no
Hkt_kncJGVM_001,data/raw/CMU-MOSEI/segments/Hkt_kncJGVM_001.mp4,no
Hkt_kncJGVM_002,data/raw/CMU-MOSEI/segments/Hkt_kncJGVM_002.mp4,no
hlBOP5NskhM_000,data/raw/CMU-MOSEI/segments/hlBOP5NskhM_000.mp4,no
hlBOP5NskhM_001,data/raw/CMU-MOSEI/segments/hlBOP5NskhM_001.mp4,no
hlBOP5NskhM_002,data/raw/CMU-MOSEI/segments/hlBOP5NskhM_002.mp4,no
hlBOP5NskhM_004,data/raw/CMU-MOSEI/segments/hlBOP5NskhM_004.mp4,no
hlBOP5NskhM_005,data/raw/CMU-MOSEI/segments/hlBOP5NskhM_005.mp4,no
hlBOP5NskhM_006,data/raw/CMU-MOSEI/segments/hlBOP5NskhM_006.mp4,no
hlBOP5NskhM_007,data/raw/CMU-MOSEI/segments/hlBOP5NskhM_007.mp4,no
hlBOP5NskhM_008,data/raw/CMU-MOSEI/segments/hlBOP5NskhM_008.mp4,no
hlBOP5NskhM_009,data/raw/CMU-MOSEI/segments/hlBOP5NskhM_009.mp4,no
hlBOP5NskhM_010,data/raw/CMU-MOSEI/segments/hlBOP5NskhM_010.mp4,no
hlBOP5NskhM_011,data/raw/CMU-MOSEI/segments/hlBOP5NskhM_011.mp4,no
hlYDicOj2m0_001,data/raw/CMU-MOSEI/segments/hlYDicOj2m0_001.mp4,no
hlYDicOj2m0_002,data/raw/CMU-MOSEI/segments/hlYDicOj2m0_002.mp4,no
hlYDicOj2m0_003,data/raw/CMU-MOSEI/segments/hlYDicOj2m0_003.mp4,no
HMRqR-P68Ws_002,data/raw/CMU-MOSEI/segments/HMRqR-P68Ws_002.mp4,no
HMRqR-P68Ws_006,data/raw/CMU-MOSEI/segments/HMRqR-P68Ws_006.mp4,no
HMRqR-P68Ws_008,data/raw/CMU-MOSEI/segments/HMRqR-P68Ws_008.mp4,no
hntnelpiyl8_000,data/raw/CMU-MOSEI/segments/hntnelpiyl8_000.mp4,no
hntnelpiyl8_001,data/raw/CMU-MOSEI/segments/hntnelpiyl8_001.mp4,no
hntnelpiyl8_003,data/raw/CMU-MOSEI/segments/hntnelpiyl8_003.mp4,no
HObh42PhOfw_000,data/raw/CMU-MOSEI/segments/HObh42PhOfw_000.mp4,no
HObh42PhOfw_001,data/raw/CMU-MOSEI/segments/HObh42PhOfw_001.mp4,no
HObh42PhOfw_003,data/raw/CMU-MOSEI/segments/HObh42PhOfw_003.mp4,no
HOCsiS0pmf0_002,data/raw/CMU-MOSEI/segments/HOCsiS0pmf0_002.mp4,no
HOCsiS0pmf0_003,data/raw/CMU-MOSEI/segments/HOCsiS0pmf0_003.mp4,no
hOp6I4jGvu4_003,data/raw/CMU-MOSEI/segments/hOp6I4jGvu4_003.mp4,no
HQ2LwfRcrVc_000,data/raw/CMU-MOSEI/segments/HQ2LwfRcrVc_000.mp4,no
HQ2LwfRcrVc_004,data/raw/CMU-MOSEI/segments/HQ2LwfRcrVc_004.mp4,no
HQ2LwfRcrVc_006,data/raw/CMU-MOSEI/segments/HQ2LwfRcrVc_006.mp4,no
hqzF4IDaIYE_000,data/raw/CMU-MOSEI/segments/hqzF4IDaIYE_000.mp4,no
hqzF4IDaIYE_004,data/raw/CMU-MOSEI/segments/hqzF4IDaIYE_004.mp4,no
hqzF4IDaIYE_005,data/raw/CMU-MOSEI/segments/hqzF4IDaIYE_005.mp4,no
hqzF4IDaIYE_006,data/raw/CMU-MOSEI/segments/hqzF4IDaIYE_006.mp4,no
hSEfYcIjIr4_001,data/raw/CMU-MOSEI/segments/hSEfYcIjIr4_001.mp4,no
hSgKOKK3L8M_000,data/raw/CMU-MOSEI/segments/hSgKOKK3L8M_000.mp4,no
hSgKOKK3L8M_001,data/raw/CMU-MOSEI/segments/hSgKOKK3L8M_001.mp4,no
hSgKOKK3L8M_002,data/raw/CMU-MOSEI/segments/hSgKOKK3L8M_002.mp4,no
hSgKOKK3L8M_003,data/raw/CMU-MOSEI/segments/hSgKOKK3L8M_003.mp4,no
hSgKOKK3L8M_004,data/raw/CMU-MOSEI/segments/hSgKOKK3L8M_004.mp4,no
hSgKOKK3L8M_005,data/raw/CMU-MOSEI/segments/hSgKOKK3L8M_005.mp4,no
hSgKOKK3L8M_007,data/raw/CMU-MOSEI/segments/hSgKOKK3L8M_007.mp4,no
hThsntvCk2s_000,data/raw/CMU-MOSEI/segments/hThsntvCk2s_000.mp4,no
hThsntvCk2s_002,data/raw/CMU-MOSEI/segments/hThsntvCk2s_002.mp4,no
HUOMbK1x7MI_000,data/raw/CMU-MOSEI/segments/HUOMbK1x7MI_000.mp4,no
HUOMbK1x7MI_001,data/raw/CMU-MOSEI/segments/HUOMbK1x7MI_001.mp4,no
HUOMbK1x7MI_002,data/raw/CMU-MOSEI/segments/HUOMbK1x7MI_002.mp4,no
HUOMbK1x7MI_003,data/raw/CMU-MOSEI/segments/HUOMbK1x7MI_003.mp4,no
HUOMbK1x7MI_005,data/raw/CMU-MOSEI/segments/HUOMbK1x7MI_005.mp4,no
HUOMbK1x7MI_007,data/raw/CMU-MOSEI/segments/HUOMbK1x7MI_007.mp4,no
HUOMbK1x7MI_008,data/raw/CMU-MOSEI/segments/HUOMbK1x7MI_008.mp4,no
HUOMbK1x7MI_009,data/raw/CMU-MOSEI/segments/HUOMbK1x7MI_009.mp4,no
HUOMbK1x7MI_010,data/raw/CMU-MOSEI/segments/HUOMbK1x7MI_010.mp4,no
HVksxaUzv9Y_003,data/raw/CMU-MOSEI/segments/HVksxaUzv9Y_003.mp4,no
HxyfY7hsjOg_001,data/raw/CMU-MOSEI/segments/HxyfY7hsjOg_001.mp4,no
HxyfY7hsjOg_002,data/raw/CMU-MOSEI/segments/HxyfY7hsjOg_002.mp4,no
hyazktfsZew_001,data/raw/CMU-MOSEI/segments/hyazktfsZew_001.mp4,no
hyazktfsZew_002,data/raw/CMU-MOSEI/segments/hyazktfsZew_002.mp4,no
hyazktfsZew_003,data/raw/CMU-MOSEI/segments/hyazktfsZew_003.mp4,no
hyazktfsZew_004,data/raw/CMU-MOSEI/segments/hyazktfsZew_004.mp4,no
hyazktfsZew_005,data/raw/CMU-MOSEI/segments/hyazktfsZew_005.mp4,no
hyazktfsZew_006,data/raw/CMU-MOSEI/segments/hyazktfsZew_006.mp4,no
hyazktfsZew_008,data/raw/CMU-MOSEI/segments/hyazktfsZew_008.mp4,no
hyazktfsZew_009,data/raw/CMU-MOSEI/segments/hyazktfsZew_009.mp4,no
hyazktfsZew_010,data/raw/CMU-MOSEI/segments/hyazktfsZew_010.mp4,no
hyazktfsZew_011,data/raw/CMU-MOSEI/segments/hyazktfsZew_011.mp4,no
hyazktfsZew_012,data/raw/CMU-MOSEI/segments/hyazktfsZew_012.mp4,no
hyazktfsZew_013,data/raw/CMU-MOSEI/segments/hyazktfsZew_013.mp4,no
hyazktfsZew_016,data/raw/CMU-MOSEI/segments/hyazktfsZew_016.mp4,no
hyazktfsZew_019,data/raw/CMU-MOSEI/segments/hyazktfsZew_019.mp4,no
hyazktfsZew_020,data/raw/CMU-MOSEI/segments/hyazktfsZew_020.mp4,no
hyazktfsZew_021,data/raw/CMU-MOSEI/segments/hyazktfsZew_021.mp4,no
hyazktfsZew_022,data/raw/CMU-MOSEI/segments/hyazktfsZew_022.mp4,no
hyazktfsZew_023,data/raw/CMU-MOSEI/segments/hyazktfsZew_023.mp4,no
hyazktfsZew_024,data/raw/CMU-MOSEI/segments/hyazktfsZew_024.mp4,no
hyazktfsZew_025,data/raw/CMU-MOSEI/segments/hyazktfsZew_025.mp4,no
hyazktfsZew_026,data/raw/CMU-MOSEI/segments/hyazktfsZew_026.mp4,no
hyazktfsZew_027,data/raw/CMU-MOSEI/segments/hyazktfsZew_027.mp4,no
hyazktfsZew_029,data/raw/CMU-MOSEI/segments/hyazktfsZew_029.mp4,no
hyazktfsZew_030,data/raw/CMU-MOSEI/segments/hyazktfsZew_030.mp4,no
hyazktfsZew_031,data/raw/CMU-MOSEI/segments/hyazktfsZew_031.mp4,no
hyazktfsZew_032,data/raw/CMU-MOSEI/segments/hyazktfsZew_032.mp4,no
hyazktfsZew_033,data/raw/CMU-MOSEI/segments/hyazktfsZew_033.mp4,no
I3SPlbTGuNc_001,data/raw/CMU-MOSEI/segments/I3SPlbTGuNc_001.mp4,no
I3SPlbTGuNc_002,data/raw/CMU-MOSEI/segments/I3SPlbTGuNc_002.mp4,no
I3SPlbTGuNc_003,data/raw/CMU-MOSEI/segments/I3SPlbTGuNc_003.mp4,no
I3SPlbTGuNc_009,data/raw/CMU-MOSEI/segments/I3SPlbTGuNc_009.mp4,no
I3SPlbTGuNc_012,data/raw/CMU-MOSEI/segments/I3SPlbTGuNc_012.mp4,no
I3SPlbTGuNc_015,data/raw/CMU-MOSEI/segments/I3SPlbTGuNc_015.mp4,no
i5bmKlHv-SA_000,data/raw/CMU-MOSEI/segments/i5bmKlHv-SA_000.mp4,no
i5of7ZTkyfw_000,data/raw/CMU-MOSEI/segments/i5of7ZTkyfw_000.mp4,no
i5of7ZTkyfw_001,data/raw/CMU-MOSEI/segments/i5of7ZTkyfw_001.mp4,no
i5of7ZTkyfw_003,data/raw/CMU-MOSEI/segments/i5of7ZTkyfw_003.mp4,no
i6UngvEEuNs_000,data/raw/CMU-MOSEI/segments/i6UngvEEuNs_000.mp4,no
i714Xt6eb1Y_002,data/raw/CMU-MOSEI/segments/i714Xt6eb1Y_002.mp4,no
I8MM8y1XVjs_000,data/raw/CMU-MOSEI/segments/I8MM8y1XVjs_000.mp4,no
I9iV9q3ePhI_001,data/raw/CMU-MOSEI/segments/I9iV9q3ePhI_001.mp4,no
I9iV9q3ePhI_002,data/raw/CMU-MOSEI/segments/I9iV9q3ePhI_002.mp4,no
I_r2CP56toU_000,data/raw/CMU-MOSEI/segments/I_r2CP56toU_000.mp4,no
IAmZ5iWHxw4_001,data/raw/CMU-MOSEI/segments/IAmZ5iWHxw4_001.mp4,no
IAmZ5iWHxw4_002,data/raw/CMU-MOSEI/segments/IAmZ5iWHxw4_002.mp4,no
IB0lGIxP8YY_000,data/raw/CMU-MOSEI/segments/IB0lGIxP8YY_000.mp4,no
IB0lGIxP8YY_003,data/raw/CMU-MOSEI/segments/IB0lGIxP8YY_003.mp4,no
IB0lGIxP8YY_005,data/raw/CMU-MOSEI/segments/IB0lGIxP8YY_005.mp4,no
ICeSewdyf34_000,data/raw/CMU-MOSEI/segments/ICeSewdyf34_000.mp4,no
ICeSewdyf34_001,data/raw/CMU-MOSEI/segments/ICeSewdyf34_001.mp4,no
iceSGs0MXaA_000,data/raw/CMU-MOSEI/segments/iceSGs0MXaA_000.mp4,no
iceSGs0MXaA_001,data/raw/CMU-MOSEI/segments/iceSGs0MXaA_001.mp4,no
iceSGs0MXaA_002,data/raw/CMU-MOSEI/segments/iceSGs0MXaA_002.mp4,no
iceSGs0MXaA_003,data/raw/CMU-MOSEI/segments/iceSGs0MXaA_003.mp4,no
iceSGs0MXaA_004,data/raw/CMU-MOSEI/segments/iceSGs0MXaA_004.mp4,no
icIS9VfbzMw_001,data/raw/CMU-MOSEI/segments/icIS9VfbzMw_001.mp4,no
icIS9VfbzMw_003,data/raw/CMU-MOSEI/segments/icIS9VfbzMw_003.mp4,no
icIS9VfbzMw_005,data/raw/CMU-MOSEI/segments/icIS9VfbzMw_005.mp4,no
icIS9VfbzMw_006,data/raw/CMU-MOSEI/segments/icIS9VfbzMw_006.mp4,no
icIS9VfbzMw_007,data/raw/CMU-MOSEI/segments/icIS9VfbzMw_007.mp4,no
icIS9VfbzMw_008,data/raw/CMU-MOSEI/segments/icIS9VfbzMw_008.mp4,no
icIS9VfbzMw_009,data/raw/CMU-MOSEI/segments/icIS9VfbzMw_009.mp4,no
icIS9VfbzMw_010,data/raw/CMU-MOSEI/segments/icIS9VfbzMw_010.mp4,no
icIS9VfbzMw_011,data/raw/CMU-MOSEI/segments/icIS9VfbzMw_011.mp4,no
icIS9VfbzMw_012,data/raw/CMU-MOSEI/segments/icIS9VfbzMw_012.mp4,no
icIS9VfbzMw_013,data/raw/CMU-MOSEI/segments/icIS9VfbzMw_013.mp4,no
icIS9VfbzMw_014,data/raw/CMU-MOSEI/segments/icIS9VfbzMw_014.mp4,no
IDVbPEket6U_000,data/raw/CMU-MOSEI/segments/IDVbPEket6U_000.mp4,no
Ie6sDptjAsU_000,data/raw/CMU-MOSEI/segments/Ie6sDptjAsU_000.mp4,no
Iemw8vqt-54_004,data/raw/CMU-MOSEI/segments/Iemw8vqt-54_004.mp4,no
Iemw8vqt-54_005,data/raw/CMU-MOSEI/segments/Iemw8vqt-54_005.mp4,no
iEOBNT0HFtU_000,data/raw/CMU-MOSEI/segments/iEOBNT0HFtU_000.mp4,no
iEOBNT0HFtU_001,data/raw/CMU-MOSEI/segments/iEOBNT0HFtU_001.mp4,no
iEOBNT0HFtU_004,data/raw/CMU-MOSEI/segments/iEOBNT0HFtU_004.mp4,no
iEOBNT0HFtU_005,data/raw/CMU-MOSEI/segments/iEOBNT0HFtU_005.mp4,no
iEOBNT0HFtU_007,data/raw/CMU-MOSEI/segments/iEOBNT0HFtU_007.mp4,no
iEOBNT0HFtU_009,data/raw/CMU-MOSEI/segments/iEOBNT0HFtU_009.mp4,no
iEOBNT0HFtU_011,data/raw/CMU-MOSEI/segments/iEOBNT0HFtU_011.mp4,no
iEOBNT0HFtU_012,data/raw/CMU-MOSEI/segments/iEOBNT0HFtU_012.mp4,no
ieWQdiQAh4M_000,data/raw/CMU-MOSEI/segments/ieWQdiQAh4M_000.mp4,no
iex7I7iVnLk_000,data/raw/CMU-MOSEI/segments/iex7I7iVnLk_000.mp4,no
iex7I7iVnLk_001,data/raw/CMU-MOSEI/segments/iex7I7iVnLk_001.mp4,no
iFj9wJaJSPE_003,data/raw/CMU-MOSEI/segments/iFj9wJaJSPE_003.mp4,no
iFj9wJaJSPE_004,data/raw/CMU-MOSEI/segments/iFj9wJaJSPE_004.mp4,no
iFj9wJaJSPE_007,data/raw/CMU-MOSEI/segments/iFj9wJaJSPE_007.mp4,no
iFj9wJaJSPE_008,data/raw/CMU-MOSEI/segments/iFj9wJaJSPE_008.mp4,no
iFxFTtCQ6zA_000,data/raw/CMU-MOSEI/segments/iFxFTtCQ6zA_000.mp4,no
iH04VOkbof0_003,data/raw/CMU-MOSEI/segments/iH04VOkbof0_003.mp4,no
iH04VOkbof0_004,data/raw/CMU-MOSEI/segments/iH04VOkbof0_004.mp4,no
ihPjsliqz5o_001,data/raw/CMU-MOSEI/segments/ihPjsliqz5o_001.mp4,no
ihPjsliqz5o_002,data/raw/CMU-MOSEI/segments/ihPjsliqz5o_002.mp4,no
IiGzuoblKSM_000,data/raw/CMU-MOSEI/segments/IiGzuoblKSM_000.mp4,no
IIPYcCii7Sg_000,data/raw/CMU-MOSEI/segments/IIPYcCii7Sg_000.mp4,no
IIPYcCii7Sg_002,data/raw/CMU-MOSEI/segments/IIPYcCii7Sg_002.mp4,no
IIPYcCii7Sg_003,data/raw/CMU-MOSEI/segments/IIPYcCii7Sg_003.mp4,no
IIPYcCii7Sg_004,data/raw/CMU-MOSEI/segments/IIPYcCii7Sg_004.mp4,no
IIPYcCii7Sg_005,data/raw/CMU-MOSEI/segments/IIPYcCii7Sg_005.mp4,no
IKXWSNf4m2k_000,data/raw/CMU-MOSEI/segments/IKXWSNf4m2k_000.mp4,no
IKXWSNf4m2k_001,data/raw/CMU-MOSEI/segments/IKXWSNf4m2k_001.mp4,no
iM3wSwoAtwk_000,data/raw/CMU-MOSEI/segments/iM3wSwoAtwk_000.mp4,no
IM6HW1HwHhM_000,data/raw/CMU-MOSEI/segments/IM6HW1HwHhM_000.mp4,no
IM6HW1HwHhM_001,data/raw/CMU-MOSEI/segments/IM6HW1HwHhM_001.mp4,no
IM6HW1HwHhM_002,data/raw/CMU-MOSEI/segments/IM6HW1HwHhM_002.mp4,no
IM6HW1HwHhM_004,data/raw/CMU-MOSEI/segments/IM6HW1HwHhM_004.mp4,no
IM6HW1HwHhM_005,data/raw/CMU-MOSEI/segments/IM6HW1HwHhM_005.mp4,no
IM6HW1HwHhM_006,data/raw/CMU-MOSEI/segments/IM6HW1HwHhM_006.mp4,no
IM6HW1HwHhM_007,data/raw/CMU-MOSEI/segments/IM6HW1HwHhM_007.mp4,no
IM6HW1HwHhM_008,data/raw/CMU-MOSEI/segments/IM6HW1HwHhM_008.mp4,no
iMG962Rj3Vw_001,data/raw/CMU-MOSEI/segments/iMG962Rj3Vw_001.mp4,no
iMG962Rj3Vw_002,data/raw/CMU-MOSEI/segments/iMG962Rj3Vw_002.mp4,no
iMss8xBhFiI_000,data/raw/CMU-MOSEI/segments/iMss8xBhFiI_000.mp4,no
iMss8xBhFiI_002,data/raw/CMU-MOSEI/segments/iMss8xBhFiI_002.mp4,no
iMss8xBhFiI_003,data/raw/CMU-MOSEI/segments/iMss8xBhFiI_003.mp4,no
iMss8xBhFiI_004,data/raw/CMU-MOSEI/segments/iMss8xBhFiI_004.mp4,no
iMss8xBhFiI_005,data/raw/CMU-MOSEI/segments/iMss8xBhFiI_005.mp4,no
iMss8xBhFiI_006,data/raw/CMU-MOSEI/segments/iMss8xBhFiI_006.mp4,no
iMss8xBhFiI_008,data/raw/CMU-MOSEI/segments/iMss8xBhFiI_008.mp4,no
iO34hER47xA_000,data/raw/CMU-MOSEI/segments/iO34hER47xA_000.mp4,no
iO34hER47xA_001,data/raw/CMU-MOSEI/segments/iO34hER47xA_001.mp4,no
iO34hER47xA_003,data/raw/CMU-MOSEI/segments/iO34hER47xA_003.mp4,no
io85pRFj_dw_000,data/raw/CMU-MOSEI/segments/io85pRFj_dw_000.mp4,no
IOpWjKAHG8Q_000,data/raw/CMU-MOSEI/segments/IOpWjKAHG8Q_000.mp4,no
IOpWjKAHG8Q_003,data/raw/CMU-MOSEI/segments/IOpWjKAHG8Q_003.mp4,no
IOpWjKAHG8Q_005,data/raw/CMU-MOSEI/segments/IOpWjKAHG8Q_005.mp4,no
ip8xwAr4MRE_000,data/raw/CMU-MOSEI/segments/ip8xwAr4MRE_000.mp4,no
ip8xwAr4MRE_001,data/raw/CMU-MOSEI/segments/ip8xwAr4MRE_001.mp4,no
iPPp6MCythU_000,data/raw/CMU-MOSEI/segments/iPPp6MCythU_000.mp4,no
iPPp6MCythU_001,data/raw/CMU-MOSEI/segments/iPPp6MCythU_001.mp4,no
iPPp6MCythU_002,data/raw/CMU-MOSEI/segments/iPPp6MCythU_002.mp4,no
iPPp6MCythU_003,data/raw/CMU-MOSEI/segments/iPPp6MCythU_003.mp4,no
iPPp6MCythU_004,data/raw/CMU-MOSEI/segments/iPPp6MCythU_004.mp4,no
iREkcXde5ds_000,data/raw/CMU-MOSEI/segments/iREkcXde5ds_000.mp4,no
iREkcXde5ds_001,data/raw/CMU-MOSEI/segments/iREkcXde5ds_001.mp4,no
iREkcXde5ds_002,data/raw/CMU-MOSEI/segments/iREkcXde5ds_002.mp4,no
iREkcXde5ds_004,data/raw/CMU-MOSEI/segments/iREkcXde5ds_004.mp4,no
iREkcXde5ds_005,data/raw/CMU-MOSEI/segments/iREkcXde5ds_005.mp4,no
iREkcXde5ds_006,data/raw/CMU-MOSEI/segments/iREkcXde5ds_006.mp4,no
iREkcXde5ds_007,data/raw/CMU-MOSEI/segments/iREkcXde5ds_007.mp4,no
iREkcXde5ds_008,data/raw/CMU-MOSEI/segments/iREkcXde5ds_008.mp4,no
iREkcXde5ds_009,data/raw/CMU-MOSEI/segments/iREkcXde5ds_009.mp4,no
IRSxo_XXArg_000,data/raw/CMU-MOSEI/segments/IRSxo_XXArg_000.mp4,no
IRSxo_XXArg_007,data/raw/CMU-MOSEI/segments/IRSxo_XXArg_007.mp4,no
IRY4D_-mx3Q_000,data/raw/CMU-MOSEI/segments/IRY4D_-mx3Q_000.mp4,no
iS91daVpH2E_000,data/raw/CMU-MOSEI/segments/iS91daVpH2E_000.mp4,no
iS91daVpH2E_001,data/raw/CMU-MOSEI/segments/iS91daVpH2E_001.mp4,no
iS91daVpH2E_002,data/raw/CMU-MOSEI/segments/iS91daVpH2E_002.mp4,no
iS91daVpH2E_003,data/raw/CMU-MOSEI/segments/iS91daVpH2E_003.mp4,no
iS91daVpH2E_004,data/raw/CMU-MOSEI/segments/iS91daVpH2E_004.mp4,no
iS91daVpH2E_005,data/raw/CMU-MOSEI/segments/iS91daVpH2E_005.mp4,no
ItnyexqXR_U_000,data/raw/CMU-MOSEI/segments/ItnyexqXR_U_000.mp4,no
ItnyexqXR_U_001,data/raw/CMU-MOSEI/segments/ItnyexqXR_U_001.mp4,no
ITQTVfk9Iqo_002,data/raw/CMU-MOSEI/segments/ITQTVfk9Iqo_002.mp4,no
ITQTVfk9Iqo_004,data/raw/CMU-MOSEI/segments/ITQTVfk9Iqo_004.mp4,no
ITQTVfk9Iqo_009,data/raw/CMU-MOSEI/segments/ITQTVfk9Iqo_009.mp4,no
ITQTVfk9Iqo_011,data/raw/CMU-MOSEI/segments/ITQTVfk9Iqo_011.mp4,no
IUmxJNs2zaY_001,data/raw/CMU-MOSEI/segments/IUmxJNs2zaY_001.mp4,no
iUXqlrui25c_003,data/raw/CMU-MOSEI/segments/iUXqlrui25c_003.mp4,no
iUXqlrui25c_004,data/raw/CMU-MOSEI/segments/iUXqlrui25c_004.mp4,no
iUXqlrui25c_005,data/raw/CMU-MOSEI/segments/iUXqlrui25c_005.mp4,no
iUXqlrui25c_006,data/raw/CMU-MOSEI/segments/iUXqlrui25c_006.mp4,no
iUXqlrui25c_007,data/raw/CMU-MOSEI/segments/iUXqlrui25c_007.mp4,no
iUXqlrui25c_009,data/raw/CMU-MOSEI/segments/iUXqlrui25c_009.mp4,no
iUXqlrui25c_010,data/raw/CMU-MOSEI/segments/iUXqlrui25c_010.mp4,no
iUXqlrui25c_012,data/raw/CMU-MOSEI/segments/iUXqlrui25c_012.mp4,no
iUXqlrui25c_013,data/raw/CMU-MOSEI/segments/iUXqlrui25c_013.mp4,no
iWBx0CP9JqA_000,data/raw/CMU-MOSEI/segments/iWBx0CP9JqA_000.mp4,no
iWBx0CP9JqA_001,data/raw/CMU-MOSEI/segments/iWBx0CP9JqA_001.mp4,no
IwQWibE8EOM_004,data/raw/CMU-MOSEI/segments/IwQWibE8EOM_004.mp4,no
iXiMifHNKPI_003,data/raw/CMU-MOSEI/segments/iXiMifHNKPI_003.mp4,no
iXiMifHNKPI_007,data/raw/CMU-MOSEI/segments/iXiMifHNKPI_007.mp4,no
iXiMifHNKPI_008,data/raw/CMU-MOSEI/segments/iXiMifHNKPI_008.mp4,no
ixQbCXLUUj8_001,data/raw/CMU-MOSEI/segments/ixQbCXLUUj8_001.mp4,no
ixZAEncExWI_001,data/raw/CMU-MOSEI/segments/ixZAEncExWI_001.mp4,no
ixZAEncExWI_002,data/raw/CMU-MOSEI/segments/ixZAEncExWI_002.mp4,no
iYtD_ArCdKw_000,data/raw/CMU-MOSEI/segments/iYtD_ArCdKw_000.mp4,no
iYtD_ArCdKw_003,data/raw/CMU-MOSEI/segments/iYtD_ArCdKw_003.mp4,no
iYtD_ArCdKw_004,data/raw/CMU-MOSEI/segments/iYtD_ArCdKw_004.mp4,no
iYtD_ArCdKw_005,data/raw/CMU-MOSEI/segments/iYtD_ArCdKw_005.mp4,no
iYtD_ArCdKw_006,data/raw/CMU-MOSEI/segments/iYtD_ArCdKw_006.mp4,no
iYtD_ArCdKw_007,data/raw/CMU-MOSEI/segments/iYtD_ArCdKw_007.mp4,no
iYtD_ArCdKw_009,data/raw/CMU-MOSEI/segments/iYtD_ArCdKw_009.mp4,no
iYtD_ArCdKw_010,data/raw/CMU-MOSEI/segments/iYtD_ArCdKw_010.mp4,no
Iz_PDdyXr-8_002,data/raw/CMU-MOSEI/segments/Iz_PDdyXr-8_002.mp4,no
Iz_PDdyXr-8_003,data/raw/CMU-MOSEI/segments/Iz_PDdyXr-8_003.mp4,no
Iz_PDdyXr-8_004,data/raw/CMU-MOSEI/segments/Iz_PDdyXr-8_004.mp4,no
izFBeXMTgds_002,data/raw/CMU-MOSEI/segments/izFBeXMTgds_002.mp4,no
izFBeXMTgds_003,data/raw/CMU-MOSEI/segments/izFBeXMTgds_003.mp4,no
j1m6ctAgjsM_000,data/raw/CMU-MOSEI/segments/j1m6ctAgjsM_000.mp4,no
j1m6ctAgjsM_001,data/raw/CMU-MOSEI/segments/j1m6ctAgjsM_001.mp4,no
j1m6ctAgjsM_002,data/raw/CMU-MOSEI/segments/j1m6ctAgjsM_002.mp4,no
j1m6ctAgjsM_004,data/raw/CMU-MOSEI/segments/j1m6ctAgjsM_004.mp4,no
j1m6ctAgjsM_005,data/raw/CMU-MOSEI/segments/j1m6ctAgjsM_005.mp4,no
j1m6ctAgjsM_006,data/raw/CMU-MOSEI/segments/j1m6ctAgjsM_006.mp4,no
j1m6ctAgjsM_007,data/raw/CMU-MOSEI/segments/j1m6ctAgjsM_007.mp4,no
j1m6ctAgjsM_008,data/raw/CMU-MOSEI/segments/j1m6ctAgjsM_008.mp4,no
j1m6ctAgjsM_009,data/raw/CMU-MOSEI/segments/j1m6ctAgjsM_009.mp4,no
j1m6ctAgjsM_010,data/raw/CMU-MOSEI/segments/j1m6ctAgjsM_010.mp4,no
j1m6ctAgjsM_011,data/raw/CMU-MOSEI/segments/j1m6ctAgjsM_011.mp4,no
j1m6ctAgjsM_012,data/raw/CMU-MOSEI/segments/j1m6ctAgjsM_012.mp4,no
j1m6ctAgjsM_013,data/raw/CMU-MOSEI/segments/j1m6ctAgjsM_013.mp4,no
j1m6ctAgjsM_014,data/raw/CMU-MOSEI/segments/j1m6ctAgjsM_014.mp4,no
j1m6ctAgjsM_015,data/raw/CMU-MOSEI/segments/j1m6ctAgjsM_015.mp4,no
j1m6ctAgjsM_016,data/raw/CMU-MOSEI/segments/j1m6ctAgjsM_016.mp4,no
j1m6ctAgjsM_017,data/raw/CMU-MOSEI/segments/j1m6ctAgjsM_017.mp4,no
j1m6ctAgjsM_018,data/raw/CMU-MOSEI/segments/j1m6ctAgjsM_018.mp4,no
j1m6ctAgjsM_019,data/raw/CMU-MOSEI/segments/j1m6ctAgjsM_019.mp4,no
j1m6ctAgjsM_020,data/raw/CMU-MOSEI/segments/j1m6ctAgjsM_020.mp4,no
j1m6ctAgjsM_022,data/raw/CMU-MOSEI/segments/j1m6ctAgjsM_022.mp4,no
j1m6ctAgjsM_023,data/raw/CMU-MOSEI/segments/j1m6ctAgjsM_023.mp4,no
j1m6ctAgjsM_024,data/raw/CMU-MOSEI/segments/j1m6ctAgjsM_024.mp4,no
j1m6ctAgjsM_025,data/raw/CMU-MOSEI/segments/j1m6ctAgjsM_025.mp4,no
j1m6ctAgjsM_026,data/raw/CMU-MOSEI/segments/j1m6ctAgjsM_026.mp4,no
j1m6ctAgjsM_027,data/raw/CMU-MOSEI/segments/j1m6ctAgjsM_027.mp4,no
j1m6ctAgjsM_028,data/raw/CMU-MOSEI/segments/j1m6ctAgjsM_028.mp4,no
j1m6ctAgjsM_029,data/raw/CMU-MOSEI/segments/j1m6ctAgjsM_029.mp4,no
j1m6ctAgjsM_030,data/raw/CMU-MOSEI/segments/j1m6ctAgjsM_030.mp4,no
j1m6ctAgjsM_031,data/raw/CMU-MOSEI/segments/j1m6ctAgjsM_031.mp4,no
j1m6ctAgjsM_032,data/raw/CMU-MOSEI/segments/j1m6ctAgjsM_032.mp4,no
j1m6ctAgjsM_033,data/raw/CMU-MOSEI/segments/j1m6ctAgjsM_033.mp4,no
j1m6ctAgjsM_034,data/raw/CMU-MOSEI/segments/j1m6ctAgjsM_034.mp4,no
j1m6ctAgjsM_035,data/raw/CMU-MOSEI/segments/j1m6ctAgjsM_035.mp4,no
j1m6ctAgjsM_036,data/raw/CMU-MOSEI/segments/j1m6ctAgjsM_036.mp4,no
j1m6ctAgjsM_037,data/raw/CMU-MOSEI/segments/j1m6ctAgjsM_037.mp4,no
j1m6ctAgjsM_038,data/raw/CMU-MOSEI/segments/j1m6ctAgjsM_038.mp4,no
j1m6ctAgjsM_039,data/raw/CMU-MOSEI/segments/j1m6ctAgjsM_039.mp4,no
j1m6ctAgjsM_040,data/raw/CMU-MOSEI/segments/j1m6ctAgjsM_040.mp4,no
j1m6ctAgjsM_041,data/raw/CMU-MOSEI/segments/j1m6ctAgjsM_041.mp4,no
j1m6ctAgjsM_042,data/raw/CMU-MOSEI/segments/j1m6ctAgjsM_042.mp4,no
j1m6ctAgjsM_043,data/raw/CMU-MOSEI/segments/j1m6ctAgjsM_043.mp4,no
j1m6ctAgjsM_044,data/raw/CMU-MOSEI/segments/j1m6ctAgjsM_044.mp4,no
j1m6ctAgjsM_046,data/raw/CMU-MOSEI/segments/j1m6ctAgjsM_046.mp4,no
j1m6ctAgjsM_047,data/raw/CMU-MOSEI/segments/j1m6ctAgjsM_047.mp4,no
j1m6ctAgjsM_048,data/raw/CMU-MOSEI/segments/j1m6ctAgjsM_048.mp4,no
j1m6ctAgjsM_049,data/raw/CMU-MOSEI/segments/j1m6ctAgjsM_049.mp4,no
j1m6ctAgjsM_050,data/raw/CMU-MOSEI/segments/j1m6ctAgjsM_050.mp4,no
j1m6ctAgjsM_051,data/raw/CMU-MOSEI/segments/j1m6ctAgjsM_051.mp4,no
J3JU1zBQ4RM_000,data/raw/CMU-MOSEI/segments/J3JU1zBQ4RM_000.mp4,no
J3JU1zBQ4RM_002,data/raw/CMU-MOSEI/segments/J3JU1zBQ4RM_002.mp4,no
J3JU1zBQ4RM_004,data/raw/CMU-MOSEI/segments/J3JU1zBQ4RM_004.mp4,no
J3JU1zBQ4RM_005,data/raw/CMU-MOSEI/segments/J3JU1zBQ4RM_005.mp4,no
j7fRIGphgtk_001,data/raw/CMU-MOSEI/segments/j7fRIGphgtk_001.mp4,no
j7fRIGphgtk_003,data/raw/CMU-MOSEI/segments/j7fRIGphgtk_003.mp4,no
jakiZQd4boM_002,data/raw/CMU-MOSEI/segments/jakiZQd4boM_002.mp4,no
jakiZQd4boM_003,data/raw/CMU-MOSEI/segments/jakiZQd4boM_003.mp4,no
jbJF3aphcP0_000,data/raw/CMU-MOSEI/segments/jbJF3aphcP0_000.mp4,no
jcQi90n008o_000,data/raw/CMU-MOSEI/segments/jcQi90n008o_000.mp4,no
jcQi90n008o_001,data/raw/CMU-MOSEI/segments/jcQi90n008o_001.mp4,no
jcQi90n008o_002,data/raw/CMU-MOSEI/segments/jcQi90n008o_002.mp4,no
jcQi90n008o_003,data/raw/CMU-MOSEI/segments/jcQi90n008o_003.mp4,no
jcQi90n008o_004,data/raw/CMU-MOSEI/segments/jcQi90n008o_004.mp4,no
jcQi90n008o_005,data/raw/CMU-MOSEI/segments/jcQi90n008o_005.mp4,no
jcQi90n008o_006,data/raw/CMU-MOSEI/segments/jcQi90n008o_006.mp4,no
jcQi90n008o_008,data/raw/CMU-MOSEI/segments/jcQi90n008o_008.mp4,no
jcQi90n008o_009,data/raw/CMU-MOSEI/segments/jcQi90n008o_009.mp4,no
jcQi90n008o_010,data/raw/CMU-MOSEI/segments/jcQi90n008o_010.mp4,no
jcQi90n008o_011,data/raw/CMU-MOSEI/segments/jcQi90n008o_011.mp4,no
jcQi90n008o_012,data/raw/CMU-MOSEI/segments/jcQi90n008o_012.mp4,no
jcQi90n008o_013,data/raw/CMU-MOSEI/segments/jcQi90n008o_013.mp4,no
jcQi90n008o_014,data/raw/CMU-MOSEI/segments/jcQi90n008o_014.mp4,no
jcQi90n008o_015,data/raw/CMU-MOSEI/segments/jcQi90n008o_015.mp4,no
jcQi90n008o_016,data/raw/CMU-MOSEI/segments/jcQi90n008o_016.mp4,no
jcQi90n008o_017,data/raw/CMU-MOSEI/segments/jcQi90n008o_017.mp4,no
jcQi90n008o_018,data/raw/CMU-MOSEI/segments/jcQi90n008o_018.mp4,no
jcQi90n008o_020,data/raw/CMU-MOSEI/segments/jcQi90n008o_020.mp4,no
jcQi90n008o_023,data/raw/CMU-MOSEI/segments/jcQi90n008o_023.mp4,no
jcQi90n008o_025,data/raw/CMU-MOSEI/segments/jcQi90n008o_025.mp4,no
jE3gYsxr_5s_001,data/raw/CMU-MOSEI/segments/jE3gYsxr_5s_001.mp4,no
jEQoBvc7V1o_001,data/raw/CMU-MOSEI/segments/jEQoBvc7V1o_001.mp4,no
jEQoBvc7V1o_002,data/raw/CMU-MOSEI/segments/jEQoBvc7V1o_002.mp4,no
jEQoBvc7V1o_003,data/raw/CMU-MOSEI/segments/jEQoBvc7V1o_003.mp4,no
jEQoBvc7V1o_004,data/raw/CMU-MOSEI/segments/jEQoBvc7V1o_004.mp4,no
jFNgOznarMo_001,data/raw/CMU-MOSEI/segments/jFNgOznarMo_001.mp4,no
jFpRdhl3fgw_001,data/raw/CMU-MOSEI/segments/jFpRdhl3fgw_001.mp4,no
jFpRdhl3fgw_002,data/raw/CMU-MOSEI/segments/jFpRdhl3fgw_002.mp4,no
jfSGWBfVNBI_001,data/raw/CMU-MOSEI/segments/jfSGWBfVNBI_001.mp4,no
jgNu58Da9cs_001,data/raw/CMU-MOSEI/segments/jgNu58Da9cs_001.mp4,no
jgNu58Da9cs_005,data/raw/CMU-MOSEI/segments/jgNu58Da9cs_005.mp4,no
jj8aSNPHMw8_008,data/raw/CMU-MOSEI/segments/jj8aSNPHMw8_008.mp4,no
jjb1cWmkhI8_000,data/raw/CMU-MOSEI/segments/jjb1cWmkhI8_000.mp4,no
jjb1cWmkhI8_003,data/raw/CMU-MOSEI/segments/jjb1cWmkhI8_003.mp4,no
jjb1cWmkhI8_004,data/raw/CMU-MOSEI/segments/jjb1cWmkhI8_004.mp4,no
jjb1cWmkhI8_005,data/raw/CMU-MOSEI/segments/jjb1cWmkhI8_005.mp4,no
JKueLneBoik_000,data/raw/CMU-MOSEI/segments/JKueLneBoik_000.mp4,no
JKueLneBoik_001,data/raw/CMU-MOSEI/segments/JKueLneBoik_001.mp4,no
JKueLneBoik_002,data/raw/CMU-MOSEI/segments/JKueLneBoik_002.mp4,no
JKueLneBoik_003,data/raw/CMU-MOSEI/segments/JKueLneBoik_003.mp4,no
JKueLneBoik_004,data/raw/CMU-MOSEI/segments/JKueLneBoik_004.mp4,no
JKueLneBoik_005,data/raw/CMU-MOSEI/segments/JKueLneBoik_005.mp4,no
jLN6B0aSrW0_001,data/raw/CMU-MOSEI/segments/jLN6B0aSrW0_001.mp4,no
jLN6B0aSrW0_002,data/raw/CMU-MOSEI/segments/jLN6B0aSrW0_002.mp4,no
jLN6B0aSrW0_004,data/raw/CMU-MOSEI/segments/jLN6B0aSrW0_004.mp4,no
jlW4Iep4mmE_000,data/raw/CMU-MOSEI/segments/jlW4Iep4mmE_000.mp4,no
JMzilFvwNXE_000,data/raw/CMU-MOSEI/segments/JMzilFvwNXE_000.mp4,no
JMzilFvwNXE_001,data/raw/CMU-MOSEI/segments/JMzilFvwNXE_001.mp4,no
JMzilFvwNXE_002,data/raw/CMU-MOSEI/segments/JMzilFvwNXE_002.mp4,no
jNdvceZ4etc_000,data/raw/CMU-MOSEI/segments/jNdvceZ4etc_000.mp4,no
jNdvceZ4etc_001,data/raw/CMU-MOSEI/segments/jNdvceZ4etc_001.mp4,no
jNdvceZ4etc_002,data/raw/CMU-MOSEI/segments/jNdvceZ4etc_002.mp4,no
jNdvceZ4etc_003,data/raw/CMU-MOSEI/segments/jNdvceZ4etc_003.mp4,no
jNdvceZ4etc_005,data/raw/CMU-MOSEI/segments/jNdvceZ4etc_005.mp4,no
jNdvceZ4etc_006,data/raw/CMU-MOSEI/segments/jNdvceZ4etc_006.mp4,no
jNdvceZ4etc_007,data/raw/CMU-MOSEI/segments/jNdvceZ4etc_007.mp4,no
jnG9zog4NCs_000,data/raw/CMU-MOSEI/segments/jnG9zog4NCs_000.mp4,no
jnG9zog4NCs_001,data/raw/CMU-MOSEI/segments/jnG9zog4NCs_001.mp4,no
jnG9zog4NCs_002,data/raw/CMU-MOSEI/segments/jnG9zog4NCs_002.mp4,no
jnG9zog4NCs_004,data/raw/CMU-MOSEI/segments/jnG9zog4NCs_004.mp4,no
jnG9zog4NCs_005,data/raw/CMU-MOSEI/segments/jnG9zog4NCs_005.mp4,no
jnG9zog4NCs_006,data/raw/CMU-MOSEI/segments/jnG9zog4NCs_006.mp4,no
JNt1k3ohkbs_000,data/raw/CMU-MOSEI/segments/JNt1k3ohkbs_000.mp4,no
JNt1k3ohkbs_002,data/raw/CMU-MOSEI/segments/JNt1k3ohkbs_002.mp4,no
JNt1k3ohkbs_004,data/raw/CMU-MOSEI/segments/JNt1k3ohkbs_004.mp4,no
JNt1k3ohkbs_006,data/raw/CMU-MOSEI/segments/JNt1k3ohkbs_006.mp4,no
jPf0LjZAS14_002,data/raw/CMU-MOSEI/segments/jPf0LjZAS14_002.mp4,no
jPf0LjZAS14_003,data/raw/CMU-MOSEI/segments/jPf0LjZAS14_003.mp4,no
jPf0LjZAS14_005,data/raw/CMU-MOSEI/segments/jPf0LjZAS14_005.mp4,no
jPf0LjZAS14_006,data/raw/CMU-MOSEI/segments/jPf0LjZAS14_006.mp4,no
jPf0LjZAS14_007,data/raw/CMU-MOSEI/segments/jPf0LjZAS14_007.mp4,no
JPT38CA3sGI_000,data/raw/CMU-MOSEI/segments/JPT38CA3sGI_000.mp4,no
JPT38CA3sGI_001,data/raw/CMU-MOSEI/segments/JPT38CA3sGI_001.mp4,no
JPT38CA3sGI_002,data/raw/CMU-MOSEI/segments/JPT38CA3sGI_002.mp4,no
JPT38CA3sGI_003,data/raw/CMU-MOSEI/segments/JPT38CA3sGI_003.mp4,no
JPT38CA3sGI_004,data/raw/CMU-MOSEI/segments/JPT38CA3sGI_004.mp4,no
JPT38CA3sGI_005,data/raw/CMU-MOSEI/segments/JPT38CA3sGI_005.mp4,no
jQ3EmbRIe58_000,data/raw/CMU-MOSEI/segments/jQ3EmbRIe58_000.mp4,no
jQ3EmbRIe58_001,data/raw/CMU-MOSEI/segments/jQ3EmbRIe58_001.mp4,no
jQ3EmbRIe58_004,data/raw/CMU-MOSEI/segments/jQ3EmbRIe58_004.mp4,no
jqKzaEniiKo_000,data/raw/CMU-MOSEI/segments/jqKzaEniiKo_000.mp4,no
jqKzaEniiKo_001,data/raw/CMU-MOSEI/segments/jqKzaEniiKo_001.mp4,no
jqKzaEniiKo_002,data/raw/CMU-MOSEI/segments/jqKzaEniiKo_002.mp4,no
jqKzaEniiKo_004,data/raw/CMU-MOSEI/segments/jqKzaEniiKo_004.mp4,no
jqKzaEniiKo_005,data/raw/CMU-MOSEI/segments/jqKzaEniiKo_005.mp4,no
jscKL5jS-SQ_000,data/raw/CMU-MOSEI/segments/jscKL5jS-SQ_000.mp4,no
jscKL5jS-SQ_002,data/raw/CMU-MOSEI/segments/jscKL5jS-SQ_002.mp4,no
jscKL5jS-SQ_004,data/raw/CMU-MOSEI/segments/jscKL5jS-SQ_004.mp4,no
jscKL5jS-SQ_005,data/raw/CMU-MOSEI/segments/jscKL5jS-SQ_005.mp4,no
jscKL5jS-SQ_006,data/raw/CMU-MOSEI/segments/jscKL5jS-SQ_006.mp4,no
jscKL5jS-SQ_008,data/raw/CMU-MOSEI/segments/jscKL5jS-SQ_008.mp4,no
jscKL5jS-SQ_010,data/raw/CMU-MOSEI/segments/jscKL5jS-SQ_010.mp4,no
jscKL5jS-SQ_011,data/raw/CMU-MOSEI/segments/jscKL5jS-SQ_011.mp4,no
jscKL5jS-SQ_012,data/raw/CMU-MOSEI/segments/jscKL5jS-SQ_012.mp4,no
juI9KoLA87A_001,data/raw/CMU-MOSEI/segments/juI9KoLA87A_001.mp4,no
juI9KoLA87A_002,data/raw/CMU-MOSEI/segments/juI9KoLA87A_002.mp4,no
juI9KoLA87A_004,data/raw/CMU-MOSEI/segments/juI9KoLA87A_004.mp4,no
juI9KoLA87A_005,data/raw/CMU-MOSEI/segments/juI9KoLA87A_005.mp4,no
juI9KoLA87A_006,data/raw/CMU-MOSEI/segments/juI9KoLA87A_006.mp4,no
juI9KoLA87A_008,data/raw/CMU-MOSEI/segments/juI9KoLA87A_008.mp4,no
juI9KoLA87A_009,data/raw/CMU-MOSEI/segments/juI9KoLA87A_009.mp4,no
juI9KoLA87A_010,data/raw/CMU-MOSEI/segments/juI9KoLA87A_010.mp4,no
juI9KoLA87A_011,data/raw/CMU-MOSEI/segments/juI9KoLA87A_011.mp4,no
juI9KoLA87A_013,data/raw/CMU-MOSEI/segments/juI9KoLA87A_013.mp4,no
jV6qzF2YROc_000,data/raw/CMU-MOSEI/segments/jV6qzF2YROc_000.mp4,no
jV6qzF2YROc_002,data/raw/CMU-MOSEI/segments/jV6qzF2YROc_002.mp4,no
jV6qzF2YROc_004,data/raw/CMU-MOSEI/segments/jV6qzF2YROc_004.mp4,no
jV6qzF2YROc_006,data/raw/CMU-MOSEI/segments/jV6qzF2YROc_006.mp4,no
JW3OfSCZlhc_001,data/raw/CMU-MOSEI/segments/JW3OfSCZlhc_001.mp4,no
JW3OfSCZlhc_002,data/raw/CMU-MOSEI/segments/JW3OfSCZlhc_002.mp4,no
jXp595jj734_000,data/raw/CMU-MOSEI/segments/jXp595jj734_000.mp4,no
jXQmVFcOiUI_000,data/raw/CMU-MOSEI/segments/jXQmVFcOiUI_000.mp4,no
jXQmVFcOiUI_001,data/raw/CMU-MOSEI/segments/jXQmVFcOiUI_001.mp4,no
jXQmVFcOiUI_002,data/raw/CMU-MOSEI/segments/jXQmVFcOiUI_002.mp4,no
jYT3-RQFy1U_003,data/raw/CMU-MOSEI/segments/jYT3-RQFy1U_003.mp4,no
jzNIU-w0MVo_001,data/raw/CMU-MOSEI/segments/jzNIU-w0MVo_001.mp4,no
jzNIU-w0MVo_002,data/raw/CMU-MOSEI/segments/jzNIU-w0MVo_002.mp4,no
jzNIU-w0MVo_003,data/raw/CMU-MOSEI/segments/jzNIU-w0MVo_003.mp4,no
jzNIU-w0MVo_006,data/raw/CMU-MOSEI/segments/jzNIU-w0MVo_006.mp4,no
jzNIU-w0MVo_007,data/raw/CMU-MOSEI/segments/jzNIU-w0MVo_007.mp4,no
k0cGUNUHuyY_000,data/raw/CMU-MOSEI/segments/k0cGUNUHuyY_000.mp4,no
k1BrzX5bc7U_000,data/raw/CMU-MOSEI/segments/k1BrzX5bc7U_000.mp4,no
k1BrzX5bc7U_001,data/raw/CMU-MOSEI/segments/k1BrzX5bc7U_001.mp4,no
k1BrzX5bc7U_002,data/raw/CMU-MOSEI/segments/k1BrzX5bc7U_002.mp4,no
k4T6GaDrcjs_001,data/raw/CMU-MOSEI/segments/k4T6GaDrcjs_001.mp4,no
k4T6GaDrcjs_002,data/raw/CMU-MOSEI/segments/k4T6GaDrcjs_002.mp4,no
k4T6GaDrcjs_003,data/raw/CMU-MOSEI/segments/k4T6GaDrcjs_003.mp4,no
k4T6GaDrcjs_004,data/raw/CMU-MOSEI/segments/k4T6GaDrcjs_004.mp4,no
k4T6GaDrcjs_005,data/raw/CMU-MOSEI/segments/k4T6GaDrcjs_005.mp4,no
k4T6GaDrcjs_006,data/raw/CMU-MOSEI/segments/k4T6GaDrcjs_006.mp4,no
k4T6GaDrcjs_007,data/raw/CMU-MOSEI/segments/k4T6GaDrcjs_007.mp4,no
k4T6GaDrcjs_008,data/raw/CMU-MOSEI/segments/k4T6GaDrcjs_008.mp4,no
k4T6GaDrcjs_009,data/raw/CMU-MOSEI/segments/k4T6GaDrcjs_009.mp4,no
k4T6GaDrcjs_010,data/raw/CMU-MOSEI/segments/k4T6GaDrcjs_010.mp4,no
k5-3KuvCFms_000,data/raw/CMU-MOSEI/segments/k5-3KuvCFms_000.mp4,no
k5-3KuvCFms_001,data/raw/CMU-MOSEI/segments/k5-3KuvCFms_001.mp4,no
K62NK2KYhws_000,data/raw/CMU-MOSEI/segments/K62NK2KYhws_000.mp4,no
K62NK2KYhws_001,data/raw/CMU-MOSEI/segments/K62NK2KYhws_001.mp4,no
K62NK2KYhws_002,data/raw/CMU-MOSEI/segments/K62NK2KYhws_002.mp4,no
K62NK2KYhws_003,data/raw/CMU-MOSEI/segments/K62NK2KYhws_003.mp4,no
K62NK2KYhws_004,data/raw/CMU-MOSEI/segments/K62NK2KYhws_004.mp4,no
K62NK2KYhws_010,data/raw/CMU-MOSEI/segments/K62NK2KYhws_010.mp4,no
K62NK2KYhws_011,data/raw/CMU-MOSEI/segments/K62NK2KYhws_011.mp4,no
K7FiMf-Dmwo_000,data/raw/CMU-MOSEI/segments/K7FiMf-Dmwo_000.mp4,no
K7FiMf-Dmwo_001,data/raw/CMU-MOSEI/segments/K7FiMf-Dmwo_001.mp4,no
k8NgVOCDYKM_001,data/raw/CMU-MOSEI/segments/k8NgVOCDYKM_001.mp4,no
k8NgVOCDYKM_003,data/raw/CMU-MOSEI/segments/k8NgVOCDYKM_003.mp4,no
k8NgVOCDYKM_005,data/raw/CMU-MOSEI/segments/k8NgVOCDYKM_005.mp4,no
k8NgVOCDYKM_006,data/raw/CMU-MOSEI/segments/k8NgVOCDYKM_006.mp4,no
kbRtSmJM5aU_000,data/raw/CMU-MOSEI/segments/kbRtSmJM5aU_000.mp4,no
kcIGTPHEsNo_000,data/raw/CMU-MOSEI/segments/kcIGTPHEsNo_000.mp4,no
kcIGTPHEsNo_001,data/raw/CMU-MOSEI/segments/kcIGTPHEsNo_001.mp4,no
kcIGTPHEsNo_008,data/raw/CMU-MOSEI/segments/kcIGTPHEsNo_008.mp4,no
kCQqLNiO0mk_000,data/raw/CMU-MOSEI/segments/kCQqLNiO0mk_000.mp4,no
kCQqLNiO0mk_003,data/raw/CMU-MOSEI/segments/kCQqLNiO0mk_003.mp4,no
kCQqLNiO0mk_004,data/raw/CMU-MOSEI/segments/kCQqLNiO0mk_004.mp4,no
kCQqLNiO0mk_005,data/raw/CMU-MOSEI/segments/kCQqLNiO0mk_005.mp4,no
kCQqLNiO0mk_007,data/raw/CMU-MOSEI/segments/kCQqLNiO0mk_007.mp4,no
kCQqLNiO0mk_009,data/raw/CMU-MOSEI/segments/kCQqLNiO0mk_009.mp4,no
kCQqLNiO0mk_011,data/raw/CMU-MOSEI/segments/kCQqLNiO0mk_011.mp4,no
kCQqLNiO0mk_012,data/raw/CMU-MOSEI/segments/kCQqLNiO0mk_012.mp4,no
kCQqLNiO0mk_014,data/raw/CMU-MOSEI/segments/kCQqLNiO0mk_014.mp4,no
kddCewAsxfA_001,data/raw/CMU-MOSEI/segments/kddCewAsxfA_001.mp4,no
kddCewAsxfA_002,data/raw/CMU-MOSEI/segments/kddCewAsxfA_002.mp4,no
kg-W6-hP2Do_001,data/raw/CMU-MOSEI/segments/kg-W6-hP2Do_001.mp4,no
kg-W6-hP2Do_002,data/raw/CMU-MOSEI/segments/kg-W6-hP2Do_002.mp4,no
kg-W6-hP2Do_003,data/raw/CMU-MOSEI/segments/kg-W6-hP2Do_003.mp4,no
kg-W6-hP2Do_004,data/raw/CMU-MOSEI/segments/kg-W6-hP2Do_004.mp4,no
kg-W6-hP2Do_005,data/raw/CMU-MOSEI/segments/kg-W6-hP2Do_005.mp4,no
kg-W6-hP2Do_006,data/raw/CMU-MOSEI/segments/kg-W6-hP2Do_006.mp4,no
kg-W6-hP2Do_007,data/raw/CMU-MOSEI/segments/kg-W6-hP2Do_007.mp4,no
kh6eynD9OIk_000,data/raw/CMU-MOSEI/segments/kh6eynD9OIk_000.mp4,no
kh6eynD9OIk_001,data/raw/CMU-MOSEI/segments/kh6eynD9OIk_001.mp4,no
kh6eynD9OIk_002,data/raw/CMU-MOSEI/segments/kh6eynD9OIk_002.mp4,no
kh6eynD9OIk_005,data/raw/CMU-MOSEI/segments/kh6eynD9OIk_005.mp4,no
kh6eynD9OIk_007,data/raw/CMU-MOSEI/segments/kh6eynD9OIk_007.mp4,no
kh6eynD9OIk_008,data/raw/CMU-MOSEI/segments/kh6eynD9OIk_008.mp4,no
kh6eynD9OIk_009,data/raw/CMU-MOSEI/segments/kh6eynD9OIk_009.mp4,no
kh6eynD9OIk_010,data/raw/CMU-MOSEI/segments/kh6eynD9OIk_010.mp4,no
kh6eynD9OIk_011,data/raw/CMU-MOSEI/segments/kh6eynD9OIk_011.mp4,no
kh6eynD9OIk_012,data/raw/CMU-MOSEI/segments/kh6eynD9OIk_012.mp4,no
kh6eynD9OIk_013,data/raw/CMU-MOSEI/segments/kh6eynD9OIk_013.mp4,no
kh6eynD9OIk_014,data/raw/CMU-MOSEI/segments/kh6eynD9OIk_014.mp4,no
KI2sU-mhM44_000,data/raw/CMU-MOSEI/segments/KI2sU-mhM44_000.mp4,no
KI2sU-mhM44_001,data/raw/CMU-MOSEI/segments/KI2sU-mhM44_001.mp4,no
KI2sU-mhM44_004,data/raw/CMU-MOSEI/segments/KI2sU-mhM44_004.mp4,no
KI2sU-mhM44_006,data/raw/CMU-MOSEI/segments/KI2sU-mhM44_006.mp4,no
KI2sU-mhM44_007,data/raw/CMU-MOSEI/segments/KI2sU-mhM44_007.mp4,no
kj63uF0RhW8_000,data/raw/CMU-MOSEI/segments/kj63uF0RhW8_000.mp4,no
kj63uF0RhW8_001,data/raw/CMU-MOSEI/segments/kj63uF0RhW8_001.mp4,no
kjQAkrdbREk_002,data/raw/CMU-MOSEI/segments/kjQAkrdbREk_002.mp4,no
KJyz9fCt7Is_000,data/raw/CMU-MOSEI/segments/KJyz9fCt7Is_000.mp4,no
KJyz9fCt7Is_001,data/raw/CMU-MOSEI/segments/KJyz9fCt7Is_001.mp4,no
KJyz9fCt7Is_002,data/raw/CMU-MOSEI/segments/KJyz9fCt7Is_002.mp4,no
kkaX3okuvjI_000,data/raw/CMU-MOSEI/segments/kkaX3okuvjI_000.mp4,no
kkaX3okuvjI_002,data/raw/CMU-MOSEI/segments/kkaX3okuvjI_002.mp4,no
kkaX3okuvjI_003,data/raw/CMU-MOSEI/segments/kkaX3okuvjI_003.mp4,no
kKkZihSbxF4_000,data/raw/CMU-MOSEI/segments/kKkZihSbxF4_000.mp4,no
kKkZihSbxF4_001,data/raw/CMU-MOSEI/segments/kKkZihSbxF4_001.mp4,no
kld9r0iFkWM_001,data/raw/CMU-MOSEI/segments/kld9r0iFkWM_001.mp4,no
kld9r0iFkWM_002,data/raw/CMU-MOSEI/segments/kld9r0iFkWM_002.mp4,no
kld9r0iFkWM_003,data/raw/CMU-MOSEI/segments/kld9r0iFkWM_003.mp4,no
kM6wo2bb3nw_001,data/raw/CMU-MOSEI/segments/kM6wo2bb3nw_001.mp4,no
kPn-t6NSxfQ_001,data/raw/CMU-MOSEI/segments/kPn-t6NSxfQ_001.mp4,no
kPn-t6NSxfQ_002,data/raw/CMU-MOSEI/segments/kPn-t6NSxfQ_002.mp4,no
kPn-t6NSxfQ_003,data/raw/CMU-MOSEI/segments/kPn-t6NSxfQ_003.mp4,no
kPn-t6NSxfQ_006,data/raw/CMU-MOSEI/segments/kPn-t6NSxfQ_006.mp4,no
kPn-t6NSxfQ_007,data/raw/CMU-MOSEI/segments/kPn-t6NSxfQ_007.mp4,no
kPn-t6NSxfQ_009,data/raw/CMU-MOSEI/segments/kPn-t6NSxfQ_009.mp4,no
kpS4BXif_Sw_000,data/raw/CMU-MOSEI/segments/kpS4BXif_Sw_000.mp4,no
kpS4BXif_Sw_001,data/raw/CMU-MOSEI/segments/kpS4BXif_Sw_001.mp4,no
kpS4BXif_Sw_002,data/raw/CMU-MOSEI/segments/kpS4BXif_Sw_002.mp4,no
kpS4BXif_Sw_004,data/raw/CMU-MOSEI/segments/kpS4BXif_Sw_004.mp4,no
kpS4BXif_Sw_005,data/raw/CMU-MOSEI/segments/kpS4BXif_Sw_005.mp4,no
kpS4BXif_Sw_006,data/raw/CMU-MOSEI/segments/kpS4BXif_Sw_006.mp4,no
kpS4BXif_Sw_008,data/raw/CMU-MOSEI/segments/kpS4BXif_Sw_008.mp4,no
kpS4BXif_Sw_009,data/raw/CMU-MOSEI/segments/kpS4BXif_Sw_009.mp4,no
kpS4BXif_Sw_010,data/raw/CMU-MOSEI/segments/kpS4BXif_Sw_010.mp4,no
kpS4BXif_Sw_011,data/raw/CMU-MOSEI/segments/kpS4BXif_Sw_011.mp4,no
kpS4BXif_Sw_013,data/raw/CMU-MOSEI/segments/kpS4BXif_Sw_013.mp4,no
kpS4BXif_Sw_019,data/raw/CMU-MOSEI/segments/kpS4BXif_Sw_019.mp4,no
kqXpf26EL-s_000,data/raw/CMU-MOSEI/segments/kqXpf26EL-s_000.mp4,no
kqXpf26EL-s_002,data/raw/CMU-MOSEI/segments/kqXpf26EL-s_002.mp4,no
kqXpf26EL-s_003,data/raw/CMU-MOSEI/segments/kqXpf26EL-s_003.mp4,no
kqXpf26EL-s_004,data/raw/CMU-MOSEI/segments/kqXpf26EL-s_004.mp4,no
kqXpf26EL-s_005,data/raw/CMU-MOSEI/segments/kqXpf26EL-s_005.mp4,no
kqXpf26EL-s_007,data/raw/CMU-MOSEI/segments/kqXpf26EL-s_007.mp4,no
kqXpf26EL-s_008,data/raw/CMU-MOSEI/segments/kqXpf26EL-s_008.mp4,no
kRs39SO-neY_000,data/raw/CMU-MOSEI/segments/kRs39SO-neY_000.mp4,no
kRs39SO-neY_002,data/raw/CMU-MOSEI/segments/kRs39SO-neY_002.mp4,no
ku-dtUqCm2o_000,data/raw/CMU-MOSEI/segments/ku-dtUqCm2o_000.mp4,no
ku-dtUqCm2o_001,data/raw/CMU-MOSEI/segments/ku-dtUqCm2o_001.mp4,no
kU6YY2z7z0I_000,data/raw/CMU-MOSEI/segments/kU6YY2z7z0I_000.mp4,no
kU6YY2z7z0I_001,data/raw/CMU-MOSEI/segments/kU6YY2z7z0I_001.mp4,no
kU6YY2z7z0I_002,data/raw/CMU-MOSEI/segments/kU6YY2z7z0I_002.mp4,no
kU6YY2z7z0I_003,data/raw/CMU-MOSEI/segments/kU6YY2z7z0I_003.mp4,no
kU6YY2z7z0I_004,data/raw/CMU-MOSEI/segments/kU6YY2z7z0I_004.mp4,no
kU6YY2z7z0I_005,data/raw/CMU-MOSEI/segments/kU6YY2z7z0I_005.mp4,no
kU6YY2z7z0I_006,data/raw/CMU-MOSEI/segments/kU6YY2z7z0I_006.mp4,no
kU6YY2z7z0I_007,data/raw/CMU-MOSEI/segments/kU6YY2z7z0I_007.mp4,no
kU6YY2z7z0I_009,data/raw/CMU-MOSEI/segments/kU6YY2z7z0I_009.mp4,no
kU6YY2z7z0I_010,data/raw/CMU-MOSEI/segments/kU6YY2z7z0I_010.mp4,no
kwkhYpCHWPw_000,data/raw/CMU-MOSEI/segments/kwkhYpCHWPw_000.mp4,no
kwkhYpCHWPw_005,data/raw/CMU-MOSEI/segments/kwkhYpCHWPw_005.mp4,no
kwkhYpCHWPw_007,data/raw/CMU-MOSEI/segments/kwkhYpCHWPw_007.mp4,no
kxcCxbsKx3w_000,data/raw/CMU-MOSEI/segments/kxcCxbsKx3w_000.mp4,no
kxcCxbsKx3w_001,data/raw/CMU-MOSEI/segments/kxcCxbsKx3w_001.mp4,no
kxcCxbsKx3w_003,data/raw/CMU-MOSEI/segments/kxcCxbsKx3w_003.mp4,no
kxcCxbsKx3w_004,data/raw/CMU-MOSEI/segments/kxcCxbsKx3w_004.mp4,no
kxcCxbsKx3w_005,data/raw/CMU-MOSEI/segments/kxcCxbsKx3w_005.mp4,no
kxcCxbsKx3w_006,data/raw/CMU-MOSEI/segments/kxcCxbsKx3w_006.mp4,no
kxcCxbsKx3w_008,data/raw/CMU-MOSEI/segments/kxcCxbsKx3w_008.mp4,no
kXhJ3hHK9hQ_000,data/raw/CMU-MOSEI/segments/kXhJ3hHK9hQ_000.mp4,no
kXhJ3hHK9hQ_001,data/raw/CMU-MOSEI/segments/kXhJ3hHK9hQ_001.mp4,no
kXhJ3hHK9hQ_002,data/raw/CMU-MOSEI/segments/kXhJ3hHK9hQ_002.mp4,no
kXhJ3hHK9hQ_004,data/raw/CMU-MOSEI/segments/kXhJ3hHK9hQ_004.mp4,no
kXhJ3hHK9hQ_005,data/raw/CMU-MOSEI/segments/kXhJ3hHK9hQ_005.mp4,no
kY64gXOapYk_001,data/raw/CMU-MOSEI/segments/kY64gXOapYk_001.mp4,no
kY64gXOapYk_002,data/raw/CMU-MOSEI/segments/kY64gXOapYk_002.mp4,no
kY64gXOapYk_003,data/raw/CMU-MOSEI/segments/kY64gXOapYk_003.mp4,no
kY64gXOapYk_004,data/raw/CMU-MOSEI/segments/kY64gXOapYk_004.mp4,no
ky7Q5onqxGw_000,data/raw/CMU-MOSEI/segments/ky7Q5onqxGw_000.mp4,no
ky7Q5onqxGw_002,data/raw/CMU-MOSEI/segments/ky7Q5onqxGw_002.mp4,no
kz7ahNfXFsk_000,data/raw/CMU-MOSEI/segments/kz7ahNfXFsk_000.mp4,no
kZfcQ4a0kx4_000,data/raw/CMU-MOSEI/segments/kZfcQ4a0kx4_000.mp4,no
kZfcQ4a0kx4_003,data/raw/CMU-MOSEI/segments/kZfcQ4a0kx4_003.mp4,no
kZfcQ4a0kx4_004,data/raw/CMU-MOSEI/segments/kZfcQ4a0kx4_004.mp4,no
kZfcQ4a0kx4_006,data/raw/CMU-MOSEI/segments/kZfcQ4a0kx4_006.mp4,no
kZfcQ4a0kx4_007,data/raw/CMU-MOSEI/segments/kZfcQ4a0kx4_007.mp4,no
kZfcQ4a0kx4_009,data/raw/CMU-MOSEI/segments/kZfcQ4a0kx4_009.mp4,no
kZfcQ4a0kx4_011,data/raw/CMU-MOSEI/segments/kZfcQ4a0kx4_011.mp4,no
l-nM_U1qpko_000,data/raw/CMU-MOSEI/segments/l-nM_U1qpko_000.mp4,no
l-nM_U1qpko_001,data/raw/CMU-MOSEI/segments/l-nM_U1qpko_001.mp4,no
l-nM_U1qpko_002,data/raw/CMU-MOSEI/segments/l-nM_U1qpko_002.mp4,no
l-nM_U1qpko_003,data/raw/CMU-MOSEI/segments/l-nM_U1qpko_003.mp4,no
l-nM_U1qpko_004,data/raw/CMU-MOSEI/segments/l-nM_U1qpko_004.mp4,no
l-nM_U1qpko_005,data/raw/CMU-MOSEI/segments/l-nM_U1qpko_005.mp4,no
l0vCKpk6Aes_000,data/raw/CMU-MOSEI/segments/l0vCKpk6Aes_000.mp4,no
l0vCKpk6Aes_001,data/raw/CMU-MOSEI/segments/l0vCKpk6Aes_001.mp4,no
l0vCKpk6Aes_003,data/raw/CMU-MOSEI/segments/l0vCKpk6Aes_003.mp4,no
l0vCKpk6Aes_005,data/raw/CMU-MOSEI/segments/l0vCKpk6Aes_005.mp4,no
l0vCKpk6Aes_006,data/raw/CMU-MOSEI/segments/l0vCKpk6Aes_006.mp4,no
l0vCKpk6Aes_007,data/raw/CMU-MOSEI/segments/l0vCKpk6Aes_007.mp4,no
l0vCKpk6Aes_009,data/raw/CMU-MOSEI/segments/l0vCKpk6Aes_009.mp4,no
l4oMbKDuW3Y_002,data/raw/CMU-MOSEI/segments/l4oMbKDuW3Y_002.mp4,no
l5_DDqck4Rs_000,data/raw/CMU-MOSEI/segments/l5_DDqck4Rs_000.mp4,no
l8LTcZJ-_8k_000,data/raw/CMU-MOSEI/segments/l8LTcZJ-_8k_000.mp4,no
l8LTcZJ-_8k_001,data/raw/CMU-MOSEI/segments/l8LTcZJ-_8k_001.mp4,no
l8LTcZJ-_8k_002,data/raw/CMU-MOSEI/segments/l8LTcZJ-_8k_002.mp4,no
l8LTcZJ-_8k_003,data/raw/CMU-MOSEI/segments/l8LTcZJ-_8k_003.mp4,no
l8LTcZJ-_8k_004,data/raw/CMU-MOSEI/segments/l8LTcZJ-_8k_004.mp4,no
l8LTcZJ-_8k_006,data/raw/CMU-MOSEI/segments/l8LTcZJ-_8k_006.mp4,no
l8LTcZJ-_8k_008,data/raw/CMU-MOSEI/segments/l8LTcZJ-_8k_008.mp4,no
l8LTcZJ-_8k_011,data/raw/CMU-MOSEI/segments/l8LTcZJ-_8k_011.mp4,no
l8LTcZJ-_8k_012,data/raw/CMU-MOSEI/segments/l8LTcZJ-_8k_012.mp4,no
l8LTcZJ-_8k_013,data/raw/CMU-MOSEI/segments/l8LTcZJ-_8k_013.mp4,no
l8LTcZJ-_8k_015,data/raw/CMU-MOSEI/segments/l8LTcZJ-_8k_015.mp4,no
l8LTcZJ-_8k_016,data/raw/CMU-MOSEI/segments/l8LTcZJ-_8k_016.mp4,no
l8LTcZJ-_8k_017,data/raw/CMU-MOSEI/segments/l8LTcZJ-_8k_017.mp4,no
l8LTcZJ-_8k_018,data/raw/CMU-MOSEI/segments/l8LTcZJ-_8k_018.mp4,no
l8LTcZJ-_8k_020,data/raw/CMU-MOSEI/segments/l8LTcZJ-_8k_020.mp4,no
l8LTcZJ-_8k_021,data/raw/CMU-MOSEI/segments/l8LTcZJ-_8k_021.mp4,no
l8LTcZJ-_8k_022,data/raw/CMU-MOSEI/segments/l8LTcZJ-_8k_022.mp4,no
lawHYX5eB20_000,data/raw/CMU-MOSEI/segments/lawHYX5eB20_000.mp4,no
laxadgca3Fo_000,data/raw/CMU-MOSEI/segments/laxadgca3Fo_000.mp4,no
lbx3eu8LUl8_000,data/raw/CMU-MOSEI/segments/lbx3eu8LUl8_000.mp4,no
lbx3eu8LUl8_001,data/raw/CMU-MOSEI/segments/lbx3eu8LUl8_001.mp4,no
lc5bSoGlQwY_002,data/raw/CMU-MOSEI/segments/lc5bSoGlQwY_002.mp4,no
lc5bSoGlQwY_003,data/raw/CMU-MOSEI/segments/lc5bSoGlQwY_003.mp4,no
lc5bSoGlQwY_004,data/raw/CMU-MOSEI/segments/lc5bSoGlQwY_004.mp4,no
lD4xtQ6NpDY_001,data/raw/CMU-MOSEI/segments/lD4xtQ6NpDY_001.mp4,no
lD4xtQ6NpDY_002,data/raw/CMU-MOSEI/segments/lD4xtQ6NpDY_002.mp4,no
lD4xtQ6NpDY_003,data/raw/CMU-MOSEI/segments/lD4xtQ6NpDY_003.mp4,no
lD4xtQ6NpDY_004,data/raw/CMU-MOSEI/segments/lD4xtQ6NpDY_004.mp4,no
lD4xtQ6NpDY_005,data/raw/CMU-MOSEI/segments/lD4xtQ6NpDY_005.mp4,no
lD4xtQ6NpDY_006,data/raw/CMU-MOSEI/segments/lD4xtQ6NpDY_006.mp4,no
lD4xtQ6NpDY_007,data/raw/CMU-MOSEI/segments/lD4xtQ6NpDY_007.mp4,no
lD4xtQ6NpDY_009,data/raw/CMU-MOSEI/segments/lD4xtQ6NpDY_009.mp4,no
lD4xtQ6NpDY_010,data/raw/CMU-MOSEI/segments/lD4xtQ6NpDY_010.mp4,no
lD4xtQ6NpDY_011,data/raw/CMU-MOSEI/segments/lD4xtQ6NpDY_011.mp4,no
liJO1yIFsJs_000,data/raw/CMU-MOSEI/segments/liJO1yIFsJs_000.mp4,no
lkeVfgI0eEk_000,data/raw/CMU-MOSEI/segments/lkeVfgI0eEk_000.mp4,no
lkeVfgI0eEk_001,data/raw/CMU-MOSEI/segments/lkeVfgI0eEk_001.mp4,no
lkeVfgI0eEk_002,data/raw/CMU-MOSEI/segments/lkeVfgI0eEk_002.mp4,no
lkeVfgI0eEk_003,data/raw/CMU-MOSEI/segments/lkeVfgI0eEk_003.mp4,no
lkeVfgI0eEk_004,data/raw/CMU-MOSEI/segments/lkeVfgI0eEk_004.mp4,no
lkeVfgI0eEk_005,data/raw/CMU-MOSEI/segments/lkeVfgI0eEk_005.mp4,no
lkeVfgI0eEk_006,data/raw/CMU-MOSEI/segments/lkeVfgI0eEk_006.mp4,no
lkeVfgI0eEk_007,data/raw/CMU-MOSEI/segments/lkeVfgI0eEk_007.mp4,no
lkeVfgI0eEk_008,data/raw/CMU-MOSEI/segments/lkeVfgI0eEk_008.mp4,no
lkIe41StoGI_000,data/raw/CMU-MOSEI/segments/lkIe41StoGI_000.mp4,no
lkIe41StoGI_002,data/raw/CMU-MOSEI/segments/lkIe41StoGI_002.mp4,no
lkIe41StoGI_003,data/raw/CMU-MOSEI/segments/lkIe41StoGI_003.mp4,no
lkIe41StoGI_004,data/raw/CMU-MOSEI/segments/lkIe41StoGI_004.mp4,no
lkIe41StoGI_005,data/raw/CMU-MOSEI/segments/lkIe41StoGI_005.mp4,no
lkIe41StoGI_007,data/raw/CMU-MOSEI/segments/lkIe41StoGI_007.mp4,no
lkIe41StoGI_008,data/raw/CMU-MOSEI/segments/lkIe41StoGI_008.mp4,no
lkIe41StoGI_009,data/raw/CMU-MOSEI/segments/lkIe41StoGI_009.mp4,no
lksy-At0vxc_000,data/raw/CMU-MOSEI/segments/lksy-At0vxc_000.mp4,no
lKTeLK8nq8w_000,data/raw/CMU-MOSEI/segments/lKTeLK8nq8w_000.mp4,no
lKTeLK8nq8w_001,data/raw/CMU-MOSEI/segments/lKTeLK8nq8w_001.mp4,no
lKTeLK8nq8w_002,data/raw/CMU-MOSEI/segments/lKTeLK8nq8w_002.mp4,no
lKTeLK8nq8w_003,data/raw/CMU-MOSEI/segments/lKTeLK8nq8w_003.mp4,no
lKTeLK8nq8w_004,data/raw/CMU-MOSEI/segments/lKTeLK8nq8w_004.mp4,no
lKTeLK8nq8w_005,data/raw/CMU-MOSEI/segments/lKTeLK8nq8w_005.mp4,no
lKTeLK8nq8w_006,data/raw/CMU-MOSEI/segments/lKTeLK8nq8w_006.mp4,no
lKTeLK8nq8w_008,data/raw/CMU-MOSEI/segments/lKTeLK8nq8w_008.mp4,no
ll10nEjTvGE_000,data/raw/CMU-MOSEI/segments/ll10nEjTvGE_000.mp4,no
ll10nEjTvGE_001,data/raw/CMU-MOSEI/segments/ll10nEjTvGE_001.mp4,no
ll10nEjTvGE_002,data/raw/CMU-MOSEI/segments/ll10nEjTvGE_002.mp4,no
ll10nEjTvGE_003,data/raw/CMU-MOSEI/segments/ll10nEjTvGE_003.mp4,no
ll10nEjTvGE_004,data/raw/CMU-MOSEI/segments/ll10nEjTvGE_004.mp4,no
lo0R1mvjDT8_000,data/raw/CMU-MOSEI/segments/lo0R1mvjDT8_000.mp4,no
lo0R1mvjDT8_001,data/raw/CMU-MOSEI/segments/lo0R1mvjDT8_001.mp4,no
lo0R1mvjDT8_004,data/raw/CMU-MOSEI/segments/lo0R1mvjDT8_004.mp4,no
lO6N9dyvPTA_000,data/raw/CMU-MOSEI/segments/lO6N9dyvPTA_000.mp4,no
lO87-4Kf0cQ_000,data/raw/CMU-MOSEI/segments/lO87-4Kf0cQ_000.mp4,no
lO87-4Kf0cQ_001,data/raw/CMU-MOSEI/segments/lO87-4Kf0cQ_001.mp4,no
lO87-4Kf0cQ_002,data/raw/CMU-MOSEI/segments/lO87-4Kf0cQ_002.mp4,no
lO87-4Kf0cQ_003,data/raw/CMU-MOSEI/segments/lO87-4Kf0cQ_003.mp4,no
lO87-4Kf0cQ_004,data/raw/CMU-MOSEI/segments/lO87-4Kf0cQ_004.mp4,no
lp9vkkimXqg_000,data/raw/CMU-MOSEI/segments/lp9vkkimXqg_000.mp4,no
lp9vkkimXqg_001,data/raw/CMU-MOSEI/segments/lp9vkkimXqg_001.mp4,no
lp9vkkimXqg_003,data/raw/CMU-MOSEI/segments/lp9vkkimXqg_003.mp4,no
lp9vkkimXqg_004,data/raw/CMU-MOSEI/segments/lp9vkkimXqg_004.mp4,no
lp9vkkimXqg_006,data/raw/CMU-MOSEI/segments/lp9vkkimXqg_006.mp4,no
lp9vkkimXqg_007,data/raw/CMU-MOSEI/segments/lp9vkkimXqg_007.mp4,no
lp9vkkimXqg_008,data/raw/CMU-MOSEI/segments/lp9vkkimXqg_008.mp4,no
lp9vkkimXqg_010,data/raw/CMU-MOSEI/segments/lp9vkkimXqg_010.mp4,no
lp9vkkimXqg_012,data/raw/CMU-MOSEI/segments/lp9vkkimXqg_012.mp4,no
lp9vkkimXqg_014,data/raw/CMU-MOSEI/segments/lp9vkkimXqg_014.mp4,no
lp9vkkimXqg_016,data/raw/CMU-MOSEI/segments/lp9vkkimXqg_016.mp4,no
lp9vkkimXqg_017,data/raw/CMU-MOSEI/segments/lp9vkkimXqg_017.mp4,no
lp9vkkimXqg_019,data/raw/CMU-MOSEI/segments/lp9vkkimXqg_019.mp4,no
lp9vkkimXqg_020,data/raw/CMU-MOSEI/segments/lp9vkkimXqg_020.mp4,no
lpF-yBYou0s_000,data/raw/CMU-MOSEI/segments/lpF-yBYou0s_000.mp4,no
lpF-yBYou0s_002,data/raw/CMU-MOSEI/segments/lpF-yBYou0s_002.mp4,no
lpF-yBYou0s_003,data/raw/CMU-MOSEI/segments/lpF-yBYou0s_003.mp4,no
lTfsqoo-jKg_000,data/raw/CMU-MOSEI/segments/lTfsqoo-jKg_000.mp4,no
lTfsqoo-jKg_001,data/raw/CMU-MOSEI/segments/lTfsqoo-jKg_001.mp4,no
lTfsqoo-jKg_002,data/raw/CMU-MOSEI/segments/lTfsqoo-jKg_002.mp4,no
lTfsqoo-jKg_003,data/raw/CMU-MOSEI/segments/lTfsqoo-jKg_003.mp4,no
lTfsqoo-jKg_004,data/raw/CMU-MOSEI/segments/lTfsqoo-jKg_004.mp4,no
lTfsqoo-jKg_005,data/raw/CMU-MOSEI/segments/lTfsqoo-jKg_005.mp4,no
lTfsqoo-jKg_007,data/raw/CMU-MOSEI/segments/lTfsqoo-jKg_007.mp4,no
lTfsqoo-jKg_008,data/raw/CMU-MOSEI/segments/lTfsqoo-jKg_008.mp4,no
lTfsqoo-jKg_009,data/raw/CMU-MOSEI/segments/lTfsqoo-jKg_009.mp4,no
lVj6ZdyW9pI_000,data/raw/CMU-MOSEI/segments/lVj6ZdyW9pI_000.mp4,no
lVj6ZdyW9pI_001,data/raw/CMU-MOSEI/segments/lVj6ZdyW9pI_001.mp4,no
lwL4hjhkid4_000,data/raw/CMU-MOSEI/segments/lwL4hjhkid4_000.mp4,no
lwL4hjhkid4_001,data/raw/CMU-MOSEI/segments/lwL4hjhkid4_001.mp4,no
lwL4hjhkid4_003,data/raw/CMU-MOSEI/segments/lwL4hjhkid4_003.mp4,no
lwL4hjhkid4_004,data/raw/CMU-MOSEI/segments/lwL4hjhkid4_004.mp4,no
lWvaIexY2WU_000,data/raw/CMU-MOSEI/segments/lWvaIexY2WU_000.mp4,no
lWvaIexY2WU_001,data/raw/CMU-MOSEI/segments/lWvaIexY2WU_001.mp4,no
lxBKEPIUSgc_000,data/raw/CMU-MOSEI/segments/lxBKEPIUSgc_000.mp4,no
ly3QDQDJzzQ_000,data/raw/CMU-MOSEI/segments/ly3QDQDJzzQ_000.mp4,no
lYwgLa4R5XQ_000,data/raw/CMU-MOSEI/segments/lYwgLa4R5XQ_000.mp4,no
lYwgLa4R5XQ_002,data/raw/CMU-MOSEI/segments/lYwgLa4R5XQ_002.mp4,no
lYwgLa4R5XQ_003,data/raw/CMU-MOSEI/segments/lYwgLa4R5XQ_003.mp4,no
lYwgLa4R5XQ_004,data/raw/CMU-MOSEI/segments/lYwgLa4R5XQ_004.mp4,no
lYwgLa4R5XQ_005,data/raw/CMU-MOSEI/segments/lYwgLa4R5XQ_005.mp4,no
lYwgLa4R5XQ_006,data/raw/CMU-MOSEI/segments/lYwgLa4R5XQ_006.mp4,no
lYwgLa4R5XQ_007,data/raw/CMU-MOSEI/segments/lYwgLa4R5XQ_007.mp4,no
lYwgLa4R5XQ_008,data/raw/CMU-MOSEI/segments/lYwgLa4R5XQ_008.mp4,no
lYwgLa4R5XQ_009,data/raw/CMU-MOSEI/segments/lYwgLa4R5XQ_009.mp4,no
lzVA--tIse0_000,data/raw/CMU-MOSEI/segments/lzVA--tIse0_000.mp4,no
lzyVWNrkgbQ_001,data/raw/CMU-MOSEI/segments/lzyVWNrkgbQ_001.mp4,no
lzyVWNrkgbQ_002,data/raw/CMU-MOSEI/segments/lzyVWNrkgbQ_002.mp4,no
m-7yRWZLwLY_002,data/raw/CMU-MOSEI/segments/m-7yRWZLwLY_002.mp4,no
m-7yRWZLwLY_003,data/raw/CMU-MOSEI/segments/m-7yRWZLwLY_003.mp4,no
m7SJs73SF8w_001,data/raw/CMU-MOSEI/segments/m7SJs73SF8w_001.mp4,no
m7SJs73SF8w_002,data/raw/CMU-MOSEI/segments/m7SJs73SF8w_002.mp4,no
m7SJs73SF8w_003,data/raw/CMU-MOSEI/segments/m7SJs73SF8w_003.mp4,no
m8tzdtrgFUA_001,data/raw/CMU-MOSEI/segments/m8tzdtrgFUA_001.mp4,no
m8tzdtrgFUA_002,data/raw/CMU-MOSEI/segments/m8tzdtrgFUA_002.mp4,no
m8tzdtrgFUA_003,data/raw/CMU-MOSEI/segments/m8tzdtrgFUA_003.mp4,no
m8tzdtrgFUA_004,data/raw/CMU-MOSEI/segments/m8tzdtrgFUA_004.mp4,no
m8tzdtrgFUA_005,data/raw/CMU-MOSEI/segments/m8tzdtrgFUA_005.mp4,no
m8tzdtrgFUA_007,data/raw/CMU-MOSEI/segments/m8tzdtrgFUA_007.mp4,no
m8tzdtrgFUA_008,data/raw/CMU-MOSEI/segments/m8tzdtrgFUA_008.mp4,no
m8tzdtrgFUA_009,data/raw/CMU-MOSEI/segments/m8tzdtrgFUA_009.mp4,no
mfpR4CN9LZo_000,data/raw/CMU-MOSEI/segments/mfpR4CN9LZo_000.mp4,no
mfpR4CN9LZo_001,data/raw/CMU-MOSEI/segments/mfpR4CN9LZo_001.mp4,no
mfpR4CN9LZo_003,data/raw/CMU-MOSEI/segments/mfpR4CN9LZo_003.mp4,no
mfpR4CN9LZo_005,data/raw/CMU-MOSEI/segments/mfpR4CN9LZo_005.mp4,no
mgovo8VYtvk_000,data/raw/CMU-MOSEI/segments/mgovo8VYtvk_000.mp4,no
mgovo8VYtvk_001,data/raw/CMU-MOSEI/segments/mgovo8VYtvk_001.mp4,no
mgovo8VYtvk_002,data/raw/CMU-MOSEI/segments/mgovo8VYtvk_002.mp4,no
mgovo8VYtvk_005,data/raw/CMU-MOSEI/segments/mgovo8VYtvk_005.mp4,no
mgovo8VYtvk_009,data/raw/CMU-MOSEI/segments/mgovo8VYtvk_009.mp4,no
mgovo8VYtvk_010,data/raw/CMU-MOSEI/segments/mgovo8VYtvk_010.mp4,no
mgovo8VYtvk_012,data/raw/CMU-MOSEI/segments/mgovo8VYtvk_012.mp4,no
mgovo8VYtvk_013,data/raw/CMU-MOSEI/segments/mgovo8VYtvk_013.mp4,no
mgovo8VYtvk_014,data/raw/CMU-MOSEI/segments/mgovo8VYtvk_014.mp4,no
mgovo8VYtvk_016,data/raw/CMU-MOSEI/segments/mgovo8VYtvk_016.mp4,no
mgovo8VYtvk_018,data/raw/CMU-MOSEI/segments/mgovo8VYtvk_018.mp4,no
mgovo8VYtvk_019,data/raw/CMU-MOSEI/segments/mgovo8VYtvk_019.mp4,no
mgovo8VYtvk_020,data/raw/CMU-MOSEI/segments/mgovo8VYtvk_020.mp4,no
mgovo8VYtvk_021,data/raw/CMU-MOSEI/segments/mgovo8VYtvk_021.mp4,no
mgovo8VYtvk_022,data/raw/CMU-MOSEI/segments/mgovo8VYtvk_022.mp4,no
mgovo8VYtvk_023,data/raw/CMU-MOSEI/segments/mgovo8VYtvk_023.mp4,no
mgovo8VYtvk_024,data/raw/CMU-MOSEI/segments/mgovo8VYtvk_024.mp4,no
mgovo8VYtvk_025,data/raw/CMU-MOSEI/segments/mgovo8VYtvk_025.mp4,no
mgovo8VYtvk_026,data/raw/CMU-MOSEI/segments/mgovo8VYtvk_026.mp4,no
mgovo8VYtvk_028,data/raw/CMU-MOSEI/segments/mgovo8VYtvk_028.mp4,no
mgovo8VYtvk_029,data/raw/CMU-MOSEI/segments/mgovo8VYtvk_029.mp4,no
mgovo8VYtvk_030,data/raw/CMU-MOSEI/segments/mgovo8VYtvk_030.mp4,no
mgovo8VYtvk_031,data/raw/CMU-MOSEI/segments/mgovo8VYtvk_031.mp4,no
mgovo8VYtvk_032,data/raw/CMU-MOSEI/segments/mgovo8VYtvk_032.mp4,no
mgovo8VYtvk_036,data/raw/CMU-MOSEI/segments/mgovo8VYtvk_036.mp4,no
mgsvwAVQAQo_000,data/raw/CMU-MOSEI/segments/mgsvwAVQAQo_000.mp4,no
mgsvwAVQAQo_001,data/raw/CMU-MOSEI/segments/mgsvwAVQAQo_001.mp4,no
mgsvwAVQAQo_003,data/raw/CMU-MOSEI/segments/mgsvwAVQAQo_003.mp4,no
mgsvwAVQAQo_004,data/raw/CMU-MOSEI/segments/mgsvwAVQAQo_004.mp4,no
mHGaQ_nv9UY_000,data/raw/CMU-MOSEI/segments/mHGaQ_nv9UY_000.mp4,no
mHGaQ_nv9UY_001,data/raw/CMU-MOSEI/segments/mHGaQ_nv9UY_001.mp4,no
mHGaQ_nv9UY_003,data/raw/CMU-MOSEI/segments/mHGaQ_nv9UY_003.mp4,no
mHGaQ_nv9UY_012,data/raw/CMU-MOSEI/segments/mHGaQ_nv9UY_012.mp4,no
mHGaQ_nv9UY_013,data/raw/CMU-MOSEI/segments/mHGaQ_nv9UY_013.mp4,no
mHGaQ_nv9UY_015,data/raw/CMU-MOSEI/segments/mHGaQ_nv9UY_015.mp4,no
mHGaQ_nv9UY_016,data/raw/CMU-MOSEI/segments/mHGaQ_nv9UY_016.mp4,no
mHGaQ_nv9UY_017,data/raw/CMU-MOSEI/segments/mHGaQ_nv9UY_017.mp4,no
mI50zj8cTNw_000,data/raw/CMU-MOSEI/segments/mI50zj8cTNw_000.mp4,no
mI50zj8cTNw_001,data/raw/CMU-MOSEI/segments/mI50zj8cTNw_001.mp4,no
mI50zj8cTNw_002,data/raw/CMU-MOSEI/segments/mI50zj8cTNw_002.mp4,no
mI50zj8cTNw_003,data/raw/CMU-MOSEI/segments/mI50zj8cTNw_003.mp4,no
MjaaudUc5-4_000,data/raw/CMU-MOSEI/segments/MjaaudUc5-4_000.mp4,no
MjaaudUc5-4_001,data/raw/CMU-MOSEI/segments/MjaaudUc5-4_001.mp4,no
MjaaudUc5-4_002,data/raw/CMU-MOSEI/segments/MjaaudUc5-4_002.mp4,no
MjaaudUc5-4_003,data/raw/CMU-MOSEI/segments/MjaaudUc5-4_003.mp4,no
MjaaudUc5-4_005,data/raw/CMU-MOSEI/segments/MjaaudUc5-4_005.mp4,no
MjaaudUc5-4_006,data/raw/CMU-MOSEI/segments/MjaaudUc5-4_006.mp4,no
mjQfQx2K__8_001,data/raw/CMU-MOSEI/segments/mjQfQx2K__8_001.mp4,no
mjQfQx2K__8_002,data/raw/CMU-MOSEI/segments/mjQfQx2K__8_002.mp4,no
mjQfQx2K__8_003,data/raw/CMU-MOSEI/segments/mjQfQx2K__8_003.mp4,no
mjQfQx2K__8_004,data/raw/CMU-MOSEI/segments/mjQfQx2K__8_004.mp4,no
mjQfQx2K__8_006,data/raw/CMU-MOSEI/segments/mjQfQx2K__8_006.mp4,no
mjQfQx2K__8_007,data/raw/CMU-MOSEI/segments/mjQfQx2K__8_007.mp4,no
mjQfQx2K__8_009,data/raw/CMU-MOSEI/segments/mjQfQx2K__8_009.mp4,no
mkkoJ2iVbGs_000,data/raw/CMU-MOSEI/segments/mkkoJ2iVbGs_000.mp4,no
mkkoJ2iVbGs_001,data/raw/CMU-MOSEI/segments/mkkoJ2iVbGs_001.mp4,no
mkkoJ2iVbGs_002,data/raw/CMU-MOSEI/segments/mkkoJ2iVbGs_002.mp4,no
mkkoJ2iVbGs_003,data/raw/CMU-MOSEI/segments/mkkoJ2iVbGs_003.mp4,no
mkkoJ2iVbGs_004,data/raw/CMU-MOSEI/segments/mkkoJ2iVbGs_004.mp4,no
mkkoJ2iVbGs_006,data/raw/CMU-MOSEI/segments/mkkoJ2iVbGs_006.mp4,no
mkkoJ2iVbGs_008,data/raw/CMU-MOSEI/segments/mkkoJ2iVbGs_008.mp4,no
mKP6TVuixWg_001,data/raw/CMU-MOSEI/segments/mKP6TVuixWg_001.mp4,no
mKP6TVuixWg_002,data/raw/CMU-MOSEI/segments/mKP6TVuixWg_002.mp4,no
mKP6TVuixWg_003,data/raw/CMU-MOSEI/segments/mKP6TVuixWg_003.mp4,no
mKP6TVuixWg_005,data/raw/CMU-MOSEI/segments/mKP6TVuixWg_005.mp4,no
mL2v-sODUZ8_000,data/raw/CMU-MOSEI/segments/mL2v-sODUZ8_000.mp4,no
mL2v-sODUZ8_002,data/raw/CMU-MOSEI/segments/mL2v-sODUZ8_002.mp4,no
mLW-jn67gRE_000,data/raw/CMU-MOSEI/segments/mLW-jn67gRE_000.mp4,no
mLW-jn67gRE_001,data/raw/CMU-MOSEI/segments/mLW-jn67gRE_001.mp4,no
mLW-jn67gRE_004,data/raw/CMU-MOSEI/segments/mLW-jn67gRE_004.mp4,no
mLW-jn67gRE_006,data/raw/CMU-MOSEI/segments/mLW-jn67gRE_006.mp4,no
mLW-jn67gRE_007,data/raw/CMU-MOSEI/segments/mLW-jn67gRE_007.mp4,no
mLW-jn67gRE_008,data/raw/CMU-MOSEI/segments/mLW-jn67gRE_008.mp4,no
mLW-jn67gRE_011,data/raw/CMU-MOSEI/segments/mLW-jn67gRE_011.mp4,no
mLZZ174bqws_000,data/raw/CMU-MOSEI/segments/mLZZ174bqws_000.mp4,no
mLZZ174bqws_001,data/raw/CMU-MOSEI/segments/mLZZ174bqws_001.mp4,no
mLZZ174bqws_002,data/raw/CMU-MOSEI/segments/mLZZ174bqws_002.mp4,no
mLZZ174bqws_003,data/raw/CMU-MOSEI/segments/mLZZ174bqws_003.mp4,no
mMeGgB9-hSE_000,data/raw/CMU-MOSEI/segments/mMeGgB9-hSE_000.mp4,no
MmJD4KBT0nk_003,data/raw/CMU-MOSEI/segments/MmJD4KBT0nk_003.mp4,no
MmJD4KBT0nk_004,data/raw/CMU-MOSEI/segments/MmJD4KBT0nk_004.mp4,no
mN1Z5xEOy10_001,data/raw/CMU-MOSEI/segments/mN1Z5xEOy10_001.mp4,no
mN1Z5xEOy10_002,data/raw/CMU-MOSEI/segments/mN1Z5xEOy10_002.mp4,no
mN1Z5xEOy10_003,data/raw/CMU-MOSEI/segments/mN1Z5xEOy10_003.mp4,no
mNurUl_Q2UY_000,data/raw/CMU-MOSEI/segments/mNurUl_Q2UY_000.mp4,no
MoQmPA7Q07Q_000,data/raw/CMU-MOSEI/segments/MoQmPA7Q07Q_000.mp4,no
MoQmPA7Q07Q_004,data/raw/CMU-MOSEI/segments/MoQmPA7Q07Q_004.mp4,no
MoQmPA7Q07Q_005,data/raw/CMU-MOSEI/segments/MoQmPA7Q07Q_005.mp4,no
mpfSRGHFY0g_001,data/raw/CMU-MOSEI/segments/mpfSRGHFY0g_001.mp4,no
MpuWcGn2Lcg_000,data/raw/CMU-MOSEI/segments/MpuWcGn2Lcg_000.mp4,no
MpuWcGn2Lcg_001,data/raw/CMU-MOSEI/segments/MpuWcGn2Lcg_001.mp4,no
MpuWcGn2Lcg_003,data/raw/CMU-MOSEI/segments/MpuWcGn2Lcg_003.mp4,no
MpuWcGn2Lcg_004,data/raw/CMU-MOSEI/segments/MpuWcGn2Lcg_004.mp4,no
MroQfGehC84_000,data/raw/CMU-MOSEI/segments/MroQfGehC84_000.mp4,no
MroQfGehC84_002,data/raw/CMU-MOSEI/segments/MroQfGehC84_002.mp4,no
MroQfGehC84_003,data/raw/CMU-MOSEI/segments/MroQfGehC84_003.mp4,no
MroQfGehC84_005,data/raw/CMU-MOSEI/segments/MroQfGehC84_005.mp4,no
MroQfGehC84_006,data/raw/CMU-MOSEI/segments/MroQfGehC84_006.mp4,no
MroQfGehC84_010,data/raw/CMU-MOSEI/segments/MroQfGehC84_010.mp4,no
mRPIse3OO74_002,data/raw/CMU-MOSEI/segments/mRPIse3OO74_002.mp4,no
mRPIse3OO74_004,data/raw/CMU-MOSEI/segments/mRPIse3OO74_004.mp4,no
mRPIse3OO74_005,data/raw/CMU-MOSEI/segments/mRPIse3OO74_005.mp4,no
mrQIrm6hYMQ_000,data/raw/CMU-MOSEI/segments/mrQIrm6hYMQ_000.mp4,no
mrQIrm6hYMQ_001,data/raw/CMU-MOSEI/segments/mrQIrm6hYMQ_001.mp4,no
mRqqH_gx7Q0_000,data/raw/CMU-MOSEI/segments/mRqqH_gx7Q0_000.mp4,no
MsjnLoTKAXo_000,data/raw/CMU-MOSEI/segments/MsjnLoTKAXo_000.mp4,no
MsjnLoTKAXo_001,data/raw/CMU-MOSEI/segments/MsjnLoTKAXo_001.mp4,no
MsjnLoTKAXo_002,data/raw/CMU-MOSEI/segments/MsjnLoTKAXo_002.mp4,no
MsjnLoTKAXo_003,data/raw/CMU-MOSEI/segments/MsjnLoTKAXo_003.mp4,no
MsjnLoTKAXo_004,data/raw/CMU-MOSEI/segments/MsjnLoTKAXo_004.mp4,no
MsjnLoTKAXo_005,data/raw/CMU-MOSEI/segments/MsjnLoTKAXo_005.mp4,no
mSWwz7dXUP8_000,data/raw/CMU-MOSEI/segments/mSWwz7dXUP8_000.mp4,no
mud6tEqFiEM_000,data/raw/CMU-MOSEI/segments/mud6tEqFiEM_000.mp4,no
mud6tEqFiEM_002,data/raw/CMU-MOSEI/segments/mud6tEqFiEM_002.mp4,no
mud6tEqFiEM_004,data/raw/CMU-MOSEI/segments/mud6tEqFiEM_004.mp4,no
mud6tEqFiEM_005,data/raw/CMU-MOSEI/segments/mud6tEqFiEM_005.mp4,no
muOYAxkG-Zo_001,data/raw/CMU-MOSEI/segments/muOYAxkG-Zo_001.mp4,no
muOYAxkG-Zo_002,data/raw/CMU-MOSEI/segments/muOYAxkG-Zo_002.mp4,no
muOYAxkG-Zo_003,data/raw/CMU-MOSEI/segments/muOYAxkG-Zo_003.mp4,no
muOYAxkG-Zo_005,data/raw/CMU-MOSEI/segments/muOYAxkG-Zo_005.mp4,no
muOYAxkG-Zo_007,data/raw/CMU-MOSEI/segments/muOYAxkG-Zo_007.mp4,no
muOYAxkG-Zo_008,data/raw/CMU-MOSEI/segments/muOYAxkG-Zo_008.mp4,no
muOYAxkG-Zo_009,data/raw/CMU-MOSEI/segments/muOYAxkG-Zo_009.mp4,no
muOYAxkG-Zo_010,data/raw/CMU-MOSEI/segments/muOYAxkG-Zo_010.mp4,no
MvEw24PU2Ac_000,data/raw/CMU-MOSEI/segments/MvEw24PU2Ac_000.mp4,no
MvEw24PU2Ac_001,data/raw/CMU-MOSEI/segments/MvEw24PU2Ac_001.mp4,no
Mw4EZYZAd9c_002,data/raw/CMU-MOSEI/segments/Mw4EZYZAd9c_002.mp4,no
mW8eL4e7Wrg_000,data/raw/CMU-MOSEI/segments/mW8eL4e7Wrg_000.mp4,no
mW8eL4e7Wrg_002,data/raw/CMU-MOSEI/segments/mW8eL4e7Wrg_002.mp4,no
mW8eL4e7Wrg_004,data/raw/CMU-MOSEI/segments/mW8eL4e7Wrg_004.mp4,no
mW8eL4e7Wrg_005,data/raw/CMU-MOSEI/segments/mW8eL4e7Wrg_005.mp4,no
mxa4KXSz9rw_000,data/raw/CMU-MOSEI/segments/mxa4KXSz9rw_000.mp4,no
mxa4KXSz9rw_001,data/raw/CMU-MOSEI/segments/mxa4KXSz9rw_001.mp4,no
mxa4KXSz9rw_002,data/raw/CMU-MOSEI/segments/mxa4KXSz9rw_002.mp4,no
mxa4KXSz9rw_003,data/raw/CMU-MOSEI/segments/mxa4KXSz9rw_003.mp4,no
mxa4KXSz9rw_004,data/raw/CMU-MOSEI/segments/mxa4KXSz9rw_004.mp4,no
mxa4KXSz9rw_005,data/raw/CMU-MOSEI/segments/mxa4KXSz9rw_005.mp4,no
mxa4KXSz9rw_006,data/raw/CMU-MOSEI/segments/mxa4KXSz9rw_006.mp4,no
mxa4KXSz9rw_007,data/raw/CMU-MOSEI/segments/mxa4KXSz9rw_007.mp4,no
mxa4KXSz9rw_008,data/raw/CMU-MOSEI/segments/mxa4KXSz9rw_008.mp4,no
mxa4KXSz9rw_010,data/raw/CMU-MOSEI/segments/mxa4KXSz9rw_010.mp4,no
mxa4KXSz9rw_011,data/raw/CMU-MOSEI/segments/mxa4KXSz9rw_011.mp4,no
mXdvCxLbpuY_000,data/raw/CMU-MOSEI/segments/mXdvCxLbpuY_000.mp4,no
mXdvCxLbpuY_001,data/raw/CMU-MOSEI/segments/mXdvCxLbpuY_001.mp4,no
MyfRrTjglm8_000,data/raw/CMU-MOSEI/segments/MyfRrTjglm8_000.mp4,no
MyfRrTjglm8_001,data/raw/CMU-MOSEI/segments/MyfRrTjglm8_001.mp4,no
MyfRrTjglm8_002,data/raw/CMU-MOSEI/segments/MyfRrTjglm8_002.mp4,no
MyfRrTjglm8_003,data/raw/CMU-MOSEI/segments/MyfRrTjglm8_003.mp4,no
MyfRrTjglm8_004,data/raw/CMU-MOSEI/segments/MyfRrTjglm8_004.mp4,no
MyfRrTjglm8_005,data/raw/CMU-MOSEI/segments/MyfRrTjglm8_005.mp4,no
mZ_8em_-CGc_000,data/raw/CMU-MOSEI/segments/mZ_8em_-CGc_000.mp4,no
mzAu5gxjE-w_001,data/raw/CMU-MOSEI/segments/mzAu5gxjE-w_001.mp4,no
N188QSyfmeQ_000,data/raw/CMU-MOSEI/segments/N188QSyfmeQ_000.mp4,no
N188QSyfmeQ_001,data/raw/CMU-MOSEI/segments/N188QSyfmeQ_001.mp4,no
N188QSyfmeQ_002,data/raw/CMU-MOSEI/segments/N188QSyfmeQ_002.mp4,no
N188QSyfmeQ_003,data/raw/CMU-MOSEI/segments/N188QSyfmeQ_003.mp4,no
N188QSyfmeQ_004,data/raw/CMU-MOSEI/segments/N188QSyfmeQ_004.mp4,no
N3QuD26DuCI_000,data/raw/CMU-MOSEI/segments/N3QuD26DuCI_000.mp4,no
N3QuD26DuCI_001,data/raw/CMU-MOSEI/segments/N3QuD26DuCI_001.mp4,no
N3QuD26DuCI_002,data/raw/CMU-MOSEI/segments/N3QuD26DuCI_002.mp4,no
N3QuD26DuCI_003,data/raw/CMU-MOSEI/segments/N3QuD26DuCI_003.mp4,no
N3QuD26DuCI_004,data/raw/CMU-MOSEI/segments/N3QuD26DuCI_004.mp4,no
N3QuD26DuCI_005,data/raw/CMU-MOSEI/segments/N3QuD26DuCI_005.mp4,no
N4WOBzpZtWM_000,data/raw/CMU-MOSEI/segments/N4WOBzpZtWM_000.mp4,no
N4WOBzpZtWM_003,data/raw/CMU-MOSEI/segments/N4WOBzpZtWM_003.mp4,no
n5J1ZkGUGnU_000,data/raw/CMU-MOSEI/segments/n5J1ZkGUGnU_000.mp4,no
n5J1ZkGUGnU_001,data/raw/CMU-MOSEI/segments/n5J1ZkGUGnU_001.mp4,no
n5J1ZkGUGnU_002,data/raw/CMU-MOSEI/segments/n5J1ZkGUGnU_002.mp4,no
n5J1ZkGUGnU_003,data/raw/CMU-MOSEI/segments/n5J1ZkGUGnU_003.mp4,no
n5J1ZkGUGnU_004,data/raw/CMU-MOSEI/segments/n5J1ZkGUGnU_004.mp4,no
n5MU2-GFjo8_002,data/raw/CMU-MOSEI/segments/n5MU2-GFjo8_002.mp4,no
n5MU2-GFjo8_004,data/raw/CMU-MOSEI/segments/n5MU2-GFjo8_004.mp4,no
N5xfBtD6rLY_000,data/raw/CMU-MOSEI/segments/N5xfBtD6rLY_000.mp4,no
N5xfBtD6rLY_001,data/raw/CMU-MOSEI/segments/N5xfBtD6rLY_001.mp4,no
N5xfBtD6rLY_004,data/raw/CMU-MOSEI/segments/N5xfBtD6rLY_004.mp4,no
N5xfBtD6rLY_005,data/raw/CMU-MOSEI/segments/N5xfBtD6rLY_005.mp4,no
n7K5SpMrQt0_000,data/raw/CMU-MOSEI/segments/n7K5SpMrQt0_000.mp4,no
n7K5SpMrQt0_001,data/raw/CMU-MOSEI/segments/n7K5SpMrQt0_001.mp4,no
n7K5SpMrQt0_002,data/raw/CMU-MOSEI/segments/n7K5SpMrQt0_002.mp4,no
n7K5SpMrQt0_004,data/raw/CMU-MOSEI/segments/n7K5SpMrQt0_004.mp4,no
n7K5SpMrQt0_005,data/raw/CMU-MOSEI/segments/n7K5SpMrQt0_005.mp4,no
n7K5SpMrQt0_006,data/raw/CMU-MOSEI/segments/n7K5SpMrQt0_006.mp4,no
N7tS7A0WWpM_000,data/raw/CMU-MOSEI/segments/N7tS7A0WWpM_000.mp4,no
N7tS7A0WWpM_001,data/raw/CMU-MOSEI/segments/N7tS7A0WWpM_001.mp4,no
N7tS7A0WWpM_002,data/raw/CMU-MOSEI/segments/N7tS7A0WWpM_002.mp4,no
N7tS7A0WWpM_003,data/raw/CMU-MOSEI/segments/N7tS7A0WWpM_003.mp4,no
N7tS7A0WWpM_004,data/raw/CMU-MOSEI/segments/N7tS7A0WWpM_004.mp4,no
N7tS7A0WWpM_005,data/raw/CMU-MOSEI/segments/N7tS7A0WWpM_005.mp4,no
N7tS7A0WWpM_006,data/raw/CMU-MOSEI/segments/N7tS7A0WWpM_006.mp4,no
N7tS7A0WWpM_007,data/raw/CMU-MOSEI/segments/N7tS7A0WWpM_007.mp4,no
N7tS7A0WWpM_008,data/raw/CMU-MOSEI/segments/N7tS7A0WWpM_008.mp4,no
N_dNuV-4iAo_000,data/raw/CMU-MOSEI/segments/N_dNuV-4iAo_000.mp4,no
namehdJxRIM_000,data/raw/CMU-MOSEI/segments/namehdJxRIM_000.mp4,no
namehdJxRIM_001,data/raw/CMU-MOSEI/segments/namehdJxRIM_001.mp4,no
namehdJxRIM_004,data/raw/CMU-MOSEI/segments/namehdJxRIM_004.mp4,no
NaWmaHwjElo_001,data/raw/CMU-MOSEI/segments/NaWmaHwjElo_001.mp4,no
NCJTV5KaJJc_000,data/raw/CMU-MOSEI/segments/NCJTV5KaJJc_000.mp4,no
NCJTV5KaJJc_001,data/raw/CMU-MOSEI/segments/NCJTV5KaJJc_001.mp4,no
NCJTV5KaJJc_003,data/raw/CMU-MOSEI/segments/NCJTV5KaJJc_003.mp4,no
NCJTV5KaJJc_005,data/raw/CMU-MOSEI/segments/NCJTV5KaJJc_005.mp4,no
NCJTV5KaJJc_006,data/raw/CMU-MOSEI/segments/NCJTV5KaJJc_006.mp4,no
NCJTV5KaJJc_007,data/raw/CMU-MOSEI/segments/NCJTV5KaJJc_007.mp4,no
Nd55vByy2F8_000,data/raw/CMU-MOSEI/segments/Nd55vByy2F8_000.mp4,no
Nd55vByy2F8_001,data/raw/CMU-MOSEI/segments/Nd55vByy2F8_001.mp4,no
Nd55vByy2F8_002,data/raw/CMU-MOSEI/segments/Nd55vByy2F8_002.mp4,no
Nd55vByy2F8_003,data/raw/CMU-MOSEI/segments/Nd55vByy2F8_003.mp4,no
NDMAVMZyISM_001,data/raw/CMU-MOSEI/segments/NDMAVMZyISM_001.mp4,no
NDMAVMZyISM_002,data/raw/CMU-MOSEI/segments/NDMAVMZyISM_002.mp4,no
NDMAVMZyISM_004,data/raw/CMU-MOSEI/segments/NDMAVMZyISM_004.mp4,no
NG7QLq4XlWo_001,data/raw/CMU-MOSEI/segments/NG7QLq4XlWo_001.mp4,no
NG7QLq4XlWo_002,data/raw/CMU-MOSEI/segments/NG7QLq4XlWo_002.mp4,no
NG7QLq4XlWo_004,data/raw/CMU-MOSEI/segments/NG7QLq4XlWo_004.mp4,no
NG7QLq4XlWo_005,data/raw/CMU-MOSEI/segments/NG7QLq4XlWo_005.mp4,no
NG7QLq4XlWo_008,data/raw/CMU-MOSEI/segments/NG7QLq4XlWo_008.mp4,no
NG7QLq4XlWo_011,data/raw/CMU-MOSEI/segments/NG7QLq4XlWo_011.mp4,no
NG7QLq4XlWo_013,data/raw/CMU-MOSEI/segments/NG7QLq4XlWo_013.mp4,no
NG7QLq4XlWo_015,data/raw/CMU-MOSEI/segments/NG7QLq4XlWo_015.mp4,no
nhD9WSEIspQ_000,data/raw/CMU-MOSEI/segments/nhD9WSEIspQ_000.mp4,no
nhD9WSEIspQ_003,data/raw/CMU-MOSEI/segments/nhD9WSEIspQ_003.mp4,no
nhD9WSEIspQ_005,data/raw/CMU-MOSEI/segments/nhD9WSEIspQ_005.mp4,no
NiAjz4ciA60_000,data/raw/CMU-MOSEI/segments/NiAjz4ciA60_000.mp4,no
NiAjz4ciA60_003,data/raw/CMU-MOSEI/segments/NiAjz4ciA60_003.mp4,no
NIpuKcoJhGM_000,data/raw/CMU-MOSEI/segments/NIpuKcoJhGM_000.mp4,no
NKindd5Xn3s_005,data/raw/CMU-MOSEI/segments/NKindd5Xn3s_005.mp4,no
NocexkPXja8_001,data/raw/CMU-MOSEI/segments/NocexkPXja8_001.mp4,no
NOGhjdK-rDI_000,data/raw/CMU-MOSEI/segments/NOGhjdK-rDI_000.mp4,no
NOl0v54DaXo_000,data/raw/CMU-MOSEI/segments/NOl0v54DaXo_000.mp4,no
NOl0v54DaXo_001,data/raw/CMU-MOSEI/segments/NOl0v54DaXo_001.mp4,no
NOl0v54DaXo_002,data/raw/CMU-MOSEI/segments/NOl0v54DaXo_002.mp4,no
NOl0v54DaXo_003,data/raw/CMU-MOSEI/segments/NOl0v54DaXo_003.mp4,no
NOl0v54DaXo_005,data/raw/CMU-MOSEI/segments/NOl0v54DaXo_005.mp4,no
NOl0v54DaXo_006,data/raw/CMU-MOSEI/segments/NOl0v54DaXo_006.mp4,no
NOl0v54DaXo_007,data/raw/CMU-MOSEI/segments/NOl0v54DaXo_007.mp4,no
NOl0v54DaXo_008,data/raw/CMU-MOSEI/segments/NOl0v54DaXo_008.mp4,no
NOl0v54DaXo_009,data/raw/CMU-MOSEI/segments/NOl0v54DaXo_009.mp4,no
NOl0v54DaXo_010,data/raw/CMU-MOSEI/segments/NOl0v54DaXo_010.mp4,no
NOl0v54DaXo_011,data/raw/CMU-MOSEI/segments/NOl0v54DaXo_011.mp4,no
Nrurc5sMUOE_000,data/raw/CMU-MOSEI/segments/Nrurc5sMUOE_000.mp4,no
Nrurc5sMUOE_004,data/raw/CMU-MOSEI/segments/Nrurc5sMUOE_004.mp4,no
Ns_h5IVcZ9k_000,data/raw/CMU-MOSEI/segments/Ns_h5IVcZ9k_000.mp4,no
Ns_h5IVcZ9k_004,data/raw/CMU-MOSEI/segments/Ns_h5IVcZ9k_004.mp4,no
NSihgq4R8Z0_000,data/raw/CMU-MOSEI/segments/NSihgq4R8Z0_000.mp4,no
NSihgq4R8Z0_001,data/raw/CMU-MOSEI/segments/NSihgq4R8Z0_001.mp4,no
NSihgq4R8Z0_002,data/raw/CMU-MOSEI/segments/NSihgq4R8Z0_002.mp4,no
NuRvTWhELqs_003,data/raw/CMU-MOSEI/segments/NuRvTWhELqs_003.mp4,no
NVlxq3jxlAk_000,data/raw/CMU-MOSEI/segments/NVlxq3jxlAk_000.mp4,no
NVlxq3jxlAk_001,data/raw/CMU-MOSEI/segments/NVlxq3jxlAk_001.mp4,no
NVlxq3jxlAk_002,data/raw/CMU-MOSEI/segments/NVlxq3jxlAk_002.mp4,no
NVlxq3jxlAk_003,data/raw/CMU-MOSEI/segments/NVlxq3jxlAk_003.mp4,no
NVlxq3jxlAk_004,data/raw/CMU-MOSEI/segments/NVlxq3jxlAk_004.mp4,no
NVlxq3jxlAk_005,data/raw/CMU-MOSEI/segments/NVlxq3jxlAk_005.mp4,no
NVlxq3jxlAk_006,data/raw/CMU-MOSEI/segments/NVlxq3jxlAk_006.mp4,no
NVlxq3jxlAk_007,data/raw/CMU-MOSEI/segments/NVlxq3jxlAk_007.mp4,no
NVlxq3jxlAk_008,data/raw/CMU-MOSEI/segments/NVlxq3jxlAk_008.mp4,no
NVlxq3jxlAk_009,data/raw/CMU-MOSEI/segments/NVlxq3jxlAk_009.mp4,no
nxksB2kDJ6o_000,data/raw/CMU-MOSEI/segments/nxksB2kDJ6o_000.mp4,no
NzvNW7vP-Co_000,data/raw/CMU-MOSEI/segments/NzvNW7vP-Co_000.mp4,no
NzvNW7vP-Co_002,data/raw/CMU-MOSEI/segments/NzvNW7vP-Co_002.mp4,no
O-b3DQg0QmA_000,data/raw/CMU-MOSEI/segments/O-b3DQg0QmA_000.mp4,no
O-b3DQg0QmA_001,data/raw/CMU-MOSEI/segments/O-b3DQg0QmA_001.mp4,no
O0Nn-5UkfoA_000,data/raw/CMU-MOSEI/segments/O0Nn-5UkfoA_000.mp4,no
O2CEvvYWWbU_000,data/raw/CMU-MOSEI/segments/O2CEvvYWWbU_000.mp4,no
O2CEvvYWWbU_002,data/raw/CMU-MOSEI/segments/O2CEvvYWWbU_002.mp4,no
O2CEvvYWWbU_003,data/raw/CMU-MOSEI/segments/O2CEvvYWWbU_003.mp4,no
O2CEvvYWWbU_004,data/raw/CMU-MOSEI/segments/O2CEvvYWWbU_004.mp4,no
O2CEvvYWWbU_005,data/raw/CMU-MOSEI/segments/O2CEvvYWWbU_005.mp4,no
O2CEvvYWWbU_006,data/raw/CMU-MOSEI/segments/O2CEvvYWWbU_006.mp4,no
O2CEvvYWWbU_008,data/raw/CMU-MOSEI/segments/O2CEvvYWWbU_008.mp4,no
O3whFU2lAAk_003,data/raw/CMU-MOSEI/segments/O3whFU2lAAk_003.mp4,no
O_fTDhCtAhw_000,data/raw/CMU-MOSEI/segments/O_fTDhCtAhw_000.mp4,no
O_fTDhCtAhw_001,data/raw/CMU-MOSEI/segments/O_fTDhCtAhw_001.mp4,no
Oa2xVjzAMFc_000,data/raw/CMU-MOSEI/segments/Oa2xVjzAMFc_000.mp4,no
Oa2xVjzAMFc_001,data/raw/CMU-MOSEI/segments/Oa2xVjzAMFc_001.mp4,no
Oa2xVjzAMFc_002,data/raw/CMU-MOSEI/segments/Oa2xVjzAMFc_002.mp4,no
Oa2xVjzAMFc_003,data/raw/CMU-MOSEI/segments/Oa2xVjzAMFc_003.mp4,no
Oa2xVjzAMFc_005,data/raw/CMU-MOSEI/segments/Oa2xVjzAMFc_005.mp4,no
OAV6KKf60bQ_000,data/raw/CMU-MOSEI/segments/OAV6KKf60bQ_000.mp4,no
OAV6KKf60bQ_001,data/raw/CMU-MOSEI/segments/OAV6KKf60bQ_001.mp4,no
OAV6KKf60bQ_002,data/raw/CMU-MOSEI/segments/OAV6KKf60bQ_002.mp4,no
OAV6KKf60bQ_003,data/raw/CMU-MOSEI/segments/OAV6KKf60bQ_003.mp4,no
OAV6KKf60bQ_005,data/raw/CMU-MOSEI/segments/OAV6KKf60bQ_005.mp4,no
OAV6KKf60bQ_006,data/raw/CMU-MOSEI/segments/OAV6KKf60bQ_006.mp4,no
OAV6KKf60bQ_007,data/raw/CMU-MOSEI/segments/OAV6KKf60bQ_007.mp4,no
OAV6KKf60bQ_008,data/raw/CMU-MOSEI/segments/OAV6KKf60bQ_008.mp4,no
OAV6KKf60bQ_009,data/raw/CMU-MOSEI/segments/OAV6KKf60bQ_009.mp4,no
OAV6KKf60bQ_010,data/raw/CMU-MOSEI/segments/OAV6KKf60bQ_010.mp4,no
OAV6KKf60bQ_011,data/raw/CMU-MOSEI/segments/OAV6KKf60bQ_011.mp4,no
OaWYjsS02fk_001,data/raw/CMU-MOSEI/segments/OaWYjsS02fk_001.mp4,no
OaWYjsS02fk_002,data/raw/CMU-MOSEI/segments/OaWYjsS02fk_002.mp4,no
OaWYjsS02fk_003,data/raw/CMU-MOSEI/segments/OaWYjsS02fk_003.mp4,no
Ob8vPQCPDX0_000,data/raw/CMU-MOSEI/segments/Ob8vPQCPDX0_000.mp4,no
Ob8vPQCPDX0_005,data/raw/CMU-MOSEI/segments/Ob8vPQCPDX0_005.mp4,no
OctOcfI4KSs_002,data/raw/CMU-MOSEI/segments/OctOcfI4KSs_002.mp4,no
OdKp0hYomgs_000,data/raw/CMU-MOSEI/segments/OdKp0hYomgs_000.mp4,no
OdKp0hYomgs_001,data/raw/CMU-MOSEI/segments/OdKp0hYomgs_001.mp4,no
OdKp0hYomgs_002,data/raw/CMU-MOSEI/segments/OdKp0hYomgs_002.mp4,no
OdKp0hYomgs_003,data/raw/CMU-MOSEI/segments/OdKp0hYomgs_003.mp4,no
OdKp0hYomgs_004,data/raw/CMU-MOSEI/segments/OdKp0hYomgs_004.mp4,no
OdKp0hYomgs_005,data/raw/CMU-MOSEI/segments/OdKp0hYomgs_005.mp4,no
OdKp0hYomgs_006,data/raw/CMU-MOSEI/segments/OdKp0hYomgs_006.mp4,no
OdKp0hYomgs_007,data/raw/CMU-MOSEI/segments/OdKp0hYomgs_007.mp4,no
OdKp0hYomgs_008,data/raw/CMU-MOSEI/segments/OdKp0hYomgs_008.mp4,no
OdKp0hYomgs_009,data/raw/CMU-MOSEI/segments/OdKp0hYomgs_009.mp4,no
OEesmAnTpeA_000,data/raw/CMU-MOSEI/segments/OEesmAnTpeA_000.mp4,no
OEesmAnTpeA_001,data/raw/CMU-MOSEI/segments/OEesmAnTpeA_001.mp4,no
OEesmAnTpeA_002,data/raw/CMU-MOSEI/segments/OEesmAnTpeA_002.mp4,no
OEMSGahoCmM_000,data/raw/CMU-MOSEI/segments/OEMSGahoCmM_000.mp4,no
OFBc3z99bIc_000,data/raw/CMU-MOSEI/segments/OFBc3z99bIc_000.mp4,no
OFBc3z99bIc_001,data/raw/CMU-MOSEI/segments/OFBc3z99bIc_001.mp4,no
OFBc3z99bIc_004,data/raw/CMU-MOSEI/segments/OFBc3z99bIc_004.mp4,no
OFBc3z99bIc_006,data/raw/CMU-MOSEI/segments/OFBc3z99bIc_006.mp4,no
OFBc3z99bIc_007,data/raw/CMU-MOSEI/segments/OFBc3z99bIc_007.mp4,no
OFBc3z99bIc_008,data/raw/CMU-MOSEI/segments/OFBc3z99bIc_008.mp4,no
OFBc3z99bIc_010,data/raw/CMU-MOSEI/segments/OFBc3z99bIc_010.mp4,no
OFBc3z99bIc_011,data/raw/CMU-MOSEI/segments/OFBc3z99bIc_011.mp4,no
OFBc3z99bIc_013,data/raw/CMU-MOSEI/segments/OFBc3z99bIc_013.mp4,no
OFia3dWgaoI_000,data/raw/CMU-MOSEI/segments/OFia3dWgaoI_000.mp4,no
OFia3dWgaoI_001,data/raw/CMU-MOSEI/segments/OFia3dWgaoI_001.mp4,no
OFia3dWgaoI_002,data/raw/CMU-MOSEI/segments/OFia3dWgaoI_002.mp4,no
OFia3dWgaoI_004,data/raw/CMU-MOSEI/segments/OFia3dWgaoI_004.mp4,no
OFia3dWgaoI_005,data/raw/CMU-MOSEI/segments/OFia3dWgaoI_005.mp4,no
OFia3dWgaoI_006,data/raw/CMU-MOSEI/segments/OFia3dWgaoI_006.mp4,no
oGFDE-6nd7Q_002,data/raw/CMU-MOSEI/segments/oGFDE-6nd7Q_002.mp4,no
oGFDE-6nd7Q_004,data/raw/CMU-MOSEI/segments/oGFDE-6nd7Q_004.mp4,no
oGFDE-6nd7Q_005,data/raw/CMU-MOSEI/segments/oGFDE-6nd7Q_005.mp4,no
OHWyYVux-yw_000,data/raw/CMU-MOSEI/segments/OHWyYVux-yw_000.mp4,no
OHWyYVux-yw_001,data/raw/CMU-MOSEI/segments/OHWyYVux-yw_001.mp4,no
OHWyYVux-yw_002,data/raw/CMU-MOSEI/segments/OHWyYVux-yw_002.mp4,no
OHWyYVux-yw_004,data/raw/CMU-MOSEI/segments/OHWyYVux-yw_004.mp4,no
OHWyYVux-yw_005,data/raw/CMU-MOSEI/segments/OHWyYVux-yw_005.mp4,no
OHWyYVux-yw_011,data/raw/CMU-MOSEI/segments/OHWyYVux-yw_011.mp4,no
OKSx1zxHGpQ_001,data/raw/CMU-MOSEI/segments/OKSx1zxHGpQ_001.mp4,no
OKSx1zxHGpQ_003,data/raw/CMU-MOSEI/segments/OKSx1zxHGpQ_003.mp4,no
OKSx1zxHGpQ_004,data/raw/CMU-MOSEI/segments/OKSx1zxHGpQ_004.mp4,no
OKSx1zxHGpQ_006,data/raw/CMU-MOSEI/segments/OKSx1zxHGpQ_006.mp4,no
OKSx1zxHGpQ_008,data/raw/CMU-MOSEI/segments/OKSx1zxHGpQ_008.mp4,no
OKSx1zxHGpQ_010,data/raw/CMU-MOSEI/segments/OKSx1zxHGpQ_010.mp4,no
OKSx1zxHGpQ_011,data/raw/CMU-MOSEI/segments/OKSx1zxHGpQ_011.mp4,no
OKSx1zxHGpQ_012,data/raw/CMU-MOSEI/segments/OKSx1zxHGpQ_012.mp4,no
OKSx1zxHGpQ_013,data/raw/CMU-MOSEI/segments/OKSx1zxHGpQ_013.mp4,no
OKSx1zxHGpQ_014,data/raw/CMU-MOSEI/segments/OKSx1zxHGpQ_014.mp4,no
OKSx1zxHGpQ_015,data/raw/CMU-MOSEI/segments/OKSx1zxHGpQ_015.mp4,no
OKSx1zxHGpQ_019,data/raw/CMU-MOSEI/segments/OKSx1zxHGpQ_019.mp4,no
OKSx1zxHGpQ_022,data/raw/CMU-MOSEI/segments/OKSx1zxHGpQ_022.mp4,no
OKSx1zxHGpQ_023,data/raw/CMU-MOSEI/segments/OKSx1zxHGpQ_023.mp4,no
OKSx1zxHGpQ_024,data/raw/CMU-MOSEI/segments/OKSx1zxHGpQ_024.mp4,no
OKSx1zxHGpQ_027,data/raw/CMU-MOSEI/segments/OKSx1zxHGpQ_027.mp4,no
OLP0nCKwU6k_000,data/raw/CMU-MOSEI/segments/OLP0nCKwU6k_000.mp4,no
OOh1_ffKOKk_000,data/raw/CMU-MOSEI/segments/OOh1_ffKOKk_000.mp4,no
OOh1_ffKOKk_001,data/raw/CMU-MOSEI/segments/OOh1_ffKOKk_001.mp4,no
OOh1_ffKOKk_003,data/raw/CMU-MOSEI/segments/OOh1_ffKOKk_003.mp4,no
OORklkFql3k_007,data/raw/CMU-MOSEI/segments/OORklkFql3k_007.mp4,no
OORklkFql3k_010,data/raw/CMU-MOSEI/segments/OORklkFql3k_010.mp4,no
oPlnhc0DkcU_001,data/raw/CMU-MOSEI/segments/oPlnhc0DkcU_001.mp4,no
oPlnhc0DkcU_002,data/raw/CMU-MOSEI/segments/oPlnhc0DkcU_002.mp4,no
oPlnhc0DkcU_003,data/raw/CMU-MOSEI/segments/oPlnhc0DkcU_003.mp4,no
OrYBtyO0aPI_000,data/raw/CMU-MOSEI/segments/OrYBtyO0aPI_000.mp4,no
OrYBtyO0aPI_001,data/raw/CMU-MOSEI/segments/OrYBtyO0aPI_001.mp4,no
OrYBtyO0aPI_003,data/raw/CMU-MOSEI/segments/OrYBtyO0aPI_003.mp4,no
OrYBtyO0aPI_004,data/raw/CMU-MOSEI/segments/OrYBtyO0aPI_004.mp4,no
OrYBtyO0aPI_005,data/raw/CMU-MOSEI/segments/OrYBtyO0aPI_005.mp4,no
OrYBtyO0aPI_006,data/raw/CMU-MOSEI/segments/OrYBtyO0aPI_006.mp4,no
OUjzDchhkIA_000,data/raw/CMU-MOSEI/segments/OUjzDchhkIA_000.mp4,no
OUjzDchhkIA_001,data/raw/CMU-MOSEI/segments/OUjzDchhkIA_001.mp4,no
OUjzDchhkIA_003,data/raw/CMU-MOSEI/segments/OUjzDchhkIA_003.mp4,no
OUjzDchhkIA_004,data/raw/CMU-MOSEI/segments/OUjzDchhkIA_004.mp4,no
OWWHjP3pX9o_000,data/raw/CMU-MOSEI/segments/OWWHjP3pX9o_000.mp4,no
OWWHjP3pX9o_001,data/raw/CMU-MOSEI/segments/OWWHjP3pX9o_001.mp4,no
OWWHjP3pX9o_002,data/raw/CMU-MOSEI/segments/OWWHjP3pX9o_002.mp4,no
OWWHjP3pX9o_003,data/raw/CMU-MOSEI/segments/OWWHjP3pX9o_003.mp4,no
OWWHjP3pX9o_004,data/raw/CMU-MOSEI/segments/OWWHjP3pX9o_004.mp4,no
OWWHjP3pX9o_005,data/raw/CMU-MOSEI/segments/OWWHjP3pX9o_005.mp4,no
OWWHjP3pX9o_006,data/raw/CMU-MOSEI/segments/OWWHjP3pX9o_006.mp4,no
OWWHjP3pX9o_008,data/raw/CMU-MOSEI/segments/OWWHjP3pX9o_008.mp4,no
OWWHjP3pX9o_009,data/raw/CMU-MOSEI/segments/OWWHjP3pX9o_009.mp4,no
OXsTIPdytiw_001,data/raw/CMU-MOSEI/segments/OXsTIPdytiw_001.mp4,no
OXsTIPdytiw_003,data/raw/CMU-MOSEI/segments/OXsTIPdytiw_003.mp4,no
OXsTIPdytiw_004,data/raw/CMU-MOSEI/segments/OXsTIPdytiw_004.mp4,no
OXsTIPdytiw_006,data/raw/CMU-MOSEI/segments/OXsTIPdytiw_006.mp4,no
OxyQSJMvWBo_000,data/raw/CMU-MOSEI/segments/OxyQSJMvWBo_000.mp4,no
OxyQSJMvWBo_001,data/raw/CMU-MOSEI/segments/OxyQSJMvWBo_001.mp4,no
OxyQSJMvWBo_002,data/raw/CMU-MOSEI/segments/OxyQSJMvWBo_002.mp4,no
OxyQSJMvWBo_003,data/raw/CMU-MOSEI/segments/OxyQSJMvWBo_003.mp4,no
OxyQSJMvWBo_004,data/raw/CMU-MOSEI/segments/OxyQSJMvWBo_004.mp4,no
OxyQSJMvWBo_005,data/raw/CMU-MOSEI/segments/OxyQSJMvWBo_005.mp4,no
OxyQSJMvWBo_006,data/raw/CMU-MOSEI/segments/OxyQSJMvWBo_006.mp4,no
OxyQSJMvWBo_009,data/raw/CMU-MOSEI/segments/OxyQSJMvWBo_009.mp4,no
OxyQSJMvWBo_010,data/raw/CMU-MOSEI/segments/OxyQSJMvWBo_010.mp4,no
OxyQSJMvWBo_011,data/raw/CMU-MOSEI/segments/OxyQSJMvWBo_011.mp4,no
OxyQSJMvWBo_012,data/raw/CMU-MOSEI/segments/OxyQSJMvWBo_012.mp4,no
OxyQSJMvWBo_013,data/raw/CMU-MOSEI/segments/OxyQSJMvWBo_013.mp4,no
P0UHzR4CmYg_003,data/raw/CMU-MOSEI/segments/P0UHzR4CmYg_003.mp4,no
P0UHzR4CmYg_004,data/raw/CMU-MOSEI/segments/P0UHzR4CmYg_004.mp4,no
P0UHzR4CmYg_007,data/raw/CMU-MOSEI/segments/P0UHzR4CmYg_007.mp4,no
P0UHzR4CmYg_008,data/raw/CMU-MOSEI/segments/P0UHzR4CmYg_008.mp4,no
P0UHzR4CmYg_009,data/raw/CMU-MOSEI/segments/P0UHzR4CmYg_009.mp4,no
P0UHzR4CmYg_011,data/raw/CMU-MOSEI/segments/P0UHzR4CmYg_011.mp4,no
P0UHzR4CmYg_012,data/raw/CMU-MOSEI/segments/P0UHzR4CmYg_012.mp4,no
P0UHzR4CmYg_015,data/raw/CMU-MOSEI/segments/P0UHzR4CmYg_015.mp4,no
P0UHzR4CmYg_017,data/raw/CMU-MOSEI/segments/P0UHzR4CmYg_017.mp4,no
P0UHzR4CmYg_018,data/raw/CMU-MOSEI/segments/P0UHzR4CmYg_018.mp4,no
P0UHzR4CmYg_020,data/raw/CMU-MOSEI/segments/P0UHzR4CmYg_020.mp4,no
P0UHzR4CmYg_021,data/raw/CMU-MOSEI/segments/P0UHzR4CmYg_021.mp4,no
P0WaXnH37uI_001,data/raw/CMU-MOSEI/segments/P0WaXnH37uI_001.mp4,no
P0WaXnH37uI_002,data/raw/CMU-MOSEI/segments/P0WaXnH37uI_002.mp4,no
P0WaXnH37uI_004,data/raw/CMU-MOSEI/segments/P0WaXnH37uI_004.mp4,no
P0WaXnH37uI_005,data/raw/CMU-MOSEI/segments/P0WaXnH37uI_005.mp4,no
P35dyIit1yM_000,data/raw/CMU-MOSEI/segments/P35dyIit1yM_000.mp4,no
P35dyIit1yM_002,data/raw/CMU-MOSEI/segments/P35dyIit1yM_002.mp4,no
P3QEOJWxXI8_000,data/raw/CMU-MOSEI/segments/P3QEOJWxXI8_000.mp4,no
P3QEOJWxXI8_002,data/raw/CMU-MOSEI/segments/P3QEOJWxXI8_002.mp4,no
P3QEOJWxXI8_003,data/raw/CMU-MOSEI/segments/P3QEOJWxXI8_003.mp4,no
P3QEOJWxXI8_004,data/raw/CMU-MOSEI/segments/P3QEOJWxXI8_004.mp4,no
P3QEOJWxXI8_005,data/raw/CMU-MOSEI/segments/P3QEOJWxXI8_005.mp4,no
p4WmcxrXkc4_001,data/raw/CMU-MOSEI/segments/p4WmcxrXkc4_001.mp4,no
p4WmcxrXkc4_003,data/raw/CMU-MOSEI/segments/p4WmcxrXkc4_003.mp4,no
p7zuPEZgtY4_000,data/raw/CMU-MOSEI/segments/p7zuPEZgtY4_000.mp4,no
p7zuPEZgtY4_001,data/raw/CMU-MOSEI/segments/p7zuPEZgtY4_001.mp4,no
p7zuPEZgtY4_003,data/raw/CMU-MOSEI/segments/p7zuPEZgtY4_003.mp4,no
p7zuPEZgtY4_005,data/raw/CMU-MOSEI/segments/p7zuPEZgtY4_005.mp4,no
p7zuPEZgtY4_006,data/raw/CMU-MOSEI/segments/p7zuPEZgtY4_006.mp4,no
pAclBdj20ZU_000,data/raw/CMU-MOSEI/segments/pAclBdj20ZU_000.mp4,no
pAclBdj20ZU_001,data/raw/CMU-MOSEI/segments/pAclBdj20ZU_001.mp4,no
pAclBdj20ZU_002,data/raw/CMU-MOSEI/segments/pAclBdj20ZU_002.mp4,no
pAclBdj20ZU_003,data/raw/CMU-MOSEI/segments/pAclBdj20ZU_003.mp4,no
pAclBdj20ZU_005,data/raw/CMU-MOSEI/segments/pAclBdj20ZU_005.mp4,no
pAclBdj20ZU_006,data/raw/CMU-MOSEI/segments/pAclBdj20ZU_006.mp4,no
pAclBdj20ZU_007,data/raw/CMU-MOSEI/segments/pAclBdj20ZU_007.mp4,no
pAclBdj20ZU_008,data/raw/CMU-MOSEI/segments/pAclBdj20ZU_008.mp4,no
pAclBdj20ZU_010,data/raw/CMU-MOSEI/segments/pAclBdj20ZU_010.mp4,no
pAclBdj20ZU_011,data/raw/CMU-MOSEI/segments/pAclBdj20ZU_011.mp4,no
PANWQeBKStk_001,data/raw/CMU-MOSEI/segments/PANWQeBKStk_001.mp4,no
PANWQeBKStk_002,data/raw/CMU-MOSEI/segments/PANWQeBKStk_002.mp4,no
PANWQeBKStk_003,data/raw/CMU-MOSEI/segments/PANWQeBKStk_003.mp4,no
PboaYD5hlG8_002,data/raw/CMU-MOSEI/segments/PboaYD5hlG8_002.mp4,no
PboaYD5hlG8_003,data/raw/CMU-MOSEI/segments/PboaYD5hlG8_003.mp4,no
PboaYD5hlG8_004,data/raw/CMU-MOSEI/segments/PboaYD5hlG8_004.mp4,no
PboaYD5hlG8_006,data/raw/CMU-MOSEI/segments/PboaYD5hlG8_006.mp4,no
PbyI-sUzLZY_000,data/raw/CMU-MOSEI/segments/PbyI-sUzLZY_000.mp4,no
PbyI-sUzLZY_003,data/raw/CMU-MOSEI/segments/PbyI-sUzLZY_003.mp4,no
PcqKFt1p3UQ_001,data/raw/CMU-MOSEI/segments/PcqKFt1p3UQ_001.mp4,no
PEBwwe0PLZ8_001,data/raw/CMU-MOSEI/segments/PEBwwe0PLZ8_001.mp4,no
PEBwwe0PLZ8_002,data/raw/CMU-MOSEI/segments/PEBwwe0PLZ8_002.mp4,no
PEBwwe0PLZ8_003,data/raw/CMU-MOSEI/segments/PEBwwe0PLZ8_003.mp4,no
PEBwwe0PLZ8_004,data/raw/CMU-MOSEI/segments/PEBwwe0PLZ8_004.mp4,no
PEBwwe0PLZ8_006,data/raw/CMU-MOSEI/segments/PEBwwe0PLZ8_006.mp4,no
PEBwwe0PLZ8_008,data/raw/CMU-MOSEI/segments/PEBwwe0PLZ8_008.mp4,no
PexNiFbPTYM_006,data/raw/CMU-MOSEI/segments/PexNiFbPTYM_006.mp4,no
PexNiFbPTYM_008,data/raw/CMU-MOSEI/segments/PexNiFbPTYM_008.mp4,no
PexNiFbPTYM_010,data/raw/CMU-MOSEI/segments/PexNiFbPTYM_010.mp4,no
PexNiFbPTYM_012,data/raw/CMU-MOSEI/segments/PexNiFbPTYM_012.mp4,no
PexNiFbPTYM_014,data/raw/CMU-MOSEI/segments/PexNiFbPTYM_014.mp4,no
PexNiFbPTYM_015,data/raw/CMU-MOSEI/segments/PexNiFbPTYM_015.mp4,no
PexNiFbPTYM_016,data/raw/CMU-MOSEI/segments/PexNiFbPTYM_016.mp4,no
PexNiFbPTYM_019,data/raw/CMU-MOSEI/segments/PexNiFbPTYM_019.mp4,no
PHJ8eybXJdw_000,data/raw/CMU-MOSEI/segments/PHJ8eybXJdw_000.mp4,no
PHJ8eybXJdw_001,data/raw/CMU-MOSEI/segments/PHJ8eybXJdw_001.mp4,no
PHJ8eybXJdw_002,data/raw/CMU-MOSEI/segments/PHJ8eybXJdw_002.mp4,no
PHJ8eybXJdw_003,data/raw/CMU-MOSEI/segments/PHJ8eybXJdw_003.mp4,no
PHJ8eybXJdw_005,data/raw/CMU-MOSEI/segments/PHJ8eybXJdw_005.mp4,no
PHZIx22aFhU_000,data/raw/CMU-MOSEI/segments/PHZIx22aFhU_000.mp4,no
PMH4mdJeojE_000,data/raw/CMU-MOSEI/segments/PMH4mdJeojE_000.mp4,no
PMH4mdJeojE_001,data/raw/CMU-MOSEI/segments/PMH4mdJeojE_001.mp4,no
PMH4mdJeojE_002,data/raw/CMU-MOSEI/segments/PMH4mdJeojE_002.mp4,no
PN3ApHIGopo_000,data/raw/CMU-MOSEI/segments/PN3ApHIGopo_000.mp4,no
PohW-isYMK0_000,data/raw/CMU-MOSEI/segments/PohW-isYMK0_000.mp4,no
PohW-isYMK0_001,data/raw/CMU-MOSEI/segments/PohW-isYMK0_001.mp4,no
PohW-isYMK0_007,data/raw/CMU-MOSEI/segments/PohW-isYMK0_007.mp4,no
PohW-isYMK0_009,data/raw/CMU-MOSEI/segments/PohW-isYMK0_009.mp4,no
PohW-isYMK0_013,data/raw/CMU-MOSEI/segments/PohW-isYMK0_013.mp4,no
PohW-isYMK0_018,data/raw/CMU-MOSEI/segments/PohW-isYMK0_018.mp4,no
PoKZEKOf1dA_001,data/raw/CMU-MOSEI/segments/PoKZEKOf1dA_001.mp4,no
PoKZEKOf1dA_002,data/raw/CMU-MOSEI/segments/PoKZEKOf1dA_002.mp4,no
PoKZEKOf1dA_004,data/raw/CMU-MOSEI/segments/PoKZEKOf1dA_004.mp4,no
PoKZEKOf1dA_005,data/raw/CMU-MOSEI/segments/PoKZEKOf1dA_005.mp4,no
PoKZEKOf1dA_006,data/raw/CMU-MOSEI/segments/PoKZEKOf1dA_006.mp4,no
PQYmOknHA4c_000,data/raw/CMU-MOSEI/segments/PQYmOknHA4c_000.mp4,no
PQYmOknHA4c_001,data/raw/CMU-MOSEI/segments/PQYmOknHA4c_001.mp4,no
PQYmOknHA4c_002,data/raw/CMU-MOSEI/segments/PQYmOknHA4c_002.mp4,no
PQYmOknHA4c_003,data/raw/CMU-MOSEI/segments/PQYmOknHA4c_003.mp4,no
PQYmOknHA4c_004,data/raw/CMU-MOSEI/segments/PQYmOknHA4c_004.mp4,no
PQYmOknHA4c_005,data/raw/CMU-MOSEI/segments/PQYmOknHA4c_005.mp4,no
PQYmOknHA4c_006,data/raw/CMU-MOSEI/segments/PQYmOknHA4c_006.mp4,no
PQYmOknHA4c_007,data/raw/CMU-MOSEI/segments/PQYmOknHA4c_007.mp4,no
PQYmOknHA4c_008,data/raw/CMU-MOSEI/segments/PQYmOknHA4c_008.mp4,no
PQYmOknHA4c_009,data/raw/CMU-MOSEI/segments/PQYmOknHA4c_009.mp4,no
PQYmOknHA4c_010,data/raw/CMU-MOSEI/segments/PQYmOknHA4c_010.mp4,no
PQYmOknHA4c_011,data/raw/CMU-MOSEI/segments/PQYmOknHA4c_011.mp4,no
PUIsiLk8etk_000,data/raw/CMU-MOSEI/segments/PUIsiLk8etk_000.mp4,no
PUIsiLk8etk_001,data/raw/CMU-MOSEI/segments/PUIsiLk8etk_001.mp4,no
PUIsiLk8etk_003,data/raw/CMU-MOSEI/segments/PUIsiLk8etk_003.mp4,no
PUIsiLk8etk_004,data/raw/CMU-MOSEI/segments/PUIsiLk8etk_004.mp4,no
PUIsiLk8etk_005,data/raw/CMU-MOSEI/segments/PUIsiLk8etk_005.mp4,no
PUIsiLk8etk_006,data/raw/CMU-MOSEI/segments/PUIsiLk8etk_006.mp4,no
pY4ovojS4rk_000,data/raw/CMU-MOSEI/segments/pY4ovojS4rk_000.mp4,no
pY4ovojS4rk_001,data/raw/CMU-MOSEI/segments/pY4ovojS4rk_001.mp4,no
PYylJk8R9Ak_000,data/raw/CMU-MOSEI/segments/PYylJk8R9Ak_000.mp4,no
PYylJk8R9Ak_001,data/raw/CMU-MOSEI/segments/PYylJk8R9Ak_001.mp4,no
PzI6yY9Y2xQ_001,data/raw/CMU-MOSEI/segments/PzI6yY9Y2xQ_001.mp4,no
PzI6yY9Y2xQ_003,data/raw/CMU-MOSEI/segments/PzI6yY9Y2xQ_003.mp4,no
PzI6yY9Y2xQ_004,data/raw/CMU-MOSEI/segments/PzI6yY9Y2xQ_004.mp4,no
Q2uHXKA8cq8_001,data/raw/CMU-MOSEI/segments/Q2uHXKA8cq8_001.mp4,no
Q2uHXKA8cq8_002,data/raw/CMU-MOSEI/segments/Q2uHXKA8cq8_002.mp4,no
Q2uHXKA8cq8_005,data/raw/CMU-MOSEI/segments/Q2uHXKA8cq8_005.mp4,no
Q4WzApjaCNI_000,data/raw/CMU-MOSEI/segments/Q4WzApjaCNI_000.mp4,no
Q5fZk_jPjBI_001,data/raw/CMU-MOSEI/segments/Q5fZk_jPjBI_001.mp4,no
Q5fZk_jPjBI_004,data/raw/CMU-MOSEI/segments/Q5fZk_jPjBI_004.mp4,no
Q5YU2sLKVL4_000,data/raw/CMU-MOSEI/segments/Q5YU2sLKVL4_000.mp4,no
Q7nhtfkIPN4_001,data/raw/CMU-MOSEI/segments/Q7nhtfkIPN4_001.mp4,no
Q7nhtfkIPN4_002,data/raw/CMU-MOSEI/segments/Q7nhtfkIPN4_002.mp4,no
Q7nhtfkIPN4_003,data/raw/CMU-MOSEI/segments/Q7nhtfkIPN4_003.mp4,no
Q7nhtfkIPN4_004,data/raw/CMU-MOSEI/segments/Q7nhtfkIPN4_004.mp4,no
Q7nhtfkIPN4_005,data/raw/CMU-MOSEI/segments/Q7nhtfkIPN4_005.mp4,no
Q7nhtfkIPN4_006,data/raw/CMU-MOSEI/segments/Q7nhtfkIPN4_006.mp4,no
Q7nhtfkIPN4_007,data/raw/CMU-MOSEI/segments/Q7nhtfkIPN4_007.mp4,no
Q7nhtfkIPN4_008,data/raw/CMU-MOSEI/segments/Q7nhtfkIPN4_008.mp4,no
Q7nhtfkIPN4_009,data/raw/CMU-MOSEI/segments/Q7nhtfkIPN4_009.mp4,no
Q7nhtfkIPN4_010,data/raw/CMU-MOSEI/segments/Q7nhtfkIPN4_010.mp4,no
Q7OvlYjNt9w_000,data/raw/CMU-MOSEI/segments/Q7OvlYjNt9w_000.mp4,no
Q7S0tX4FUNA_001,data/raw/CMU-MOSEI/segments/Q7S0tX4FUNA_001.mp4,no
Q7S0tX4FUNA_002,data/raw/CMU-MOSEI/segments/Q7S0tX4FUNA_002.mp4,no
Q7S0tX4FUNA_004,data/raw/CMU-MOSEI/segments/Q7S0tX4FUNA_004.mp4,no
Q7S0tX4FUNA_005,data/raw/CMU-MOSEI/segments/Q7S0tX4FUNA_005.mp4,no
Q7S0tX4FUNA_006,data/raw/CMU-MOSEI/segments/Q7S0tX4FUNA_006.mp4,no
Q8naC1qriIU_002,data/raw/CMU-MOSEI/segments/Q8naC1qriIU_002.mp4,no
Q_py5n2fQXw_001,data/raw/CMU-MOSEI/segments/Q_py5n2fQXw_001.mp4,no
Q_py5n2fQXw_002,data/raw/CMU-MOSEI/segments/Q_py5n2fQXw_002.mp4,no
Qa6Yz62V-Yc_001,data/raw/CMU-MOSEI/segments/Qa6Yz62V-Yc_001.mp4,no
qbIajpM7U3Y_000,data/raw/CMU-MOSEI/segments/qbIajpM7U3Y_000.mp4,no
qbIajpM7U3Y_001,data/raw/CMU-MOSEI/segments/qbIajpM7U3Y_001.mp4,no
qbIajpM7U3Y_003,data/raw/CMU-MOSEI/segments/qbIajpM7U3Y_003.mp4,no
QbJiphIpzYc_000,data/raw/CMU-MOSEI/segments/QbJiphIpzYc_000.mp4,no
QbJiphIpzYc_001,data/raw/CMU-MOSEI/segments/QbJiphIpzYc_001.mp4,no
QCR7uyowjhM_000,data/raw/CMU-MOSEI/segments/QCR7uyowjhM_000.mp4,no
QCR7uyowjhM_001,data/raw/CMU-MOSEI/segments/QCR7uyowjhM_001.mp4,no
QCR7uyowjhM_002,data/raw/CMU-MOSEI/segments/QCR7uyowjhM_002.mp4,no
QCR7uyowjhM_003,data/raw/CMU-MOSEI/segments/QCR7uyowjhM_003.mp4,no
QCR7uyowjhM_004,data/raw/CMU-MOSEI/segments/QCR7uyowjhM_004.mp4,no
QCR7uyowjhM_005,data/raw/CMU-MOSEI/segments/QCR7uyowjhM_005.mp4,no
QCR7uyowjhM_006,data/raw/CMU-MOSEI/segments/QCR7uyowjhM_006.mp4,no
QCR7uyowjhM_007,data/raw/CMU-MOSEI/segments/QCR7uyowjhM_007.mp4,no
QDRtKv8PvFs_000,data/raw/CMU-MOSEI/segments/QDRtKv8PvFs_000.mp4,no
QDRtKv8PvFs_002,data/raw/CMU-MOSEI/segments/QDRtKv8PvFs_002.mp4,no
QDRtKv8PvFs_003,data/raw/CMU-MOSEI/segments/QDRtKv8PvFs_003.mp4,no
QDRtKv8PvFs_004,data/raw/CMU-MOSEI/segments/QDRtKv8PvFs_004.mp4,no
Qfa1fY_07bQ_000,data/raw/CMU-MOSEI/segments/Qfa1fY_07bQ_000.mp4,no
Qfa1fY_07bQ_003,data/raw/CMU-MOSEI/segments/Qfa1fY_07bQ_003.mp4,no
Qfa1fY_07bQ_004,data/raw/CMU-MOSEI/segments/Qfa1fY_07bQ_004.mp4,no
Qfa1fY_07bQ_006,data/raw/CMU-MOSEI/segments/Qfa1fY_07bQ_006.mp4,no
QJCDZCllSYQ_000,data/raw/CMU-MOSEI/segments/QJCDZCllSYQ_000.mp4,no
QJCDZCllSYQ_001,data/raw/CMU-MOSEI/segments/QJCDZCllSYQ_001.mp4,no
QJCDZCllSYQ_002,data/raw/CMU-MOSEI/segments/QJCDZCllSYQ_002.mp4,no
QjcQx8_PQfw_000,data/raw/CMU-MOSEI/segments/QjcQx8_PQfw_000.mp4,no
QjcQx8_PQfw_001,data/raw/CMU-MOSEI/segments/QjcQx8_PQfw_001.mp4,no
QkMTYY69JYQ_000,data/raw/CMU-MOSEI/segments/QkMTYY69JYQ_000.mp4,no
QkMTYY69JYQ_001,data/raw/CMU-MOSEI/segments/QkMTYY69JYQ_001.mp4,no
QkMTYY69JYQ_004,data/raw/CMU-MOSEI/segments/QkMTYY69JYQ_004.mp4,no
QkMTYY69JYQ_005,data/raw/CMU-MOSEI/segments/QkMTYY69JYQ_005.mp4,no
QkMTYY69JYQ_006,data/raw/CMU-MOSEI/segments/QkMTYY69JYQ_006.mp4,no
QkMTYY69JYQ_007,data/raw/CMU-MOSEI/segments/QkMTYY69JYQ_007.mp4,no
QkMTYY69JYQ_009,data/raw/CMU-MOSEI/segments/QkMTYY69JYQ_009.mp4,no
QLEOYF7Mju0_003,data/raw/CMU-MOSEI/segments/QLEOYF7Mju0_003.mp4,no
QLEOYF7Mju0_004,data/raw/CMU-MOSEI/segments/QLEOYF7Mju0_004.mp4,no
QLEOYF7Mju0_008,data/raw/CMU-MOSEI/segments/QLEOYF7Mju0_008.mp4,no
QLEOYF7Mju0_009,data/raw/CMU-MOSEI/segments/QLEOYF7Mju0_009.mp4,no
QLEOYF7Mju0_010,data/raw/CMU-MOSEI/segments/QLEOYF7Mju0_010.mp4,no
QLI-OnegxFM_000,data/raw/CMU-MOSEI/segments/QLI-OnegxFM_000.mp4,no
QMEgjkpyVzQ_000,data/raw/CMU-MOSEI/segments/QMEgjkpyVzQ_000.mp4,no
QMEgjkpyVzQ_001,data/raw/CMU-MOSEI/segments/QMEgjkpyVzQ_001.mp4,no
QnYlpSeVOYo_000,data/raw/CMU-MOSEI/segments/QnYlpSeVOYo_000.mp4,no
qo2reupzUE0_002,data/raw/CMU-MOSEI/segments/qo2reupzUE0_002.mp4,no
qo2reupzUE0_003,data/raw/CMU-MOSEI/segments/qo2reupzUE0_003.mp4,no
QoIsjc4-GIg_000,data/raw/CMU-MOSEI/segments/QoIsjc4-GIg_000.mp4,no
QoIsjc4-GIg_001,data/raw/CMU-MOSEI/segments/QoIsjc4-GIg_001.mp4,no
QoIsjc4-GIg_003,data/raw/CMU-MOSEI/segments/QoIsjc4-GIg_003.mp4,no
QoIsjc4-GIg_004,data/raw/CMU-MOSEI/segments/QoIsjc4-GIg_004.mp4,no
QoIsjc4-GIg_005,data/raw/CMU-MOSEI/segments/QoIsjc4-GIg_005.mp4,no
QoIsjc4-GIg_006,data/raw/CMU-MOSEI/segments/QoIsjc4-GIg_006.mp4,no
QoIsjc4-GIg_007,data/raw/CMU-MOSEI/segments/QoIsjc4-GIg_007.mp4,no
QoIsjc4-GIg_008,data/raw/CMU-MOSEI/segments/QoIsjc4-GIg_008.mp4,no
QoIsjc4-GIg_009,data/raw/CMU-MOSEI/segments/QoIsjc4-GIg_009.mp4,no
QOxIdbNwpx0_000,data/raw/CMU-MOSEI/segments/QOxIdbNwpx0_000.mp4,no
QOxIdbNwpx0_002,data/raw/CMU-MOSEI/segments/QOxIdbNwpx0_002.mp4,no
QOxIdbNwpx0_003,data/raw/CMU-MOSEI/segments/QOxIdbNwpx0_003.mp4,no
QOxIdbNwpx0_005,data/raw/CMU-MOSEI/segments/QOxIdbNwpx0_005.mp4,no
QpchvHpGFc8_000,data/raw/CMU-MOSEI/segments/QpchvHpGFc8_000.mp4,no
QpchvHpGFc8_002,data/raw/CMU-MOSEI/segments/QpchvHpGFc8_002.mp4,no
QpchvHpGFc8_003,data/raw/CMU-MOSEI/segments/QpchvHpGFc8_003.mp4,no
QpchvHpGFc8_005,data/raw/CMU-MOSEI/segments/QpchvHpGFc8_005.mp4,no
QUpI5kMw_nA_002,data/raw/CMU-MOSEI/segments/QUpI5kMw_nA_002.mp4,no
QWaUvAL-yiA_002,data/raw/CMU-MOSEI/segments/QWaUvAL-yiA_002.mp4,no
QWll4lS1qqI_001,data/raw/CMU-MOSEI/segments/QWll4lS1qqI_001.mp4,no
QWzIJuhLLrc_001,data/raw/CMU-MOSEI/segments/QWzIJuhLLrc_001.mp4,no
qyJiDgtj6YE_001,data/raw/CMU-MOSEI/segments/qyJiDgtj6YE_001.mp4,no
qyJiDgtj6YE_002,data/raw/CMU-MOSEI/segments/qyJiDgtj6YE_002.mp4,no
qyJiDgtj6YE_004,data/raw/CMU-MOSEI/segments/qyJiDgtj6YE_004.mp4,no
qyJiDgtj6YE_005,data/raw/CMU-MOSEI/segments/qyJiDgtj6YE_005.mp4,no
qyJiDgtj6YE_006,data/raw/CMU-MOSEI/segments/qyJiDgtj6YE_006.mp4,no
QYp0lGhyL6A_001,data/raw/CMU-MOSEI/segments/QYp0lGhyL6A_001.mp4,no
QYp0lGhyL6A_003,data/raw/CMU-MOSEI/segments/QYp0lGhyL6A_003.mp4,no
QYp0lGhyL6A_004,data/raw/CMU-MOSEI/segments/QYp0lGhyL6A_004.mp4,no
QYp0lGhyL6A_005,data/raw/CMU-MOSEI/segments/QYp0lGhyL6A_005.mp4,no
qyqVc352g3Q_000,data/raw/CMU-MOSEI/segments/qyqVc352g3Q_000.mp4,no
R-17BoOk4kc_000,data/raw/CMU-MOSEI/segments/R-17BoOk4kc_000.mp4,no
R-HKj8Yn06k_000,data/raw/CMU-MOSEI/segments/R-HKj8Yn06k_000.mp4,no
R0o37yJ1PP0_004,data/raw/CMU-MOSEI/segments/R0o37yJ1PP0_004.mp4,no
R0uRDh-engU_001,data/raw/CMU-MOSEI/segments/R0uRDh-engU_001.mp4,no
r46amqjpWgg_001,data/raw/CMU-MOSEI/segments/r46amqjpWgg_001.mp4,no
r46amqjpWgg_002,data/raw/CMU-MOSEI/segments/r46amqjpWgg_002.mp4,no
r46amqjpWgg_006,data/raw/CMU-MOSEI/segments/r46amqjpWgg_006.mp4,no
r46amqjpWgg_007,data/raw/CMU-MOSEI/segments/r46amqjpWgg_007.mp4,no
r46amqjpWgg_008,data/raw/CMU-MOSEI/segments/r46amqjpWgg_008.mp4,no
r46amqjpWgg_010,data/raw/CMU-MOSEI/segments/r46amqjpWgg_010.mp4,no
r46amqjpWgg_011,data/raw/CMU-MOSEI/segments/r46amqjpWgg_011.mp4,no
r46amqjpWgg_012,data/raw/CMU-MOSEI/segments/r46amqjpWgg_012.mp4,no
r46amqjpWgg_013,data/raw/CMU-MOSEI/segments/r46amqjpWgg_013.mp4,no
r46amqjpWgg_014,data/raw/CMU-MOSEI/segments/r46amqjpWgg_014.mp4,no
r46amqjpWgg_015,data/raw/CMU-MOSEI/segments/r46amqjpWgg_015.mp4,no
r46amqjpWgg_016,data/raw/CMU-MOSEI/segments/r46amqjpWgg_016.mp4,no
r46amqjpWgg_017,data/raw/CMU-MOSEI/segments/r46amqjpWgg_017.mp4,no
r46amqjpWgg_018,data/raw/CMU-MOSEI/segments/r46amqjpWgg_018.mp4,no
r46amqjpWgg_019,data/raw/CMU-MOSEI/segments/r46amqjpWgg_019.mp4,no
r46amqjpWgg_020,data/raw/CMU-MOSEI/segments/r46amqjpWgg_020.mp4,no
r46amqjpWgg_021,data/raw/CMU-MOSEI/segments/r46amqjpWgg_021.mp4,no
r46amqjpWgg_022,data/raw/CMU-MOSEI/segments/r46amqjpWgg_022.mp4,no
r46amqjpWgg_025,data/raw/CMU-MOSEI/segments/r46amqjpWgg_025.mp4,no
r46amqjpWgg_027,data/raw/CMU-MOSEI/segments/r46amqjpWgg_027.mp4,no
r46amqjpWgg_029,data/raw/CMU-MOSEI/segments/r46amqjpWgg_029.mp4,no
r46amqjpWgg_031,data/raw/CMU-MOSEI/segments/r46amqjpWgg_031.mp4,no
r46amqjpWgg_032,data/raw/CMU-MOSEI/segments/r46amqjpWgg_032.mp4,no
R7IkQVUuLew_000,data/raw/CMU-MOSEI/segments/R7IkQVUuLew_000.mp4,no
R7IkQVUuLew_001,data/raw/CMU-MOSEI/segments/R7IkQVUuLew_001.mp4,no
R8leu0tEJ4o_000,data/raw/CMU-MOSEI/segments/R8leu0tEJ4o_000.mp4,no
R8leu0tEJ4o_005,data/raw/CMU-MOSEI/segments/R8leu0tEJ4o_005.mp4,no
RArhIHk4Qs4_000,data/raw/CMU-MOSEI/segments/RArhIHk4Qs4_000.mp4,no
RArhIHk4Qs4_003,data/raw/CMU-MOSEI/segments/RArhIHk4Qs4_003.mp4,no
RArhIHk4Qs4_004,data/raw/CMU-MOSEI/segments/RArhIHk4Qs4_004.mp4,no
RArhIHk4Qs4_005,data/raw/CMU-MOSEI/segments/RArhIHk4Qs4_005.mp4,no
RArhIHk4Qs4_007,data/raw/CMU-MOSEI/segments/RArhIHk4Qs4_007.mp4,no
RArhIHk4Qs4_008,data/raw/CMU-MOSEI/segments/RArhIHk4Qs4_008.mp4,no
RArhIHk4Qs4_011,data/raw/CMU-MOSEI/segments/RArhIHk4Qs4_011.mp4,no
RArhIHk4Qs4_012,data/raw/CMU-MOSEI/segments/RArhIHk4Qs4_012.mp4,no
RArhIHk4Qs4_013,data/raw/CMU-MOSEI/segments/RArhIHk4Qs4_013.mp4,no
RArhIHk4Qs4_014,data/raw/CMU-MOSEI/segments/RArhIHk4Qs4_014.mp4,no
RArhIHk4Qs4_015,data/raw/CMU-MOSEI/segments/RArhIHk4Qs4_015.mp4,no
RArhIHk4Qs4_016,data/raw/CMU-MOSEI/segments/RArhIHk4Qs4_016.mp4,no
RArhIHk4Qs4_018,data/raw/CMU-MOSEI/segments/RArhIHk4Qs4_018.mp4,no
RArhIHk4Qs4_019,data/raw/CMU-MOSEI/segments/RArhIHk4Qs4_019.mp4,no
RArhIHk4Qs4_020,data/raw/CMU-MOSEI/segments/RArhIHk4Qs4_020.mp4,no
REkPZ77s3Vc_003,data/raw/CMU-MOSEI/segments/REkPZ77s3Vc_003.mp4,no
REkPZ77s3Vc_004,data/raw/CMU-MOSEI/segments/REkPZ77s3Vc_004.mp4,no
RIAEgUKtzxw_001,data/raw/CMU-MOSEI/segments/RIAEgUKtzxw_001.mp4,no
RIAEgUKtzxw_002,data/raw/CMU-MOSEI/segments/RIAEgUKtzxw_002.mp4,no
RLHZ6xtIWSM_001,data/raw/CMU-MOSEI/segments/RLHZ6xtIWSM_001.mp4,no
RLHZ6xtIWSM_002,data/raw/CMU-MOSEI/segments/RLHZ6xtIWSM_002.mp4,no
RLHZ6xtIWSM_004,data/raw/CMU-MOSEI/segments/RLHZ6xtIWSM_004.mp4,no
RLHZ6xtIWSM_005,data/raw/CMU-MOSEI/segments/RLHZ6xtIWSM_005.mp4,no
RLHZ6xtIWSM_006,data/raw/CMU-MOSEI/segments/RLHZ6xtIWSM_006.mp4,no
RLHZ6xtIWSM_007,data/raw/CMU-MOSEI/segments/RLHZ6xtIWSM_007.mp4,no
ROcTx5VEn7o_001,data/raw/CMU-MOSEI/segments/ROcTx5VEn7o_001.mp4,no
ROcTx5VEn7o_005,data/raw/CMU-MOSEI/segments/ROcTx5VEn7o_005.mp4,no
RRKez9BR-94_001,data/raw/CMU-MOSEI/segments/RRKez9BR-94_001.mp4,no
RRKez9BR-94_002,data/raw/CMU-MOSEI/segments/RRKez9BR-94_002.mp4,no
RRKez9BR-94_003,data/raw/CMU-MOSEI/segments/RRKez9BR-94_003.mp4,no
RRKez9BR-94_004,data/raw/CMU-MOSEI/segments/RRKez9BR-94_004.mp4,no
RRKez9BR-94_006,data/raw/CMU-MOSEI/segments/RRKez9BR-94_006.mp4,no
RS5WM3q2ZZQ_000,data/raw/CMU-MOSEI/segments/RS5WM3q2ZZQ_000.mp4,no
RS5WM3q2ZZQ_001,data/raw/CMU-MOSEI/segments/RS5WM3q2ZZQ_001.mp4,no
RS5WM3q2ZZQ_005,data/raw/CMU-MOSEI/segments/RS5WM3q2ZZQ_005.mp4,no
RS5WM3q2ZZQ_006,data/raw/CMU-MOSEI/segments/RS5WM3q2ZZQ_006.mp4,no
RS5WM3q2ZZQ_008,data/raw/CMU-MOSEI/segments/RS5WM3q2ZZQ_008.mp4,no
RS5WM3q2ZZQ_009,data/raw/CMU-MOSEI/segments/RS5WM3q2ZZQ_009.mp4,no
RS5WM3q2ZZQ_011,data/raw/CMU-MOSEI/segments/RS5WM3q2ZZQ_011.mp4,no
RS5WM3q2ZZQ_013,data/raw/CMU-MOSEI/segments/RS5WM3q2ZZQ_013.mp4,no
RS5WM3q2ZZQ_014,data/raw/CMU-MOSEI/segments/RS5WM3q2ZZQ_014.mp4,no
RS5WM3q2ZZQ_016,data/raw/CMU-MOSEI/segments/RS5WM3q2ZZQ_016.mp4,no
RS5WM3q2ZZQ_017,data/raw/CMU-MOSEI/segments/RS5WM3q2ZZQ_017.mp4,no
rsQRiALH5FU_002,data/raw/CMU-MOSEI/segments/rsQRiALH5FU_002.mp4,no
RST6PgpsLws_001,data/raw/CMU-MOSEI/segments/RST6PgpsLws_001.mp4,no
RST6PgpsLws_002,data/raw/CMU-MOSEI/segments/RST6PgpsLws_002.mp4,no
RST6PgpsLws_004,data/raw/CMU-MOSEI/segments/RST6PgpsLws_004.mp4,no
RST6PgpsLws_007,data/raw/CMU-MOSEI/segments/RST6PgpsLws_007.mp4,no
RTzDzj4NxIM_000,data/raw/CMU-MOSEI/segments/RTzDzj4NxIM_000.mp4,no
RTzDzj4NxIM_001,data/raw/CMU-MOSEI/segments/RTzDzj4NxIM_001.mp4,no
RTzDzj4NxIM_002,data/raw/CMU-MOSEI/segments/RTzDzj4NxIM_002.mp4,no
RTzDzj4NxIM_003,data/raw/CMU-MOSEI/segments/RTzDzj4NxIM_003.mp4,no
RTzDzj4NxIM_004,data/raw/CMU-MOSEI/segments/RTzDzj4NxIM_004.mp4,no
RTzDzj4NxIM_006,data/raw/CMU-MOSEI/segments/RTzDzj4NxIM_006.mp4,no
RTzDzj4NxIM_007,data/raw/CMU-MOSEI/segments/RTzDzj4NxIM_007.mp4,no
RVC8l5hf2Eg_000,data/raw/CMU-MOSEI/segments/RVC8l5hf2Eg_000.mp4,no
RVC8l5hf2Eg_002,data/raw/CMU-MOSEI/segments/RVC8l5hf2Eg_002.mp4,no
RVC8l5hf2Eg_003,data/raw/CMU-MOSEI/segments/RVC8l5hf2Eg_003.mp4,no
RVC8l5hf2Eg_004,data/raw/CMU-MOSEI/segments/RVC8l5hf2Eg_004.mp4,no
RVC8l5hf2Eg_008,data/raw/CMU-MOSEI/segments/RVC8l5hf2Eg_008.mp4,no
RVC8l5hf2Eg_009,data/raw/CMU-MOSEI/segments/RVC8l5hf2Eg_009.mp4,no
Rw2pzFGosmw_000,data/raw/CMU-MOSEI/segments/Rw2pzFGosmw_000.mp4,no
Rw2pzFGosmw_001,data/raw/CMU-MOSEI/segments/Rw2pzFGosmw_001.mp4,no
Rw2pzFGosmw_002,data/raw/CMU-MOSEI/segments/Rw2pzFGosmw_002.mp4,no
Rw2pzFGosmw_003,data/raw/CMU-MOSEI/segments/Rw2pzFGosmw_003.mp4,no
Rw2pzFGosmw_004,data/raw/CMU-MOSEI/segments/Rw2pzFGosmw_004.mp4,no
Rw2pzFGosmw_005,data/raw/CMU-MOSEI/segments/Rw2pzFGosmw_005.mp4,no
Rw2pzFGosmw_006,data/raw/CMU-MOSEI/segments/Rw2pzFGosmw_006.mp4,no
RwcTz-tOIeo_000,data/raw/CMU-MOSEI/segments/RwcTz-tOIeo_000.mp4,no
RwcTz-tOIeo_001,data/raw/CMU-MOSEI/segments/RwcTz-tOIeo_001.mp4,no
RwcTz-tOIeo_003,data/raw/CMU-MOSEI/segments/RwcTz-tOIeo_003.mp4,no
rwe-hBNpzH8_000,data/raw/CMU-MOSEI/segments/rwe-hBNpzH8_000.mp4,no
rwe-hBNpzH8_001,data/raw/CMU-MOSEI/segments/rwe-hBNpzH8_001.mp4,no
rwe-hBNpzH8_002,data/raw/CMU-MOSEI/segments/rwe-hBNpzH8_002.mp4,no
rwNlqh0k1j4_002,data/raw/CMU-MOSEI/segments/rwNlqh0k1j4_002.mp4,no
rwNlqh0k1j4_003,data/raw/CMU-MOSEI/segments/rwNlqh0k1j4_003.mp4,no
rwNlqh0k1j4_005,data/raw/CMU-MOSEI/segments/rwNlqh0k1j4_005.mp4,no
rwNlqh0k1j4_007,data/raw/CMU-MOSEI/segments/rwNlqh0k1j4_007.mp4,no
rz4Ax6xfZHQ_001,data/raw/CMU-MOSEI/segments/rz4Ax6xfZHQ_001.mp4,no
rz4Ax6xfZHQ_003,data/raw/CMU-MOSEI/segments/rz4Ax6xfZHQ_003.mp4,no
rz4Ax6xfZHQ_005,data/raw/CMU-MOSEI/segments/rz4Ax6xfZHQ_005.mp4,no
rz4Ax6xfZHQ_006,data/raw/CMU-MOSEI/segments/rz4Ax6xfZHQ_006.mp4,no
rz4Ax6xfZHQ_007,data/raw/CMU-MOSEI/segments/rz4Ax6xfZHQ_007.mp4,no
rz4Ax6xfZHQ_008,data/raw/CMU-MOSEI/segments/rz4Ax6xfZHQ_008.mp4,no
S0ecaAi_CJo_001,data/raw/CMU-MOSEI/segments/S0ecaAi_CJo_001.mp4,no
s1tVE8g6JBc_000,data/raw/CMU-MOSEI/segments/s1tVE8g6JBc_000.mp4,no
s1Yo_MCiMPc_003,data/raw/CMU-MOSEI/segments/s1Yo_MCiMPc_003.mp4,no
s53UAEi7JEY_000,data/raw/CMU-MOSEI/segments/s53UAEi7JEY_000.mp4,no
S9PDgK7fpJI_000,data/raw/CMU-MOSEI/segments/S9PDgK7fpJI_000.mp4,no
S9PDgK7fpJI_001,data/raw/CMU-MOSEI/segments/S9PDgK7fpJI_001.mp4,no
S9PDgK7fpJI_002,data/raw/CMU-MOSEI/segments/S9PDgK7fpJI_002.mp4,no
S9PDgK7fpJI_003,data/raw/CMU-MOSEI/segments/S9PDgK7fpJI_003.mp4,no
S9PDgK7fpJI_004,data/raw/CMU-MOSEI/segments/S9PDgK7fpJI_004.mp4,no
S9PDgK7fpJI_005,data/raw/CMU-MOSEI/segments/S9PDgK7fpJI_005.mp4,no
S9PDgK7fpJI_006,data/raw/CMU-MOSEI/segments/S9PDgK7fpJI_006.mp4,no
S9PDgK7fpJI_007,data/raw/CMU-MOSEI/segments/S9PDgK7fpJI_007.mp4,no
S9PDgK7fpJI_008,data/raw/CMU-MOSEI/segments/S9PDgK7fpJI_008.mp4,no
S9PDgK7fpJI_009,data/raw/CMU-MOSEI/segments/S9PDgK7fpJI_009.mp4,no
S9PDgK7fpJI_011,data/raw/CMU-MOSEI/segments/S9PDgK7fpJI_011.mp4,no
S_ISgjJR1bc_000,data/raw/CMU-MOSEI/segments/S_ISgjJR1bc_000.mp4,no
S_mxvk4LEh0_002,data/raw/CMU-MOSEI/segments/S_mxvk4LEh0_002.mp4,no
S_mxvk4LEh0_004,data/raw/CMU-MOSEI/segments/S_mxvk4LEh0_004.mp4,no
Sb2xMPwNKPo_000,data/raw/CMU-MOSEI/segments/Sb2xMPwNKPo_000.mp4,no
Sb2xMPwNKPo_002,data/raw/CMU-MOSEI/segments/Sb2xMPwNKPo_002.mp4,no
Sb2xMPwNKPo_004,data/raw/CMU-MOSEI/segments/Sb2xMPwNKPo_004.mp4,no
Sb6ftNgzz9M_000,data/raw/CMU-MOSEI/segments/Sb6ftNgzz9M_000.mp4,no
sC16n1k66io_000,data/raw/CMU-MOSEI/segments/sC16n1k66io_000.mp4,no
sFLTjqVS7AE_001,data/raw/CMU-MOSEI/segments/sFLTjqVS7AE_001.mp4,no
sFLTjqVS7AE_002,data/raw/CMU-MOSEI/segments/sFLTjqVS7AE_002.mp4,no
sFLTjqVS7AE_003,data/raw/CMU-MOSEI/segments/sFLTjqVS7AE_003.mp4,no
SGsiGz2fdpo_000,data/raw/CMU-MOSEI/segments/SGsiGz2fdpo_000.mp4,no
SGsiGz2fdpo_003,data/raw/CMU-MOSEI/segments/SGsiGz2fdpo_003.mp4,no
SGsiGz2fdpo_004,data/raw/CMU-MOSEI/segments/SGsiGz2fdpo_004.mp4,no
SGsiGz2fdpo_005,data/raw/CMU-MOSEI/segments/SGsiGz2fdpo_005.mp4,no
SGsiGz2fdpo_006,data/raw/CMU-MOSEI/segments/SGsiGz2fdpo_006.mp4,no
SGsiGz2fdpo_008,data/raw/CMU-MOSEI/segments/SGsiGz2fdpo_008.mp4,no
SGsiGz2fdpo_009,data/raw/CMU-MOSEI/segments/SGsiGz2fdpo_009.mp4,no
SGsiGz2fdpo_010,data/raw/CMU-MOSEI/segments/SGsiGz2fdpo_010.mp4,no
SGsiGz2fdpo_011,data/raw/CMU-MOSEI/segments/SGsiGz2fdpo_011.mp4,no
SGsiGz2fdpo_012,data/raw/CMU-MOSEI/segments/SGsiGz2fdpo_012.mp4,no
SGsiGz2fdpo_013,data/raw/CMU-MOSEI/segments/SGsiGz2fdpo_013.mp4,no
SGsiGz2fdpo_014,data/raw/CMU-MOSEI/segments/SGsiGz2fdpo_014.mp4,no
SGsiGz2fdpo_018,data/raw/CMU-MOSEI/segments/SGsiGz2fdpo_018.mp4,no
SGsiGz2fdpo_019,data/raw/CMU-MOSEI/segments/SGsiGz2fdpo_019.mp4,no
SGsiGz2fdpo_020,data/raw/CMU-MOSEI/segments/SGsiGz2fdpo_020.mp4,no
SGsiGz2fdpo_021,data/raw/CMU-MOSEI/segments/SGsiGz2fdpo_021.mp4,no
SGsiGz2fdpo_024,data/raw/CMU-MOSEI/segments/SGsiGz2fdpo_024.mp4,no
SGsiGz2fdpo_025,data/raw/CMU-MOSEI/segments/SGsiGz2fdpo_025.mp4,no
SGsiGz2fdpo_026,data/raw/CMU-MOSEI/segments/SGsiGz2fdpo_026.mp4,no
SGsiGz2fdpo_027,data/raw/CMU-MOSEI/segments/SGsiGz2fdpo_027.mp4,no
SGsiGz2fdpo_028,data/raw/CMU-MOSEI/segments/SGsiGz2fdpo_028.mp4,no
SGsiGz2fdpo_029,data/raw/CMU-MOSEI/segments/SGsiGz2fdpo_029.mp4,no
SGsiGz2fdpo_030,data/raw/CMU-MOSEI/segments/SGsiGz2fdpo_030.mp4,no
SH0OYx3fR7s_001,data/raw/CMU-MOSEI/segments/SH0OYx3fR7s_001.mp4,no
SH0OYx3fR7s_003,data/raw/CMU-MOSEI/segments/SH0OYx3fR7s_003.mp4,no
SH0OYx3fR7s_004,data/raw/CMU-MOSEI/segments/SH0OYx3fR7s_004.mp4,no
SH0wXyhsx9s_001,data/raw/CMU-MOSEI/segments/SH0wXyhsx9s_001.mp4,no
SHa756SwGJQ_000,data/raw/CMU-MOSEI/segments/SHa756SwGJQ_000.mp4,no
SHa756SwGJQ_001,data/raw/CMU-MOSEI/segments/SHa756SwGJQ_001.mp4,no
SHa756SwGJQ_003,data/raw/CMU-MOSEI/segments/SHa756SwGJQ_003.mp4,no
SHa756SwGJQ_004,data/raw/CMU-MOSEI/segments/SHa756SwGJQ_004.mp4,no
SHa756SwGJQ_005,data/raw/CMU-MOSEI/segments/SHa756SwGJQ_005.mp4,no
SHa756SwGJQ_007,data/raw/CMU-MOSEI/segments/SHa756SwGJQ_007.mp4,no
ShgrdU9WAJE_000,data/raw/CMU-MOSEI/segments/ShgrdU9WAJE_000.mp4,no
ShgrdU9WAJE_001,data/raw/CMU-MOSEI/segments/ShgrdU9WAJE_001.mp4,no
ShgrdU9WAJE_002,data/raw/CMU-MOSEI/segments/ShgrdU9WAJE_002.mp4,no
ShgrdU9WAJE_003,data/raw/CMU-MOSEI/segments/ShgrdU9WAJE_003.mp4,no
ShgrdU9WAJE_004,data/raw/CMU-MOSEI/segments/ShgrdU9WAJE_004.mp4,no
ShgrdU9WAJE_006,data/raw/CMU-MOSEI/segments/ShgrdU9WAJE_006.mp4,no
ShgrdU9WAJE_007,data/raw/CMU-MOSEI/segments/ShgrdU9WAJE_007.mp4,no
ShgrdU9WAJE_008,data/raw/CMU-MOSEI/segments/ShgrdU9WAJE_008.mp4,no
ShgrdU9WAJE_010,data/raw/CMU-MOSEI/segments/ShgrdU9WAJE_010.mp4,no
ShgrdU9WAJE_011,data/raw/CMU-MOSEI/segments/ShgrdU9WAJE_011.mp4,no
ShgrdU9WAJE_012,data/raw/CMU-MOSEI/segments/ShgrdU9WAJE_012.mp4,no
SI39azgVUR8_001,data/raw/CMU-MOSEI/segments/SI39azgVUR8_001.mp4,no
SI39azgVUR8_002,data/raw/CMU-MOSEI/segments/SI39azgVUR8_002.mp4,no
SI39azgVUR8_003,data/raw/CMU-MOSEI/segments/SI39azgVUR8_003.mp4,no
sIGAq2J4KKI_001,data/raw/CMU-MOSEI/segments/sIGAq2J4KKI_001.mp4,no
sIGAq2J4KKI_002,data/raw/CMU-MOSEI/segments/sIGAq2J4KKI_002.mp4,no
Sir2QeCh4B0_001,data/raw/CMU-MOSEI/segments/Sir2QeCh4B0_001.mp4,no
Sir2QeCh4B0_002,data/raw/CMU-MOSEI/segments/Sir2QeCh4B0_002.mp4,no
Sir2QeCh4B0_003,data/raw/CMU-MOSEI/segments/Sir2QeCh4B0_003.mp4,no
Sir2QeCh4B0_004,data/raw/CMU-MOSEI/segments/Sir2QeCh4B0_004.mp4,no
Sir2QeCh4B0_005,data/raw/CMU-MOSEI/segments/Sir2QeCh4B0_005.mp4,no
Sir2QeCh4B0_006,data/raw/CMU-MOSEI/segments/Sir2QeCh4B0_006.mp4,no
Sir2QeCh4B0_007,data/raw/CMU-MOSEI/segments/Sir2QeCh4B0_007.mp4,no
sjoArVtU8-o_000,data/raw/CMU-MOSEI/segments/sjoArVtU8-o_000.mp4,no
sjoArVtU8-o_001,data/raw/CMU-MOSEI/segments/sjoArVtU8-o_001.mp4,no
sjoArVtU8-o_003,data/raw/CMU-MOSEI/segments/sjoArVtU8-o_003.mp4,no
sjoArVtU8-o_004,data/raw/CMU-MOSEI/segments/sjoArVtU8-o_004.mp4,no
sjoArVtU8-o_006,data/raw/CMU-MOSEI/segments/sjoArVtU8-o_006.mp4,no
sK9_de5Jx4U_000,data/raw/CMU-MOSEI/segments/sK9_de5Jx4U_000.mp4,no
skp_SpnIOCM_000,data/raw/CMU-MOSEI/segments/skp_SpnIOCM_000.mp4,no
skp_SpnIOCM_002,data/raw/CMU-MOSEI/segments/skp_SpnIOCM_002.mp4,no
SKTyBOhDX6U_002,data/raw/CMU-MOSEI/segments/SKTyBOhDX6U_002.mp4,no
SKTyBOhDX6U_003,data/raw/CMU-MOSEI/segments/SKTyBOhDX6U_003.mp4,no
SKTyBOhDX6U_004,data/raw/CMU-MOSEI/segments/SKTyBOhDX6U_004.mp4,no
SKTyBOhDX6U_005,data/raw/CMU-MOSEI/segments/SKTyBOhDX6U_005.mp4,no
SKTyBOhDX6U_006,data/raw/CMU-MOSEI/segments/SKTyBOhDX6U_006.mp4,no
SKTyBOhDX6U_007,data/raw/CMU-MOSEI/segments/SKTyBOhDX6U_007.mp4,no
SKTyBOhDX6U_008,data/raw/CMU-MOSEI/segments/SKTyBOhDX6U_008.mp4,no
SKTyBOhDX6U_009,data/raw/CMU-MOSEI/segments/SKTyBOhDX6U_009.mp4,no
sKwPCpFtUUI_000,data/raw/CMU-MOSEI/segments/sKwPCpFtUUI_000.mp4,no
sKwPCpFtUUI_001,data/raw/CMU-MOSEI/segments/sKwPCpFtUUI_001.mp4,no
sLaTZtL0ZIk_000,data/raw/CMU-MOSEI/segments/sLaTZtL0ZIk_000.mp4,no
SLi2gT5H6m8_000,data/raw/CMU-MOSEI/segments/SLi2gT5H6m8_000.mp4,no
SLi2gT5H6m8_001,data/raw/CMU-MOSEI/segments/SLi2gT5H6m8_001.mp4,no
SLi2gT5H6m8_002,data/raw/CMU-MOSEI/segments/SLi2gT5H6m8_002.mp4,no
SLi2gT5H6m8_003,data/raw/CMU-MOSEI/segments/SLi2gT5H6m8_003.mp4,no
SLi2gT5H6m8_004,data/raw/CMU-MOSEI/segments/SLi2gT5H6m8_004.mp4,no
SLi2gT5H6m8_006,data/raw/CMU-MOSEI/segments/SLi2gT5H6m8_006.mp4,no
SLi2gT5H6m8_007,data/raw/CMU-MOSEI/segments/SLi2gT5H6m8_007.mp4,no
SLi2gT5H6m8_008,data/raw/CMU-MOSEI/segments/SLi2gT5H6m8_008.mp4,no
SLi2gT5H6m8_009,data/raw/CMU-MOSEI/segments/SLi2gT5H6m8_009.mp4,no
sMnbpyFqrlE_001,data/raw/CMU-MOSEI/segments/sMnbpyFqrlE_001.mp4,no
sMnbpyFqrlE_002,data/raw/CMU-MOSEI/segments/sMnbpyFqrlE_002.mp4,no
sMnbpyFqrlE_003,data/raw/CMU-MOSEI/segments/sMnbpyFqrlE_003.mp4,no
sMnbpyFqrlE_004,data/raw/CMU-MOSEI/segments/sMnbpyFqrlE_004.mp4,no
sMnbpyFqrlE_005,data/raw/CMU-MOSEI/segments/sMnbpyFqrlE_005.mp4,no
sMnbpyFqrlE_006,data/raw/CMU-MOSEI/segments/sMnbpyFqrlE_006.mp4,no
sMnbpyFqrlE_007,data/raw/CMU-MOSEI/segments/sMnbpyFqrlE_007.mp4,no
sMnbpyFqrlE_008,data/raw/CMU-MOSEI/segments/sMnbpyFqrlE_008.mp4,no
sMnbpyFqrlE_009,data/raw/CMU-MOSEI/segments/sMnbpyFqrlE_009.mp4,no
SMr2DprlLu4_000,data/raw/CMU-MOSEI/segments/SMr2DprlLu4_000.mp4,no
sn1fEo72gJM_000,data/raw/CMU-MOSEI/segments/sn1fEo72gJM_000.mp4,no
sn1fEo72gJM_003,data/raw/CMU-MOSEI/segments/sn1fEo72gJM_003.mp4,no
snVkfJKvjwk_000,data/raw/CMU-MOSEI/segments/snVkfJKvjwk_000.mp4,no
So3bPzg2bq0_000,data/raw/CMU-MOSEI/segments/So3bPzg2bq0_000.mp4,no
So3bPzg2bq0_001,data/raw/CMU-MOSEI/segments/So3bPzg2bq0_001.mp4,no
So3bPzg2bq0_002,data/raw/CMU-MOSEI/segments/So3bPzg2bq0_002.mp4,no
So3bPzg2bq0_003,data/raw/CMU-MOSEI/segments/So3bPzg2bq0_003.mp4,no
So3bPzg2bq0_004,data/raw/CMU-MOSEI/segments/So3bPzg2bq0_004.mp4,no
So3bPzg2bq0_006,data/raw/CMU-MOSEI/segments/So3bPzg2bq0_006.mp4,no
soqnBdPOwoo_000,data/raw/CMU-MOSEI/segments/soqnBdPOwoo_000.mp4,no
soqnBdPOwoo_001,data/raw/CMU-MOSEI/segments/soqnBdPOwoo_001.mp4,no
soqnBdPOwoo_003,data/raw/CMU-MOSEI/segments/soqnBdPOwoo_003.mp4,no
soqnBdPOwoo_004,data/raw/CMU-MOSEI/segments/soqnBdPOwoo_004.mp4,no
sPremsknoLM_000,data/raw/CMU-MOSEI/segments/sPremsknoLM_000.mp4,no
sPremsknoLM_001,data/raw/CMU-MOSEI/segments/sPremsknoLM_001.mp4,no
sPremsknoLM_002,data/raw/CMU-MOSEI/segments/sPremsknoLM_002.mp4,no
sPxoGNvnVzg_000,data/raw/CMU-MOSEI/segments/sPxoGNvnVzg_000.mp4,no
sPxoGNvnVzg_001,data/raw/CMU-MOSEI/segments/sPxoGNvnVzg_001.mp4,no
sPxoGNvnVzg_002,data/raw/CMU-MOSEI/segments/sPxoGNvnVzg_002.mp4,no
sPxoGNvnVzg_004,data/raw/CMU-MOSEI/segments/sPxoGNvnVzg_004.mp4,no
SqAiJrvHXNA_002,data/raw/CMU-MOSEI/segments/SqAiJrvHXNA_002.mp4,no
SqAiJrvHXNA_006,data/raw/CMU-MOSEI/segments/SqAiJrvHXNA_006.mp4,no
srbrWyZRMCI_000,data/raw/CMU-MOSEI/segments/srbrWyZRMCI_000.mp4,no
srbrWyZRMCI_001,data/raw/CMU-MOSEI/segments/srbrWyZRMCI_001.mp4,no
srbrWyZRMCI_002,data/raw/CMU-MOSEI/segments/srbrWyZRMCI_002.mp4,no
srbrWyZRMCI_003,data/raw/CMU-MOSEI/segments/srbrWyZRMCI_003.mp4,no
srbrWyZRMCI_004,data/raw/CMU-MOSEI/segments/srbrWyZRMCI_004.mp4,no
srbrWyZRMCI_008,data/raw/CMU-MOSEI/segments/srbrWyZRMCI_008.mp4,no
srbrWyZRMCI_009,data/raw/CMU-MOSEI/segments/srbrWyZRMCI_009.mp4,no
srbrWyZRMCI_010,data/raw/CMU-MOSEI/segments/srbrWyZRMCI_010.mp4,no
sRex0-9yFFc_000,data/raw/CMU-MOSEI/segments/sRex0-9yFFc_000.mp4,no
SrMN3rwvCsE_000,data/raw/CMU-MOSEI/segments/SrMN3rwvCsE_000.mp4,no
SrMN3rwvCsE_002,data/raw/CMU-MOSEI/segments/SrMN3rwvCsE_002.mp4,no
SrMN3rwvCsE_003,data/raw/CMU-MOSEI/segments/SrMN3rwvCsE_003.mp4,no
SrMN3rwvCsE_004,data/raw/CMU-MOSEI/segments/SrMN3rwvCsE_004.mp4,no
SrMN3rwvCsE_005,data/raw/CMU-MOSEI/segments/SrMN3rwvCsE_005.mp4,no
SrMN3rwvCsE_006,data/raw/CMU-MOSEI/segments/SrMN3rwvCsE_006.mp4,no
ssqiwP19JhM_001,data/raw/CMU-MOSEI/segments/ssqiwP19JhM_001.mp4,no
ssqiwP19JhM_002,data/raw/CMU-MOSEI/segments/ssqiwP19JhM_002.mp4,no
STeqtJLakQQ_000,data/raw/CMU-MOSEI/segments/STeqtJLakQQ_000.mp4,no
STeqtJLakQQ_001,data/raw/CMU-MOSEI/segments/STeqtJLakQQ_001.mp4,no
STeqtJLakQQ_003,data/raw/CMU-MOSEI/segments/STeqtJLakQQ_003.mp4,no
STeqtJLakQQ_004,data/raw/CMU-MOSEI/segments/STeqtJLakQQ_004.mp4,no
STeqtJLakQQ_005,data/raw/CMU-MOSEI/segments/STeqtJLakQQ_005.mp4,no
STeqtJLakQQ_006,data/raw/CMU-MOSEI/segments/STeqtJLakQQ_006.mp4,no
StgqrTr0JqU_003,data/raw/CMU-MOSEI/segments/StgqrTr0JqU_003.mp4,no
StgqrTr0JqU_008,data/raw/CMU-MOSEI/segments/StgqrTr0JqU_008.mp4,no
StgqrTr0JqU_010,data/raw/CMU-MOSEI/segments/StgqrTr0JqU_010.mp4,no
StgqrTr0JqU_011,data/raw/CMU-MOSEI/segments/StgqrTr0JqU_011.mp4,no
SuKnUzid-1g_000,data/raw/CMU-MOSEI/segments/SuKnUzid-1g_000.mp4,no
SuKnUzid-1g_001,data/raw/CMU-MOSEI/segments/SuKnUzid-1g_001.mp4,no
svsbGQn389o_001,data/raw/CMU-MOSEI/segments/svsbGQn389o_001.mp4,no
SWHmteF5Rlk_002,data/raw/CMU-MOSEI/segments/SWHmteF5Rlk_002.mp4,no
SWHmteF5Rlk_003,data/raw/CMU-MOSEI/segments/SWHmteF5Rlk_003.mp4,no
SWHmteF5Rlk_005,data/raw/CMU-MOSEI/segments/SWHmteF5Rlk_005.mp4,no
SWHmteF5Rlk_006,data/raw/CMU-MOSEI/segments/SWHmteF5Rlk_006.mp4,no
SWHmteF5Rlk_007,data/raw/CMU-MOSEI/segments/SWHmteF5Rlk_007.mp4,no
sWsDAG6x9n0_000,data/raw/CMU-MOSEI/segments/sWsDAG6x9n0_000.mp4,no
sWsDAG6x9n0_002,data/raw/CMU-MOSEI/segments/sWsDAG6x9n0_002.mp4,no
SwT0gh0V8fI_003,data/raw/CMU-MOSEI/segments/SwT0gh0V8fI_003.mp4,no
SwT0gh0V8fI_004,data/raw/CMU-MOSEI/segments/SwT0gh0V8fI_004.mp4,no
SwT0gh0V8fI_006,data/raw/CMU-MOSEI/segments/SwT0gh0V8fI_006.mp4,no
SwT0gh0V8fI_013,data/raw/CMU-MOSEI/segments/SwT0gh0V8fI_013.mp4,no
SxbTZjZD0vU_000,data/raw/CMU-MOSEI/segments/SxbTZjZD0vU_000.mp4,no
SxbTZjZD0vU_001,data/raw/CMU-MOSEI/segments/SxbTZjZD0vU_001.mp4,no
SxbTZjZD0vU_002,data/raw/CMU-MOSEI/segments/SxbTZjZD0vU_002.mp4,no
SxbTZjZD0vU_004,data/raw/CMU-MOSEI/segments/SxbTZjZD0vU_004.mp4,no
SxbTZjZD0vU_005,data/raw/CMU-MOSEI/segments/SxbTZjZD0vU_005.mp4,no
SYnygYs-fAg_004,data/raw/CMU-MOSEI/segments/SYnygYs-fAg_004.mp4,no
SYnygYs-fAg_005,data/raw/CMU-MOSEI/segments/SYnygYs-fAg_005.mp4,no
SYnygYs-fAg_006,data/raw/CMU-MOSEI/segments/SYnygYs-fAg_006.mp4,no
SYnygYs-fAg_007,data/raw/CMU-MOSEI/segments/SYnygYs-fAg_007.mp4,no
SYnygYs-fAg_008,data/raw/CMU-MOSEI/segments/SYnygYs-fAg_008.mp4,no
SYnygYs-fAg_009,data/raw/CMU-MOSEI/segments/SYnygYs-fAg_009.mp4,no
SYnygYs-fAg_010,data/raw/CMU-MOSEI/segments/SYnygYs-fAg_010.mp4,no
SYnygYs-fAg_012,data/raw/CMU-MOSEI/segments/SYnygYs-fAg_012.mp4,no
SYnygYs-fAg_015,data/raw/CMU-MOSEI/segments/SYnygYs-fAg_015.mp4,no
SYQ_zv8dWng_000,data/raw/CMU-MOSEI/segments/SYQ_zv8dWng_000.mp4,no
SYQ_zv8dWng_001,data/raw/CMU-MOSEI/segments/SYQ_zv8dWng_001.mp4,no
SYQ_zv8dWng_003,data/raw/CMU-MOSEI/segments/SYQ_zv8dWng_003.mp4,no
SYQ_zv8dWng_004,data/raw/CMU-MOSEI/segments/SYQ_zv8dWng_004.mp4,no
SYQ_zv8dWng_006,data/raw/CMU-MOSEI/segments/SYQ_zv8dWng_006.mp4,no
SYQ_zv8dWng_008,data/raw/CMU-MOSEI/segments/SYQ_zv8dWng_008.mp4,no
SZ7HK5ns6mE_002,data/raw/CMU-MOSEI/segments/SZ7HK5ns6mE_002.mp4,no
SZ7HK5ns6mE_003,data/raw/CMU-MOSEI/segments/SZ7HK5ns6mE_003.mp4,no
SZ7HK5ns6mE_004,data/raw/CMU-MOSEI/segments/SZ7HK5ns6mE_004.mp4,no
SZ7HK5ns6mE_005,data/raw/CMU-MOSEI/segments/SZ7HK5ns6mE_005.mp4,no
SZRxuS6fn9s_000,data/raw/CMU-MOSEI/segments/SZRxuS6fn9s_000.mp4,no
SZRxuS6fn9s_001,data/raw/CMU-MOSEI/segments/SZRxuS6fn9s_001.mp4,no
SZRxuS6fn9s_002,data/raw/CMU-MOSEI/segments/SZRxuS6fn9s_002.mp4,no
SZRxuS6fn9s_003,data/raw/CMU-MOSEI/segments/SZRxuS6fn9s_003.mp4,no
T-8TvJcS78w_002,data/raw/CMU-MOSEI/segments/T-8TvJcS78w_002.mp4,no
T-8TvJcS78w_004,data/raw/CMU-MOSEI/segments/T-8TvJcS78w_004.mp4,no
T-8TvJcS78w_005,data/raw/CMU-MOSEI/segments/T-8TvJcS78w_005.mp4,no
T-vqHR989bM_000,data/raw/CMU-MOSEI/segments/T-vqHR989bM_000.mp4,no
T-vqHR989bM_001,data/raw/CMU-MOSEI/segments/T-vqHR989bM_001.mp4,no
t-wXEPHHtME_002,data/raw/CMU-MOSEI/segments/t-wXEPHHtME_002.mp4,no
T1icdxz0TNs_001,data/raw/CMU-MOSEI/segments/T1icdxz0TNs_001.mp4,no
t2U7w3K2qac_001,data/raw/CMU-MOSEI/segments/t2U7w3K2qac_001.mp4,no
T4e4Ba1sRg0_002,data/raw/CMU-MOSEI/segments/T4e4Ba1sRg0_002.mp4,no
T4e4Ba1sRg0_004,data/raw/CMU-MOSEI/segments/T4e4Ba1sRg0_004.mp4,no
T4e4Ba1sRg0_005,data/raw/CMU-MOSEI/segments/T4e4Ba1sRg0_005.mp4,no
t7a3zECpT4k_001,data/raw/CMU-MOSEI/segments/t7a3zECpT4k_001.mp4,no
t7a3zECpT4k_003,data/raw/CMU-MOSEI/segments/t7a3zECpT4k_003.mp4,no
ta26Z2YEVMQ_000,data/raw/CMU-MOSEI/segments/ta26Z2YEVMQ_000.mp4,no
ta26Z2YEVMQ_002,data/raw/CMU-MOSEI/segments/ta26Z2YEVMQ_002.mp4,no
ta26Z2YEVMQ_003,data/raw/CMU-MOSEI/segments/ta26Z2YEVMQ_003.mp4,no
Ta_IgA3XJ3s_000,data/raw/CMU-MOSEI/segments/Ta_IgA3XJ3s_000.mp4,no
Ta_IgA3XJ3s_002,data/raw/CMU-MOSEI/segments/Ta_IgA3XJ3s_002.mp4,no
Ta_IgA3XJ3s_003,data/raw/CMU-MOSEI/segments/Ta_IgA3XJ3s_003.mp4,no
Ta_IgA3XJ3s_004,data/raw/CMU-MOSEI/segments/Ta_IgA3XJ3s_004.mp4,no
Ta_IgA3XJ3s_005,data/raw/CMU-MOSEI/segments/Ta_IgA3XJ3s_005.mp4,no
taGs3-SMoYM_002,data/raw/CMU-MOSEI/segments/taGs3-SMoYM_002.mp4,no
taGs3-SMoYM_003,data/raw/CMU-MOSEI/segments/taGs3-SMoYM_003.mp4,no
taGs3-SMoYM_005,data/raw/CMU-MOSEI/segments/taGs3-SMoYM_005.mp4,no
TBCjKGYBNIo_000,data/raw/CMU-MOSEI/segments/TBCjKGYBNIo_000.mp4,no
TBCjKGYBNIo_001,data/raw/CMU-MOSEI/segments/TBCjKGYBNIo_001.mp4,no
TBCjKGYBNIo_003,data/raw/CMU-MOSEI/segments/TBCjKGYBNIo_003.mp4,no
TBCjKGYBNIo_004,data/raw/CMU-MOSEI/segments/TBCjKGYBNIo_004.mp4,no
TBCjKGYBNIo_005,data/raw/CMU-MOSEI/segments/TBCjKGYBNIo_005.mp4,no
TBCjKGYBNIo_006,data/raw/CMU-MOSEI/segments/TBCjKGYBNIo_006.mp4,no
TBCjKGYBNIo_007,data/raw/CMU-MOSEI/segments/TBCjKGYBNIo_007.mp4,no
TBCjKGYBNIo_008,data/raw/CMU-MOSEI/segments/TBCjKGYBNIo_008.mp4,no
TBCjKGYBNIo_009,data/raw/CMU-MOSEI/segments/TBCjKGYBNIo_009.mp4,no
TBCjKGYBNIo_010,data/raw/CMU-MOSEI/segments/TBCjKGYBNIo_010.mp4,no
TBCjKGYBNIo_011,data/raw/CMU-MOSEI/segments/TBCjKGYBNIo_011.mp4,no
TBCjKGYBNIo_012,data/raw/CMU-MOSEI/segments/TBCjKGYBNIo_012.mp4,no
TBCjKGYBNIo_013,data/raw/CMU-MOSEI/segments/TBCjKGYBNIo_013.mp4,no
TBCjKGYBNIo_016,data/raw/CMU-MOSEI/segments/TBCjKGYBNIo_016.mp4,no
TBCjKGYBNIo_017,data/raw/CMU-MOSEI/segments/TBCjKGYBNIo_017.mp4,no
TBwetweXRb4_001,data/raw/CMU-MOSEI/segments/TBwetweXRb4_001.mp4,no
TBwetweXRb4_002,data/raw/CMU-MOSEI/segments/TBwetweXRb4_002.mp4,no
TbZPa_keawc_000,data/raw/CMU-MOSEI/segments/TbZPa_keawc_000.mp4,no
TbZPa_keawc_002,data/raw/CMU-MOSEI/segments/TbZPa_keawc_002.mp4,no
TbZPa_keawc_005,data/raw/CMU-MOSEI/segments/TbZPa_keawc_005.mp4,no
TcTGCIh6e5s_001,data/raw/CMU-MOSEI/segments/TcTGCIh6e5s_001.mp4,no
TcTGCIh6e5s_002,data/raw/CMU-MOSEI/segments/TcTGCIh6e5s_002.mp4,no
TcTGCIh6e5s_003,data/raw/CMU-MOSEI/segments/TcTGCIh6e5s_003.mp4,no
TcTGCIh6e5s_004,data/raw/CMU-MOSEI/segments/TcTGCIh6e5s_004.mp4,no
TcTGCIh6e5s_006,data/raw/CMU-MOSEI/segments/TcTGCIh6e5s_006.mp4,no
TdCfpMRiA1c_000,data/raw/CMU-MOSEI/segments/TdCfpMRiA1c_000.mp4,no
TdCfpMRiA1c_001,data/raw/CMU-MOSEI/segments/TdCfpMRiA1c_001.mp4,no
TdCfpMRiA1c_002,data/raw/CMU-MOSEI/segments/TdCfpMRiA1c_002.mp4,no
TdCfpMRiA1c_003,data/raw/CMU-MOSEI/segments/TdCfpMRiA1c_003.mp4,no
TdCfpMRiA1c_005,data/raw/CMU-MOSEI/segments/TdCfpMRiA1c_005.mp4,no
TdCfpMRiA1c_006,data/raw/CMU-MOSEI/segments/TdCfpMRiA1c_006.mp4,no
TdCfpMRiA1c_007,data/raw/CMU-MOSEI/segments/TdCfpMRiA1c_007.mp4,no
tdIZZ9v0IGA_000,data/raw/CMU-MOSEI/segments/tdIZZ9v0IGA_000.mp4,no
tdIZZ9v0IGA_001,data/raw/CMU-MOSEI/segments/tdIZZ9v0IGA_001.mp4,no
tdIZZ9v0IGA_002,data/raw/CMU-MOSEI/segments/tdIZZ9v0IGA_002.mp4,no
tdIZZ9v0IGA_004,data/raw/CMU-MOSEI/segments/tdIZZ9v0IGA_004.mp4,no
tdIZZ9v0IGA_005,data/raw/CMU-MOSEI/segments/tdIZZ9v0IGA_005.mp4,no
tgrxA3CiBv0_000,data/raw/CMU-MOSEI/segments/tgrxA3CiBv0_000.mp4,no
tgrxA3CiBv0_001,data/raw/CMU-MOSEI/segments/tgrxA3CiBv0_001.mp4,no
tgrxA3CiBv0_004,data/raw/CMU-MOSEI/segments/tgrxA3CiBv0_004.mp4,no
tgrxA3CiBv0_006,data/raw/CMU-MOSEI/segments/tgrxA3CiBv0_006.mp4,no
tgrxA3CiBv0_007,data/raw/CMU-MOSEI/segments/tgrxA3CiBv0_007.mp4,no
TH32jop4FiI_000,data/raw/CMU-MOSEI/segments/TH32jop4FiI_000.mp4,no
TH32jop4FiI_001,data/raw/CMU-MOSEI/segments/TH32jop4FiI_001.mp4,no
TH32jop4FiI_004,data/raw/CMU-MOSEI/segments/TH32jop4FiI_004.mp4,no
TH32jop4FiI_005,data/raw/CMU-MOSEI/segments/TH32jop4FiI_005.mp4,no
TH32jop4FiI_006,data/raw/CMU-MOSEI/segments/TH32jop4FiI_006.mp4,no
TH32jop4FiI_008,data/raw/CMU-MOSEI/segments/TH32jop4FiI_008.mp4,no
TH32jop4FiI_009,data/raw/CMU-MOSEI/segments/TH32jop4FiI_009.mp4,no
TH32jop4FiI_010,data/raw/CMU-MOSEI/segments/TH32jop4FiI_010.mp4,no
TH32jop4FiI_011,data/raw/CMU-MOSEI/segments/TH32jop4FiI_011.mp4,no
Tiq67-bAV3M_000,data/raw/CMU-MOSEI/segments/Tiq67-bAV3M_000.mp4,no
Tiq67-bAV3M_001,data/raw/CMU-MOSEI/segments/Tiq67-bAV3M_001.mp4,no
Tiq67-bAV3M_004,data/raw/CMU-MOSEI/segments/Tiq67-bAV3M_004.mp4,no
TJelZLbfT2A_000,data/raw/CMU-MOSEI/segments/TJelZLbfT2A_000.mp4,no
TJelZLbfT2A_002,data/raw/CMU-MOSEI/segments/TJelZLbfT2A_002.mp4,no
TJelZLbfT2A_003,data/raw/CMU-MOSEI/segments/TJelZLbfT2A_003.mp4,no
TJelZLbfT2A_005,data/raw/CMU-MOSEI/segments/TJelZLbfT2A_005.mp4,no
TJelZLbfT2A_006,data/raw/CMU-MOSEI/segments/TJelZLbfT2A_006.mp4,no
TJelZLbfT2A_009,data/raw/CMU-MOSEI/segments/TJelZLbfT2A_009.mp4,no
TksWzxo81Mk_007,data/raw/CMU-MOSEI/segments/TksWzxo81Mk_007.mp4,no
tkzdanzsA0A_000,data/raw/CMU-MOSEI/segments/tkzdanzsA0A_000.mp4,no
tkzdanzsA0A_001,data/raw/CMU-MOSEI/segments/tkzdanzsA0A_001.mp4,no
tkzdanzsA0A_002,data/raw/CMU-MOSEI/segments/tkzdanzsA0A_002.mp4,no
tkzdanzsA0A_003,data/raw/CMU-MOSEI/segments/tkzdanzsA0A_003.mp4,no
tkzdanzsA0A_004,data/raw/CMU-MOSEI/segments/tkzdanzsA0A_004.mp4,no
tkzdanzsA0A_005,data/raw/CMU-MOSEI/segments/tkzdanzsA0A_005.mp4,no
tkzdanzsA0A_006,data/raw/CMU-MOSEI/segments/tkzdanzsA0A_006.mp4,no
tkzdanzsA0A_007,data/raw/CMU-MOSEI/segments/tkzdanzsA0A_007.mp4,no
tkzdanzsA0A_008,data/raw/CMU-MOSEI/segments/tkzdanzsA0A_008.mp4,no
tL8RzwWSmAE_001,data/raw/CMU-MOSEI/segments/tL8RzwWSmAE_001.mp4,no
tL8RzwWSmAE_002,data/raw/CMU-MOSEI/segments/tL8RzwWSmAE_002.mp4,no
TLPlduck5II_002,data/raw/CMU-MOSEI/segments/TLPlduck5II_002.mp4,no
TLPlduck5II_004,data/raw/CMU-MOSEI/segments/TLPlduck5II_004.mp4,no
TLPlduck5II_005,data/raw/CMU-MOSEI/segments/TLPlduck5II_005.mp4,no
TM7cHOHfF70_003,data/raw/CMU-MOSEI/segments/TM7cHOHfF70_003.mp4,no
TM7cHOHfF70_004,data/raw/CMU-MOSEI/segments/TM7cHOHfF70_004.mp4,no
TM7cHOHfF70_006,data/raw/CMU-MOSEI/segments/TM7cHOHfF70_006.mp4,no
TM7cHOHfF70_007,data/raw/CMU-MOSEI/segments/TM7cHOHfF70_007.mp4,no
TM7cHOHfF70_008,data/raw/CMU-MOSEI/segments/TM7cHOHfF70_008.mp4,no
TM7cHOHfF70_009,data/raw/CMU-MOSEI/segments/TM7cHOHfF70_009.mp4,no
tNd3--lvSXE_000,data/raw/CMU-MOSEI/segments/tNd3--lvSXE_000.mp4,no
tNd3--lvSXE_003,data/raw/CMU-MOSEI/segments/tNd3--lvSXE_003.mp4,no
tNd3--lvSXE_004,data/raw/CMU-MOSEI/segments/tNd3--lvSXE_004.mp4,no
tnWmVXZ87h0_001,data/raw/CMU-MOSEI/segments/tnWmVXZ87h0_001.mp4,no
tnWmVXZ87h0_004,data/raw/CMU-MOSEI/segments/tnWmVXZ87h0_004.mp4,no
tnWmVXZ87h0_005,data/raw/CMU-MOSEI/segments/tnWmVXZ87h0_005.mp4,no
tnWmVXZ87h0_006,data/raw/CMU-MOSEI/segments/tnWmVXZ87h0_006.mp4,no
tnWmVXZ87h0_007,data/raw/CMU-MOSEI/segments/tnWmVXZ87h0_007.mp4,no
TNwwVWA-oAE_002,data/raw/CMU-MOSEI/segments/TNwwVWA-oAE_002.mp4,no
TNwwVWA-oAE_003,data/raw/CMU-MOSEI/segments/TNwwVWA-oAE_003.mp4,no
TNwwVWA-oAE_005,data/raw/CMU-MOSEI/segments/TNwwVWA-oAE_005.mp4,no
TO5HjoK8Iu8_002,data/raw/CMU-MOSEI/segments/TO5HjoK8Iu8_002.mp4,no
TO5HjoK8Iu8_003,data/raw/CMU-MOSEI/segments/TO5HjoK8Iu8_003.mp4,no
TO5HjoK8Iu8_008,data/raw/CMU-MOSEI/segments/TO5HjoK8Iu8_008.mp4,no
TO5HjoK8Iu8_009,data/raw/CMU-MOSEI/segments/TO5HjoK8Iu8_009.mp4,no
tO68uTk-T_E_001,data/raw/CMU-MOSEI/segments/tO68uTk-T_E_001.mp4,no
tO68uTk-T_E_002,data/raw/CMU-MOSEI/segments/tO68uTk-T_E_002.mp4,no
Tpdqfpuumg4_001,data/raw/CMU-MOSEI/segments/Tpdqfpuumg4_001.mp4,no
TqQgIxR7thU_000,data/raw/CMU-MOSEI/segments/TqQgIxR7thU_000.mp4,no
trQLgl6ncmk_000,data/raw/CMU-MOSEI/segments/trQLgl6ncmk_000.mp4,no
trQLgl6ncmk_002,data/raw/CMU-MOSEI/segments/trQLgl6ncmk_002.mp4,no
trQLgl6ncmk_004,data/raw/CMU-MOSEI/segments/trQLgl6ncmk_004.mp4,no
tRSPfPlNbMU_000,data/raw/CMU-MOSEI/segments/tRSPfPlNbMU_000.mp4,no
tRSPfPlNbMU_001,data/raw/CMU-MOSEI/segments/tRSPfPlNbMU_001.mp4,no
tRSPfPlNbMU_002,data/raw/CMU-MOSEI/segments/tRSPfPlNbMU_002.mp4,no
tRSPfPlNbMU_003,data/raw/CMU-MOSEI/segments/tRSPfPlNbMU_003.mp4,no
TSDC7CCyeGY_000,data/raw/CMU-MOSEI/segments/TSDC7CCyeGY_000.mp4,no
TSDC7CCyeGY_001,data/raw/CMU-MOSEI/segments/TSDC7CCyeGY_001.mp4,no
TSDC7CCyeGY_002,data/raw/CMU-MOSEI/segments/TSDC7CCyeGY_002.mp4,no
TSDC7CCyeGY_003,data/raw/CMU-MOSEI/segments/TSDC7CCyeGY_003.mp4,no
TSDC7CCyeGY_004,data/raw/CMU-MOSEI/segments/TSDC7CCyeGY_004.mp4,no
TsfyeZ8hgwE_000,data/raw/CMU-MOSEI/segments/TsfyeZ8hgwE_000.mp4,no
ttfaZ8IIWCo_000,data/raw/CMU-MOSEI/segments/ttfaZ8IIWCo_000.mp4,no
ttfaZ8IIWCo_001,data/raw/CMU-MOSEI/segments/ttfaZ8IIWCo_001.mp4,no
ttfaZ8IIWCo_002,data/raw/CMU-MOSEI/segments/ttfaZ8IIWCo_002.mp4,no
ttfaZ8IIWCo_003,data/raw/CMU-MOSEI/segments/ttfaZ8IIWCo_003.mp4,no
ttfaZ8IIWCo_005,data/raw/CMU-MOSEI/segments/ttfaZ8IIWCo_005.mp4,no
ttfaZ8IIWCo_007,data/raw/CMU-MOSEI/segments/ttfaZ8IIWCo_007.mp4,no
ttfaZ8IIWCo_008,data/raw/CMU-MOSEI/segments/ttfaZ8IIWCo_008.mp4,no
tUTf9R5u6r0_000,data/raw/CMU-MOSEI/segments/tUTf9R5u6r0_000.mp4,no
tv8IhQZQuJI_002,data/raw/CMU-MOSEI/segments/tv8IhQZQuJI_002.mp4,no
tv8IhQZQuJI_003,data/raw/CMU-MOSEI/segments/tv8IhQZQuJI_003.mp4,no
tv8IhQZQuJI_005,data/raw/CMU-MOSEI/segments/tv8IhQZQuJI_005.mp4,no
tv8IhQZQuJI_007,data/raw/CMU-MOSEI/segments/tv8IhQZQuJI_007.mp4,no
tvE_DucE0_k_002,data/raw/CMU-MOSEI/segments/tvE_DucE0_k_002.mp4,no
tvE_DucE0_k_003,data/raw/CMU-MOSEI/segments/tvE_DucE0_k_003.mp4,no
tw2xFbfgV4U_000,data/raw/CMU-MOSEI/segments/tw2xFbfgV4U_000.mp4,no
tw2xFbfgV4U_001,data/raw/CMU-MOSEI/segments/tw2xFbfgV4U_001.mp4,no
tw2xFbfgV4U_002,data/raw/CMU-MOSEI/segments/tw2xFbfgV4U_002.mp4,no
tw2xFbfgV4U_005,data/raw/CMU-MOSEI/segments/tw2xFbfgV4U_005.mp4,no
tw2xFbfgV4U_006,data/raw/CMU-MOSEI/segments/tw2xFbfgV4U_006.mp4,no
tw2xFbfgV4U_008,data/raw/CMU-MOSEI/segments/tw2xFbfgV4U_008.mp4,no
tw2xFbfgV4U_009,data/raw/CMU-MOSEI/segments/tw2xFbfgV4U_009.mp4,no
TwFl4epL244_000,data/raw/CMU-MOSEI/segments/TwFl4epL244_000.mp4,no
TwFl4epL244_002,data/raw/CMU-MOSEI/segments/TwFl4epL244_002.mp4,no
TwFl4epL244_004,data/raw/CMU-MOSEI/segments/TwFl4epL244_004.mp4,no
TwFl4epL244_006,data/raw/CMU-MOSEI/segments/TwFl4epL244_006.mp4,no
TwFl4epL244_007,data/raw/CMU-MOSEI/segments/TwFl4epL244_007.mp4,no
TWMFQED1Myk_000,data/raw/CMU-MOSEI/segments/TWMFQED1Myk_000.mp4,no
TWMFQED1Myk_002,data/raw/CMU-MOSEI/segments/TWMFQED1Myk_002.mp4,no
TWMFQED1Myk_003,data/raw/CMU-MOSEI/segments/TWMFQED1Myk_003.mp4,no
TWMFQED1Myk_004,data/raw/CMU-MOSEI/segments/TWMFQED1Myk_004.mp4,no
TWMFQED1Myk_005,data/raw/CMU-MOSEI/segments/TWMFQED1Myk_005.mp4,no
TWMFQED1Myk_008,data/raw/CMU-MOSEI/segments/TWMFQED1Myk_008.mp4,no
TWMFQED1Myk_009,data/raw/CMU-MOSEI/segments/TWMFQED1Myk_009.mp4,no
TWszOxkOV0w_002,data/raw/CMU-MOSEI/segments/TWszOxkOV0w_002.mp4,no
TwTLsgfpKvA_000,data/raw/CMU-MOSEI/segments/TwTLsgfpKvA_000.mp4,no
TwTLsgfpKvA_001,data/raw/CMU-MOSEI/segments/TwTLsgfpKvA_001.mp4,no
TwTLsgfpKvA_002,data/raw/CMU-MOSEI/segments/TwTLsgfpKvA_002.mp4,no
TwTLsgfpKvA_003,data/raw/CMU-MOSEI/segments/TwTLsgfpKvA_003.mp4,no
TwTLsgfpKvA_004,data/raw/CMU-MOSEI/segments/TwTLsgfpKvA_004.mp4,no
TwTLsgfpKvA_005,data/raw/CMU-MOSEI/segments/TwTLsgfpKvA_005.mp4,no
TwTLsgfpKvA_009,data/raw/CMU-MOSEI/segments/TwTLsgfpKvA_009.mp4,no
TxJjAK0WrOY_001,data/raw/CMU-MOSEI/segments/TxJjAK0WrOY_001.mp4,no
txjqbr6FoZs_003,data/raw/CMU-MOSEI/segments/txjqbr6FoZs_003.mp4,no
txjqbr6FoZs_007,data/raw/CMU-MOSEI/segments/txjqbr6FoZs_007.mp4,no
tXQQ0joMq1Q_000,data/raw/CMU-MOSEI/segments/tXQQ0joMq1Q_000.mp4,no
TxRS6vJ9ak0_000,data/raw/CMU-MOSEI/segments/TxRS6vJ9ak0_000.mp4,no
TxRS6vJ9ak0_001,data/raw/CMU-MOSEI/segments/TxRS6vJ9ak0_001.mp4,no
TxRS6vJ9ak0_002,data/raw/CMU-MOSEI/segments/TxRS6vJ9ak0_002.mp4,no
TxRS6vJ9ak0_005,data/raw/CMU-MOSEI/segments/TxRS6vJ9ak0_005.mp4,no
TxRS6vJ9ak0_006,data/raw/CMU-MOSEI/segments/TxRS6vJ9ak0_006.mp4,no
TxRtSItpGMo_000,data/raw/CMU-MOSEI/segments/TxRtSItpGMo_000.mp4,no
TxRtSItpGMo_002,data/raw/CMU-MOSEI/segments/TxRtSItpGMo_002.mp4,no
tXxf6-CilNI_000,data/raw/CMU-MOSEI/segments/tXxf6-CilNI_000.mp4,no
tXxf6-CilNI_004,data/raw/CMU-MOSEI/segments/tXxf6-CilNI_004.mp4,no
tXxf6-CilNI_005,data/raw/CMU-MOSEI/segments/tXxf6-CilNI_005.mp4,no
tXxf6-CilNI_007,data/raw/CMU-MOSEI/segments/tXxf6-CilNI_007.mp4,no
tXxXhGD1aMo_000,data/raw/CMU-MOSEI/segments/tXxXhGD1aMo_000.mp4,no
tXxXhGD1aMo_001,data/raw/CMU-MOSEI/segments/tXxXhGD1aMo_001.mp4,no
tXxXhGD1aMo_002,data/raw/CMU-MOSEI/segments/tXxXhGD1aMo_002.mp4,no
tXxXhGD1aMo_003,data/raw/CMU-MOSEI/segments/tXxXhGD1aMo_003.mp4,no
TYJzg5IJN8o_000,data/raw/CMU-MOSEI/segments/TYJzg5IJN8o_000.mp4,no
TYJzg5IJN8o_004,data/raw/CMU-MOSEI/segments/TYJzg5IJN8o_004.mp4,no
TYJzg5IJN8o_007,data/raw/CMU-MOSEI/segments/TYJzg5IJN8o_007.mp4,no
TYJzg5IJN8o_008,data/raw/CMU-MOSEI/segments/TYJzg5IJN8o_008.mp4,no
tymso_pAxhk_002,data/raw/CMU-MOSEI/segments/tymso_pAxhk_002.mp4,no
tymso_pAxhk_003,data/raw/CMU-MOSEI/segments/tymso_pAxhk_003.mp4,no
tZDNinnrGf8_000,data/raw/CMU-MOSEI/segments/tZDNinnrGf8_000.mp4,no
tZDNinnrGf8_002,data/raw/CMU-MOSEI/segments/tZDNinnrGf8_002.mp4,no
tZDNinnrGf8_003,data/raw/CMU-MOSEI/segments/tZDNinnrGf8_003.mp4,no
TZXcQemh8n8_000,data/raw/CMU-MOSEI/segments/TZXcQemh8n8_000.mp4,no
TZXcQemh8n8_001,data/raw/CMU-MOSEI/segments/TZXcQemh8n8_001.mp4,no
U-KihZeIfKI_000,data/raw/CMU-MOSEI/segments/U-KihZeIfKI_000.mp4,no
U-KihZeIfKI_001,data/raw/CMU-MOSEI/segments/U-KihZeIfKI_001.mp4,no
U-KihZeIfKI_002,data/raw/CMU-MOSEI/segments/U-KihZeIfKI_002.mp4,no
U-KihZeIfKI_005,data/raw/CMU-MOSEI/segments/U-KihZeIfKI_005.mp4,no
U-KihZeIfKI_006,data/raw/CMU-MOSEI/segments/U-KihZeIfKI_006.mp4,no
U-KihZeIfKI_008,data/raw/CMU-MOSEI/segments/U-KihZeIfKI_008.mp4,no
U-KihZeIfKI_009,data/raw/CMU-MOSEI/segments/U-KihZeIfKI_009.mp4,no
U-KihZeIfKI_014,data/raw/CMU-MOSEI/segments/U-KihZeIfKI_014.mp4,no
U-KihZeIfKI_015,data/raw/CMU-MOSEI/segments/U-KihZeIfKI_015.mp4,no
U-KihZeIfKI_016,data/raw/CMU-MOSEI/segments/U-KihZeIfKI_016.mp4,no
U-KihZeIfKI_017,data/raw/CMU-MOSEI/segments/U-KihZeIfKI_017.mp4,no
U-KihZeIfKI_018,data/raw/CMU-MOSEI/segments/U-KihZeIfKI_018.mp4,no
U-KihZeIfKI_020,data/raw/CMU-MOSEI/segments/U-KihZeIfKI_020.mp4,no
U-KihZeIfKI_023,data/raw/CMU-MOSEI/segments/U-KihZeIfKI_023.mp4,no
U2Ydtq6qvL0_000,data/raw/CMU-MOSEI/segments/U2Ydtq6qvL0_000.mp4,no
U2Ydtq6qvL0_001,data/raw/CMU-MOSEI/segments/U2Ydtq6qvL0_001.mp4,no
U2Ydtq6qvL0_002,data/raw/CMU-MOSEI/segments/U2Ydtq6qvL0_002.mp4,no
U2Ydtq6qvL0_003,data/raw/CMU-MOSEI/segments/U2Ydtq6qvL0_003.mp4,no
u8ViR4L2cVk_000,data/raw/CMU-MOSEI/segments/u8ViR4L2cVk_000.mp4,no
u8ViR4L2cVk_001,data/raw/CMU-MOSEI/segments/u8ViR4L2cVk_001.mp4,no
U8VYG_g6yVE_003,data/raw/CMU-MOSEI/segments/U8VYG_g6yVE_003.mp4,no
u94VPxEIJPg_000,data/raw/CMU-MOSEI/segments/u94VPxEIJPg_000.mp4,no
u94VPxEIJPg_001,data/raw/CMU-MOSEI/segments/u94VPxEIJPg_001.mp4,no
u94VPxEIJPg_002,data/raw/CMU-MOSEI/segments/u94VPxEIJPg_002.mp4,no
u94VPxEIJPg_003,data/raw/CMU-MOSEI/segments/u94VPxEIJPg_003.mp4,no
u94VPxEIJPg_004,data/raw/CMU-MOSEI/segments/u94VPxEIJPg_004.mp4,no
u94VPxEIJPg_005,data/raw/CMU-MOSEI/segments/u94VPxEIJPg_005.mp4,no
u94VPxEIJPg_006,data/raw/CMU-MOSEI/segments/u94VPxEIJPg_006.mp4,no
u94VPxEIJPg_007,data/raw/CMU-MOSEI/segments/u94VPxEIJPg_007.mp4,no
Ua4g9q0r-dI_000,data/raw/CMU-MOSEI/segments/Ua4g9q0r-dI_000.mp4,no
Ua4g9q0r-dI_001,data/raw/CMU-MOSEI/segments/Ua4g9q0r-dI_001.mp4,no
Ua4g9q0r-dI_003,data/raw/CMU-MOSEI/segments/Ua4g9q0r-dI_003.mp4,no
Ua4g9q0r-dI_005,data/raw/CMU-MOSEI/segments/Ua4g9q0r-dI_005.mp4,no
Ua4g9q0r-dI_006,data/raw/CMU-MOSEI/segments/Ua4g9q0r-dI_006.mp4,no
Ua4g9q0r-dI_007,data/raw/CMU-MOSEI/segments/Ua4g9q0r-dI_007.mp4,no
Ua4g9q0r-dI_008,data/raw/CMU-MOSEI/segments/Ua4g9q0r-dI_008.mp4,no
Ua4g9q0r-dI_009,data/raw/CMU-MOSEI/segments/Ua4g9q0r-dI_009.mp4,no
Ua4g9q0r-dI_010,data/raw/CMU-MOSEI/segments/Ua4g9q0r-dI_010.mp4,no
Ua4g9q0r-dI_011,data/raw/CMU-MOSEI/segments/Ua4g9q0r-dI_011.mp4,no
Ua4g9q0r-dI_012,data/raw/CMU-MOSEI/segments/Ua4g9q0r-dI_012.mp4,no
Ua4g9q0r-dI_013,data/raw/CMU-MOSEI/segments/Ua4g9q0r-dI_013.mp4,no
Ua4g9q0r-dI_015,data/raw/CMU-MOSEI/segments/Ua4g9q0r-dI_015.mp4,no
uacdDoBtT1k_002,data/raw/CMU-MOSEI/segments/uacdDoBtT1k_002.mp4,no
uacdDoBtT1k_003,data/raw/CMU-MOSEI/segments/uacdDoBtT1k_003.mp4,no
uAExKaLeOl8_000,data/raw/CMU-MOSEI/segments/uAExKaLeOl8_000.mp4,no
uAExKaLeOl8_003,data/raw/CMU-MOSEI/segments/uAExKaLeOl8_003.mp4,no
uAExKaLeOl8_005,data/raw/CMU-MOSEI/segments/uAExKaLeOl8_005.mp4,no
uAExKaLeOl8_006,data/raw/CMU-MOSEI/segments/uAExKaLeOl8_006.mp4,no
uBgRo9tnv-I_000,data/raw/CMU-MOSEI/segments/uBgRo9tnv-I_000.mp4,no
uBgRo9tnv-I_001,data/raw/CMU-MOSEI/segments/uBgRo9tnv-I_001.mp4,no
uBgRo9tnv-I_002,data/raw/CMU-MOSEI/segments/uBgRo9tnv-I_002.mp4,no
uBgRo9tnv-I_003,data/raw/CMU-MOSEI/segments/uBgRo9tnv-I_003.mp4,no
uBgRo9tnv-I_004,data/raw/CMU-MOSEI/segments/uBgRo9tnv-I_004.mp4,no
uBgRo9tnv-I_007,data/raw/CMU-MOSEI/segments/uBgRo9tnv-I_007.mp4,no
Uc-0G7RRxoY_001,data/raw/CMU-MOSEI/segments/Uc-0G7RRxoY_001.mp4,no
Uc-0G7RRxoY_002,data/raw/CMU-MOSEI/segments/Uc-0G7RRxoY_002.mp4,no
Uc_6d-fkZEc_000,data/raw/CMU-MOSEI/segments/Uc_6d-fkZEc_000.mp4,no
Uc_6d-fkZEc_002,data/raw/CMU-MOSEI/segments/Uc_6d-fkZEc_002.mp4,no
UcINGGuysBE_000,data/raw/CMU-MOSEI/segments/UcINGGuysBE_000.mp4,no
UcINGGuysBE_001,data/raw/CMU-MOSEI/segments/UcINGGuysBE_001.mp4,no
UcINGGuysBE_002,data/raw/CMU-MOSEI/segments/UcINGGuysBE_002.mp4,no
UcINGGuysBE_003,data/raw/CMU-MOSEI/segments/UcINGGuysBE_003.mp4,no
UcINGGuysBE_004,data/raw/CMU-MOSEI/segments/UcINGGuysBE_004.mp4,no
UcINGGuysBE_005,data/raw/CMU-MOSEI/segments/UcINGGuysBE_005.mp4,no
UcINGGuysBE_006,data/raw/CMU-MOSEI/segments/UcINGGuysBE_006.mp4,no
UcINGGuysBE_007,data/raw/CMU-MOSEI/segments/UcINGGuysBE_007.mp4,no
UcV-bpksJi0_000,data/raw/CMU-MOSEI/segments/UcV-bpksJi0_000.mp4,no
UcV-bpksJi0_001,data/raw/CMU-MOSEI/segments/UcV-bpksJi0_001.mp4,no
UcV-bpksJi0_002,data/raw/CMU-MOSEI/segments/UcV-bpksJi0_002.mp4,no
ueCWy7aTmyo_002,data/raw/CMU-MOSEI/segments/ueCWy7aTmyo_002.mp4,no
ueCWy7aTmyo_003,data/raw/CMU-MOSEI/segments/ueCWy7aTmyo_003.mp4,no
ueCWy7aTmyo_004,data/raw/CMU-MOSEI/segments/ueCWy7aTmyo_004.mp4,no
ueCWy7aTmyo_005,data/raw/CMU-MOSEI/segments/ueCWy7aTmyo_005.mp4,no
ueCWy7aTmyo_007,data/raw/CMU-MOSEI/segments/ueCWy7aTmyo_007.mp4,no
ueCWy7aTmyo_009,data/raw/CMU-MOSEI/segments/ueCWy7aTmyo_009.mp4,no
ueCWy7aTmyo_010,data/raw/CMU-MOSEI/segments/ueCWy7aTmyo_010.mp4,no
ueCWy7aTmyo_014,data/raw/CMU-MOSEI/segments/ueCWy7aTmyo_014.mp4,no
ueCWy7aTmyo_015,data/raw/CMU-MOSEI/segments/ueCWy7aTmyo_015.mp4,no
ueCWy7aTmyo_016,data/raw/CMU-MOSEI/segments/ueCWy7aTmyo_016.mp4,no
ueCWy7aTmyo_018,data/raw/CMU-MOSEI/segments/ueCWy7aTmyo_018.mp4,no
UeOIb6s0pVM_000,data/raw/CMU-MOSEI/segments/UeOIb6s0pVM_000.mp4,no
UeOIb6s0pVM_001,data/raw/CMU-MOSEI/segments/UeOIb6s0pVM_001.mp4,no
UeOIb6s0pVM_002,data/raw/CMU-MOSEI/segments/UeOIb6s0pVM_002.mp4,no
UeOIb6s0pVM_003,data/raw/CMU-MOSEI/segments/UeOIb6s0pVM_003.mp4,no
UeOIb6s0pVM_004,data/raw/CMU-MOSEI/segments/UeOIb6s0pVM_004.mp4,no
UeOIb6s0pVM_005,data/raw/CMU-MOSEI/segments/UeOIb6s0pVM_005.mp4,no
UeOIb6s0pVM_006,data/raw/CMU-MOSEI/segments/UeOIb6s0pVM_006.mp4,no
UeOIb6s0pVM_007,data/raw/CMU-MOSEI/segments/UeOIb6s0pVM_007.mp4,no
UeOIb6s0pVM_008,data/raw/CMU-MOSEI/segments/UeOIb6s0pVM_008.mp4,no
UeOIb6s0pVM_009,data/raw/CMU-MOSEI/segments/UeOIb6s0pVM_009.mp4,no
UeOIb6s0pVM_010,data/raw/CMU-MOSEI/segments/UeOIb6s0pVM_010.mp4,no
UF9OlX-QNHU_001,data/raw/CMU-MOSEI/segments/UF9OlX-QNHU_001.mp4,no
UgTM9y2rD38_000,data/raw/CMU-MOSEI/segments/UgTM9y2rD38_000.mp4,no
UgTM9y2rD38_001,data/raw/CMU-MOSEI/segments/UgTM9y2rD38_001.mp4,no
UgTM9y2rD38_002,data/raw/CMU-MOSEI/segments/UgTM9y2rD38_002.mp4,no
Uiq0lf9ibF8_000,data/raw/CMU-MOSEI/segments/Uiq0lf9ibF8_000.mp4,no
uITHY4LORDs_000,data/raw/CMU-MOSEI/segments/uITHY4LORDs_000.mp4,no
UiurP5k-f1A_000,data/raw/CMU-MOSEI/segments/UiurP5k-f1A_000.mp4,no
UjqA6KVW2m8_000,data/raw/CMU-MOSEI/segments/UjqA6KVW2m8_000.mp4,no
UjqA6KVW2m8_001,data/raw/CMU-MOSEI/segments/UjqA6KVW2m8_001.mp4,no
UjqA6KVW2m8_002,data/raw/CMU-MOSEI/segments/UjqA6KVW2m8_002.mp4,no
UjqA6KVW2m8_003,data/raw/CMU-MOSEI/segments/UjqA6KVW2m8_003.mp4,no
UjqA6KVW2m8_004,data/raw/CMU-MOSEI/segments/UjqA6KVW2m8_004.mp4,no
UjqA6KVW2m8_005,data/raw/CMU-MOSEI/segments/UjqA6KVW2m8_005.mp4,no
UjqA6KVW2m8_006,data/raw/CMU-MOSEI/segments/UjqA6KVW2m8_006.mp4,no
UjqA6KVW2m8_007,data/raw/CMU-MOSEI/segments/UjqA6KVW2m8_007.mp4,no
UjqA6KVW2m8_008,data/raw/CMU-MOSEI/segments/UjqA6KVW2m8_008.mp4,no
UjqA6KVW2m8_009,data/raw/CMU-MOSEI/segments/UjqA6KVW2m8_009.mp4,no
UjT8pHMN8Q8_000,data/raw/CMU-MOSEI/segments/UjT8pHMN8Q8_000.mp4,no
UjT8pHMN8Q8_001,data/raw/CMU-MOSEI/segments/UjT8pHMN8Q8_001.mp4,no
UK_IXtJ2BqI_000,data/raw/CMU-MOSEI/segments/UK_IXtJ2BqI_000.mp4,no
UK_IXtJ2BqI_001,data/raw/CMU-MOSEI/segments/UK_IXtJ2BqI_001.mp4,no
UK_IXtJ2BqI_004,data/raw/CMU-MOSEI/segments/UK_IXtJ2BqI_004.mp4,no
UK_IXtJ2BqI_005,data/raw/CMU-MOSEI/segments/UK_IXtJ2BqI_005.mp4,no
UK_IXtJ2BqI_006,data/raw/CMU-MOSEI/segments/UK_IXtJ2BqI_006.mp4,no
UK_IXtJ2BqI_007,data/raw/CMU-MOSEI/segments/UK_IXtJ2BqI_007.mp4,no
UK_IXtJ2BqI_008,data/raw/CMU-MOSEI/segments/UK_IXtJ2BqI_008.mp4,no
UK_IXtJ2BqI_010,data/raw/CMU-MOSEI/segments/UK_IXtJ2BqI_010.mp4,no
UK_IXtJ2BqI_011,data/raw/CMU-MOSEI/segments/UK_IXtJ2BqI_011.mp4,no
UK_IXtJ2BqI_012,data/raw/CMU-MOSEI/segments/UK_IXtJ2BqI_012.mp4,no
UK_IXtJ2BqI_013,data/raw/CMU-MOSEI/segments/UK_IXtJ2BqI_013.mp4,no
UK_IXtJ2BqI_014,data/raw/CMU-MOSEI/segments/UK_IXtJ2BqI_014.mp4,no
UK_IXtJ2BqI_015,data/raw/CMU-MOSEI/segments/UK_IXtJ2BqI_015.mp4,no
UK_IXtJ2BqI_016,data/raw/CMU-MOSEI/segments/UK_IXtJ2BqI_016.mp4,no
UK_IXtJ2BqI_017,data/raw/CMU-MOSEI/segments/UK_IXtJ2BqI_017.mp4,no
UkqTwAuA8jI_001,data/raw/CMU-MOSEI/segments/UkqTwAuA8jI_001.mp4,no
UkqTwAuA8jI_002,data/raw/CMU-MOSEI/segments/UkqTwAuA8jI_002.mp4,no
UKVwc6I06x8_000,data/raw/CMU-MOSEI/segments/UKVwc6I06x8_000.mp4,no
UKVwc6I06x8_001,data/raw/CMU-MOSEI/segments/UKVwc6I06x8_001.mp4,no
ULkFbie8g-I_000,data/raw/CMU-MOSEI/segments/ULkFbie8g-I_000.mp4,no
ULtBuI6nMaY_005,data/raw/CMU-MOSEI/segments/ULtBuI6nMaY_005.mp4,no
UmB5c_QqUPs_000,data/raw/CMU-MOSEI/segments/UmB5c_QqUPs_000.mp4,no
UmB5c_QqUPs_002,data/raw/CMU-MOSEI/segments/UmB5c_QqUPs_002.mp4,no
UmB5c_QqUPs_003,data/raw/CMU-MOSEI/segments/UmB5c_QqUPs_003.mp4,no
UmB5c_QqUPs_010,data/raw/CMU-MOSEI/segments/UmB5c_QqUPs_010.mp4,no
UmB5c_QqUPs_012,data/raw/CMU-MOSEI/segments/UmB5c_QqUPs_012.mp4,no
unNY4zIk8MM_000,data/raw/CMU-MOSEI/segments/unNY4zIk8MM_000.mp4,no
unNY4zIk8MM_003,data/raw/CMU-MOSEI/segments/unNY4zIk8MM_003.mp4,no
unNY4zIk8MM_004,data/raw/CMU-MOSEI/segments/unNY4zIk8MM_004.mp4,no
unNY4zIk8MM_005,data/raw/CMU-MOSEI/segments/unNY4zIk8MM_005.mp4,no
unNY4zIk8MM_006,data/raw/CMU-MOSEI/segments/unNY4zIk8MM_006.mp4,no
unNY4zIk8MM_007,data/raw/CMU-MOSEI/segments/unNY4zIk8MM_007.mp4,no
unNY4zIk8MM_008,data/raw/CMU-MOSEI/segments/unNY4zIk8MM_008.mp4,no
unOeTDc2rlY_000,data/raw/CMU-MOSEI/segments/unOeTDc2rlY_000.mp4,no
unOeTDc2rlY_002,data/raw/CMU-MOSEI/segments/unOeTDc2rlY_002.mp4,no
unOeTDc2rlY_004,data/raw/CMU-MOSEI/segments/unOeTDc2rlY_004.mp4,no
unOeTDc2rlY_005,data/raw/CMU-MOSEI/segments/unOeTDc2rlY_005.mp4,no
unOeTDc2rlY_008,data/raw/CMU-MOSEI/segments/unOeTDc2rlY_008.mp4,no
unOeTDc2rlY_009,data/raw/CMU-MOSEI/segments/unOeTDc2rlY_009.mp4,no
unOeTDc2rlY_010,data/raw/CMU-MOSEI/segments/unOeTDc2rlY_010.mp4,no
unOeTDc2rlY_012,data/raw/CMU-MOSEI/segments/unOeTDc2rlY_012.mp4,no
unOeTDc2rlY_013,data/raw/CMU-MOSEI/segments/unOeTDc2rlY_013.mp4,no
unOeTDc2rlY_014,data/raw/CMU-MOSEI/segments/unOeTDc2rlY_014.mp4,no
unOeTDc2rlY_015,data/raw/CMU-MOSEI/segments/unOeTDc2rlY_015.mp4,no
unOeTDc2rlY_016,data/raw/CMU-MOSEI/segments/unOeTDc2rlY_016.mp4,no
unOeTDc2rlY_017,data/raw/CMU-MOSEI/segments/unOeTDc2rlY_017.mp4,no
unOeTDc2rlY_019,data/raw/CMU-MOSEI/segments/unOeTDc2rlY_019.mp4,no
uogwnZGb-iE_000,data/raw/CMU-MOSEI/segments/uogwnZGb-iE_000.mp4,no
uogwnZGb-iE_001,data/raw/CMU-MOSEI/segments/uogwnZGb-iE_001.mp4,no
uogwnZGb-iE_002,data/raw/CMU-MOSEI/segments/uogwnZGb-iE_002.mp4,no
uogwnZGb-iE_003,data/raw/CMU-MOSEI/segments/uogwnZGb-iE_003.mp4,no
uogwnZGb-iE_005,data/raw/CMU-MOSEI/segments/uogwnZGb-iE_005.mp4,no
uogwnZGb-iE_007,data/raw/CMU-MOSEI/segments/uogwnZGb-iE_007.mp4,no
uogwnZGb-iE_008,data/raw/CMU-MOSEI/segments/uogwnZGb-iE_008.mp4,no
uogwnZGb-iE_009,data/raw/CMU-MOSEI/segments/uogwnZGb-iE_009.mp4,no
uogwnZGb-iE_013,data/raw/CMU-MOSEI/segments/uogwnZGb-iE_013.mp4,no
uogwnZGb-iE_014,data/raw/CMU-MOSEI/segments/uogwnZGb-iE_014.mp4,no
uogwnZGb-iE_015,data/raw/CMU-MOSEI/segments/uogwnZGb-iE_015.mp4,no
uooIiW6dEyg_000,data/raw/CMU-MOSEI/segments/uooIiW6dEyg_000.mp4,no
uooIiW6dEyg_001,data/raw/CMU-MOSEI/segments/uooIiW6dEyg_001.mp4,no
uooIiW6dEyg_004,data/raw/CMU-MOSEI/segments/uooIiW6dEyg_004.mp4,no
UPghCarcnMc_000,data/raw/CMU-MOSEI/segments/UPghCarcnMc_000.mp4,no
UPghCarcnMc_001,data/raw/CMU-MOSEI/segments/UPghCarcnMc_001.mp4,no
UTNP1roJV3I_000,data/raw/CMU-MOSEI/segments/UTNP1roJV3I_000.mp4,no
UTNP1roJV3I_001,data/raw/CMU-MOSEI/segments/UTNP1roJV3I_001.mp4,no
UTNP1roJV3I_003,data/raw/CMU-MOSEI/segments/UTNP1roJV3I_003.mp4,no
UTNP1roJV3I_004,data/raw/CMU-MOSEI/segments/UTNP1roJV3I_004.mp4,no
UtuTyW9pUN8_002,data/raw/CMU-MOSEI/segments/UtuTyW9pUN8_002.mp4,no
UtuTyW9pUN8_003,data/raw/CMU-MOSEI/segments/UtuTyW9pUN8_003.mp4,no
UtuTyW9pUN8_004,data/raw/CMU-MOSEI/segments/UtuTyW9pUN8_004.mp4,no
UtuTyW9pUN8_006,data/raw/CMU-MOSEI/segments/UtuTyW9pUN8_006.mp4,no
UtuTyW9pUN8_007,data/raw/CMU-MOSEI/segments/UtuTyW9pUN8_007.mp4,no
uu1FqsR7JV0_000,data/raw/CMU-MOSEI/segments/uu1FqsR7JV0_000.mp4,no
uu1FqsR7JV0_001,data/raw/CMU-MOSEI/segments/uu1FqsR7JV0_001.mp4,no
UUukBV82P9A_000,data/raw/CMU-MOSEI/segments/UUukBV82P9A_000.mp4,no
UUukBV82P9A_001,data/raw/CMU-MOSEI/segments/UUukBV82P9A_001.mp4,no
UUukBV82P9A_003,data/raw/CMU-MOSEI/segments/UUukBV82P9A_003.mp4,no
UUukBV82P9A_004,data/raw/CMU-MOSEI/segments/UUukBV82P9A_004.mp4,no
UUukBV82P9A_005,data/raw/CMU-MOSEI/segments/UUukBV82P9A_005.mp4,no
UUukBV82P9A_006,data/raw/CMU-MOSEI/segments/UUukBV82P9A_006.mp4,no
UUukBV82P9A_007,data/raw/CMU-MOSEI/segments/UUukBV82P9A_007.mp4,no
UUukBV82P9A_008,data/raw/CMU-MOSEI/segments/UUukBV82P9A_008.mp4,no
UUukBV82P9A_010,data/raw/CMU-MOSEI/segments/UUukBV82P9A_010.mp4,no
UUukBV82P9A_011,data/raw/CMU-MOSEI/segments/UUukBV82P9A_011.mp4,no
uVM4JWjfGgQ_000,data/raw/CMU-MOSEI/segments/uVM4JWjfGgQ_000.mp4,no
uVM4JWjfGgQ_001,data/raw/CMU-MOSEI/segments/uVM4JWjfGgQ_001.mp4,no
uVM4JWjfGgQ_002,data/raw/CMU-MOSEI/segments/uVM4JWjfGgQ_002.mp4,no
uWW1ejwFURI_000,data/raw/CMU-MOSEI/segments/uWW1ejwFURI_000.mp4,no
uxHBEfIhY-E_000,data/raw/CMU-MOSEI/segments/uxHBEfIhY-E_000.mp4,no
uxHBEfIhY-E_002,data/raw/CMU-MOSEI/segments/uxHBEfIhY-E_002.mp4,no
uxHBEfIhY-E_003,data/raw/CMU-MOSEI/segments/uxHBEfIhY-E_003.mp4,no
uxHBEfIhY-E_005,data/raw/CMU-MOSEI/segments/uxHBEfIhY-E_005.mp4,no
UXvMaHD9kmA_000,data/raw/CMU-MOSEI/segments/UXvMaHD9kmA_000.mp4,no
UXvMaHD9kmA_001,data/raw/CMU-MOSEI/segments/UXvMaHD9kmA_001.mp4,no
UXvMaHD9kmA_003,data/raw/CMU-MOSEI/segments/UXvMaHD9kmA_003.mp4,no
UXvMaHD9kmA_004,data/raw/CMU-MOSEI/segments/UXvMaHD9kmA_004.mp4,no
UXvMaHD9kmA_010,data/raw/CMU-MOSEI/segments/UXvMaHD9kmA_010.mp4,no
UXvMaHD9kmA_011,data/raw/CMU-MOSEI/segments/UXvMaHD9kmA_011.mp4,no
UXvMaHD9kmA_012,data/raw/CMU-MOSEI/segments/UXvMaHD9kmA_012.mp4,no
UXvMaHD9kmA_014,data/raw/CMU-MOSEI/segments/UXvMaHD9kmA_014.mp4,no
uXYAfpQUYVE_004,data/raw/CMU-MOSEI/segments/uXYAfpQUYVE_004.mp4,no
uXYAfpQUYVE_005,data/raw/CMU-MOSEI/segments/uXYAfpQUYVE_005.mp4,no
uXYAfpQUYVE_007,data/raw/CMU-MOSEI/segments/uXYAfpQUYVE_007.mp4,no
uXYAfpQUYVE_008,data/raw/CMU-MOSEI/segments/uXYAfpQUYVE_008.mp4,no
uXYAfpQUYVE_009,data/raw/CMU-MOSEI/segments/uXYAfpQUYVE_009.mp4,no
uy9MGhVqCp8_003,data/raw/CMU-MOSEI/segments/uy9MGhVqCp8_003.mp4,no
uy9MGhVqCp8_004,data/raw/CMU-MOSEI/segments/uy9MGhVqCp8_004.mp4,no
uy9MGhVqCp8_005,data/raw/CMU-MOSEI/segments/uy9MGhVqCp8_005.mp4,no
uy9MGhVqCp8_006,data/raw/CMU-MOSEI/segments/uy9MGhVqCp8_006.mp4,no
uyeQsv2tq44_000,data/raw/CMU-MOSEI/segments/uyeQsv2tq44_000.mp4,no
uyOrVTq8Tjk_002,data/raw/CMU-MOSEI/segments/uyOrVTq8Tjk_002.mp4,no
uyOrVTq8Tjk_003,data/raw/CMU-MOSEI/segments/uyOrVTq8Tjk_003.mp4,no
uyOrVTq8Tjk_004,data/raw/CMU-MOSEI/segments/uyOrVTq8Tjk_004.mp4,no
uYzZB4ccG1Q_001,data/raw/CMU-MOSEI/segments/uYzZB4ccG1Q_001.mp4,no
uYzZB4ccG1Q_002,data/raw/CMU-MOSEI/segments/uYzZB4ccG1Q_002.mp4,no
uYzZB4ccG1Q_003,data/raw/CMU-MOSEI/segments/uYzZB4ccG1Q_003.mp4,no
uYzZB4ccG1Q_004,data/raw/CMU-MOSEI/segments/uYzZB4ccG1Q_004.mp4,no
uYzZB4ccG1Q_005,data/raw/CMU-MOSEI/segments/uYzZB4ccG1Q_005.mp4,no
uYzZB4ccG1Q_006,data/raw/CMU-MOSEI/segments/uYzZB4ccG1Q_006.mp4,no
uYzZB4ccG1Q_007,data/raw/CMU-MOSEI/segments/uYzZB4ccG1Q_007.mp4,no
uYzZB4ccG1Q_008,data/raw/CMU-MOSEI/segments/uYzZB4ccG1Q_008.mp4,no
uYzZB4ccG1Q_009,data/raw/CMU-MOSEI/segments/uYzZB4ccG1Q_009.mp4,no
uYzZB4ccG1Q_010,data/raw/CMU-MOSEI/segments/uYzZB4ccG1Q_010.mp4,no
uYzZB4ccG1Q_012,data/raw/CMU-MOSEI/segments/uYzZB4ccG1Q_012.mp4,no
uYzZB4ccG1Q_013,data/raw/CMU-MOSEI/segments/uYzZB4ccG1Q_013.mp4,no
uYzZB4ccG1Q_015,data/raw/CMU-MOSEI/segments/uYzZB4ccG1Q_015.mp4,no
uYzZB4ccG1Q_017,data/raw/CMU-MOSEI/segments/uYzZB4ccG1Q_017.mp4,no
uYzZB4ccG1Q_018,data/raw/CMU-MOSEI/segments/uYzZB4ccG1Q_018.mp4,no
uYzZB4ccG1Q_019,data/raw/CMU-MOSEI/segments/uYzZB4ccG1Q_019.mp4,no
uYzZB4ccG1Q_020,data/raw/CMU-MOSEI/segments/uYzZB4ccG1Q_020.mp4,no
uYzZB4ccG1Q_023,data/raw/CMU-MOSEI/segments/uYzZB4ccG1Q_023.mp4,no
uYzZB4ccG1Q_024,data/raw/CMU-MOSEI/segments/uYzZB4ccG1Q_024.mp4,no
uYzZB4ccG1Q_025,data/raw/CMU-MOSEI/segments/uYzZB4ccG1Q_025.mp4,no
uYzZB4ccG1Q_026,data/raw/CMU-MOSEI/segments/uYzZB4ccG1Q_026.mp4,no
uYzZB4ccG1Q_029,data/raw/CMU-MOSEI/segments/uYzZB4ccG1Q_029.mp4,no
v0a8N7Y-Vfc_001,data/raw/CMU-MOSEI/segments/v0a8N7Y-Vfc_001.mp4,no
v0a8N7Y-Vfc_002,data/raw/CMU-MOSEI/segments/v0a8N7Y-Vfc_002.mp4,no
V0SvSPkiJUY_000,data/raw/CMU-MOSEI/segments/V0SvSPkiJUY_000.mp4,no
V0SvSPkiJUY_001,data/raw/CMU-MOSEI/segments/V0SvSPkiJUY_001.mp4,no
V0SvSPkiJUY_004,data/raw/CMU-MOSEI/segments/V0SvSPkiJUY_004.mp4,no
V0SvSPkiJUY_005,data/raw/CMU-MOSEI/segments/V0SvSPkiJUY_005.mp4,no
V0SvSPkiJUY_006,data/raw/CMU-MOSEI/segments/V0SvSPkiJUY_006.mp4,no
V0SvSPkiJUY_008,data/raw/CMU-MOSEI/segments/V0SvSPkiJUY_008.mp4,no
v1GKBjohgHc_000,data/raw/CMU-MOSEI/segments/v1GKBjohgHc_000.mp4,no
v1GKBjohgHc_002,data/raw/CMU-MOSEI/segments/v1GKBjohgHc_002.mp4,no
V27mmEkN80g_000,data/raw/CMU-MOSEI/segments/V27mmEkN80g_000.mp4,no
v2Rr-EsJda8_000,data/raw/CMU-MOSEI/segments/v2Rr-EsJda8_000.mp4,no
v2Rr-EsJda8_002,data/raw/CMU-MOSEI/segments/v2Rr-EsJda8_002.mp4,no
v2Rr-EsJda8_003,data/raw/CMU-MOSEI/segments/v2Rr-EsJda8_003.mp4,no
v2Rr-EsJda8_005,data/raw/CMU-MOSEI/segments/v2Rr-EsJda8_005.mp4,no
v2Rr-EsJda8_006,data/raw/CMU-MOSEI/segments/v2Rr-EsJda8_006.mp4,no
V2X1NU5RkwY_000,data/raw/CMU-MOSEI/segments/V2X1NU5RkwY_000.mp4,no
V2X1NU5RkwY_004,data/raw/CMU-MOSEI/segments/V2X1NU5RkwY_004.mp4,no
V2X1NU5RkwY_005,data/raw/CMU-MOSEI/segments/V2X1NU5RkwY_005.mp4,no
V2X1NU5RkwY_006,data/raw/CMU-MOSEI/segments/V2X1NU5RkwY_006.mp4,no
v45zoIrjoTo_001,data/raw/CMU-MOSEI/segments/v45zoIrjoTo_001.mp4,no
V7OFSHYcQD0_000,data/raw/CMU-MOSEI/segments/V7OFSHYcQD0_000.mp4,no
v9gjg7TDlTA_000,data/raw/CMU-MOSEI/segments/v9gjg7TDlTA_000.mp4,no
v9gjg7TDlTA_003,data/raw/CMU-MOSEI/segments/v9gjg7TDlTA_003.mp4,no
v_8QeoNc4QY_000,data/raw/CMU-MOSEI/segments/v_8QeoNc4QY_000.mp4,no
v_8QeoNc4QY_001,data/raw/CMU-MOSEI/segments/v_8QeoNc4QY_001.mp4,no
v_8QeoNc4QY_002,data/raw/CMU-MOSEI/segments/v_8QeoNc4QY_002.mp4,no
v_8QeoNc4QY_003,data/raw/CMU-MOSEI/segments/v_8QeoNc4QY_003.mp4,no
Va54WZgPTdY_000,data/raw/CMU-MOSEI/segments/Va54WZgPTdY_000.mp4,no
Va54WZgPTdY_001,data/raw/CMU-MOSEI/segments/Va54WZgPTdY_001.mp4,no
Va54WZgPTdY_002,data/raw/CMU-MOSEI/segments/Va54WZgPTdY_002.mp4,no
VA6lVHlj5d0_000,data/raw/CMU-MOSEI/segments/VA6lVHlj5d0_000.mp4,no
VA6lVHlj5d0_001,data/raw/CMU-MOSEI/segments/VA6lVHlj5d0_001.mp4,no
VA6lVHlj5d0_003,data/raw/CMU-MOSEI/segments/VA6lVHlj5d0_003.mp4,no
VA6lVHlj5d0_005,data/raw/CMU-MOSEI/segments/VA6lVHlj5d0_005.mp4,no
VA6lVHlj5d0_006,data/raw/CMU-MOSEI/segments/VA6lVHlj5d0_006.mp4,no
VAFdgtqZz4g_000,data/raw/CMU-MOSEI/segments/VAFdgtqZz4g_000.mp4,no
VAFdgtqZz4g_001,data/raw/CMU-MOSEI/segments/VAFdgtqZz4g_001.mp4,no
VAr7gJydnys_001,data/raw/CMU-MOSEI/segments/VAr7gJydnys_001.mp4,no
VAr7gJydnys_002,data/raw/CMU-MOSEI/segments/VAr7gJydnys_002.mp4,no
VAr7gJydnys_004,data/raw/CMU-MOSEI/segments/VAr7gJydnys_004.mp4,no
VAr7gJydnys_008,data/raw/CMU-MOSEI/segments/VAr7gJydnys_008.mp4,no
VAr7gJydnys_013,data/raw/CMU-MOSEI/segments/VAr7gJydnys_013.mp4,no
VAr7gJydnys_014,data/raw/CMU-MOSEI/segments/VAr7gJydnys_014.mp4,no
VbmSzYg_lmg_000,data/raw/CMU-MOSEI/segments/VbmSzYg_lmg_000.mp4,no
VbSsGRXIwjc_000,data/raw/CMU-MOSEI/segments/VbSsGRXIwjc_000.mp4,no
VbV9S4svrTg_002,data/raw/CMU-MOSEI/segments/VbV9S4svrTg_002.mp4,no
VbV9S4svrTg_003,data/raw/CMU-MOSEI/segments/VbV9S4svrTg_003.mp4,no
VbV9S4svrTg_005,data/raw/CMU-MOSEI/segments/VbV9S4svrTg_005.mp4,no
VbV9S4svrTg_006,data/raw/CMU-MOSEI/segments/VbV9S4svrTg_006.mp4,no
VbV9S4svrTg_007,data/raw/CMU-MOSEI/segments/VbV9S4svrTg_007.mp4,no
VbV9S4svrTg_008,data/raw/CMU-MOSEI/segments/VbV9S4svrTg_008.mp4,no
VbV9S4svrTg_009,data/raw/CMU-MOSEI/segments/VbV9S4svrTg_009.mp4,no
VbV9S4svrTg_010,data/raw/CMU-MOSEI/segments/VbV9S4svrTg_010.mp4,no
VbV9S4svrTg_012,data/raw/CMU-MOSEI/segments/VbV9S4svrTg_012.mp4,no
VbV9S4svrTg_013,data/raw/CMU-MOSEI/segments/VbV9S4svrTg_013.mp4,no
vbVLgaP5IYU_001,data/raw/CMU-MOSEI/segments/vbVLgaP5IYU_001.mp4,no
vbVLgaP5IYU_002,data/raw/CMU-MOSEI/segments/vbVLgaP5IYU_002.mp4,no
vC9oWzTU71s_001,data/raw/CMU-MOSEI/segments/vC9oWzTU71s_001.mp4,no
VCIe-4p0xoM_000,data/raw/CMU-MOSEI/segments/VCIe-4p0xoM_000.mp4,no
vCWpKubBbcw_001,data/raw/CMU-MOSEI/segments/vCWpKubBbcw_001.mp4,no
VcZffwwL0bw_001,data/raw/CMU-MOSEI/segments/VcZffwwL0bw_001.mp4,no
VcZffwwL0bw_003,data/raw/CMU-MOSEI/segments/VcZffwwL0bw_003.mp4,no
VcZffwwL0bw_004,data/raw/CMU-MOSEI/segments/VcZffwwL0bw_004.mp4,no
VcZffwwL0bw_005,data/raw/CMU-MOSEI/segments/VcZffwwL0bw_005.mp4,no
VcZffwwL0bw_006,data/raw/CMU-MOSEI/segments/VcZffwwL0bw_006.mp4,no
Vdf1McvE9ao_000,data/raw/CMU-MOSEI/segments/Vdf1McvE9ao_000.mp4,no
Vdf1McvE9ao_001,data/raw/CMU-MOSEI/segments/Vdf1McvE9ao_001.mp4,no
Vdf1McvE9ao_002,data/raw/CMU-MOSEI/segments/Vdf1McvE9ao_002.mp4,no
Vdf1McvE9ao_003,data/raw/CMU-MOSEI/segments/Vdf1McvE9ao_003.mp4,no
Vdf1McvE9ao_005,data/raw/CMU-MOSEI/segments/Vdf1McvE9ao_005.mp4,no
Vdf1McvE9ao_006,data/raw/CMU-MOSEI/segments/Vdf1McvE9ao_006.mp4,no
Vdf1McvE9ao_009,data/raw/CMU-MOSEI/segments/Vdf1McvE9ao_009.mp4,no
Vdf1McvE9ao_011,data/raw/CMU-MOSEI/segments/Vdf1McvE9ao_011.mp4,no
Vdf1McvE9ao_012,data/raw/CMU-MOSEI/segments/Vdf1McvE9ao_012.mp4,no
VDkBM0ZG4q8_000,data/raw/CMU-MOSEI/segments/VDkBM0ZG4q8_000.mp4,no
VDkBM0ZG4q8_002,data/raw/CMU-MOSEI/segments/VDkBM0ZG4q8_002.mp4,no
VDkBM0ZG4q8_003,data/raw/CMU-MOSEI/segments/VDkBM0ZG4q8_003.mp4,no
VDkBM0ZG4q8_004,data/raw/CMU-MOSEI/segments/VDkBM0ZG4q8_004.mp4,no
VDkBM0ZG4q8_005,data/raw/CMU-MOSEI/segments/VDkBM0ZG4q8_005.mp4,no
VDkBM0ZG4q8_006,data/raw/CMU-MOSEI/segments/VDkBM0ZG4q8_006.mp4,no
VDkBM0ZG4q8_008,data/raw/CMU-MOSEI/segments/VDkBM0ZG4q8_008.mp4,no
veA6ECsGFxI_001,data/raw/CMU-MOSEI/segments/veA6ECsGFxI_001.mp4,no
vGkIaClHKDg_000,data/raw/CMU-MOSEI/segments/vGkIaClHKDg_000.mp4,no
vGkIaClHKDg_001,data/raw/CMU-MOSEI/segments/vGkIaClHKDg_001.mp4,no
vGkIaClHKDg_002,data/raw/CMU-MOSEI/segments/vGkIaClHKDg_002.mp4,no
vGkIaClHKDg_003,data/raw/CMU-MOSEI/segments/vGkIaClHKDg_003.mp4,no
vGkIaClHKDg_008,data/raw/CMU-MOSEI/segments/vGkIaClHKDg_008.mp4,no
vGxqVh_kJdo_001,data/raw/CMU-MOSEI/segments/vGxqVh_kJdo_001.mp4,no
vI5JH0daNsM_000,data/raw/CMU-MOSEI/segments/vI5JH0daNsM_000.mp4,no
VinxKpWioTo_000,data/raw/CMU-MOSEI/segments/VinxKpWioTo_000.mp4,no
VinxKpWioTo_005,data/raw/CMU-MOSEI/segments/VinxKpWioTo_005.mp4,no
VIVkYG31Oas_000,data/raw/CMU-MOSEI/segments/VIVkYG31Oas_000.mp4,no
ViyQVpGW05w_000,data/raw/CMU-MOSEI/segments/ViyQVpGW05w_000.mp4,no
ViyQVpGW05w_002,data/raw/CMU-MOSEI/segments/ViyQVpGW05w_002.mp4,no
VjAvqFXEmmk_000,data/raw/CMU-MOSEI/segments/VjAvqFXEmmk_000.mp4,no
VjAvqFXEmmk_001,data/raw/CMU-MOSEI/segments/VjAvqFXEmmk_001.mp4,no
VjAvqFXEmmk_002,data/raw/CMU-MOSEI/segments/VjAvqFXEmmk_002.mp4,no
VjAvqFXEmmk_003,data/raw/CMU-MOSEI/segments/VjAvqFXEmmk_003.mp4,no
VjAvqFXEmmk_004,data/raw/CMU-MOSEI/segments/VjAvqFXEmmk_004.mp4,no
VjAvqFXEmmk_005,data/raw/CMU-MOSEI/segments/VjAvqFXEmmk_005.mp4,no
VjAvqFXEmmk_006,data/raw/CMU-MOSEI/segments/VjAvqFXEmmk_006.mp4,no
VjAvqFXEmmk_007,data/raw/CMU-MOSEI/segments/VjAvqFXEmmk_007.mp4,no
vJDDEuE-FlY_000,data/raw/CMU-MOSEI/segments/vJDDEuE-FlY_000.mp4,no
Vlas-mPydcg_002,data/raw/CMU-MOSEI/segments/Vlas-mPydcg_002.mp4,no
Vlas-mPydcg_003,data/raw/CMU-MOSEI/segments/Vlas-mPydcg_003.mp4,no
vlnKSMw5v1o_000,data/raw/CMU-MOSEI/segments/vlnKSMw5v1o_000.mp4,no
vlnKSMw5v1o_001,data/raw/CMU-MOSEI/segments/vlnKSMw5v1o_001.mp4,no
vlnKSMw5v1o_003,data/raw/CMU-MOSEI/segments/vlnKSMw5v1o_003.mp4,no
vlnKSMw5v1o_004,data/raw/CMU-MOSEI/segments/vlnKSMw5v1o_004.mp4,no
vlnKSMw5v1o_005,data/raw/CMU-MOSEI/segments/vlnKSMw5v1o_005.mp4,no
vn0CFvUK5D0_001,data/raw/CMU-MOSEI/segments/vn0CFvUK5D0_001.mp4,no
vn0CFvUK5D0_002,data/raw/CMU-MOSEI/segments/vn0CFvUK5D0_002.mp4,no
vn0CFvUK5D0_003,data/raw/CMU-MOSEI/segments/vn0CFvUK5D0_003.mp4,no
vNID-RVhWcQ_000,data/raw/CMU-MOSEI/segments/vNID-RVhWcQ_000.mp4,no
VoETCD8fBLI_001,data/raw/CMU-MOSEI/segments/VoETCD8fBLI_001.mp4,no
vop7tN_K64I_002,data/raw/CMU-MOSEI/segments/vop7tN_K64I_002.mp4,no
vR90Pdx9wxs_002,data/raw/CMU-MOSEI/segments/vR90Pdx9wxs_002.mp4,no
vrgwwihTxVQ_000,data/raw/CMU-MOSEI/segments/vrgwwihTxVQ_000.mp4,no
vRhj2bLo1ho_000,data/raw/CMU-MOSEI/segments/vRhj2bLo1ho_000.mp4,no
vRhj2bLo1ho_001,data/raw/CMU-MOSEI/segments/vRhj2bLo1ho_001.mp4,no
vRhj2bLo1ho_002,data/raw/CMU-MOSEI/segments/vRhj2bLo1ho_002.mp4,no
vRhj2bLo1ho_003,data/raw/CMU-MOSEI/segments/vRhj2bLo1ho_003.mp4,no
vRhj2bLo1ho_004,data/raw/CMU-MOSEI/segments/vRhj2bLo1ho_004.mp4,no
vRhj2bLo1ho_005,data/raw/CMU-MOSEI/segments/vRhj2bLo1ho_005.mp4,no
vRhj2bLo1ho_006,data/raw/CMU-MOSEI/segments/vRhj2bLo1ho_006.mp4,no
vRhj2bLo1ho_007,data/raw/CMU-MOSEI/segments/vRhj2bLo1ho_007.mp4,no
vRydHjRzDX0_000,data/raw/CMU-MOSEI/segments/vRydHjRzDX0_000.mp4,no
vRydHjRzDX0_002,data/raw/CMU-MOSEI/segments/vRydHjRzDX0_002.mp4,no
vRydHjRzDX0_005,data/raw/CMU-MOSEI/segments/vRydHjRzDX0_005.mp4,no
VsXGwSZazwA_000,data/raw/CMU-MOSEI/segments/VsXGwSZazwA_000.mp4,no
VsXGwSZazwA_001,data/raw/CMU-MOSEI/segments/VsXGwSZazwA_001.mp4,no
VsXGwSZazwA_004,data/raw/CMU-MOSEI/segments/VsXGwSZazwA_004.mp4,no
VsXGwSZazwA_005,data/raw/CMU-MOSEI/segments/VsXGwSZazwA_005.mp4,no
VsXGwSZazwA_006,data/raw/CMU-MOSEI/segments/VsXGwSZazwA_006.mp4,no
VsXGwSZazwA_007,data/raw/CMU-MOSEI/segments/VsXGwSZazwA_007.mp4,no
vTAV6FThy30_001,data/raw/CMU-MOSEI/segments/vTAV6FThy30_001.mp4,no
vTAV6FThy30_003,data/raw/CMU-MOSEI/segments/vTAV6FThy30_003.mp4,no
vU0a4F36Ksw_002,data/raw/CMU-MOSEI/segments/vU0a4F36Ksw_002.mp4,no
vU0a4F36Ksw_007,data/raw/CMU-MOSEI/segments/vU0a4F36Ksw_007.mp4,no
vU0a4F36Ksw_009,data/raw/CMU-MOSEI/segments/vU0a4F36Ksw_009.mp4,no
vU0a4F36Ksw_014,data/raw/CMU-MOSEI/segments/vU0a4F36Ksw_014.mp4,no
vU0a4F36Ksw_015,data/raw/CMU-MOSEI/segments/vU0a4F36Ksw_015.mp4,no
vU0a4F36Ksw_018,data/raw/CMU-MOSEI/segments/vU0a4F36Ksw_018.mp4,no
Vuay0mVKkik_000,data/raw/CMU-MOSEI/segments/Vuay0mVKkik_000.mp4,no
Vuay0mVKkik_003,data/raw/CMU-MOSEI/segments/Vuay0mVKkik_003.mp4,no
VUrTT7xsrec_000,data/raw/CMU-MOSEI/segments/VUrTT7xsrec_000.mp4,no
VUrTT7xsrec_002,data/raw/CMU-MOSEI/segments/VUrTT7xsrec_002.mp4,no
Vv2DTPyyw90_001,data/raw/CMU-MOSEI/segments/Vv2DTPyyw90_001.mp4,no
Vv2DTPyyw90_003,data/raw/CMU-MOSEI/segments/Vv2DTPyyw90_003.mp4,no
Vv2DTPyyw90_004,data/raw/CMU-MOSEI/segments/Vv2DTPyyw90_004.mp4,no
VVZLA2neYyw_001,data/raw/CMU-MOSEI/segments/VVZLA2neYyw_001.mp4,no
VwGPIUNayKM_001,data/raw/CMU-MOSEI/segments/VwGPIUNayKM_001.mp4,no
VwGPIUNayKM_002,data/raw/CMU-MOSEI/segments/VwGPIUNayKM_002.mp4,no
VwGPIUNayKM_004,data/raw/CMU-MOSEI/segments/VwGPIUNayKM_004.mp4,no
VwGPIUNayKM_005,data/raw/CMU-MOSEI/segments/VwGPIUNayKM_005.mp4,no
VwGPIUNayKM_006,data/raw/CMU-MOSEI/segments/VwGPIUNayKM_006.mp4,no
VwGPIUNayKM_007,data/raw/CMU-MOSEI/segments/VwGPIUNayKM_007.mp4,no
VwGPIUNayKM_008,data/raw/CMU-MOSEI/segments/VwGPIUNayKM_008.mp4,no
VWik5oKP6IU_000,data/raw/CMU-MOSEI/segments/VWik5oKP6IU_000.mp4,no
VWik5oKP6IU_002,data/raw/CMU-MOSEI/segments/VWik5oKP6IU_002.mp4,no
VWik5oKP6IU_003,data/raw/CMU-MOSEI/segments/VWik5oKP6IU_003.mp4,no
VWik5oKP6IU_004,data/raw/CMU-MOSEI/segments/VWik5oKP6IU_004.mp4,no
VWik5oKP6IU_005,data/raw/CMU-MOSEI/segments/VWik5oKP6IU_005.mp4,no
VWik5oKP6IU_008,data/raw/CMU-MOSEI/segments/VWik5oKP6IU_008.mp4,no
vwUBtNvjrU4_000,data/raw/CMU-MOSEI/segments/vwUBtNvjrU4_000.mp4,no
vwUBtNvjrU4_001,data/raw/CMU-MOSEI/segments/vwUBtNvjrU4_001.mp4,no
vwUBtNvjrU4_002,data/raw/CMU-MOSEI/segments/vwUBtNvjrU4_002.mp4,no
vwUBtNvjrU4_003,data/raw/CMU-MOSEI/segments/vwUBtNvjrU4_003.mp4,no
vwUBtNvjrU4_004,data/raw/CMU-MOSEI/segments/vwUBtNvjrU4_004.mp4,no
vwUBtNvjrU4_005,data/raw/CMU-MOSEI/segments/vwUBtNvjrU4_005.mp4,no
vwUBtNvjrU4_006,data/raw/CMU-MOSEI/segments/vwUBtNvjrU4_006.mp4,no
vwUBtNvjrU4_007,data/raw/CMU-MOSEI/segments/vwUBtNvjrU4_007.mp4,no
vwUBtNvjrU4_009,data/raw/CMU-MOSEI/segments/vwUBtNvjrU4_009.mp4,no
vwUBtNvjrU4_010,data/raw/CMU-MOSEI/segments/vwUBtNvjrU4_010.mp4,no
vwUBtNvjrU4_011,data/raw/CMU-MOSEI/segments/vwUBtNvjrU4_011.mp4,no
vwUBtNvjrU4_012,data/raw/CMU-MOSEI/segments/vwUBtNvjrU4_012.mp4,no
vwUBtNvjrU4_013,data/raw/CMU-MOSEI/segments/vwUBtNvjrU4_013.mp4,no
VwvptdTkwEE_000,data/raw/CMU-MOSEI/segments/VwvptdTkwEE_000.mp4,no
VwvptdTkwEE_003,data/raw/CMU-MOSEI/segments/VwvptdTkwEE_003.mp4,no
vx8j_4DMqh4_000,data/raw/CMU-MOSEI/segments/vx8j_4DMqh4_000.mp4,no
Vx8npmcFxak_005,data/raw/CMU-MOSEI/segments/Vx8npmcFxak_005.mp4,no
vXABB4tBBUU_001,data/raw/CMU-MOSEI/segments/vXABB4tBBUU_001.mp4,no
vXABB4tBBUU_002,data/raw/CMU-MOSEI/segments/vXABB4tBBUU_002.mp4,no
vXABB4tBBUU_003,data/raw/CMU-MOSEI/segments/vXABB4tBBUU_003.mp4,no
vXABB4tBBUU_004,data/raw/CMU-MOSEI/segments/vXABB4tBBUU_004.mp4,no
VybXjsmsjAY_000,data/raw/CMU-MOSEI/segments/VybXjsmsjAY_000.mp4,no
VybXjsmsjAY_002,data/raw/CMU-MOSEI/segments/VybXjsmsjAY_002.mp4,no
VybXjsmsjAY_003,data/raw/CMU-MOSEI/segments/VybXjsmsjAY_003.mp4,no
VybXjsmsjAY_004,data/raw/CMU-MOSEI/segments/VybXjsmsjAY_004.mp4,no
VybXjsmsjAY_005,data/raw/CMU-MOSEI/segments/VybXjsmsjAY_005.mp4,no
VybXjsmsjAY_006,data/raw/CMU-MOSEI/segments/VybXjsmsjAY_006.mp4,no
VybXjsmsjAY_008,data/raw/CMU-MOSEI/segments/VybXjsmsjAY_008.mp4,no
VzDXgBOe5iI_000,data/raw/CMU-MOSEI/segments/VzDXgBOe5iI_000.mp4,no
VZqkWIPmH6w_007,data/raw/CMU-MOSEI/segments/VZqkWIPmH6w_007.mp4,no
W-pA0lOGLR0_000,data/raw/CMU-MOSEI/segments/W-pA0lOGLR0_000.mp4,no
W-pA0lOGLR0_001,data/raw/CMU-MOSEI/segments/W-pA0lOGLR0_001.mp4,no
W-pA0lOGLR0_002,data/raw/CMU-MOSEI/segments/W-pA0lOGLR0_002.mp4,no
W-pA0lOGLR0_003,data/raw/CMU-MOSEI/segments/W-pA0lOGLR0_003.mp4,no
W-pA0lOGLR0_004,data/raw/CMU-MOSEI/segments/W-pA0lOGLR0_004.mp4,no
W-pA0lOGLR0_005,data/raw/CMU-MOSEI/segments/W-pA0lOGLR0_005.mp4,no
W-pA0lOGLR0_006,data/raw/CMU-MOSEI/segments/W-pA0lOGLR0_006.mp4,no
W-ptEZFARVo_001,data/raw/CMU-MOSEI/segments/W-ptEZFARVo_001.mp4,no
W-ptEZFARVo_002,data/raw/CMU-MOSEI/segments/W-ptEZFARVo_002.mp4,no
W-ptEZFARVo_003,data/raw/CMU-MOSEI/segments/W-ptEZFARVo_003.mp4,no
W-ptEZFARVo_004,data/raw/CMU-MOSEI/segments/W-ptEZFARVo_004.mp4,no
W-ptEZFARVo_005,data/raw/CMU-MOSEI/segments/W-ptEZFARVo_005.mp4,no
W-ptEZFARVo_006,data/raw/CMU-MOSEI/segments/W-ptEZFARVo_006.mp4,no
W-ptEZFARVo_007,data/raw/CMU-MOSEI/segments/W-ptEZFARVo_007.mp4,no
W-ptEZFARVo_008,data/raw/CMU-MOSEI/segments/W-ptEZFARVo_008.mp4,no
W-ptEZFARVo_009,data/raw/CMU-MOSEI/segments/W-ptEZFARVo_009.mp4,no
W-ptEZFARVo_010,data/raw/CMU-MOSEI/segments/W-ptEZFARVo_010.mp4,no
W-q9bPlMIVI_000,data/raw/CMU-MOSEI/segments/W-q9bPlMIVI_000.mp4,no
W-q9bPlMIVI_001,data/raw/CMU-MOSEI/segments/W-q9bPlMIVI_001.mp4,no
W-q9bPlMIVI_002,data/raw/CMU-MOSEI/segments/W-q9bPlMIVI_002.mp4,no
W-q9bPlMIVI_003,data/raw/CMU-MOSEI/segments/W-q9bPlMIVI_003.mp4,no
W-q9bPlMIVI_004,data/raw/CMU-MOSEI/segments/W-q9bPlMIVI_004.mp4,no
W-q9bPlMIVI_005,data/raw/CMU-MOSEI/segments/W-q9bPlMIVI_005.mp4,no
W-q9bPlMIVI_007,data/raw/CMU-MOSEI/segments/W-q9bPlMIVI_007.mp4,no
W-q9bPlMIVI_008,data/raw/CMU-MOSEI/segments/W-q9bPlMIVI_008.mp4,no
W-q9bPlMIVI_009,data/raw/CMU-MOSEI/segments/W-q9bPlMIVI_009.mp4,no
W-q9bPlMIVI_010,data/raw/CMU-MOSEI/segments/W-q9bPlMIVI_010.mp4,no
W-q9bPlMIVI_011,data/raw/CMU-MOSEI/segments/W-q9bPlMIVI_011.mp4,no
W-q9bPlMIVI_012,data/raw/CMU-MOSEI/segments/W-q9bPlMIVI_012.mp4,no
W-q9bPlMIVI_013,data/raw/CMU-MOSEI/segments/W-q9bPlMIVI_013.mp4,no
W-q9bPlMIVI_014,data/raw/CMU-MOSEI/segments/W-q9bPlMIVI_014.mp4,no
W40BaML7mzc_000,data/raw/CMU-MOSEI/segments/W40BaML7mzc_000.mp4,no
W40BaML7mzc_001,data/raw/CMU-MOSEI/segments/W40BaML7mzc_001.mp4,no
w44JDB1NmqM_001,data/raw/CMU-MOSEI/segments/w44JDB1NmqM_001.mp4,no
w44JDB1NmqM_003,data/raw/CMU-MOSEI/segments/w44JDB1NmqM_003.mp4,no
w4xIyGs-3wc_000,data/raw/CMU-MOSEI/segments/w4xIyGs-3wc_000.mp4,no
w4xIyGs-3wc_001,data/raw/CMU-MOSEI/segments/w4xIyGs-3wc_001.mp4,no
W53uRqITk2I_000,data/raw/CMU-MOSEI/segments/W53uRqITk2I_000.mp4,no
W53uRqITk2I_001,data/raw/CMU-MOSEI/segments/W53uRqITk2I_001.mp4,no
W53uRqITk2I_002,data/raw/CMU-MOSEI/segments/W53uRqITk2I_002.mp4,no
W53uRqITk2I_003,data/raw/CMU-MOSEI/segments/W53uRqITk2I_003.mp4,no
W53uRqITk2I_006,data/raw/CMU-MOSEI/segments/W53uRqITk2I_006.mp4,no
W53uRqITk2I_007,data/raw/CMU-MOSEI/segments/W53uRqITk2I_007.mp4,no
W53uRqITk2I_008,data/raw/CMU-MOSEI/segments/W53uRqITk2I_008.mp4,no
w_qYZSVx2dM_004,data/raw/CMU-MOSEI/segments/w_qYZSVx2dM_004.mp4,no
w_qYZSVx2dM_005,data/raw/CMU-MOSEI/segments/w_qYZSVx2dM_005.mp4,no
w_qYZSVx2dM_006,data/raw/CMU-MOSEI/segments/w_qYZSVx2dM_006.mp4,no
WaaSYRPwQBw_000,data/raw/CMU-MOSEI/segments/WaaSYRPwQBw_000.mp4,no
WANirpnKa4w_000,data/raw/CMU-MOSEI/segments/WANirpnKa4w_000.mp4,no
WANirpnKa4w_001,data/raw/CMU-MOSEI/segments/WANirpnKa4w_001.mp4,no
WANirpnKa4w_002,data/raw/CMU-MOSEI/segments/WANirpnKa4w_002.mp4,no
WAXJRnJXmOA_000,data/raw/CMU-MOSEI/segments/WAXJRnJXmOA_000.mp4,no
WAXJRnJXmOA_001,data/raw/CMU-MOSEI/segments/WAXJRnJXmOA_001.mp4,no
WAXJRnJXmOA_003,data/raw/CMU-MOSEI/segments/WAXJRnJXmOA_003.mp4,no
WAXJRnJXmOA_005,data/raw/CMU-MOSEI/segments/WAXJRnJXmOA_005.mp4,no
WAXJRnJXmOA_006,data/raw/CMU-MOSEI/segments/WAXJRnJXmOA_006.mp4,no
WAXJRnJXmOA_007,data/raw/CMU-MOSEI/segments/WAXJRnJXmOA_007.mp4,no
wb7CfuiIZFQ_000,data/raw/CMU-MOSEI/segments/wb7CfuiIZFQ_000.mp4,no
WBA79Q3e_PU_000,data/raw/CMU-MOSEI/segments/WBA79Q3e_PU_000.mp4,no
WBCRTcMJZZc_000,data/raw/CMU-MOSEI/segments/WBCRTcMJZZc_000.mp4,no
WBCRTcMJZZc_001,data/raw/CMU-MOSEI/segments/WBCRTcMJZZc_001.mp4,no
WBCRTcMJZZc_002,data/raw/CMU-MOSEI/segments/WBCRTcMJZZc_002.mp4,no
WBCRTcMJZZc_003,data/raw/CMU-MOSEI/segments/WBCRTcMJZZc_003.mp4,no
wC_1M7KIv9s_000,data/raw/CMU-MOSEI/segments/wC_1M7KIv9s_000.mp4,no
wC_1M7KIv9s_001,data/raw/CMU-MOSEI/segments/wC_1M7KIv9s_001.mp4,no
wC_1M7KIv9s_002,data/raw/CMU-MOSEI/segments/wC_1M7KIv9s_002.mp4,no
wC_1M7KIv9s_003,data/raw/CMU-MOSEI/segments/wC_1M7KIv9s_003.mp4,no
wC_1M7KIv9s_004,data/raw/CMU-MOSEI/segments/wC_1M7KIv9s_004.mp4,no
wC_1M7KIv9s_005,data/raw/CMU-MOSEI/segments/wC_1M7KIv9s_005.mp4,no
wC_1M7KIv9s_006,data/raw/CMU-MOSEI/segments/wC_1M7KIv9s_006.mp4,no
wC_1M7KIv9s_009,data/raw/CMU-MOSEI/segments/wC_1M7KIv9s_009.mp4,no
wC_1M7KIv9s_010,data/raw/CMU-MOSEI/segments/wC_1M7KIv9s_010.mp4,no
wC_1M7KIv9s_012,data/raw/CMU-MOSEI/segments/wC_1M7KIv9s_012.mp4,no
wC_1M7KIv9s_014,data/raw/CMU-MOSEI/segments/wC_1M7KIv9s_014.mp4,no
wC_1M7KIv9s_015,data/raw/CMU-MOSEI/segments/wC_1M7KIv9s_015.mp4,no
wC_1M7KIv9s_016,data/raw/CMU-MOSEI/segments/wC_1M7KIv9s_016.mp4,no
wC_1M7KIv9s_019,data/raw/CMU-MOSEI/segments/wC_1M7KIv9s_019.mp4,no
wdU-0bttAkc_001,data/raw/CMU-MOSEI/segments/wdU-0bttAkc_001.mp4,no
wEs7pJH2mqQ_000,data/raw/CMU-MOSEI/segments/wEs7pJH2mqQ_000.mp4,no
wEs7pJH2mqQ_001,data/raw/CMU-MOSEI/segments/wEs7pJH2mqQ_001.mp4,no
wEs7pJH2mqQ_002,data/raw/CMU-MOSEI/segments/wEs7pJH2mqQ_002.mp4,no
wEs7pJH2mqQ_003,data/raw/CMU-MOSEI/segments/wEs7pJH2mqQ_003.mp4,no
wEs7pJH2mqQ_004,data/raw/CMU-MOSEI/segments/wEs7pJH2mqQ_004.mp4,no
WfNiQBXmPw8_000,data/raw/CMU-MOSEI/segments/WfNiQBXmPw8_000.mp4,no
WfNiQBXmPw8_001,data/raw/CMU-MOSEI/segments/WfNiQBXmPw8_001.mp4,no
WfNiQBXmPw8_002,data/raw/CMU-MOSEI/segments/WfNiQBXmPw8_002.mp4,no
WfNiQBXmPw8_003,data/raw/CMU-MOSEI/segments/WfNiQBXmPw8_003.mp4,no
WfNiQBXmPw8_004,data/raw/CMU-MOSEI/segments/WfNiQBXmPw8_004.mp4,no
WfNiQBXmPw8_005,data/raw/CMU-MOSEI/segments/WfNiQBXmPw8_005.mp4,no
WfNiQBXmPw8_006,data/raw/CMU-MOSEI/segments/WfNiQBXmPw8_006.mp4,no
WfNiQBXmPw8_007,data/raw/CMU-MOSEI/segments/WfNiQBXmPw8_007.mp4,no
WfNiQBXmPw8_008,data/raw/CMU-MOSEI/segments/WfNiQBXmPw8_008.mp4,no
wgca4dZnnVQ_000,data/raw/CMU-MOSEI/segments/wgca4dZnnVQ_000.mp4,no
WGfGxoI05ew_000,data/raw/CMU-MOSEI/segments/WGfGxoI05ew_000.mp4,no
WGfGxoI05ew_001,data/raw/CMU-MOSEI/segments/WGfGxoI05ew_001.mp4,no
WgI8IbJtXHw_000,data/raw/CMU-MOSEI/segments/WgI8IbJtXHw_000.mp4,no
wHQYmMZzyJY_001,data/raw/CMU-MOSEI/segments/wHQYmMZzyJY_001.mp4,no
wHQYmMZzyJY_002,data/raw/CMU-MOSEI/segments/wHQYmMZzyJY_002.mp4,no
wHQYmMZzyJY_003,data/raw/CMU-MOSEI/segments/wHQYmMZzyJY_003.mp4,no
wHQYmMZzyJY_005,data/raw/CMU-MOSEI/segments/wHQYmMZzyJY_005.mp4,no
wHQYmMZzyJY_006,data/raw/CMU-MOSEI/segments/wHQYmMZzyJY_006.mp4,no
wHQYmMZzyJY_007,data/raw/CMU-MOSEI/segments/wHQYmMZzyJY_007.mp4,no
wHQYmMZzyJY_008,data/raw/CMU-MOSEI/segments/wHQYmMZzyJY_008.mp4,no
wHQYmMZzyJY_009,data/raw/CMU-MOSEI/segments/wHQYmMZzyJY_009.mp4,no
WHUHTmtBJWU_000,data/raw/CMU-MOSEI/segments/WHUHTmtBJWU_000.mp4,no
WHUHTmtBJWU_001,data/raw/CMU-MOSEI/segments/WHUHTmtBJWU_001.mp4,no
WJ2QF4Kw9Y8_001,data/raw/CMU-MOSEI/segments/WJ2QF4Kw9Y8_001.mp4,no
wLj_gnNON7A_001,data/raw/CMU-MOSEI/segments/wLj_gnNON7A_001.mp4,no
wLj_gnNON7A_002,data/raw/CMU-MOSEI/segments/wLj_gnNON7A_002.mp4,no
wLj_gnNON7A_003,data/raw/CMU-MOSEI/segments/wLj_gnNON7A_003.mp4,no
wLj_gnNON7A_005,data/raw/CMU-MOSEI/segments/wLj_gnNON7A_005.mp4,no
wLj_gnNON7A_006,data/raw/CMU-MOSEI/segments/wLj_gnNON7A_006.mp4,no
wLj_gnNON7A_008,data/raw/CMU-MOSEI/segments/wLj_gnNON7A_008.mp4,no
wLj_gnNON7A_009,data/raw/CMU-MOSEI/segments/wLj_gnNON7A_009.mp4,no
wLj_gnNON7A_010,data/raw/CMU-MOSEI/segments/wLj_gnNON7A_010.mp4,no
wLj_gnNON7A_011,data/raw/CMU-MOSEI/segments/wLj_gnNON7A_011.mp4,no
wLj_gnNON7A_012,data/raw/CMU-MOSEI/segments/wLj_gnNON7A_012.mp4,no
wLj_gnNON7A_013,data/raw/CMU-MOSEI/segments/wLj_gnNON7A_013.mp4,no
wLj_gnNON7A_014,data/raw/CMU-MOSEI/segments/wLj_gnNON7A_014.mp4,no
wLj_gnNON7A_015,data/raw/CMU-MOSEI/segments/wLj_gnNON7A_015.mp4,no
wLj_gnNON7A_017,data/raw/CMU-MOSEI/segments/wLj_gnNON7A_017.mp4,no
wLj_gnNON7A_018,data/raw/CMU-MOSEI/segments/wLj_gnNON7A_018.mp4,no
wLj_gnNON7A_019,data/raw/CMU-MOSEI/segments/wLj_gnNON7A_019.mp4,no
wLj_gnNON7A_020,data/raw/CMU-MOSEI/segments/wLj_gnNON7A_020.mp4,no
wLJohZMqR-g_000,data/raw/CMU-MOSEI/segments/wLJohZMqR-g_000.mp4,no
wLJohZMqR-g_001,data/raw/CMU-MOSEI/segments/wLJohZMqR-g_001.mp4,no
wMggOhhVouA_000,data/raw/CMU-MOSEI/segments/wMggOhhVouA_000.mp4,no
wMggOhhVouA_001,data/raw/CMU-MOSEI/segments/wMggOhhVouA_001.mp4,no
Wmhif6hmPTQ_001,data/raw/CMU-MOSEI/segments/Wmhif6hmPTQ_001.mp4,no
Wmhif6hmPTQ_002,data/raw/CMU-MOSEI/segments/Wmhif6hmPTQ_002.mp4,no
WMzvDL7b4sM_000,data/raw/CMU-MOSEI/segments/WMzvDL7b4sM_000.mp4,no
WMzvDL7b4sM_001,data/raw/CMU-MOSEI/segments/WMzvDL7b4sM_001.mp4,no
WMzvDL7b4sM_002,data/raw/CMU-MOSEI/segments/WMzvDL7b4sM_002.mp4,no
WMzvDL7b4sM_003,data/raw/CMU-MOSEI/segments/WMzvDL7b4sM_003.mp4,no
Wnw1IAEDwDM_000,data/raw/CMU-MOSEI/segments/Wnw1IAEDwDM_000.mp4,no
Wnw1IAEDwDM_001,data/raw/CMU-MOSEI/segments/Wnw1IAEDwDM_001.mp4,no
Wnw1IAEDwDM_002,data/raw/CMU-MOSEI/segments/Wnw1IAEDwDM_002.mp4,no
wNx1ZnQ0MDQ_001,data/raw/CMU-MOSEI/segments/wNx1ZnQ0MDQ_001.mp4,no
wNx1ZnQ0MDQ_003,data/raw/CMU-MOSEI/segments/wNx1ZnQ0MDQ_003.mp4,no
wNx1ZnQ0MDQ_004,data/raw/CMU-MOSEI/segments/wNx1ZnQ0MDQ_004.mp4,no
Wo1RxRjXyYw_000,data/raw/CMU-MOSEI/segments/Wo1RxRjXyYw_000.mp4,no
Wo1RxRjXyYw_001,data/raw/CMU-MOSEI/segments/Wo1RxRjXyYw_001.mp4,no
Wo1RxRjXyYw_002,data/raw/CMU-MOSEI/segments/Wo1RxRjXyYw_002.mp4,no
Wo1RxRjXyYw_004,data/raw/CMU-MOSEI/segments/Wo1RxRjXyYw_004.mp4,no
Wo1RxRjXyYw_005,data/raw/CMU-MOSEI/segments/Wo1RxRjXyYw_005.mp4,no
wO8fUOC4OSE_001,data/raw/CMU-MOSEI/segments/wO8fUOC4OSE_001.mp4,no
wOKWTFYYMuk_000,data/raw/CMU-MOSEI/segments/wOKWTFYYMuk_000.mp4,no
WoL4fCxGd8Q_001,data/raw/CMU-MOSEI/segments/WoL4fCxGd8Q_001.mp4,no
WoL4fCxGd8Q_003,data/raw/CMU-MOSEI/segments/WoL4fCxGd8Q_003.mp4,no
WoL4fCxGd8Q_008,data/raw/CMU-MOSEI/segments/WoL4fCxGd8Q_008.mp4,no
WoL4fCxGd8Q_009,data/raw/CMU-MOSEI/segments/WoL4fCxGd8Q_009.mp4,no
WoL4fCxGd8Q_011,data/raw/CMU-MOSEI/segments/WoL4fCxGd8Q_011.mp4,no
WQFRctNL8AA_000,data/raw/CMU-MOSEI/segments/WQFRctNL8AA_000.mp4,no
WQFRctNL8AA_001,data/raw/CMU-MOSEI/segments/WQFRctNL8AA_001.mp4,no
wR3zalLV_6c_001,data/raw/CMU-MOSEI/segments/wR3zalLV_6c_001.mp4,no
wR3zalLV_6c_004,data/raw/CMU-MOSEI/segments/wR3zalLV_6c_004.mp4,no
wR3zalLV_6c_006,data/raw/CMU-MOSEI/segments/wR3zalLV_6c_006.mp4,no
wR3zalLV_6c_009,data/raw/CMU-MOSEI/segments/wR3zalLV_6c_009.mp4,no
wR3zalLV_6c_012,data/raw/CMU-MOSEI/segments/wR3zalLV_6c_012.mp4,no
wR3zalLV_6c_013,data/raw/CMU-MOSEI/segments/wR3zalLV_6c_013.mp4,no
wR3zalLV_6c_014,data/raw/CMU-MOSEI/segments/wR3zalLV_6c_014.mp4,no
Wrcf2xtqbkQ_002,data/raw/CMU-MOSEI/segments/Wrcf2xtqbkQ_002.mp4,no
Wrcf2xtqbkQ_003,data/raw/CMU-MOSEI/segments/Wrcf2xtqbkQ_003.mp4,no
WSjlhBDxNW8_000,data/raw/CMU-MOSEI/segments/WSjlhBDxNW8_000.mp4,no
WSjlhBDxNW8_002,data/raw/CMU-MOSEI/segments/WSjlhBDxNW8_002.mp4,no
WSjlhBDxNW8_003,data/raw/CMU-MOSEI/segments/WSjlhBDxNW8_003.mp4,no
WSjlhBDxNW8_004,data/raw/CMU-MOSEI/segments/WSjlhBDxNW8_004.mp4,no
WTF9xgqLIvI_000,data/raw/CMU-MOSEI/segments/WTF9xgqLIvI_000.mp4,no
WTF9xgqLIvI_001,data/raw/CMU-MOSEI/segments/WTF9xgqLIvI_001.mp4,no
WTF9xgqLIvI_003,data/raw/CMU-MOSEI/segments/WTF9xgqLIvI_003.mp4,no
WTF9xgqLIvI_004,data/raw/CMU-MOSEI/segments/WTF9xgqLIvI_004.mp4,no
WTF9xgqLIvI_005,data/raw/CMU-MOSEI/segments/WTF9xgqLIvI_005.mp4,no
WTF9xgqLIvI_006,data/raw/CMU-MOSEI/segments/WTF9xgqLIvI_006.mp4,no
WTF9xgqLIvI_007,data/raw/CMU-MOSEI/segments/WTF9xgqLIvI_007.mp4,no
WTF9xgqLIvI_008,data/raw/CMU-MOSEI/segments/WTF9xgqLIvI_008.mp4,no
WTF9xgqLIvI_009,data/raw/CMU-MOSEI/segments/WTF9xgqLIvI_009.mp4,no
Wu-wQTmxRgo_001,data/raw/CMU-MOSEI/segments/Wu-wQTmxRgo_001.mp4,no
WuaoxGAKue0_000,data/raw/CMU-MOSEI/segments/WuaoxGAKue0_000.mp4,no
WUeSV0Z23Kg_000,data/raw/CMU-MOSEI/segments/WUeSV0Z23Kg_000.mp4,no
WUeSV0Z23Kg_001,data/raw/CMU-MOSEI/segments/WUeSV0Z23Kg_001.mp4,no
wvLEIxt-_V0_000,data/raw/CMU-MOSEI/segments/wvLEIxt-_V0_000.mp4,no
Wx9nThz5z_Y_000,data/raw/CMU-MOSEI/segments/Wx9nThz5z_Y_000.mp4,no
Wx9nThz5z_Y_001,data/raw/CMU-MOSEI/segments/Wx9nThz5z_Y_001.mp4,no
Wx9nThz5z_Y_002,data/raw/CMU-MOSEI/segments/Wx9nThz5z_Y_002.mp4,no
WxajvjGKz7Y_000,data/raw/CMU-MOSEI/segments/WxajvjGKz7Y_000.mp4,no
WxajvjGKz7Y_001,data/raw/CMU-MOSEI/segments/WxajvjGKz7Y_001.mp4,no
WxajvjGKz7Y_002,data/raw/CMU-MOSEI/segments/WxajvjGKz7Y_002.mp4,no
WxajvjGKz7Y_003,data/raw/CMU-MOSEI/segments/WxajvjGKz7Y_003.mp4,no
WxajvjGKz7Y_004,data/raw/CMU-MOSEI/segments/WxajvjGKz7Y_004.mp4,no
WxajvjGKz7Y_005,data/raw/CMU-MOSEI/segments/WxajvjGKz7Y_005.mp4,no
WXKgBIiP8IA_000,data/raw/CMU-MOSEI/segments/WXKgBIiP8IA_000.mp4,no
WXKgBIiP8IA_001,data/raw/CMU-MOSEI/segments/WXKgBIiP8IA_001.mp4,no
WXKgBIiP8IA_002,data/raw/CMU-MOSEI/segments/WXKgBIiP8IA_002.mp4,no
WXKgBIiP8IA_003,data/raw/CMU-MOSEI/segments/WXKgBIiP8IA_003.mp4,no
WXKgBIiP8IA_004,data/raw/CMU-MOSEI/segments/WXKgBIiP8IA_004.mp4,no
WXKgBIiP8IA_006,data/raw/CMU-MOSEI/segments/WXKgBIiP8IA_006.mp4,no
WXKgBIiP8IA_007,data/raw/CMU-MOSEI/segments/WXKgBIiP8IA_007.mp4,no
WXKgBIiP8IA_008,data/raw/CMU-MOSEI/segments/WXKgBIiP8IA_008.mp4,no
WXKgBIiP8IA_009,data/raw/CMU-MOSEI/segments/WXKgBIiP8IA_009.mp4,no
WXKgBIiP8IA_010,data/raw/CMU-MOSEI/segments/WXKgBIiP8IA_010.mp4,no
wXuBJvzeC1Q_000,data/raw/CMU-MOSEI/segments/wXuBJvzeC1Q_000.mp4,no
wxxqXK9x-64_003,data/raw/CMU-MOSEI/segments/wxxqXK9x-64_003.mp4,no
wY8JbFOsp5E_000,data/raw/CMU-MOSEI/segments/wY8JbFOsp5E_000.mp4,no
wY8JbFOsp5E_001,data/raw/CMU-MOSEI/segments/wY8JbFOsp5E_001.mp4,no
x-oexIBWwR4_000,data/raw/CMU-MOSEI/segments/x-oexIBWwR4_000.mp4,no
x-oexIBWwR4_001,data/raw/CMU-MOSEI/segments/x-oexIBWwR4_001.mp4,no
x-oexIBWwR4_002,data/raw/CMU-MOSEI/segments/x-oexIBWwR4_002.mp4,no
x-oexIBWwR4_003,data/raw/CMU-MOSEI/segments/x-oexIBWwR4_003.mp4,no
x-oexIBWwR4_004,data/raw/CMU-MOSEI/segments/x-oexIBWwR4_004.mp4,no
x-oexIBWwR4_005,data/raw/CMU-MOSEI/segments/x-oexIBWwR4_005.mp4,no
x-oexIBWwR4_006,data/raw/CMU-MOSEI/segments/x-oexIBWwR4_006.mp4,no
x-oexIBWwR4_007,data/raw/CMU-MOSEI/segments/x-oexIBWwR4_007.mp4,no
x-oexIBWwR4_008,data/raw/CMU-MOSEI/segments/x-oexIBWwR4_008.mp4,no
X0jMZoxUL2A_000,data/raw/CMU-MOSEI/segments/X0jMZoxUL2A_000.mp4,no
X0jMZoxUL2A_001,data/raw/CMU-MOSEI/segments/X0jMZoxUL2A_001.mp4,no
X0jMZoxUL2A_002,data/raw/CMU-MOSEI/segments/X0jMZoxUL2A_002.mp4,no
X0jMZoxUL2A_003,data/raw/CMU-MOSEI/segments/X0jMZoxUL2A_003.mp4,no
X0jMZoxUL2A_004,data/raw/CMU-MOSEI/segments/X0jMZoxUL2A_004.mp4,no
X0jMZoxUL2A_005,data/raw/CMU-MOSEI/segments/X0jMZoxUL2A_005.mp4,no
X0jMZoxUL2A_006,data/raw/CMU-MOSEI/segments/X0jMZoxUL2A_006.mp4,no
X0jMZoxUL2A_007,data/raw/CMU-MOSEI/segments/X0jMZoxUL2A_007.mp4,no
X0jMZoxUL2A_008,data/raw/CMU-MOSEI/segments/X0jMZoxUL2A_008.mp4,no
X0jMZoxUL2A_009,data/raw/CMU-MOSEI/segments/X0jMZoxUL2A_009.mp4,no
X0jMZoxUL2A_010,data/raw/CMU-MOSEI/segments/X0jMZoxUL2A_010.mp4,no
X2leyjuolDM_000,data/raw/CMU-MOSEI/segments/X2leyjuolDM_000.mp4,no
X2leyjuolDM_002,data/raw/CMU-MOSEI/segments/X2leyjuolDM_002.mp4,no
X2leyjuolDM_005,data/raw/CMU-MOSEI/segments/X2leyjuolDM_005.mp4,no
X2leyjuolDM_006,data/raw/CMU-MOSEI/segments/X2leyjuolDM_006.mp4,no
X3p50qqFW_w_001,data/raw/CMU-MOSEI/segments/X3p50qqFW_w_001.mp4,no
X3p50qqFW_w_005,data/raw/CMU-MOSEI/segments/X3p50qqFW_w_005.mp4,no
x5xF4yu9Bos_000,data/raw/CMU-MOSEI/segments/x5xF4yu9Bos_000.mp4,no
x5xF4yu9Bos_001,data/raw/CMU-MOSEI/segments/x5xF4yu9Bos_001.mp4,no
x5xF4yu9Bos_002,data/raw/CMU-MOSEI/segments/x5xF4yu9Bos_002.mp4,no
x5xF4yu9Bos_004,data/raw/CMU-MOSEI/segments/x5xF4yu9Bos_004.mp4,no
x5xF4yu9Bos_005,data/raw/CMU-MOSEI/segments/x5xF4yu9Bos_005.mp4,no
x5xF4yu9Bos_006,data/raw/CMU-MOSEI/segments/x5xF4yu9Bos_006.mp4,no
x5xF4yu9Bos_007,data/raw/CMU-MOSEI/segments/x5xF4yu9Bos_007.mp4,no
x5xF4yu9Bos_008,data/raw/CMU-MOSEI/segments/x5xF4yu9Bos_008.mp4,no
x5xF4yu9Bos_009,data/raw/CMU-MOSEI/segments/x5xF4yu9Bos_009.mp4,no
X6-jJO00DMg_000,data/raw/CMU-MOSEI/segments/X6-jJO00DMg_000.mp4,no
X6-jJO00DMg_001,data/raw/CMU-MOSEI/segments/X6-jJO00DMg_001.mp4,no
X7-Gbk8gAD0_000,data/raw/CMU-MOSEI/segments/X7-Gbk8gAD0_000.mp4,no
X7-Gbk8gAD0_001,data/raw/CMU-MOSEI/segments/X7-Gbk8gAD0_001.mp4,no
X7-Gbk8gAD0_002,data/raw/CMU-MOSEI/segments/X7-Gbk8gAD0_002.mp4,no
X7-Gbk8gAD0_003,data/raw/CMU-MOSEI/segments/X7-Gbk8gAD0_003.mp4,no
X7-Gbk8gAD0_004,data/raw/CMU-MOSEI/segments/X7-Gbk8gAD0_004.mp4,no
X7-Gbk8gAD0_005,data/raw/CMU-MOSEI/segments/X7-Gbk8gAD0_005.mp4,no
X7-Gbk8gAD0_006,data/raw/CMU-MOSEI/segments/X7-Gbk8gAD0_006.mp4,no
x8UZQkN52o4_000,data/raw/CMU-MOSEI/segments/x8UZQkN52o4_000.mp4,no
x8UZQkN52o4_002,data/raw/CMU-MOSEI/segments/x8UZQkN52o4_002.mp4,no
x8UZQkN52o4_003,data/raw/CMU-MOSEI/segments/x8UZQkN52o4_003.mp4,no
x8UZQkN52o4_005,data/raw/CMU-MOSEI/segments/x8UZQkN52o4_005.mp4,no
x8UZQkN52o4_006,data/raw/CMU-MOSEI/segments/x8UZQkN52o4_006.mp4,no
x8UZQkN52o4_007,data/raw/CMU-MOSEI/segments/x8UZQkN52o4_007.mp4,no
x92920ole0w_000,data/raw/CMU-MOSEI/segments/x92920ole0w_000.mp4,no
x92920ole0w_001,data/raw/CMU-MOSEI/segments/x92920ole0w_001.mp4,no
x92920ole0w_002,data/raw/CMU-MOSEI/segments/x92920ole0w_002.mp4,no
x9E8yaFCX0Y_000,data/raw/CMU-MOSEI/segments/x9E8yaFCX0Y_000.mp4,no
x9E8yaFCX0Y_001,data/raw/CMU-MOSEI/segments/x9E8yaFCX0Y_001.mp4,no
x9E8yaFCX0Y_003,data/raw/CMU-MOSEI/segments/x9E8yaFCX0Y_003.mp4,no
x9E8yaFCX0Y_004,data/raw/CMU-MOSEI/segments/x9E8yaFCX0Y_004.mp4,no
x9E8yaFCX0Y_005,data/raw/CMU-MOSEI/segments/x9E8yaFCX0Y_005.mp4,no
x9E8yaFCX0Y_006,data/raw/CMU-MOSEI/segments/x9E8yaFCX0Y_006.mp4,no
X_TusmBIlC0_000,data/raw/CMU-MOSEI/segments/X_TusmBIlC0_000.mp4,no
X_TusmBIlC0_001,data/raw/CMU-MOSEI/segments/X_TusmBIlC0_001.mp4,no
Xa086gxLJ3Y_000,data/raw/CMU-MOSEI/segments/Xa086gxLJ3Y_000.mp4,no
Xa086gxLJ3Y_001,data/raw/CMU-MOSEI/segments/Xa086gxLJ3Y_001.mp4,no
Xa086gxLJ3Y_002,data/raw/CMU-MOSEI/segments/Xa086gxLJ3Y_002.mp4,no
XAazxiP6tP0_000,data/raw/CMU-MOSEI/segments/XAazxiP6tP0_000.mp4,no
XAazxiP6tP0_004,data/raw/CMU-MOSEI/segments/XAazxiP6tP0_004.mp4,no
XAazxiP6tP0_005,data/raw/CMU-MOSEI/segments/XAazxiP6tP0_005.mp4,no
XAazxiP6tP0_006,data/raw/CMU-MOSEI/segments/XAazxiP6tP0_006.mp4,no
XAgD-xoil40_000,data/raw/CMU-MOSEI/segments/XAgD-xoil40_000.mp4,no
XAgD-xoil40_002,data/raw/CMU-MOSEI/segments/XAgD-xoil40_002.mp4,no
XAgD-xoil40_003,data/raw/CMU-MOSEI/segments/XAgD-xoil40_003.mp4,no
XAgD-xoil40_004,data/raw/CMU-MOSEI/segments/XAgD-xoil40_004.mp4,no
XAgD-xoil40_005,data/raw/CMU-MOSEI/segments/XAgD-xoil40_005.mp4,no
XaVYxIW0FDg_000,data/raw/CMU-MOSEI/segments/XaVYxIW0FDg_000.mp4,no
XbkYA-iXUwA_000,data/raw/CMU-MOSEI/segments/XbkYA-iXUwA_000.mp4,no
XbkYA-iXUwA_001,data/raw/CMU-MOSEI/segments/XbkYA-iXUwA_001.mp4,no
XbkYA-iXUwA_002,data/raw/CMU-MOSEI/segments/XbkYA-iXUwA_002.mp4,no
xbl7bU5PGBs_000,data/raw/CMU-MOSEI/segments/xbl7bU5PGBs_000.mp4,no
xbl7bU5PGBs_001,data/raw/CMU-MOSEI/segments/xbl7bU5PGBs_001.mp4,no
XblL7mcdDdg_000,data/raw/CMU-MOSEI/segments/XblL7mcdDdg_000.mp4,no
XblL7mcdDdg_003,data/raw/CMU-MOSEI/segments/XblL7mcdDdg_003.mp4,no
XblL7mcdDdg_004,data/raw/CMU-MOSEI/segments/XblL7mcdDdg_004.mp4,no
XbolrpSc0KU_000,data/raw/CMU-MOSEI/segments/XbolrpSc0KU_000.mp4,no
XbolrpSc0KU_001,data/raw/CMU-MOSEI/segments/XbolrpSc0KU_001.mp4,no
XbolrpSc0KU_003,data/raw/CMU-MOSEI/segments/XbolrpSc0KU_003.mp4,no
XbolrpSc0KU_004,data/raw/CMU-MOSEI/segments/XbolrpSc0KU_004.mp4,no
xBsrNFxnnuY_000,data/raw/CMU-MOSEI/segments/xBsrNFxnnuY_000.mp4,no
xBsrNFxnnuY_001,data/raw/CMU-MOSEI/segments/xBsrNFxnnuY_001.mp4,no
xBsrNFxnnuY_002,data/raw/CMU-MOSEI/segments/xBsrNFxnnuY_002.mp4,no
xBsrNFxnnuY_003,data/raw/CMU-MOSEI/segments/xBsrNFxnnuY_003.mp4,no
xBsrNFxnnuY_004,data/raw/CMU-MOSEI/segments/xBsrNFxnnuY_004.mp4,no
xBsrNFxnnuY_005,data/raw/CMU-MOSEI/segments/xBsrNFxnnuY_005.mp4,no
xBsrNFxnnuY_006,data/raw/CMU-MOSEI/segments/xBsrNFxnnuY_006.mp4,no
XcHLB-qfv5M_001,data/raw/CMU-MOSEI/segments/XcHLB-qfv5M_001.mp4,no
XCyngF93SmU_000,data/raw/CMU-MOSEI/segments/XCyngF93SmU_000.mp4,no
XCyngF93SmU_001,data/raw/CMU-MOSEI/segments/XCyngF93SmU_001.mp4,no
XCyngF93SmU_002,data/raw/CMU-MOSEI/segments/XCyngF93SmU_002.mp4,no
XCyngF93SmU_004,data/raw/CMU-MOSEI/segments/XCyngF93SmU_004.mp4,no
XCyngF93SmU_005,data/raw/CMU-MOSEI/segments/XCyngF93SmU_005.mp4,no
XDVkhOziCkg_001,data/raw/CMU-MOSEI/segments/XDVkhOziCkg_001.mp4,no
XEZ7e4pf1xE_000,data/raw/CMU-MOSEI/segments/XEZ7e4pf1xE_000.mp4,no
XEZ7e4pf1xE_001,data/raw/CMU-MOSEI/segments/XEZ7e4pf1xE_001.mp4,no
XEZ7e4pf1xE_002,data/raw/CMU-MOSEI/segments/XEZ7e4pf1xE_002.mp4,no
XEZ7e4pf1xE_003,data/raw/CMU-MOSEI/segments/XEZ7e4pf1xE_003.mp4,no
XEZ7e4pf1xE_004,data/raw/CMU-MOSEI/segments/XEZ7e4pf1xE_004.mp4,no
XEZ7e4pf1xE_005,data/raw/CMU-MOSEI/segments/XEZ7e4pf1xE_005.mp4,no
XEZ7e4pf1xE_006,data/raw/CMU-MOSEI/segments/XEZ7e4pf1xE_006.mp4,no
XEZ7e4pf1xE_007,data/raw/CMU-MOSEI/segments/XEZ7e4pf1xE_007.mp4,no
XEZ7e4pf1xE_008,data/raw/CMU-MOSEI/segments/XEZ7e4pf1xE_008.mp4,no
XEZ7e4pf1xE_009,data/raw/CMU-MOSEI/segments/XEZ7e4pf1xE_009.mp4,no
XEZ7e4pf1xE_010,data/raw/CMU-MOSEI/segments/XEZ7e4pf1xE_010.mp4,no
XFGHTk_3hGg_000,data/raw/CMU-MOSEI/segments/XFGHTk_3hGg_000.mp4,no
XFGHTk_3hGg_001,data/raw/CMU-MOSEI/segments/XFGHTk_3hGg_001.mp4,no
XFGHTk_3hGg_002,data/raw/CMU-MOSEI/segments/XFGHTk_3hGg_002.mp4,no
XFGHTk_3hGg_003,data/raw/CMU-MOSEI/segments/XFGHTk_3hGg_003.mp4,no
xfP0bm6Z-7E_000,data/raw/CMU-MOSEI/segments/xfP0bm6Z-7E_000.mp4,no
xfP0bm6Z-7E_001,data/raw/CMU-MOSEI/segments/xfP0bm6Z-7E_001.mp4,no
xfP0bm6Z-7E_002,data/raw/CMU-MOSEI/segments/xfP0bm6Z-7E_002.mp4,no
xfP0bm6Z-7E_003,data/raw/CMU-MOSEI/segments/xfP0bm6Z-7E_003.mp4,no
xfP0bm6Z-7E_004,data/raw/CMU-MOSEI/segments/xfP0bm6Z-7E_004.mp4,no
xfP0bm6Z-7E_005,data/raw/CMU-MOSEI/segments/xfP0bm6Z-7E_005.mp4,no
xgAwddSkrOo_001,data/raw/CMU-MOSEI/segments/xgAwddSkrOo_001.mp4,no
xge9aYTxxOA_000,data/raw/CMU-MOSEI/segments/xge9aYTxxOA_000.mp4,no
xge9aYTxxOA_001,data/raw/CMU-MOSEI/segments/xge9aYTxxOA_001.mp4,no
xge9aYTxxOA_002,data/raw/CMU-MOSEI/segments/xge9aYTxxOA_002.mp4,no
xge9aYTxxOA_003,data/raw/CMU-MOSEI/segments/xge9aYTxxOA_003.mp4,no
XIGpuL-Kkyk_000,data/raw/CMU-MOSEI/segments/XIGpuL-Kkyk_000.mp4,no
XIGpuL-Kkyk_001,data/raw/CMU-MOSEI/segments/XIGpuL-Kkyk_001.mp4,no
XIGpuL-Kkyk_003,data/raw/CMU-MOSEI/segments/XIGpuL-Kkyk_003.mp4,no
XIGpuL-Kkyk_004,data/raw/CMU-MOSEI/segments/XIGpuL-Kkyk_004.mp4,no
XIGpuL-Kkyk_005,data/raw/CMU-MOSEI/segments/XIGpuL-Kkyk_005.mp4,no
xivYoEUQ5sk_000,data/raw/CMU-MOSEI/segments/xivYoEUQ5sk_000.mp4,no
xivYoEUQ5sk_002,data/raw/CMU-MOSEI/segments/xivYoEUQ5sk_002.mp4,no
xivYoEUQ5sk_003,data/raw/CMU-MOSEI/segments/xivYoEUQ5sk_003.mp4,no
xivYoEUQ5sk_004,data/raw/CMU-MOSEI/segments/xivYoEUQ5sk_004.mp4,no
xivYoEUQ5sk_006,data/raw/CMU-MOSEI/segments/xivYoEUQ5sk_006.mp4,no
xjsaS-LeZ14_001,data/raw/CMU-MOSEI/segments/xjsaS-LeZ14_001.mp4,no
xjsaS-LeZ14_003,data/raw/CMU-MOSEI/segments/xjsaS-LeZ14_003.mp4,no
xjsaS-LeZ14_004,data/raw/CMU-MOSEI/segments/xjsaS-LeZ14_004.mp4,no
xjsaS-LeZ14_005,data/raw/CMU-MOSEI/segments/xjsaS-LeZ14_005.mp4,no
xjsaS-LeZ14_006,data/raw/CMU-MOSEI/segments/xjsaS-LeZ14_006.mp4,no
xjsaS-LeZ14_008,data/raw/CMU-MOSEI/segments/xjsaS-LeZ14_008.mp4,no
xk4C4p5vHDk_000,data/raw/CMU-MOSEI/segments/xk4C4p5vHDk_000.mp4,no
xk4C4p5vHDk_001,data/raw/CMU-MOSEI/segments/xk4C4p5vHDk_001.mp4,no
xk4C4p5vHDk_002,data/raw/CMU-MOSEI/segments/xk4C4p5vHDk_002.mp4,no
xk4C4p5vHDk_004,data/raw/CMU-MOSEI/segments/xk4C4p5vHDk_004.mp4,no
xk4C4p5vHDk_005,data/raw/CMU-MOSEI/segments/xk4C4p5vHDk_005.mp4,no
xk4C4p5vHDk_006,data/raw/CMU-MOSEI/segments/xk4C4p5vHDk_006.mp4,no
xk4C4p5vHDk_007,data/raw/CMU-MOSEI/segments/xk4C4p5vHDk_007.mp4,no
xk4C4p5vHDk_008,data/raw/CMU-MOSEI/segments/xk4C4p5vHDk_008.mp4,no
xk4C4p5vHDk_009,data/raw/CMU-MOSEI/segments/xk4C4p5vHDk_009.mp4,no
XKyumlBmix8_000,data/raw/CMU-MOSEI/segments/XKyumlBmix8_000.mp4,no
XKyumlBmix8_001,data/raw/CMU-MOSEI/segments/XKyumlBmix8_001.mp4,no
XKyumlBmix8_002,data/raw/CMU-MOSEI/segments/XKyumlBmix8_002.mp4,no
XKyumlBmix8_003,data/raw/CMU-MOSEI/segments/XKyumlBmix8_003.mp4,no
xlNDpmKgSIc_000,data/raw/CMU-MOSEI/segments/xlNDpmKgSIc_000.mp4,no
XlTYSOaZ_vM_000,data/raw/CMU-MOSEI/segments/XlTYSOaZ_vM_000.mp4,no
XlTYSOaZ_vM_001,data/raw/CMU-MOSEI/segments/XlTYSOaZ_vM_001.mp4,no
xn9_4n4NpEw_000,data/raw/CMU-MOSEI/segments/xn9_4n4NpEw_000.mp4,no
xn9_4n4NpEw_002,data/raw/CMU-MOSEI/segments/xn9_4n4NpEw_002.mp4,no
xn9_4n4NpEw_003,data/raw/CMU-MOSEI/segments/xn9_4n4NpEw_003.mp4,no
xn9_4n4NpEw_004,data/raw/CMU-MOSEI/segments/xn9_4n4NpEw_004.mp4,no
xn9_4n4NpEw_005,data/raw/CMU-MOSEI/segments/xn9_4n4NpEw_005.mp4,no
xn9_4n4NpEw_006,data/raw/CMU-MOSEI/segments/xn9_4n4NpEw_006.mp4,no
xn9_4n4NpEw_007,data/raw/CMU-MOSEI/segments/xn9_4n4NpEw_007.mp4,no
xn9_4n4NpEw_008,data/raw/CMU-MOSEI/segments/xn9_4n4NpEw_008.mp4,no
xn9_4n4NpEw_009,data/raw/CMU-MOSEI/segments/xn9_4n4NpEw_009.mp4,no
xn9_4n4NpEw_010,data/raw/CMU-MOSEI/segments/xn9_4n4NpEw_010.mp4,no
xnNZyfhusAk_000,data/raw/CMU-MOSEI/segments/xnNZyfhusAk_000.mp4,no
XnPnlRQXSkM_000,data/raw/CMU-MOSEI/segments/XnPnlRQXSkM_000.mp4,no
XnPnlRQXSkM_001,data/raw/CMU-MOSEI/segments/XnPnlRQXSkM_001.mp4,no
XnPnlRQXSkM_002,data/raw/CMU-MOSEI/segments/XnPnlRQXSkM_002.mp4,no
xNYsfeSgDCQ_001,data/raw/CMU-MOSEI/segments/xNYsfeSgDCQ_001.mp4,no
xNYsfeSgDCQ_002,data/raw/CMU-MOSEI/segments/xNYsfeSgDCQ_002.mp4,no
xNYsfeSgDCQ_003,data/raw/CMU-MOSEI/segments/xNYsfeSgDCQ_003.mp4,no
Xo6-V2RlWss_000,data/raw/CMU-MOSEI/segments/Xo6-V2RlWss_000.mp4,no
Xo6-V2RlWss_001,data/raw/CMU-MOSEI/segments/Xo6-V2RlWss_001.mp4,no
Xo6-V2RlWss_002,data/raw/CMU-MOSEI/segments/Xo6-V2RlWss_002.mp4,no
xobMRm5Vs44_000,data/raw/CMU-MOSEI/segments/xobMRm5Vs44_000.mp4,no
xP81rX2ATLI_001,data/raw/CMU-MOSEI/segments/xP81rX2ATLI_001.mp4,no
xP81rX2ATLI_002,data/raw/CMU-MOSEI/segments/xP81rX2ATLI_002.mp4,no
xP81rX2ATLI_004,data/raw/CMU-MOSEI/segments/xP81rX2ATLI_004.mp4,no
xP81rX2ATLI_005,data/raw/CMU-MOSEI/segments/xP81rX2ATLI_005.mp4,no
xP81rX2ATLI_007,data/raw/CMU-MOSEI/segments/xP81rX2ATLI_007.mp4,no
xP81rX2ATLI_008,data/raw/CMU-MOSEI/segments/xP81rX2ATLI_008.mp4,no
xPhlDO-2Foc_000,data/raw/CMU-MOSEI/segments/xPhlDO-2Foc_000.mp4,no
xPhlDO-2Foc_002,data/raw/CMU-MOSEI/segments/xPhlDO-2Foc_002.mp4,no
xPhlDO-2Foc_003,data/raw/CMU-MOSEI/segments/xPhlDO-2Foc_003.mp4,no
xPhlDO-2Foc_004,data/raw/CMU-MOSEI/segments/xPhlDO-2Foc_004.mp4,no
xPN38lYBQv4_000,data/raw/CMU-MOSEI/segments/xPN38lYBQv4_000.mp4,no
XPoY4LD-A1I_000,data/raw/CMU-MOSEI/segments/XPoY4LD-A1I_000.mp4,no
XPoY4LD-A1I_002,data/raw/CMU-MOSEI/segments/XPoY4LD-A1I_002.mp4,no
XPoY4LD-A1I_003,data/raw/CMU-MOSEI/segments/XPoY4LD-A1I_003.mp4,no
XPoY4LD-A1I_004,data/raw/CMU-MOSEI/segments/XPoY4LD-A1I_004.mp4,no
XPoY4LD-A1I_005,data/raw/CMU-MOSEI/segments/XPoY4LD-A1I_005.mp4,no
Xq7zLxYHxd8_000,data/raw/CMU-MOSEI/segments/Xq7zLxYHxd8_000.mp4,no
Xq7zLxYHxd8_002,data/raw/CMU-MOSEI/segments/Xq7zLxYHxd8_002.mp4,no
Xq7zLxYHxd8_003,data/raw/CMU-MOSEI/segments/Xq7zLxYHxd8_003.mp4,no
Xq7zLxYHxd8_006,data/raw/CMU-MOSEI/segments/Xq7zLxYHxd8_006.mp4,no
xqcqieV0Rn8_000,data/raw/CMU-MOSEI/segments/xqcqieV0Rn8_000.mp4,no
xqcqieV0Rn8_001,data/raw/CMU-MOSEI/segments/xqcqieV0Rn8_001.mp4,no
xqcqieV0Rn8_002,data/raw/CMU-MOSEI/segments/xqcqieV0Rn8_002.mp4,no
xqcqieV0Rn8_004,data/raw/CMU-MOSEI/segments/xqcqieV0Rn8_004.mp4,no
xRJXYUZVdas_000,data/raw/CMU-MOSEI/segments/xRJXYUZVdas_000.mp4,no
xRJXYUZVdas_001,data/raw/CMU-MOSEI/segments/xRJXYUZVdas_001.mp4,no
xRJXYUZVdas_004,data/raw/CMU-MOSEI/segments/xRJXYUZVdas_004.mp4,no
xSCvspXYU9k_000,data/raw/CMU-MOSEI/segments/xSCvspXYU9k_000.mp4,no
xSCvspXYU9k_002,data/raw/CMU-MOSEI/segments/xSCvspXYU9k_002.mp4,no
xSCvspXYU9k_003,data/raw/CMU-MOSEI/segments/xSCvspXYU9k_003.mp4,no
xSCvspXYU9k_004,data/raw/CMU-MOSEI/segments/xSCvspXYU9k_004.mp4,no
xSCvspXYU9k_005,data/raw/CMU-MOSEI/segments/xSCvspXYU9k_005.mp4,no
xSCvspXYU9k_006,data/raw/CMU-MOSEI/segments/xSCvspXYU9k_006.mp4,no
XsEPZydHWdo_001,data/raw/CMU-MOSEI/segments/XsEPZydHWdo_001.mp4,no
xTBBDx3DkXQ_002,data/raw/CMU-MOSEI/segments/xTBBDx3DkXQ_002.mp4,no
xU3N7ujUB-g_001,data/raw/CMU-MOSEI/segments/xU3N7ujUB-g_001.mp4,no
xU3N7ujUB-g_002,data/raw/CMU-MOSEI/segments/xU3N7ujUB-g_002.mp4,no
xu53lk4dhSc_000,data/raw/CMU-MOSEI/segments/xu53lk4dhSc_000.mp4,no
xu53lk4dhSc_001,data/raw/CMU-MOSEI/segments/xu53lk4dhSc_001.mp4,no
xu53lk4dhSc_002,data/raw/CMU-MOSEI/segments/xu53lk4dhSc_002.mp4,no
xu53lk4dhSc_003,data/raw/CMU-MOSEI/segments/xu53lk4dhSc_003.mp4,no
xu53lk4dhSc_005,data/raw/CMU-MOSEI/segments/xu53lk4dhSc_005.mp4,no
xu53lk4dhSc_007,data/raw/CMU-MOSEI/segments/xu53lk4dhSc_007.mp4,no
xu53lk4dhSc_008,data/raw/CMU-MOSEI/segments/xu53lk4dhSc_008.mp4,no
xUz5cCA-oTo_000,data/raw/CMU-MOSEI/segments/xUz5cCA-oTo_000.mp4,no
xUz5cCA-oTo_003,data/raw/CMU-MOSEI/segments/xUz5cCA-oTo_003.mp4,no
xUz5cCA-oTo_004,data/raw/CMU-MOSEI/segments/xUz5cCA-oTo_004.mp4,no
xUz5cCA-oTo_006,data/raw/CMU-MOSEI/segments/xUz5cCA-oTo_006.mp4,no
xUz5cCA-oTo_009,data/raw/CMU-MOSEI/segments/xUz5cCA-oTo_009.mp4,no
xUz5cCA-oTo_010,data/raw/CMU-MOSEI/segments/xUz5cCA-oTo_010.mp4,no
xUz5cCA-oTo_011,data/raw/CMU-MOSEI/segments/xUz5cCA-oTo_011.mp4,no
XVSDfgstFUQ_000,data/raw/CMU-MOSEI/segments/XVSDfgstFUQ_000.mp4,no
XVSDfgstFUQ_002,data/raw/CMU-MOSEI/segments/XVSDfgstFUQ_002.mp4,no
XVSDfgstFUQ_003,data/raw/CMU-MOSEI/segments/XVSDfgstFUQ_003.mp4,no
XVSDfgstFUQ_005,data/raw/CMU-MOSEI/segments/XVSDfgstFUQ_005.mp4,no
XVWiAArXYpE_000,data/raw/CMU-MOSEI/segments/XVWiAArXYpE_000.mp4,no
XVWiAArXYpE_001,data/raw/CMU-MOSEI/segments/XVWiAArXYpE_001.mp4,no
XVWiAArXYpE_002,data/raw/CMU-MOSEI/segments/XVWiAArXYpE_002.mp4,no
XVWiAArXYpE_003,data/raw/CMU-MOSEI/segments/XVWiAArXYpE_003.mp4,no
XVWiAArXYpE_004,data/raw/CMU-MOSEI/segments/XVWiAArXYpE_004.mp4,no
XVWiAArXYpE_006,data/raw/CMU-MOSEI/segments/XVWiAArXYpE_006.mp4,no
XVWiAArXYpE_007,data/raw/CMU-MOSEI/segments/XVWiAArXYpE_007.mp4,no
XVWiAArXYpE_009,data/raw/CMU-MOSEI/segments/XVWiAArXYpE_009.mp4,no
xw-Blnej8EA_000,data/raw/CMU-MOSEI/segments/xw-Blnej8EA_000.mp4,no
XWIp0zH3qDM_000,data/raw/CMU-MOSEI/segments/XWIp0zH3qDM_000.mp4,no
xwNQ7QuXaps_002,data/raw/CMU-MOSEI/segments/xwNQ7QuXaps_002.mp4,no
xwvSYhQrHoA_001,data/raw/CMU-MOSEI/segments/xwvSYhQrHoA_001.mp4,no
Xx7Y2YIbleA_001,data/raw/CMU-MOSEI/segments/Xx7Y2YIbleA_001.mp4,no
Xx7Y2YIbleA_002,data/raw/CMU-MOSEI/segments/Xx7Y2YIbleA_002.mp4,no
Xx7Y2YIbleA_004,data/raw/CMU-MOSEI/segments/Xx7Y2YIbleA_004.mp4,no
Xx7Y2YIbleA_005,data/raw/CMU-MOSEI/segments/Xx7Y2YIbleA_005.mp4,no
Xx7Y2YIbleA_007,data/raw/CMU-MOSEI/segments/Xx7Y2YIbleA_007.mp4,no
xXGEkDhu94E_002,data/raw/CMU-MOSEI/segments/xXGEkDhu94E_002.mp4,no
xXIq7YPkdUQ_001,data/raw/CMU-MOSEI/segments/xXIq7YPkdUQ_001.mp4,no
xXIq7YPkdUQ_002,data/raw/CMU-MOSEI/segments/xXIq7YPkdUQ_002.mp4,no
XXvSLz8QmGk_000,data/raw/CMU-MOSEI/segments/XXvSLz8QmGk_000.mp4,no
XXvSLz8QmGk_002,data/raw/CMU-MOSEI/segments/XXvSLz8QmGk_002.mp4,no
XXvSLz8QmGk_006,data/raw/CMU-MOSEI/segments/XXvSLz8QmGk_006.mp4,no
XXvSLz8QmGk_008,data/raw/CMU-MOSEI/segments/XXvSLz8QmGk_008.mp4,no
XXvSLz8QmGk_010,data/raw/CMU-MOSEI/segments/XXvSLz8QmGk_010.mp4,no
xXXcgb9eZ9Y_000,data/raw/CMU-MOSEI/segments/xXXcgb9eZ9Y_000.mp4,no
xXXcgb9eZ9Y_001,data/raw/CMU-MOSEI/segments/xXXcgb9eZ9Y_001.mp4,no
xXXcgb9eZ9Y_002,data/raw/CMU-MOSEI/segments/xXXcgb9eZ9Y_002.mp4,no
xXXcgb9eZ9Y_003,data/raw/CMU-MOSEI/segments/xXXcgb9eZ9Y_003.mp4,no
xXXcgb9eZ9Y_004,data/raw/CMU-MOSEI/segments/xXXcgb9eZ9Y_004.mp4,no
xXXcgb9eZ9Y_005,data/raw/CMU-MOSEI/segments/xXXcgb9eZ9Y_005.mp4,no
xXXcgb9eZ9Y_006,data/raw/CMU-MOSEI/segments/xXXcgb9eZ9Y_006.mp4,no
Xy57UpKRNEo_000,data/raw/CMU-MOSEI/segments/Xy57UpKRNEo_000.mp4,no
Xy57UpKRNEo_002,data/raw/CMU-MOSEI/segments/Xy57UpKRNEo_002.mp4,no
Xy57UpKRNEo_003,data/raw/CMU-MOSEI/segments/Xy57UpKRNEo_003.mp4,no
Xy57UpKRNEo_004,data/raw/CMU-MOSEI/segments/Xy57UpKRNEo_004.mp4,no
XyBU_gZtU0M_000,data/raw/CMU-MOSEI/segments/XyBU_gZtU0M_000.mp4,no
XyBU_gZtU0M_001,data/raw/CMU-MOSEI/segments/XyBU_gZtU0M_001.mp4,no
XyBU_gZtU0M_002,data/raw/CMU-MOSEI/segments/XyBU_gZtU0M_002.mp4,no
XyBU_gZtU0M_004,data/raw/CMU-MOSEI/segments/XyBU_gZtU0M_004.mp4,no
XyBU_gZtU0M_005,data/raw/CMU-MOSEI/segments/XyBU_gZtU0M_005.mp4,no
XyBU_gZtU0M_006,data/raw/CMU-MOSEI/segments/XyBU_gZtU0M_006.mp4,no
XyBU_gZtU0M_007,data/raw/CMU-MOSEI/segments/XyBU_gZtU0M_007.mp4,no
XyBU_gZtU0M_008,data/raw/CMU-MOSEI/segments/XyBU_gZtU0M_008.mp4,no
XyBU_gZtU0M_010,data/raw/CMU-MOSEI/segments/XyBU_gZtU0M_010.mp4,no
XyBU_gZtU0M_011,data/raw/CMU-MOSEI/segments/XyBU_gZtU0M_011.mp4,no
XyBU_gZtU0M_012,data/raw/CMU-MOSEI/segments/XyBU_gZtU0M_012.mp4,no
XyBU_gZtU0M_013,data/raw/CMU-MOSEI/segments/XyBU_gZtU0M_013.mp4,no
XyBU_gZtU0M_014,data/raw/CMU-MOSEI/segments/XyBU_gZtU0M_014.mp4,no
XyBU_gZtU0M_016,data/raw/CMU-MOSEI/segments/XyBU_gZtU0M_016.mp4,no
XyBU_gZtU0M_017,data/raw/CMU-MOSEI/segments/XyBU_gZtU0M_017.mp4,no
XyBU_gZtU0M_018,data/raw/CMU-MOSEI/segments/XyBU_gZtU0M_018.mp4,no
XyBU_gZtU0M_019,data/raw/CMU-MOSEI/segments/XyBU_gZtU0M_019.mp4,no
XyBU_gZtU0M_020,data/raw/CMU-MOSEI/segments/XyBU_gZtU0M_020.mp4,no
xyOa9ivNrg4_000,data/raw/CMU-MOSEI/segments/xyOa9ivNrg4_000.mp4,no
XyP8bVmGX6M_001,data/raw/CMU-MOSEI/segments/XyP8bVmGX6M_001.mp4,no
xYtNgq9eTlg_002,data/raw/CMU-MOSEI/segments/xYtNgq9eTlg_002.mp4,no
xYtNgq9eTlg_003,data/raw/CMU-MOSEI/segments/xYtNgq9eTlg_003.mp4,no
xYtNgq9eTlg_004,data/raw/CMU-MOSEI/segments/xYtNgq9eTlg_004.mp4,no
xYtNgq9eTlg_006,data/raw/CMU-MOSEI/segments/xYtNgq9eTlg_006.mp4,no
xZ1FrxU6hcg_000,data/raw/CMU-MOSEI/segments/xZ1FrxU6hcg_000.mp4,no
xZ1FrxU6hcg_003,data/raw/CMU-MOSEI/segments/xZ1FrxU6hcg_003.mp4,no
xZ1FrxU6hcg_004,data/raw/CMU-MOSEI/segments/xZ1FrxU6hcg_004.mp4,no
XzhRYIeczg4_000,data/raw/CMU-MOSEI/segments/XzhRYIeczg4_000.mp4,no
XzhRYIeczg4_001,data/raw/CMU-MOSEI/segments/XzhRYIeczg4_001.mp4,no
XzVapdEr_GY_000,data/raw/CMU-MOSEI/segments/XzVapdEr_GY_000.mp4,no
XzVapdEr_GY_002,data/raw/CMU-MOSEI/segments/XzVapdEr_GY_002.mp4,no
y-nEcwAyQos_000,data/raw/CMU-MOSEI/segments/y-nEcwAyQos_000.mp4,no
y-nEcwAyQos_001,data/raw/CMU-MOSEI/segments/y-nEcwAyQos_001.mp4,no
y-nEcwAyQos_002,data/raw/CMU-MOSEI/segments/y-nEcwAyQos_002.mp4,no
y-nEcwAyQos_003,data/raw/CMU-MOSEI/segments/y-nEcwAyQos_003.mp4,no
y1gL_MuokI8_000,data/raw/CMU-MOSEI/segments/y1gL_MuokI8_000.mp4,no
y1gL_MuokI8_001,data/raw/CMU-MOSEI/segments/y1gL_MuokI8_001.mp4,no
Y2F51I-dzAg_000,data/raw/CMU-MOSEI/segments/Y2F51I-dzAg_000.mp4,no
Y2F51I-dzAg_001,data/raw/CMU-MOSEI/segments/Y2F51I-dzAg_001.mp4,no
Y2F51I-dzAg_002,data/raw/CMU-MOSEI/segments/Y2F51I-dzAg_002.mp4,no
Y2F51I-dzAg_003,data/raw/CMU-MOSEI/segments/Y2F51I-dzAg_003.mp4,no
y3r2kk8zvl0_001,data/raw/CMU-MOSEI/segments/y3r2kk8zvl0_001.mp4,no
y3r2kk8zvl0_003,data/raw/CMU-MOSEI/segments/y3r2kk8zvl0_003.mp4,no
y3r2kk8zvl0_004,data/raw/CMU-MOSEI/segments/y3r2kk8zvl0_004.mp4,no
y3r2kk8zvl0_008,data/raw/CMU-MOSEI/segments/y3r2kk8zvl0_008.mp4,no
Y4izAQYtGEw_000,data/raw/CMU-MOSEI/segments/Y4izAQYtGEw_000.mp4,no
Y4izAQYtGEw_002,data/raw/CMU-MOSEI/segments/Y4izAQYtGEw_002.mp4,no
Y4izAQYtGEw_004,data/raw/CMU-MOSEI/segments/Y4izAQYtGEw_004.mp4,no
y5Jpf48SUX8_000,data/raw/CMU-MOSEI/segments/y5Jpf48SUX8_000.mp4,no
y5Jpf48SUX8_001,data/raw/CMU-MOSEI/segments/y5Jpf48SUX8_001.mp4,no
Y6s_vuUUsJM_001,data/raw/CMU-MOSEI/segments/Y6s_vuUUsJM_001.mp4,no
Y6s_vuUUsJM_002,data/raw/CMU-MOSEI/segments/Y6s_vuUUsJM_002.mp4,no
Y6s_vuUUsJM_003,data/raw/CMU-MOSEI/segments/Y6s_vuUUsJM_003.mp4,no
Y6zyM1nDhN0_000,data/raw/CMU-MOSEI/segments/Y6zyM1nDhN0_000.mp4,no
Y6zyM1nDhN0_001,data/raw/CMU-MOSEI/segments/Y6zyM1nDhN0_001.mp4,no
Y6zyM1nDhN0_002,data/raw/CMU-MOSEI/segments/Y6zyM1nDhN0_002.mp4,no
Y6zyM1nDhN0_003,data/raw/CMU-MOSEI/segments/Y6zyM1nDhN0_003.mp4,no
Y7h-S3cJ52o_000,data/raw/CMU-MOSEI/segments/Y7h-S3cJ52o_000.mp4,no
y8HXGm1-Ecw_001,data/raw/CMU-MOSEI/segments/y8HXGm1-Ecw_001.mp4,no
y8HXGm1-Ecw_002,data/raw/CMU-MOSEI/segments/y8HXGm1-Ecw_002.mp4,no
y8HXGm1-Ecw_004,data/raw/CMU-MOSEI/segments/y8HXGm1-Ecw_004.mp4,no
y9FyTEyGy5Y_000,data/raw/CMU-MOSEI/segments/y9FyTEyGy5Y_000.mp4,no
y9FyTEyGy5Y_001,data/raw/CMU-MOSEI/segments/y9FyTEyGy5Y_001.mp4,no
y9FyTEyGy5Y_002,data/raw/CMU-MOSEI/segments/y9FyTEyGy5Y_002.mp4,no
y9FyTEyGy5Y_003,data/raw/CMU-MOSEI/segments/y9FyTEyGy5Y_003.mp4,no
yALhl-lMBxk_000,data/raw/CMU-MOSEI/segments/yALhl-lMBxk_000.mp4,no
yALhl-lMBxk_001,data/raw/CMU-MOSEI/segments/yALhl-lMBxk_001.mp4,no
YAYfMkxhRiQ_001,data/raw/CMU-MOSEI/segments/YAYfMkxhRiQ_001.mp4,no
YAYfMkxhRiQ_003,data/raw/CMU-MOSEI/segments/YAYfMkxhRiQ_003.mp4,no
YAYfMkxhRiQ_004,data/raw/CMU-MOSEI/segments/YAYfMkxhRiQ_004.mp4,no
YB9EUgrzCCo_000,data/raw/CMU-MOSEI/segments/YB9EUgrzCCo_000.mp4,no
YB9EUgrzCCo_001,data/raw/CMU-MOSEI/segments/YB9EUgrzCCo_001.mp4,no
YB9EUgrzCCo_002,data/raw/CMU-MOSEI/segments/YB9EUgrzCCo_002.mp4,no
YB9EUgrzCCo_003,data/raw/CMU-MOSEI/segments/YB9EUgrzCCo_003.mp4,no
yBGuxyO-ElM_000,data/raw/CMU-MOSEI/segments/yBGuxyO-ElM_000.mp4,no
yBGuxyO-ElM_001,data/raw/CMU-MOSEI/segments/yBGuxyO-ElM_001.mp4,no
yBGuxyO-ElM_002,data/raw/CMU-MOSEI/segments/yBGuxyO-ElM_002.mp4,no
yBGuxyO-ElM_003,data/raw/CMU-MOSEI/segments/yBGuxyO-ElM_003.mp4,no
ybK5wRaaUyE_001,data/raw/CMU-MOSEI/segments/ybK5wRaaUyE_001.mp4,no
yBtMwyQFXwA_000,data/raw/CMU-MOSEI/segments/yBtMwyQFXwA_000.mp4,no
yBtMwyQFXwA_001,data/raw/CMU-MOSEI/segments/yBtMwyQFXwA_001.mp4,no
yBtMwyQFXwA_003,data/raw/CMU-MOSEI/segments/yBtMwyQFXwA_003.mp4,no
yBtMwyQFXwA_005,data/raw/CMU-MOSEI/segments/yBtMwyQFXwA_005.mp4,no
yBtMwyQFXwA_006,data/raw/CMU-MOSEI/segments/yBtMwyQFXwA_006.mp4,no
yBtMwyQFXwA_007,data/raw/CMU-MOSEI/segments/yBtMwyQFXwA_007.mp4,no
YbuG8xyUO-o_000,data/raw/CMU-MOSEI/segments/YbuG8xyUO-o_000.mp4,no
YbuG8xyUO-o_001,data/raw/CMU-MOSEI/segments/YbuG8xyUO-o_001.mp4,no
YbuG8xyUO-o_002,data/raw/CMU-MOSEI/segments/YbuG8xyUO-o_002.mp4,no
YbuG8xyUO-o_003,data/raw/CMU-MOSEI/segments/YbuG8xyUO-o_003.mp4,no
YCI-ZzclIPQ_000,data/raw/CMU-MOSEI/segments/YCI-ZzclIPQ_000.mp4,no
YD5vqR15nco_000,data/raw/CMU-MOSEI/segments/YD5vqR15nco_000.mp4,no
yDIFWzOBjXc_000,data/raw/CMU-MOSEI/segments/yDIFWzOBjXc_000.mp4,no
yDIFWzOBjXc_001,data/raw/CMU-MOSEI/segments/yDIFWzOBjXc_001.mp4,no
yDIFWzOBjXc_002,data/raw/CMU-MOSEI/segments/yDIFWzOBjXc_002.mp4,no
yDIFWzOBjXc_004,data/raw/CMU-MOSEI/segments/yDIFWzOBjXc_004.mp4,no
yDIFWzOBjXc_005,data/raw/CMU-MOSEI/segments/yDIFWzOBjXc_005.mp4,no
yDIFWzOBjXc_006,data/raw/CMU-MOSEI/segments/yDIFWzOBjXc_006.mp4,no
yDIFWzOBjXc_008,data/raw/CMU-MOSEI/segments/yDIFWzOBjXc_008.mp4,no
yDIFWzOBjXc_009,data/raw/CMU-MOSEI/segments/yDIFWzOBjXc_009.mp4,no
yDIFWzOBjXc_010,data/raw/CMU-MOSEI/segments/yDIFWzOBjXc_010.mp4,no
yDIFWzOBjXc_011,data/raw/CMU-MOSEI/segments/yDIFWzOBjXc_011.mp4,no
yDIFWzOBjXc_012,data/raw/CMU-MOSEI/segments/yDIFWzOBjXc_012.mp4,no
yDIFWzOBjXc_014,data/raw/CMU-MOSEI/segments/yDIFWzOBjXc_014.mp4,no
yDIFWzOBjXc_015,data/raw/CMU-MOSEI/segments/yDIFWzOBjXc_015.mp4,no
yDIFWzOBjXc_016,data/raw/CMU-MOSEI/segments/yDIFWzOBjXc_016.mp4,no
yDIFWzOBjXc_017,data/raw/CMU-MOSEI/segments/yDIFWzOBjXc_017.mp4,no
yDIFWzOBjXc_019,data/raw/CMU-MOSEI/segments/yDIFWzOBjXc_019.mp4,no
yDIFWzOBjXc_020,data/raw/CMU-MOSEI/segments/yDIFWzOBjXc_020.mp4,no
yDIFWzOBjXc_021,data/raw/CMU-MOSEI/segments/yDIFWzOBjXc_021.mp4,no
yDIFWzOBjXc_022,data/raw/CMU-MOSEI/segments/yDIFWzOBjXc_022.mp4,no
ydzNAuqUAnc_000,data/raw/CMU-MOSEI/segments/ydzNAuqUAnc_000.mp4,no
ydzNAuqUAnc_002,data/raw/CMU-MOSEI/segments/ydzNAuqUAnc_002.mp4,no
yEtfjJOMMCs_000,data/raw/CMU-MOSEI/segments/yEtfjJOMMCs_000.mp4,no
yEtfjJOMMCs_001,data/raw/CMU-MOSEI/segments/yEtfjJOMMCs_001.mp4,no
yEtfjJOMMCs_004,data/raw/CMU-MOSEI/segments/yEtfjJOMMCs_004.mp4,no
yEtfjJOMMCs_006,data/raw/CMU-MOSEI/segments/yEtfjJOMMCs_006.mp4,no
yEtfjJOMMCs_008,data/raw/CMU-MOSEI/segments/yEtfjJOMMCs_008.mp4,no
yEtfjJOMMCs_009,data/raw/CMU-MOSEI/segments/yEtfjJOMMCs_009.mp4,no
yEtfjJOMMCs_011,data/raw/CMU-MOSEI/segments/yEtfjJOMMCs_011.mp4,no
yEtfjJOMMCs_012,data/raw/CMU-MOSEI/segments/yEtfjJOMMCs_012.mp4,no
yEtfjJOMMCs_013,data/raw/CMU-MOSEI/segments/yEtfjJOMMCs_013.mp4,no
yEtfjJOMMCs_014,data/raw/CMU-MOSEI/segments/yEtfjJOMMCs_014.mp4,no
yEtfjJOMMCs_015,data/raw/CMU-MOSEI/segments/yEtfjJOMMCs_015.mp4,no
yEtfjJOMMCs_016,data/raw/CMU-MOSEI/segments/yEtfjJOMMCs_016.mp4,no
yEtfjJOMMCs_017,data/raw/CMU-MOSEI/segments/yEtfjJOMMCs_017.mp4,no
yEtfjJOMMCs_018,data/raw/CMU-MOSEI/segments/yEtfjJOMMCs_018.mp4,no
yEtfjJOMMCs_019,data/raw/CMU-MOSEI/segments/yEtfjJOMMCs_019.mp4,no
yEtfjJOMMCs_020,data/raw/CMU-MOSEI/segments/yEtfjJOMMCs_020.mp4,no
yEtfjJOMMCs_021,data/raw/CMU-MOSEI/segments/yEtfjJOMMCs_021.mp4,no
YF3mDOuF46M_001,data/raw/CMU-MOSEI/segments/YF3mDOuF46M_001.mp4,no
YF3mDOuF46M_002,data/raw/CMU-MOSEI/segments/YF3mDOuF46M_002.mp4,no
YF3mDOuF46M_003,data/raw/CMU-MOSEI/segments/YF3mDOuF46M_003.mp4,no
YF3mDOuF46M_006,data/raw/CMU-MOSEI/segments/YF3mDOuF46M_006.mp4,no
ygb8Cfxghbs_003,data/raw/CMU-MOSEI/segments/ygb8Cfxghbs_003.mp4,no
ygb8Cfxghbs_004,data/raw/CMU-MOSEI/segments/ygb8Cfxghbs_004.mp4,no
ygb8Cfxghbs_005,data/raw/CMU-MOSEI/segments/ygb8Cfxghbs_005.mp4,no
ygb8Cfxghbs_006,data/raw/CMU-MOSEI/segments/ygb8Cfxghbs_006.mp4,no
ygb8Cfxghbs_007,data/raw/CMU-MOSEI/segments/ygb8Cfxghbs_007.mp4,no
yHtR71rx16I_000,data/raw/CMU-MOSEI/segments/yHtR71rx16I_000.mp4,no
yHtR71rx16I_001,data/raw/CMU-MOSEI/segments/yHtR71rx16I_001.mp4,no
yHtR71rx16I_002,data/raw/CMU-MOSEI/segments/yHtR71rx16I_002.mp4,no
yHtR71rx16I_005,data/raw/CMU-MOSEI/segments/yHtR71rx16I_005.mp4,no
yHtR71rx16I_006,data/raw/CMU-MOSEI/segments/yHtR71rx16I_006.mp4,no
YITXOmhQhYE_001,data/raw/CMU-MOSEI/segments/YITXOmhQhYE_001.mp4,no
YITXOmhQhYE_002,data/raw/CMU-MOSEI/segments/YITXOmhQhYE_002.mp4,no
YITXOmhQhYE_003,data/raw/CMU-MOSEI/segments/YITXOmhQhYE_003.mp4,no
YITXOmhQhYE_004,data/raw/CMU-MOSEI/segments/YITXOmhQhYE_004.mp4,no
YITXOmhQhYE_006,data/raw/CMU-MOSEI/segments/YITXOmhQhYE_006.mp4,no
YITXOmhQhYE_007,data/raw/CMU-MOSEI/segments/YITXOmhQhYE_007.mp4,no
yKdIZR5xfcc_000,data/raw/CMU-MOSEI/segments/yKdIZR5xfcc_000.mp4,no
yKdIZR5xfcc_002,data/raw/CMU-MOSEI/segments/yKdIZR5xfcc_002.mp4,no
yKdIZR5xfcc_004,data/raw/CMU-MOSEI/segments/yKdIZR5xfcc_004.mp4,no
yKdIZR5xfcc_005,data/raw/CMU-MOSEI/segments/yKdIZR5xfcc_005.mp4,no
yKdIZR5xfcc_006,data/raw/CMU-MOSEI/segments/yKdIZR5xfcc_006.mp4,no
yKdIZR5xfcc_007,data/raw/CMU-MOSEI/segments/yKdIZR5xfcc_007.mp4,no
yKdIZR5xfcc_008,data/raw/CMU-MOSEI/segments/yKdIZR5xfcc_008.mp4,no
yKdIZR5xfcc_010,data/raw/CMU-MOSEI/segments/yKdIZR5xfcc_010.mp4,no
yKdIZR5xfcc_012,data/raw/CMU-MOSEI/segments/yKdIZR5xfcc_012.mp4,no
yLo-Jl8nBXU_003,data/raw/CMU-MOSEI/segments/yLo-Jl8nBXU_003.mp4,no
ymPQOY2O_nw_001,data/raw/CMU-MOSEI/segments/ymPQOY2O_nw_001.mp4,no
ymPQOY2O_nw_003,data/raw/CMU-MOSEI/segments/ymPQOY2O_nw_003.mp4,no
yNiJGh7JpLM_000,data/raw/CMU-MOSEI/segments/yNiJGh7JpLM_000.mp4,no
yNiJGh7JpLM_001,data/raw/CMU-MOSEI/segments/yNiJGh7JpLM_001.mp4,no
yoDMh8FlHR8_000,data/raw/CMU-MOSEI/segments/yoDMh8FlHR8_000.mp4,no
yoDMh8FlHR8_001,data/raw/CMU-MOSEI/segments/yoDMh8FlHR8_001.mp4,no
yOQHOiswVjc_000,data/raw/CMU-MOSEI/segments/yOQHOiswVjc_000.mp4,no
yOQHOiswVjc_001,data/raw/CMU-MOSEI/segments/yOQHOiswVjc_001.mp4,no
yOQHOiswVjc_005,data/raw/CMU-MOSEI/segments/yOQHOiswVjc_005.mp4,no
yOQHOiswVjc_007,data/raw/CMU-MOSEI/segments/yOQHOiswVjc_007.mp4,no
yOQHOiswVjc_008,data/raw/CMU-MOSEI/segments/yOQHOiswVjc_008.mp4,no
yOQHOiswVjc_009,data/raw/CMU-MOSEI/segments/yOQHOiswVjc_009.mp4,no
ypZhKsR-9iI_000,data/raw/CMU-MOSEI/segments/ypZhKsR-9iI_000.mp4,no
ypZhKsR-9iI_001,data/raw/CMU-MOSEI/segments/ypZhKsR-9iI_001.mp4,no
ypZhKsR-9iI_003,data/raw/CMU-MOSEI/segments/ypZhKsR-9iI_003.mp4,no
YQUutkMdLj0_001,data/raw/CMU-MOSEI/segments/YQUutkMdLj0_001.mp4,no
YQZPnHZRp1w_000,data/raw/CMU-MOSEI/segments/YQZPnHZRp1w_000.mp4,no
yrIXBklJ5YQ_001,data/raw/CMU-MOSEI/segments/yrIXBklJ5YQ_001.mp4,no
yrIXBklJ5YQ_002,data/raw/CMU-MOSEI/segments/yrIXBklJ5YQ_002.mp4,no
yrIXBklJ5YQ_003,data/raw/CMU-MOSEI/segments/yrIXBklJ5YQ_003.mp4,no
yrIXBklJ5YQ_004,data/raw/CMU-MOSEI/segments/yrIXBklJ5YQ_004.mp4,no
yrIXBklJ5YQ_005,data/raw/CMU-MOSEI/segments/yrIXBklJ5YQ_005.mp4,no
YRmjALBdTdE_001,data/raw/CMU-MOSEI/segments/YRmjALBdTdE_001.mp4,no
YRmjALBdTdE_002,data/raw/CMU-MOSEI/segments/YRmjALBdTdE_002.mp4,no
YRmjALBdTdE_003,data/raw/CMU-MOSEI/segments/YRmjALBdTdE_003.mp4,no
YRmjALBdTdE_005,data/raw/CMU-MOSEI/segments/YRmjALBdTdE_005.mp4,no
YRmjALBdTdE_006,data/raw/CMU-MOSEI/segments/YRmjALBdTdE_006.mp4,no
ySblgk7T7eQ_000,data/raw/CMU-MOSEI/segments/ySblgk7T7eQ_000.mp4,no
ySblgk7T7eQ_003,data/raw/CMU-MOSEI/segments/ySblgk7T7eQ_003.mp4,no
ySblgk7T7eQ_011,data/raw/CMU-MOSEI/segments/ySblgk7T7eQ_011.mp4,no
ySblgk7T7eQ_012,data/raw/CMU-MOSEI/segments/ySblgk7T7eQ_012.mp4,no
yt9GpittX4U_000,data/raw/CMU-MOSEI/segments/yt9GpittX4U_000.mp4,no
ytXVSpPfKwA_001,data/raw/CMU-MOSEI/segments/ytXVSpPfKwA_001.mp4,no
ytXVSpPfKwA_003,data/raw/CMU-MOSEI/segments/ytXVSpPfKwA_003.mp4,no
yUqNp-poh9M_000,data/raw/CMU-MOSEI/segments/yUqNp-poh9M_000.mp4,no
yUqNp-poh9M_001,data/raw/CMU-MOSEI/segments/yUqNp-poh9M_001.mp4,no
yUqNp-poh9M_004,data/raw/CMU-MOSEI/segments/yUqNp-poh9M_004.mp4,no
yUqNp-poh9M_005,data/raw/CMU-MOSEI/segments/yUqNp-poh9M_005.mp4,no
yUqNp-poh9M_006,data/raw/CMU-MOSEI/segments/yUqNp-poh9M_006.mp4,no
yUqNp-poh9M_008,data/raw/CMU-MOSEI/segments/yUqNp-poh9M_008.mp4,no
yUqNp-poh9M_009,data/raw/CMU-MOSEI/segments/yUqNp-poh9M_009.mp4,no
yUqNp-poh9M_010,data/raw/CMU-MOSEI/segments/yUqNp-poh9M_010.mp4,no
yUqNp-poh9M_011,data/raw/CMU-MOSEI/segments/yUqNp-poh9M_011.mp4,no
yUqNp-poh9M_012,data/raw/CMU-MOSEI/segments/yUqNp-poh9M_012.mp4,no
yUqNp-poh9M_014,data/raw/CMU-MOSEI/segments/yUqNp-poh9M_014.mp4,no
yUqNp-poh9M_015,data/raw/CMU-MOSEI/segments/yUqNp-poh9M_015.mp4,no
YVHJpAROBvQ_001,data/raw/CMU-MOSEI/segments/YVHJpAROBvQ_001.mp4,no
YVHJpAROBvQ_002,data/raw/CMU-MOSEI/segments/YVHJpAROBvQ_002.mp4,no
YVHJpAROBvQ_003,data/raw/CMU-MOSEI/segments/YVHJpAROBvQ_003.mp4,no
YWjTWl0oNLk_000,data/raw/CMU-MOSEI/segments/YWjTWl0oNLk_000.mp4,no
YWjTWl0oNLk_001,data/raw/CMU-MOSEI/segments/YWjTWl0oNLk_001.mp4,no
YWjTWl0oNLk_002,data/raw/CMU-MOSEI/segments/YWjTWl0oNLk_002.mp4,no
YWjTWl0oNLk_004,data/raw/CMU-MOSEI/segments/YWjTWl0oNLk_004.mp4,no
YWjTWl0oNLk_005,data/raw/CMU-MOSEI/segments/YWjTWl0oNLk_005.mp4,no
YWjTWl0oNLk_007,data/raw/CMU-MOSEI/segments/YWjTWl0oNLk_007.mp4,no
YWjTWl0oNLk_008,data/raw/CMU-MOSEI/segments/YWjTWl0oNLk_008.mp4,no
YWjTWl0oNLk_009,data/raw/CMU-MOSEI/segments/YWjTWl0oNLk_009.mp4,no
YWjTWl0oNLk_010,data/raw/CMU-MOSEI/segments/YWjTWl0oNLk_010.mp4,no
yyToAEoUuek_000,data/raw/CMU-MOSEI/segments/yyToAEoUuek_000.mp4,no
yyToAEoUuek_001,data/raw/CMU-MOSEI/segments/yyToAEoUuek_001.mp4,no
yyToAEoUuek_002,data/raw/CMU-MOSEI/segments/yyToAEoUuek_002.mp4,no
yzCHa2qchpg_002,data/raw/CMU-MOSEI/segments/yzCHa2qchpg_002.mp4,no
z0y1ZxH1f74_000,data/raw/CMU-MOSEI/segments/z0y1ZxH1f74_000.mp4,no
z0y1ZxH1f74_005,data/raw/CMU-MOSEI/segments/z0y1ZxH1f74_005.mp4,no
z0y1ZxH1f74_006,data/raw/CMU-MOSEI/segments/z0y1ZxH1f74_006.mp4,no
z441aDJvAcU_001,data/raw/CMU-MOSEI/segments/z441aDJvAcU_001.mp4,no
z441aDJvAcU_005,data/raw/CMU-MOSEI/segments/z441aDJvAcU_005.mp4,no
z441aDJvAcU_007,data/raw/CMU-MOSEI/segments/z441aDJvAcU_007.mp4,no
z441aDJvAcU_009,data/raw/CMU-MOSEI/segments/z441aDJvAcU_009.mp4,no
z441aDJvAcU_010,data/raw/CMU-MOSEI/segments/z441aDJvAcU_010.mp4,no
z441aDJvAcU_011,data/raw/CMU-MOSEI/segments/z441aDJvAcU_011.mp4,no
Z4iYSMMMycQ_000,data/raw/CMU-MOSEI/segments/Z4iYSMMMycQ_000.mp4,no
z6E-ocntPo4_000,data/raw/CMU-MOSEI/segments/z6E-ocntPo4_000.mp4,no
z6E-ocntPo4_001,data/raw/CMU-MOSEI/segments/z6E-ocntPo4_001.mp4,no
z6E-ocntPo4_002,data/raw/CMU-MOSEI/segments/z6E-ocntPo4_002.mp4,no
z6E-ocntPo4_003,data/raw/CMU-MOSEI/segments/z6E-ocntPo4_003.mp4,no
z6E-ocntPo4_004,data/raw/CMU-MOSEI/segments/z6E-ocntPo4_004.mp4,no
z6E-ocntPo4_005,data/raw/CMU-MOSEI/segments/z6E-ocntPo4_005.mp4,no
z6E-ocntPo4_006,data/raw/CMU-MOSEI/segments/z6E-ocntPo4_006.mp4,no
z6E-ocntPo4_008,data/raw/CMU-MOSEI/segments/z6E-ocntPo4_008.mp4,no
z7FicxE_pMU_000,data/raw/CMU-MOSEI/segments/z7FicxE_pMU_000.mp4,no
z7FicxE_pMU_002,data/raw/CMU-MOSEI/segments/z7FicxE_pMU_002.mp4,no
z7FicxE_pMU_004,data/raw/CMU-MOSEI/segments/z7FicxE_pMU_004.mp4,no
z7FicxE_pMU_007,data/raw/CMU-MOSEI/segments/z7FicxE_pMU_007.mp4,no
zcG0ms7CdBE_000,data/raw/CMU-MOSEI/segments/zcG0ms7CdBE_000.mp4,no
zcG0ms7CdBE_001,data/raw/CMU-MOSEI/segments/zcG0ms7CdBE_001.mp4,no
zFuRNvfC4So_000,data/raw/CMU-MOSEI/segments/zFuRNvfC4So_000.mp4,no
zFuRNvfC4So_003,data/raw/CMU-MOSEI/segments/zFuRNvfC4So_003.mp4,no
zFuRNvfC4So_006,data/raw/CMU-MOSEI/segments/zFuRNvfC4So_006.mp4,no
zFuRNvfC4So_008,data/raw/CMU-MOSEI/segments/zFuRNvfC4So_008.mp4,no
zhE_68GMJIk_001,data/raw/CMU-MOSEI/segments/zhE_68GMJIk_001.mp4,no
zhNksSReaQk_000,data/raw/CMU-MOSEI/segments/zhNksSReaQk_000.mp4,no
zhNksSReaQk_001,data/raw/CMU-MOSEI/segments/zhNksSReaQk_001.mp4,no
zhNksSReaQk_002,data/raw/CMU-MOSEI/segments/zhNksSReaQk_002.mp4,no
zhNksSReaQk_004,data/raw/CMU-MOSEI/segments/zhNksSReaQk_004.mp4,no
zhNksSReaQk_006,data/raw/CMU-MOSEI/segments/zhNksSReaQk_006.mp4,no
zhNksSReaQk_007,data/raw/CMU-MOSEI/segments/zhNksSReaQk_007.mp4,no
zhNksSReaQk_008,data/raw/CMU-MOSEI/segments/zhNksSReaQk_008.mp4,no
zhNksSReaQk_010,data/raw/CMU-MOSEI/segments/zhNksSReaQk_010.mp4,no
zhNksSReaQk_011,data/raw/CMU-MOSEI/segments/zhNksSReaQk_011.mp4,no
zhNksSReaQk_013,data/raw/CMU-MOSEI/segments/zhNksSReaQk_013.mp4,no
zhNksSReaQk_014,data/raw/CMU-MOSEI/segments/zhNksSReaQk_014.mp4,no
zhNksSReaQk_016,data/raw/CMU-MOSEI/segments/zhNksSReaQk_016.mp4,no
zhNksSReaQk_017,data/raw/CMU-MOSEI/segments/zhNksSReaQk_017.mp4,no
zhNksSReaQk_018,data/raw/CMU-MOSEI/segments/zhNksSReaQk_018.mp4,no
zhNksSReaQk_019,data/raw/CMU-MOSEI/segments/zhNksSReaQk_019.mp4,no
zhNksSReaQk_020,data/raw/CMU-MOSEI/segments/zhNksSReaQk_020.mp4,no
zhNksSReaQk_021,data/raw/CMU-MOSEI/segments/zhNksSReaQk_021.mp4,no
zhNksSReaQk_022,data/raw/CMU-MOSEI/segments/zhNksSReaQk_022.mp4,no
zhNksSReaQk_023,data/raw/CMU-MOSEI/segments/zhNksSReaQk_023.mp4,no
zhNksSReaQk_024,data/raw/CMU-MOSEI/segments/zhNksSReaQk_024.mp4,no
zhNksSReaQk_025,data/raw/CMU-MOSEI/segments/zhNksSReaQk_025.mp4,no
zhNksSReaQk_026,data/raw/CMU-MOSEI/segments/zhNksSReaQk_026.mp4,no
zhNksSReaQk_028,data/raw/CMU-MOSEI/segments/zhNksSReaQk_028.mp4,no
zhNksSReaQk_030,data/raw/CMU-MOSEI/segments/zhNksSReaQk_030.mp4,no
zhNksSReaQk_031,data/raw/CMU-MOSEI/segments/zhNksSReaQk_031.mp4,no
zhNksSReaQk_032,data/raw/CMU-MOSEI/segments/zhNksSReaQk_032.mp4,no
zhNksSReaQk_033,data/raw/CMU-MOSEI/segments/zhNksSReaQk_033.mp4,no
zhNksSReaQk_035,data/raw/CMU-MOSEI/segments/zhNksSReaQk_035.mp4,no
zhNksSReaQk_037,data/raw/CMU-MOSEI/segments/zhNksSReaQk_037.mp4,no
zhNksSReaQk_038,data/raw/CMU-MOSEI/segments/zhNksSReaQk_038.mp4,no
zhNksSReaQk_040,data/raw/CMU-MOSEI/segments/zhNksSReaQk_040.mp4,no
zi0a6r52ZlY_001,data/raw/CMU-MOSEI/segments/zi0a6r52ZlY_001.mp4,no
zj4PzGtFwJM_001,data/raw/CMU-MOSEI/segments/zj4PzGtFwJM_001.mp4,no
zj4PzGtFwJM_002,data/raw/CMU-MOSEI/segments/zj4PzGtFwJM_002.mp4,no
zj4PzGtFwJM_003,data/raw/CMU-MOSEI/segments/zj4PzGtFwJM_003.mp4,no
zj4PzGtFwJM_004,data/raw/CMU-MOSEI/segments/zj4PzGtFwJM_004.mp4,no
zjYEBwXGD8I_000,data/raw/CMU-MOSEI/segments/zjYEBwXGD8I_000.mp4,no
zjYEBwXGD8I_001,data/raw/CMU-MOSEI/segments/zjYEBwXGD8I_001.mp4,no
zjYEBwXGD8I_003,data/raw/CMU-MOSEI/segments/zjYEBwXGD8I_003.mp4,no
zjYEBwXGD8I_004,data/raw/CMU-MOSEI/segments/zjYEBwXGD8I_004.mp4,no
zjYEBwXGD8I_008,data/raw/CMU-MOSEI/segments/zjYEBwXGD8I_008.mp4,no
zjYEBwXGD8I_009,data/raw/CMU-MOSEI/segments/zjYEBwXGD8I_009.mp4,no
zjYEBwXGD8I_010,data/raw/CMU-MOSEI/segments/zjYEBwXGD8I_010.mp4,no
zjYEBwXGD8I_015,data/raw/CMU-MOSEI/segments/zjYEBwXGD8I_015.mp4,no
zjYEBwXGD8I_016,data/raw/CMU-MOSEI/segments/zjYEBwXGD8I_016.mp4,no
zjYEBwXGD8I_017,data/raw/CMU-MOSEI/segments/zjYEBwXGD8I_017.mp4,no
zknhrUs7-lI_001,data/raw/CMU-MOSEI/segments/zknhrUs7-lI_001.mp4,no
zknhrUs7-lI_003,data/raw/CMU-MOSEI/segments/zknhrUs7-lI_003.mp4,no
ZLCK8WX6qFQ_000,data/raw/CMU-MOSEI/segments/ZLCK8WX6qFQ_000.mp4,no
znNt--6itO4_000,data/raw/CMU-MOSEI/segments/znNt--6itO4_000.mp4,no
znNt--6itO4_001,data/raw/CMU-MOSEI/segments/znNt--6itO4_001.mp4,no
znNt--6itO4_003,data/raw/CMU-MOSEI/segments/znNt--6itO4_003.mp4,no
znNt--6itO4_005,data/raw/CMU-MOSEI/segments/znNt--6itO4_005.mp4,no
Zo8jCDGMWjw_000,data/raw/CMU-MOSEI/segments/Zo8jCDGMWjw_000.mp4,no
zOHZDq2BvGo_001,data/raw/CMU-MOSEI/segments/zOHZDq2BvGo_001.mp4,no
zPskvGHHQtE_000,data/raw/CMU-MOSEI/segments/zPskvGHHQtE_000.mp4,no
zPskvGHHQtE_001,data/raw/CMU-MOSEI/segments/zPskvGHHQtE_001.mp4,no
zPskvGHHQtE_002,data/raw/CMU-MOSEI/segments/zPskvGHHQtE_002.mp4,no
zPskvGHHQtE_004,data/raw/CMU-MOSEI/segments/zPskvGHHQtE_004.mp4,no
zR-kKDaSDmE_000,data/raw/CMU-MOSEI/segments/zR-kKDaSDmE_000.mp4,no
zrFZAofNGi4_001,data/raw/CMU-MOSEI/segments/zrFZAofNGi4_001.mp4,no
zrFZAofNGi4_002,data/raw/CMU-MOSEI/segments/zrFZAofNGi4_002.mp4,no
zrFZAofNGi4_003,data/raw/CMU-MOSEI/segments/zrFZAofNGi4_003.mp4,no
zrFZAofNGi4_005,data/raw/CMU-MOSEI/segments/zrFZAofNGi4_005.mp4,no
zrFZAofNGi4_006,data/raw/CMU-MOSEI/segments/zrFZAofNGi4_006.mp4,no
ZS1Nb0OWYNE_000,data/raw/CMU-MOSEI/segments/ZS1Nb0OWYNE_000.mp4,no
ZS1Nb0OWYNE_001,data/raw/CMU-MOSEI/segments/ZS1Nb0OWYNE_001.mp4,no
ZS1Nb0OWYNE_002,data/raw/CMU-MOSEI/segments/ZS1Nb0OWYNE_002.mp4,no
ZS1Nb0OWYNE_003,data/raw/CMU-MOSEI/segments/ZS1Nb0OWYNE_003.mp4,no
ZS1Nb0OWYNE_006,data/raw/CMU-MOSEI/segments/ZS1Nb0OWYNE_006.mp4,no
ZS1Nb0OWYNE_010,data/raw/CMU-MOSEI/segments/ZS1Nb0OWYNE_010.mp4,no
ZS1Nb0OWYNE_011,data/raw/CMU-MOSEI/segments/ZS1Nb0OWYNE_011.mp4,no
ZS1Nb0OWYNE_012,data/raw/CMU-MOSEI/segments/ZS1Nb0OWYNE_012.mp4,no
ZS1Nb0OWYNE_013,data/raw/CMU-MOSEI/segments/ZS1Nb0OWYNE_013.mp4,no
ZS1Nb0OWYNE_015,data/raw/CMU-MOSEI/segments/ZS1Nb0OWYNE_015.mp4,no
Zs8x712Y-CM_000,data/raw/CMU-MOSEI/segments/Zs8x712Y-CM_000.mp4,no
Zs8x712Y-CM_001,data/raw/CMU-MOSEI/segments/Zs8x712Y-CM_001.mp4,no
Zs8x712Y-CM_003,data/raw/CMU-MOSEI/segments/Zs8x712Y-CM_003.mp4,no
Zs8x712Y-CM_005,data/raw/CMU-MOSEI/segments/Zs8x712Y-CM_005.mp4,no
Zs8x712Y-CM_006,data/raw/CMU-MOSEI/segments/Zs8x712Y-CM_006.mp4,no
Zs8x712Y-CM_007,data/raw/CMU-MOSEI/segments/Zs8x712Y-CM_007.mp4,no
Zs8x712Y-CM_008,data/raw/CMU-MOSEI/segments/Zs8x712Y-CM_008.mp4,no
Zs8x712Y-CM_009,data/raw/CMU-MOSEI/segments/Zs8x712Y-CM_009.mp4,no
Zs8x712Y-CM_010,data/raw/CMU-MOSEI/segments/Zs8x712Y-CM_010.mp4,no
Zs8x712Y-CM_011,data/raw/CMU-MOSEI/segments/Zs8x712Y-CM_011.mp4,no
zShw-E-yBqU_000,data/raw/CMU-MOSEI/segments/zShw-E-yBqU_000.mp4,no
zShw-E-yBqU_001,data/raw/CMU-MOSEI/segments/zShw-E-yBqU_001.mp4,no
zShw-E-yBqU_002,data/raw/CMU-MOSEI/segments/zShw-E-yBqU_002.mp4,no
zShw-E-yBqU_003,data/raw/CMU-MOSEI/segments/zShw-E-yBqU_003.mp4,no
zShw-E-yBqU_004,data/raw/CMU-MOSEI/segments/zShw-E-yBqU_004.mp4,no
zURYO3k8lW0_001,data/raw/CMU-MOSEI/segments/zURYO3k8lW0_001.mp4,no
zvZd3V5D5Ik_000,data/raw/CMU-MOSEI/segments/zvZd3V5D5Ik_000.mp4,no
zwTrXwi54us_000,data/raw/CMU-MOSEI/segments/zwTrXwi54us_000.mp4,no
zwTrXwi54us_002,data/raw/CMU-MOSEI/segments/zwTrXwi54us_002.mp4,no
zwTrXwi54us_005,data/raw/CMU-MOSEI/segments/zwTrXwi54us_005.mp4,no
zwTrXwi54us_006,data/raw/CMU-MOSEI/segments/zwTrXwi54us_006.mp4,no
zwTrXwi54us_010,data/raw/CMU-MOSEI/segments/zwTrXwi54us_010.mp4,no
zwTrXwi54us_011,data/raw/CMU-MOSEI/segments/zwTrXwi54us_011.mp4,no
ZXHX_e6HCI0_001,data/raw/CMU-MOSEI/segments/ZXHX_e6HCI0_001.mp4,no
