output_path,video_clip,audio_clip,video_emotion,audio_emotion,video_speaker,audio_speaker,split,label,method,output_stem,status,output_mb,video_clip_id,audio_clip_id,timestamp,elapsed_s,processed
data\synthetic\track4_fakes\videos\FAKE_T4_dev_dia105_utt4__AUDIO_train_dia735_utt6.mp4,data\raw\MELD\MELD-RAW\MELD.Raw\dev\dev_splits_complete\dia105_utt4.mp4,data\raw\MELD\MELD-RAW\MELD.Raw\train\train_splits\dia735_utt6.mp4,joy,neutral,Chandler,Ross,dev,1,musetalk_cross_speaker,FAKE_T4_dev_dia105_utt4__AUDIO_train_dia735_utt6,,,,,,,yes
data\synthetic\track4_fakes\videos\FAKE_T4_dev_dia108_utt0__AUDIO_train_dia923_utt12.mp4,data\raw\MELD\MELD-RAW\MELD.Raw\dev\dev_splits_complete\dia108_utt0.mp4,data\raw\MELD\MELD-RAW\MELD.Raw\train\train_splits\dia923_utt12.mp4,neutral,sadness,Joey,Janice,dev,1,musetalk_cross_speaker,FAKE_T4_dev_dia108_utt0__AUDIO_train_dia923_utt12,,,,,,,yes
data\synthetic\track4_fakes\videos\FAKE_T4_dev_dia109_utt1__AUDIO_train_dia1025_utt12.mp4,data\raw\MELD\MELD-RAW\MELD.Raw\dev\dev_splits_complete\dia109_utt1.mp4,data\raw\MELD\MELD-RAW\MELD.Raw\train\train_splits\dia1025_utt12.mp4,joy,neutral,Joey,Rachel,dev,1,musetalk_cross_speaker,FAKE_T4_dev_dia109_utt1__AUDIO_train_dia1025_utt12,,,,,,,yes
data\synthetic\track4_fakes\videos\FAKE_T4_dev_dia113_utt0__AUDIO_train_dia595_utt6_musetalk.mp4,,,neutral,fear,Monica,Monica,,1,musetalk_emotion_mismatch,FAKE_T4_dev_dia113_utt0__AUDIO_train_dia595_utt6,done,0.6,dev_dia113_utt0,train_dia595_utt6,2026-05-30T04:19:45.676108,161.6,yes
data\synthetic\track4_fakes\videos\FAKE_T4_dev_dia11_utt5__AUDIO_train_dia796_utt9.mp4,data\raw\MELD\MELD-RAW\MELD.Raw\dev\dev_splits_complete\dia11_utt5.mp4,data\raw\MELD\MELD-RAW\MELD.Raw\train\train_splits\dia796_utt9.mp4,fear,neutral,Rachel,Chandler,dev,1,musetalk_cross_speaker,FAKE_T4_dev_dia11_utt5__AUDIO_train_dia796_utt9,,,,,,,yes
data\synthetic\track4_fakes\videos\FAKE_T4_dev_dia13_utt8__AUDIO_train_dia131_utt1.mp4,data\raw\MELD\MELD-RAW\MELD.Raw\dev\dev_splits_complete\dia13_utt8.mp4,data\raw\MELD\MELD-RAW\MELD.Raw\train\train_splits\dia131_utt1.mp4,joy,sadness,Frank,Monica,dev,1,musetalk_cross_speaker,FAKE_T4_dev_dia13_utt8__AUDIO_train_dia131_utt1,,,,,,,yes
data\synthetic\track4_fakes\videos\FAKE_T4_dev_dia18_utt4__AUDIO_test_dia267_utt8.mp4,data\raw\MELD\MELD-RAW\MELD.Raw\dev\dev_splits_complete\dia18_utt4.mp4,data\raw\MELD\MELD-RAW\MELD.Raw\test\output_repeated_splits_test\dia267_utt8.mp4,fear,sadness,Monica,Joey,dev,1,musetalk_cross_speaker,FAKE_T4_dev_dia18_utt4__AUDIO_test_dia267_utt8,,,,,,,yes
data\synthetic\track4_fakes\videos\FAKE_T4_dev_dia23_utt12__AUDIO_train_dia415_utt10.mp4,data\raw\MELD\MELD-RAW\MELD.Raw\dev\dev_splits_complete\dia23_utt12.mp4,data\raw\MELD\MELD-RAW\MELD.Raw\train\train_splits\dia415_utt10.mp4,sadness,neutral,Ross,Joey,dev,1,musetalk_cross_speaker,FAKE_T4_dev_dia23_utt12__AUDIO_train_dia415_utt10,,,,,,,yes
data\synthetic\track4_fakes\videos\FAKE_T4_dev_dia27_utt9__AUDIO_train_dia1002_utt5.mp4,data\raw\MELD\MELD-RAW\MELD.Raw\dev\dev_splits_complete\dia27_utt9.mp4,data\raw\MELD\MELD-RAW\MELD.Raw\train\train_splits\dia1002_utt5.mp4,neutral,joy,Phoebe,Monica,dev,1,musetalk_cross_speaker,FAKE_T4_dev_dia27_utt9__AUDIO_train_dia1002_utt5,,,,,,,yes
data\synthetic\track4_fakes\videos\FAKE_T4_dev_dia28_utt1__AUDIO_train_dia154_utt4.mp4,data\raw\MELD\MELD-RAW\MELD.Raw\dev\dev_splits_complete\dia28_utt1.mp4,data\raw\MELD\MELD-RAW\MELD.Raw\train\train_splits\dia154_utt4.mp4,sadness,anger,Phoebe,Ross,dev,1,musetalk_cross_speaker,FAKE_T4_dev_dia28_utt1__AUDIO_train_dia154_utt4,,,,,,,yes
data\synthetic\track4_fakes\videos\FAKE_T4_dev_dia29_utt3__AUDIO_test_dia17_utt24.mp4,data\raw\MELD\MELD-RAW\MELD.Raw\dev\dev_splits_complete\dia29_utt3.mp4,data\raw\MELD\MELD-RAW\MELD.Raw\test\output_repeated_splits_test\dia17_utt24.mp4,sadness,anger,Rachel,Ross,dev,1,musetalk_cross_speaker,FAKE_T4_dev_dia29_utt3__AUDIO_test_dia17_utt24,,,,,,,yes
data\synthetic\track4_fakes\videos\FAKE_T4_dev_dia2_utt5__AUDIO_train_dia693_utt5.mp4,data\raw\MELD\MELD-RAW\MELD.Raw\dev\dev_splits_complete\dia2_utt5.mp4,data\raw\MELD\MELD-RAW\MELD.Raw\train\train_splits\dia693_utt5.mp4,neutral,anger,Estelle,Joey,dev,1,musetalk_cross_speaker,FAKE_T4_dev_dia2_utt5__AUDIO_train_dia693_utt5,,,,,,,yes
data\synthetic\track4_fakes\videos\FAKE_T4_dev_dia30_utt8__AUDIO_train_dia76_utt4.mp4,data\raw\MELD\MELD-RAW\MELD.Raw\dev\dev_splits_complete\dia30_utt8.mp4,data\raw\MELD\MELD-RAW\MELD.Raw\train\train_splits\dia76_utt4.mp4,joy,neutral,Joey,Ross,dev,1,musetalk_cross_speaker,FAKE_T4_dev_dia30_utt8__AUDIO_train_dia76_utt4,,,,,,,yes
data\synthetic\track4_fakes\videos\FAKE_T4_dev_dia38_utt0__AUDIO_train_dia860_utt3.mp4,data\raw\MELD\MELD-RAW\MELD.Raw\dev\dev_splits_complete\dia38_utt0.mp4,data\raw\MELD\MELD-RAW\MELD.Raw\train\train_splits\dia860_utt3.mp4,anger,neutral,Joey,Phoebe,dev,1,musetalk_cross_speaker,FAKE_T4_dev_dia38_utt0__AUDIO_train_dia860_utt3,,,,,,,yes
data\synthetic\track4_fakes\videos\FAKE_T4_dev_dia39_utt1__AUDIO_train_dia349_utt8.mp4,data\raw\MELD\MELD-RAW\MELD.Raw\dev\dev_splits_complete\dia39_utt1.mp4,data\raw\MELD\MELD-RAW\MELD.Raw\train\train_splits\dia349_utt8.mp4,joy,neutral,Monica,Ross,dev,1,musetalk_cross_speaker,FAKE_T4_dev_dia39_utt1__AUDIO_train_dia349_utt8,,,,,,,yes
data\synthetic\track4_fakes\videos\FAKE_T4_dev_dia40_utt10__AUDIO_train_dia572_utt9.mp4,data\raw\MELD\MELD-RAW\MELD.Raw\dev\dev_splits_complete\dia40_utt10.mp4,data\raw\MELD\MELD-RAW\MELD.Raw\train\train_splits\dia572_utt9.mp4,joy,fear,Rachel,Sick Bastard,dev,1,musetalk_cross_speaker,FAKE_T4_dev_dia40_utt10__AUDIO_train_dia572_utt9,,,,,,,yes
data\synthetic\track4_fakes\videos\FAKE_T4_dev_dia44_utt7__AUDIO_train_dia363_utt1.mp4,data\raw\MELD\MELD-RAW\MELD.Raw\dev\dev_splits_complete\dia44_utt7.mp4,data\raw\MELD\MELD-RAW\MELD.Raw\train\train_splits\dia363_utt1.mp4,joy,neutral,Jen,Rachel,dev,1,musetalk_cross_speaker,FAKE_T4_dev_dia44_utt7__AUDIO_train_dia363_utt1,,,,,,,yes
data\synthetic\track4_fakes\videos\FAKE_T4_dev_dia48_utt7__AUDIO_train_dia354_utt5.mp4,data\raw\MELD\MELD-RAW\MELD.Raw\dev\dev_splits_complete\dia48_utt7.mp4,data\raw\MELD\MELD-RAW\MELD.Raw\train\train_splits\dia354_utt5.mp4,sadness,neutral,Rachel,Ross,dev,1,musetalk_cross_speaker,FAKE_T4_dev_dia48_utt7__AUDIO_train_dia354_utt5,,,,,,,yes
data\synthetic\track4_fakes\videos\FAKE_T4_dev_dia56_utt10__AUDIO_train_dia1019_utt12.mp4,data\raw\MELD\MELD-RAW\MELD.Raw\dev\dev_splits_complete\dia56_utt10.mp4,data\raw\MELD\MELD-RAW\MELD.Raw\train\train_splits\dia1019_utt12.mp4,sadness,neutral,Joey,Monica,dev,1,musetalk_cross_speaker,FAKE_T4_dev_dia56_utt10__AUDIO_train_dia1019_utt12,,,,,,,yes
data\synthetic\track4_fakes\videos\FAKE_T4_dev_dia59_utt2__AUDIO_train_dia1016_utt10.mp4,data\raw\MELD\MELD-RAW\MELD.Raw\dev\dev_splits_complete\dia59_utt2.mp4,data\raw\MELD\MELD-RAW\MELD.Raw\train\train_splits\dia1016_utt10.mp4,neutral,joy,Phoebe,Monica,dev,1,musetalk_cross_speaker,FAKE_T4_dev_dia59_utt2__AUDIO_train_dia1016_utt10,,,,,,,yes
data\synthetic\track4_fakes\videos\FAKE_T4_dev_dia5_utt0__AUDIO_train_dia405_utt0.mp4,data\raw\MELD\MELD-RAW\MELD.Raw\dev\dev_splits_complete\dia5_utt0.mp4,data\raw\MELD\MELD-RAW\MELD.Raw\train\train_splits\dia405_utt0.mp4,anger,neutral,Ross,Chandler,dev,1,musetalk_cross_speaker,FAKE_T4_dev_dia5_utt0__AUDIO_train_dia405_utt0,,,,,,,yes
data\synthetic\track4_fakes\videos\FAKE_T4_dev_dia63_utt15__AUDIO_train_dia139_utt3.mp4,data\raw\MELD\MELD-RAW\MELD.Raw\dev\dev_splits_complete\dia63_utt15.mp4,data\raw\MELD\MELD-RAW\MELD.Raw\train\train_splits\dia139_utt3.mp4,neutral,joy,Rachel,Monica,dev,1,musetalk_cross_speaker,FAKE_T4_dev_dia63_utt15__AUDIO_train_dia139_utt3,,,,,,,yes
data\synthetic\track4_fakes\videos\FAKE_T4_dev_dia66_utt1__AUDIO_train_dia32_utt12.mp4,data\raw\MELD\MELD-RAW\MELD.Raw\dev\dev_splits_complete\dia66_utt1.mp4,data\raw\MELD\MELD-RAW\MELD.Raw\train\train_splits\dia32_utt12.mp4,neutral,anger,Rachel,Ross,dev,1,musetalk_cross_speaker,FAKE_T4_dev_dia66_utt1__AUDIO_train_dia32_utt12,,,,,,,yes
data\synthetic\track4_fakes\videos\FAKE_T4_dev_dia69_utt4__AUDIO_train_dia717_utt11.mp4,data\raw\MELD\MELD-RAW\MELD.Raw\dev\dev_splits_complete\dia69_utt4.mp4,data\raw\MELD\MELD-RAW\MELD.Raw\train\train_splits\dia717_utt11.mp4,joy,neutral,Ross,Phoebe,dev,1,musetalk_cross_speaker,FAKE_T4_dev_dia69_utt4__AUDIO_train_dia717_utt11,,,,,,,yes
data\synthetic\track4_fakes\videos\FAKE_T4_dev_dia72_utt10__AUDIO_test_dia123_utt14.mp4,data\raw\MELD\MELD-RAW\MELD.Raw\dev\dev_splits_complete\dia72_utt10.mp4,data\raw\MELD\MELD-RAW\MELD.Raw\test\output_repeated_splits_test\dia123_utt14.mp4,anger,neutral,Joey,Monica,dev,1,musetalk_cross_speaker,FAKE_T4_dev_dia72_utt10__AUDIO_test_dia123_utt14,,,,,,,yes
data\synthetic\track4_fakes\videos\FAKE_T4_dev_dia72_utt9__AUDIO_test_dia262_utt15.mp4,data\raw\MELD\MELD-RAW\MELD.Raw\dev\dev_splits_complete\dia72_utt9.mp4,data\raw\MELD\MELD-RAW\MELD.Raw\test\output_repeated_splits_test\dia262_utt15.mp4,anger,joy,Phoebe,Pete,dev,1,musetalk_cross_speaker,FAKE_T4_dev_dia72_utt9__AUDIO_test_dia262_utt15,,,,,,,yes
data\synthetic\track4_fakes\videos\FAKE_T4_dev_dia74_utt5__AUDIO_train_dia614_utt17.mp4,data\raw\MELD\MELD-RAW\MELD.Raw\dev\dev_splits_complete\dia74_utt5.mp4,data\raw\MELD\MELD-RAW\MELD.Raw\train\train_splits\dia614_utt17.mp4,neutral,joy,Ross,Kim,dev,1,musetalk_cross_speaker,FAKE_T4_dev_dia74_utt5__AUDIO_train_dia614_utt17,,,,,,,yes
data\synthetic\track4_fakes\videos\FAKE_T4_dev_dia77_utt13__AUDIO_train_dia529_utt0_musetalk.mp4,,,sadness,anger,Ross,Rachel,,1,musetalk_emotion_mismatch,FAKE_T4_dev_dia77_utt13__AUDIO_train_dia529_utt0,done,0.6,dev_dia77_utt13,train_dia529_utt0,2026-05-30T04:27:58.685704,172.8,yes
data\synthetic\track4_fakes\videos\FAKE_T4_dev_dia77_utt19__AUDIO_train_dia538_utt5_musetalk.mp4,,,neutral,joy,Phoebe,Phoebe,,1,musetalk_emotion_mismatch,FAKE_T4_dev_dia77_utt19__AUDIO_train_dia538_utt5,done,0.5,dev_dia77_utt19,train_dia538_utt5,2026-05-30T05:53:23.620598,156.1,yes
data\synthetic\track4_fakes\videos\FAKE_T4_dev_dia77_utt9__AUDIO_train_dia676_utt0.mp4,data\raw\MELD\MELD-RAW\MELD.Raw\dev\dev_splits_complete\dia77_utt9.mp4,data\raw\MELD\MELD-RAW\MELD.Raw\train\train_splits\dia676_utt0.mp4,neutral,sadness,Phoebe,Ross,dev,1,musetalk_cross_speaker,FAKE_T4_dev_dia77_utt9__AUDIO_train_dia676_utt0,,,,,,,yes
data\synthetic\track4_fakes\videos\FAKE_T4_dev_dia79_utt10__AUDIO_test_dia244_utt16.mp4,data\raw\MELD\MELD-RAW\MELD.Raw\dev\dev_splits_complete\dia79_utt10.mp4,data\raw\MELD\MELD-RAW\MELD.Raw\test\output_repeated_splits_test\dia244_utt16.mp4,sadness,neutral,Chandler,Monica,dev,1,musetalk_cross_speaker,FAKE_T4_dev_dia79_utt10__AUDIO_test_dia244_utt16,,,,,,,yes
data\synthetic\track4_fakes\videos\FAKE_T4_dev_dia7_utt3__AUDIO_train_dia822_utt4_musetalk.mp4,,,neutral,joy,Rachel,Phoebe,,1,musetalk_emotion_mismatch,FAKE_T4_dev_dia7_utt3__AUDIO_train_dia822_utt4,done,0.6,dev_dia7_utt3,train_dia822_utt4,2026-05-30T04:30:07.861257,129.2,yes
data\synthetic\track4_fakes\videos\FAKE_T4_dev_dia83_utt5__AUDIO_train_dia911_utt5.mp4,data\raw\MELD\MELD-RAW\MELD.Raw\dev\dev_splits_complete\dia83_utt5.mp4,data\raw\MELD\MELD-RAW\MELD.Raw\train\train_splits\dia911_utt5.mp4,neutral,disgust,Chandler,Joey,dev,1,musetalk_cross_speaker,FAKE_T4_dev_dia83_utt5__AUDIO_train_dia911_utt5,,,,,,,yes
data\synthetic\track4_fakes\videos\FAKE_T4_dev_dia8_utt9__AUDIO_test_dia257_utt4.mp4,data\raw\MELD\MELD-RAW\MELD.Raw\dev\dev_splits_complete\dia8_utt9.mp4,data\raw\MELD\MELD-RAW\MELD.Raw\test\output_repeated_splits_test\dia257_utt4.mp4,neutral,joy,Joey,Joey,dev,1,musetalk_cross_speaker,FAKE_T4_dev_dia8_utt9__AUDIO_test_dia257_utt4,,,,,,,yes
data\synthetic\track4_fakes\videos\FAKE_T4_dev_dia91_utt10__AUDIO_train_dia999_utt2.mp4,data\raw\MELD\MELD-RAW\MELD.Raw\dev\dev_splits_complete\dia91_utt10.mp4,data\raw\MELD\MELD-RAW\MELD.Raw\train\train_splits\dia999_utt2.mp4,disgust,neutral,Ross,Susan,dev,1,musetalk_cross_speaker,FAKE_T4_dev_dia91_utt10__AUDIO_train_dia999_utt2,,,,,,,yes
data\synthetic\track4_fakes\videos\FAKE_T4_dev_dia93_utt1__AUDIO_train_dia261_utt4.mp4,data\raw\MELD\MELD-RAW\MELD.Raw\dev\dev_splits_complete\dia93_utt1.mp4,data\raw\MELD\MELD-RAW\MELD.Raw\train\train_splits\dia261_utt4.mp4,neutral,anger,Phoebe,Phoebe,dev,1,musetalk_cross_speaker,FAKE_T4_dev_dia93_utt1__AUDIO_train_dia261_utt4,,,,,,,yes
data\synthetic\track4_fakes\videos\FAKE_T4_dev_dia93_utt2__AUDIO_train_dia404_utt0.mp4,data\raw\MELD\MELD-RAW\MELD.Raw\dev\dev_splits_complete\dia93_utt2.mp4,data\raw\MELD\MELD-RAW\MELD.Raw\train\train_splits\dia404_utt0.mp4,neutral,joy,Ross,Joey,dev,1,musetalk_cross_speaker,FAKE_T4_dev_dia93_utt2__AUDIO_train_dia404_utt0,,,,,,,yes
data\synthetic\track4_fakes\videos\FAKE_T4_dev_dia93_utt3__AUDIO_train_dia572_utt19.mp4,data\raw\MELD\MELD-RAW\MELD.Raw\dev\dev_splits_complete\dia93_utt3.mp4,data\raw\MELD\MELD-RAW\MELD.Raw\train\train_splits\dia572_utt19.mp4,sadness,anger,Phoebe,Ross,dev,1,musetalk_cross_speaker,FAKE_T4_dev_dia93_utt3__AUDIO_train_dia572_utt19,,,,,,,yes
data\synthetic\track4_fakes\videos\FAKE_T4_dev_dia94_utt0__AUDIO_train_dia456_utt6.mp4,data\raw\MELD\MELD-RAW\MELD.Raw\dev\dev_splits_complete\dia94_utt0.mp4,data\raw\MELD\MELD-RAW\MELD.Raw\train\train_splits\dia456_utt6.mp4,neutral,anger,Chandler,Phoebe,dev,1,musetalk_cross_speaker,FAKE_T4_dev_dia94_utt0__AUDIO_train_dia456_utt6,,,,,,,yes
data\synthetic\track4_fakes\videos\FAKE_T4_dev_dia94_utt3__AUDIO_test_dia139_utt1.mp4,data\raw\MELD\MELD-RAW\MELD.Raw\dev\dev_splits_complete\dia94_utt3.mp4,data\raw\MELD\MELD-RAW\MELD.Raw\test\output_repeated_splits_test\dia139_utt1.mp4,neutral,sadness,Phoebe,Rachel,dev,1,musetalk_cross_speaker,FAKE_T4_dev_dia94_utt3__AUDIO_test_dia139_utt1,,,,,,,yes
data\synthetic\track4_fakes\videos\FAKE_T4_dev_dia95_utt5__AUDIO_dev_dia108_utt1.mp4,data\raw\MELD\MELD-RAW\MELD.Raw\dev\dev_splits_complete\dia95_utt5.mp4,data\raw\MELD\MELD-RAW\MELD.Raw\dev\dev_splits_complete\dia108_utt1.mp4,neutral,fear,Chandler,Phoebe,dev,1,musetalk_cross_speaker,FAKE_T4_dev_dia95_utt5__AUDIO_dev_dia108_utt1,,,,,,,yes
data\synthetic\track4_fakes\videos\FAKE_T4_dev_dia97_utt15__AUDIO_train_dia529_utt3.mp4,data\raw\MELD\MELD-RAW\MELD.Raw\dev\dev_splits_complete\dia97_utt15.mp4,data\raw\MELD\MELD-RAW\MELD.Raw\train\train_splits\dia529_utt3.mp4,neutral,anger,Phoebe,Rachel,dev,1,musetalk_cross_speaker,FAKE_T4_dev_dia97_utt15__AUDIO_train_dia529_utt3,,,,,,,yes
data\synthetic\track4_fakes\videos\FAKE_T4_dev_dia99_utt6__AUDIO_train_dia202_utt8.mp4,data\raw\MELD\MELD-RAW\MELD.Raw\dev\dev_splits_complete\dia99_utt6.mp4,data\raw\MELD\MELD-RAW\MELD.Raw\train\train_splits\dia202_utt8.mp4,neutral,joy,Chandler,Phoebe,dev,1,musetalk_cross_speaker,FAKE_T4_dev_dia99_utt6__AUDIO_train_dia202_utt8,,,,,,,yes
data\synthetic\track4_fakes\videos\FAKE_T4_test_dia100_utt19__AUDIO_train_dia222_utt9.mp4,data\raw\MELD\MELD-RAW\MELD.Raw\test\output_repeated_splits_test\dia100_utt19.mp4,data\raw\MELD\MELD-RAW\MELD.Raw\train\train_splits\dia222_utt9.mp4,sadness,neutral,Phoebe,Doug,test,1,musetalk_cross_speaker,FAKE_T4_test_dia100_utt19__AUDIO_train_dia222_utt9,,,,,,,yes
data\synthetic\track4_fakes\videos\FAKE_T4_test_dia102_utt5__AUDIO_train_dia410_utt8.mp4,data\raw\MELD\MELD-RAW\MELD.Raw\test\output_repeated_splits_test\dia102_utt5.mp4,data\raw\MELD\MELD-RAW\MELD.Raw\train\train_splits\dia410_utt8.mp4,sadness,neutral,Phoebe,Carl,test,1,musetalk_cross_speaker,FAKE_T4_test_dia102_utt5__AUDIO_train_dia410_utt8,,,,,,,yes
data\synthetic\track4_fakes\videos\FAKE_T4_test_dia103_utt2__AUDIO_train_dia15_utt12.mp4,data\raw\MELD\MELD-RAW\MELD.Raw\test\output_repeated_splits_test\dia103_utt2.mp4,data\raw\MELD\MELD-RAW\MELD.Raw\train\train_splits\dia15_utt12.mp4,fear,neutral,Ross,Paleontologist,test,1,musetalk_cross_speaker,FAKE_T4_test_dia103_utt2__AUDIO_train_dia15_utt12,,,,,,,yes
data\synthetic\track4_fakes\videos\FAKE_T4_test_dia103_utt3__AUDIO_train_dia812_utt9.mp4,data\raw\MELD\MELD-RAW\MELD.Raw\test\output_repeated_splits_test\dia103_utt3.mp4,data\raw\MELD\MELD-RAW\MELD.Raw\train\train_splits\dia812_utt9.mp4,neutral,joy,Joey,Monica,test,1,musetalk_cross_speaker,FAKE_T4_test_dia103_utt3__AUDIO_train_dia812_utt9,,,,,,,yes
data\synthetic\track4_fakes\videos\FAKE_T4_test_dia103_utt4__AUDIO_train_dia564_utt6.mp4,data\raw\MELD\MELD-RAW\MELD.Raw\test\output_repeated_splits_test\dia103_utt4.mp4,data\raw\MELD\MELD-RAW\MELD.Raw\train\train_splits\dia564_utt6.mp4,anger,fear,Ross,Rachel,test,1,musetalk_cross_speaker,FAKE_T4_test_dia103_utt4__AUDIO_train_dia564_utt6,,,,,,,yes
data\synthetic\track4_fakes\videos\FAKE_T4_test_dia108_utt0__AUDIO_train_dia716_utt0.mp4,data\raw\MELD\MELD-RAW\MELD.Raw\test\output_repeated_splits_test\dia108_utt0.mp4,data\raw\MELD\MELD-RAW\MELD.Raw\train\train_splits\dia716_utt0.mp4,disgust,neutral,Phoebe,The Head Librarian,test,1,musetalk_cross_speaker,FAKE_T4_test_dia108_utt0__AUDIO_train_dia716_utt0,,,,,,,yes
data\synthetic\track4_fakes\videos\FAKE_T4_test_dia109_utt0__AUDIO_dev_dia34_utt9.mp4,data\raw\MELD\MELD-RAW\MELD.Raw\test\output_repeated_splits_test\dia109_utt0.mp4,data\raw\MELD\MELD-RAW\MELD.Raw\dev\dev_splits_complete\dia34_utt9.mp4,joy,neutral,Lorraine,Carol,test,1,musetalk_cross_speaker,FAKE_T4_test_dia109_utt0__AUDIO_dev_dia34_utt9,,,,,,,yes
data\synthetic\track4_fakes\videos\FAKE_T4_test_dia109_utt2__AUDIO_train_dia548_utt6.mp4,data\raw\MELD\MELD-RAW\MELD.Raw\test\output_repeated_splits_test\dia109_utt2.mp4,data\raw\MELD\MELD-RAW\MELD.Raw\train\train_splits\dia548_utt6.mp4,anger,neutral,Janice,Monica,test,1,musetalk_cross_speaker,FAKE_T4_test_dia109_utt2__AUDIO_train_dia548_utt6,,,,,,,yes
data\synthetic\track4_fakes\videos\FAKE_T4_test_dia111_utt3__AUDIO_train_dia821_utt0_musetalk.mp4,,,anger,joy,Chandler,Elizabeth,,1,musetalk_emotion_mismatch,FAKE_T4_test_dia111_utt3__AUDIO_train_dia821_utt0,done,1.0,test_dia111_utt3,train_dia821_utt0,2026-05-30T05:50:47.478338,158.8,yes
data\synthetic\track4_fakes\videos\FAKE_T4_test_dia112_utt15__AUDIO_train_dia99_utt2.mp4,data\raw\MELD\MELD-RAW\MELD.Raw\test\output_repeated_splits_test\dia112_utt15.mp4,data\raw\MELD\MELD-RAW\MELD.Raw\train\train_splits\dia99_utt2.mp4,neutral,joy,Phoebe,Chandler,test,1,musetalk_cross_speaker,FAKE_T4_test_dia112_utt15__AUDIO_train_dia99_utt2,,,,,,,yes
data\synthetic\track4_fakes\videos\FAKE_T4_test_dia114_utt0__AUDIO_train_dia593_utt6.mp4,data\raw\MELD\MELD-RAW\MELD.Raw\test\output_repeated_splits_test\dia114_utt0.mp4,data\raw\MELD\MELD-RAW\MELD.Raw\train\train_splits\dia593_utt6.mp4,neutral,sadness,Rachel,Robert,test,1,musetalk_cross_speaker,FAKE_T4_test_dia114_utt0__AUDIO_train_dia593_utt6,,,,,,,yes
data\synthetic\track4_fakes\videos\FAKE_T4_test_dia116_utt3__AUDIO_test_dia229_utt10.mp4,data\raw\MELD\MELD-RAW\MELD.Raw\test\output_repeated_splits_test\dia116_utt3.mp4,data\raw\MELD\MELD-RAW\MELD.Raw\test\output_repeated_splits_test\dia229_utt10.mp4,neutral,joy,Joey,Joey,test,1,musetalk_cross_speaker,FAKE_T4_test_dia116_utt3__AUDIO_test_dia229_utt10,,,,,,,yes
data\synthetic\track4_fakes\videos\FAKE_T4_test_dia120_utt11__AUDIO_train_dia111_utt7_musetalk.mp4,,,disgust,neutral,Monica,Joey,,1,musetalk_emotion_mismatch,FAKE_T4_test_dia120_utt11__AUDIO_train_dia111_utt7,done,0.6,test_dia120_utt11,train_dia111_utt7,2026-05-30T05:30:14.548996,153.5,yes
data\synthetic\track4_fakes\videos\FAKE_T4_test_dia121_utt1__AUDIO_dev_dia14_utt3_musetalk.mp4,,,joy,neutral,Joey,Chandler,,1,musetalk_emotion_mismatch,FAKE_T4_test_dia121_utt1__AUDIO_dev_dia14_utt3,done,0.8,test_dia121_utt1,dev_dia14_utt3,2026-05-30T04:43:10.499026,120.4,yes
data\synthetic\track4_fakes\videos\FAKE_T4_test_dia122_utt3__AUDIO_train_dia625_utt2.mp4,data\raw\MELD\MELD-RAW\MELD.Raw\test\output_repeated_splits_test\dia122_utt3.mp4,data\raw\MELD\MELD-RAW\MELD.Raw\train\train_splits\dia625_utt2.mp4,joy,neutral,Monica,Ross,test,1,musetalk_cross_speaker,FAKE_T4_test_dia122_utt3__AUDIO_train_dia625_utt2,,,,,,,yes
data\synthetic\track4_fakes\videos\FAKE_T4_test_dia123_utt14__AUDIO_train_dia658_utt11.mp4,data\raw\MELD\MELD-RAW\MELD.Raw\test\output_repeated_splits_test\dia123_utt14.mp4,data\raw\MELD\MELD-RAW\MELD.Raw\train\train_splits\dia658_utt11.mp4,neutral,anger,Monica,Phoebe,test,1,musetalk_cross_speaker,FAKE_T4_test_dia123_utt14__AUDIO_train_dia658_utt11,,,,,,,yes
data\synthetic\track4_fakes\videos\FAKE_T4_test_dia124_utt12__AUDIO_train_dia1025_utt4.mp4,data\raw\MELD\MELD-RAW\MELD.Raw\test\output_repeated_splits_test\dia124_utt12.mp4,data\raw\MELD\MELD-RAW\MELD.Raw\train\train_splits\dia1025_utt4.mp4,sadness,neutral,Chandler,Joey,test,1,musetalk_cross_speaker,FAKE_T4_test_dia124_utt12__AUDIO_train_dia1025_utt4,,,,,,,yes
data\synthetic\track4_fakes\videos\FAKE_T4_test_dia125_utt3__AUDIO_train_dia154_utt0.mp4,data\raw\MELD\MELD-RAW\MELD.Raw\test\output_repeated_splits_test\dia125_utt3.mp4,data\raw\MELD\MELD-RAW\MELD.Raw\train\train_splits\dia154_utt0.mp4,neutral,joy,Rachel,Rachel,test,1,musetalk_cross_speaker,FAKE_T4_test_dia125_utt3__AUDIO_train_dia154_utt0,,,,,,,yes
data\synthetic\track4_fakes\videos\FAKE_T4_test_dia127_utt3__AUDIO_train_dia875_utt8.mp4,data\raw\MELD\MELD-RAW\MELD.Raw\test\output_repeated_splits_test\dia127_utt3.mp4,data\raw\MELD\MELD-RAW\MELD.Raw\train\train_splits\dia875_utt8.mp4,neutral,anger,Ross,Monica,test,1,musetalk_cross_speaker,FAKE_T4_test_dia127_utt3__AUDIO_train_dia875_utt8,,,,,,,yes
data\synthetic\track4_fakes\videos\FAKE_T4_test_dia132_utt2__AUDIO_train_dia531_utt5.mp4,data\raw\MELD\MELD-RAW\MELD.Raw\test\output_repeated_splits_test\dia132_utt2.mp4,data\raw\MELD\MELD-RAW\MELD.Raw\train\train_splits\dia531_utt5.mp4,neutral,sadness,Phoebe,Ross,test,1,musetalk_cross_speaker,FAKE_T4_test_dia132_utt2__AUDIO_train_dia531_utt5,,,,,,,yes
data\synthetic\track4_fakes\videos\FAKE_T4_test_dia132_utt4__AUDIO_test_dia120_utt8_musetalk.mp4,,,joy,neutral,Phoebe,Chandler,,1,musetalk_emotion_mismatch,FAKE_T4_test_dia132_utt4__AUDIO_test_dia120_utt8,done,0.5,test_dia132_utt4,test_dia120_utt8,2026-05-30T05:10:31.151886,110.9,yes
data\synthetic\track4_fakes\videos\FAKE_T4_test_dia132_utt8__AUDIO_train_dia1012_utt2.mp4,data\raw\MELD\MELD-RAW\MELD.Raw\test\output_repeated_splits_test\dia132_utt8.mp4,data\raw\MELD\MELD-RAW\MELD.Raw\train\train_splits\dia1012_utt2.mp4,neutral,joy,Joey,Dr. Oberman,test,1,musetalk_cross_speaker,FAKE_T4_test_dia132_utt8__AUDIO_train_dia1012_utt2,,,,,,,yes
data\synthetic\track4_fakes\videos\FAKE_T4_test_dia139_utt8__AUDIO_train_dia53_utt3_musetalk.mp4,,,joy,neutral,Rachel,Monica,,1,musetalk_emotion_mismatch,FAKE_T4_test_dia139_utt8__AUDIO_train_dia53_utt3,done,0.6,test_dia139_utt8,train_dia53_utt3,2026-05-30T05:27:41.029395,125.3,yes
data\synthetic\track4_fakes\videos\FAKE_T4_test_dia143_utt1__AUDIO_train_dia39_utt16.mp4,data\raw\MELD\MELD-RAW\MELD.Raw\test\output_repeated_splits_test\dia143_utt1.mp4,data\raw\MELD\MELD-RAW\MELD.Raw\train\train_splits\dia39_utt16.mp4,neutral,anger,Monica,Joey,test,1,musetalk_cross_speaker,FAKE_T4_test_dia143_utt1__AUDIO_train_dia39_utt16,,,,,,,yes
data\synthetic\track4_fakes\videos\FAKE_T4_test_dia144_utt8__AUDIO_train_dia466_utt3.mp4,data\raw\MELD\MELD-RAW\MELD.Raw\test\output_repeated_splits_test\dia144_utt8.mp4,data\raw\MELD\MELD-RAW\MELD.Raw\train\train_splits\dia466_utt3.mp4,anger,disgust,Monica,Chandler,test,1,musetalk_cross_speaker,FAKE_T4_test_dia144_utt8__AUDIO_train_dia466_utt3,,,,,,,yes
data\synthetic\track4_fakes\videos\FAKE_T4_test_dia145_utt7__AUDIO_train_dia1022_utt10.mp4,data\raw\MELD\MELD-RAW\MELD.Raw\test\output_repeated_splits_test\dia145_utt7.mp4,data\raw\MELD\MELD-RAW\MELD.Raw\train\train_splits\dia1022_utt10.mp4,neutral,anger,Chandler,Rachel,test,1,musetalk_cross_speaker,FAKE_T4_test_dia145_utt7__AUDIO_train_dia1022_utt10,,,,,,,yes
data\synthetic\track4_fakes\videos\FAKE_T4_test_dia146_utt5__AUDIO_train_dia179_utt19.mp4,data\raw\MELD\MELD-RAW\MELD.Raw\test\output_repeated_splits_test\dia146_utt5.mp4,data\raw\MELD\MELD-RAW\MELD.Raw\train\train_splits\dia179_utt19.mp4,joy,anger,Rachel,Ross,test,1,musetalk_cross_speaker,FAKE_T4_test_dia146_utt5__AUDIO_train_dia179_utt19,,,,,,,yes
data\synthetic\track4_fakes\videos\FAKE_T4_test_dia154_utt12__AUDIO_train_dia513_utt2_musetalk.mp4,,,joy,neutral,Ross,Tag,,1,musetalk_emotion_mismatch,FAKE_T4_test_dia154_utt12__AUDIO_train_dia513_utt2,done,0.5,test_dia154_utt12,train_dia513_utt2,2026-05-30T05:46:29.829798,142.1,yes
data\synthetic\track4_fakes\videos\FAKE_T4_test_dia154_utt16__AUDIO_train_dia113_utt4.mp4,data\raw\MELD\MELD-RAW\MELD.Raw\test\output_repeated_splits_test\dia154_utt16.mp4,data\raw\MELD\MELD-RAW\MELD.Raw\train\train_splits\dia113_utt4.mp4,joy,neutral,Mona,Ross,test,1,musetalk_cross_speaker,FAKE_T4_test_dia154_utt16__AUDIO_train_dia113_utt4,,,,,,,yes
data\synthetic\track4_fakes\videos\FAKE_T4_test_dia154_utt2__AUDIO_train_dia575_utt0.mp4,data\raw\MELD\MELD-RAW\MELD.Raw\test\output_repeated_splits_test\dia154_utt2.mp4,data\raw\MELD\MELD-RAW\MELD.Raw\train\train_splits\dia575_utt0.mp4,joy,neutral,Mona,Julie,test,1,musetalk_cross_speaker,FAKE_T4_test_dia154_utt2__AUDIO_train_dia575_utt0,,,,,,,yes
data\synthetic\track4_fakes\videos\FAKE_T4_test_dia154_utt3__AUDIO_train_dia942_utt0.mp4,data\raw\MELD\MELD-RAW\MELD.Raw\test\output_repeated_splits_test\dia154_utt3.mp4,data\raw\MELD\MELD-RAW\MELD.Raw\train\train_splits\dia942_utt0.mp4,joy,neutral,Ross,The Conductor,test,1,musetalk_cross_speaker,FAKE_T4_test_dia154_utt3__AUDIO_train_dia942_utt0,,,,,,,yes
data\synthetic\track4_fakes\videos\FAKE_T4_test_dia156_utt12__AUDIO_train_dia836_utt8.mp4,data\raw\MELD\MELD-RAW\MELD.Raw\test\output_repeated_splits_test\dia156_utt12.mp4,data\raw\MELD\MELD-RAW\MELD.Raw\train\train_splits\dia836_utt8.mp4,anger,neutral,Chandler,Joey,test,1,musetalk_cross_speaker,FAKE_T4_test_dia156_utt12__AUDIO_train_dia836_utt8,,,,,,,yes
data\synthetic\track4_fakes\videos\FAKE_T4_test_dia156_utt14__AUDIO_dev_dia52_utt0.mp4,data\raw\MELD\MELD-RAW\MELD.Raw\test\output_repeated_splits_test\dia156_utt14.mp4,data\raw\MELD\MELD-RAW\MELD.Raw\dev\dev_splits_complete\dia52_utt0.mp4,joy,neutral,Doug,Waitress,test,1,musetalk_cross_speaker,FAKE_T4_test_dia156_utt14__AUDIO_dev_dia52_utt0,,,,,,,yes
data\synthetic\track4_fakes\videos\FAKE_T4_test_dia164_utt3__AUDIO_train_dia572_utt12.mp4,data\raw\MELD\MELD-RAW\MELD.Raw\test\output_repeated_splits_test\dia164_utt3.mp4,data\raw\MELD\MELD-RAW\MELD.Raw\train\train_splits\dia572_utt12.mp4,neutral,anger,Chandler,Evil Bitch,test,1,musetalk_cross_speaker,FAKE_T4_test_dia164_utt3__AUDIO_train_dia572_utt12,,,,,,,yes
data\synthetic\track4_fakes\videos\FAKE_T4_test_dia164_utt4__AUDIO_train_dia640_utt0.mp4,data\raw\MELD\MELD-RAW\MELD.Raw\test\output_repeated_splits_test\dia164_utt4.mp4,data\raw\MELD\MELD-RAW\MELD.Raw\train\train_splits\dia640_utt0.mp4,neutral,joy,Joey,Mr. Posner,test,1,musetalk_cross_speaker,FAKE_T4_test_dia164_utt4__AUDIO_train_dia640_utt0,,,,,,,yes
data\synthetic\track4_fakes\videos\FAKE_T4_test_dia166_utt2__AUDIO_train_dia424_utt12.mp4,data\raw\MELD\MELD-RAW\MELD.Raw\test\output_repeated_splits_test\dia166_utt2.mp4,data\raw\MELD\MELD-RAW\MELD.Raw\train\train_splits\dia424_utt12.mp4,neutral,anger,Chandler,Ross,test,1,musetalk_cross_speaker,FAKE_T4_test_dia166_utt2__AUDIO_train_dia424_utt12,,,,,,,yes
data\synthetic\track4_fakes\videos\FAKE_T4_test_dia166_utt5__AUDIO_train_dia226_utt0.mp4,data\raw\MELD\MELD-RAW\MELD.Raw\test\output_repeated_splits_test\dia166_utt5.mp4,data\raw\MELD\MELD-RAW\MELD.Raw\train\train_splits\dia226_utt0.mp4,sadness,neutral,Joey,Rachel,test,1,musetalk_cross_speaker,FAKE_T4_test_dia166_utt5__AUDIO_train_dia226_utt0,,,,,,,yes
data\synthetic\track4_fakes\videos\FAKE_T4_test_dia168_utt0__AUDIO_test_dia53_utt2.mp4,data\raw\MELD\MELD-RAW\MELD.Raw\test\output_repeated_splits_test\dia168_utt0.mp4,data\raw\MELD\MELD-RAW\MELD.Raw\test\output_repeated_splits_test\dia53_utt2.mp4,neutral,joy,Joey,Monica,test,1,musetalk_cross_speaker,FAKE_T4_test_dia168_utt0__AUDIO_test_dia53_utt2,,,,,,,yes
data\synthetic\track4_fakes\videos\FAKE_T4_test_dia168_utt17__AUDIO_train_dia429_utt8.mp4,data\raw\MELD\MELD-RAW\MELD.Raw\test\output_repeated_splits_test\dia168_utt17.mp4,data\raw\MELD\MELD-RAW\MELD.Raw\train\train_splits\dia429_utt8.mp4,anger,neutral,The Stripper,Lorraine,test,1,musetalk_cross_speaker,FAKE_T4_test_dia168_utt17__AUDIO_train_dia429_utt8,,,,,,,yes
data\synthetic\track4_fakes\videos\FAKE_T4_test_dia169_utt21__AUDIO_train_dia342_utt10.mp4,data\raw\MELD\MELD-RAW\MELD.Raw\test\output_repeated_splits_test\dia169_utt21.mp4,data\raw\MELD\MELD-RAW\MELD.Raw\train\train_splits\dia342_utt10.mp4,neutral,anger,Phoebe,Chandler,test,1,musetalk_cross_speaker,FAKE_T4_test_dia169_utt21__AUDIO_train_dia342_utt10,,,,,,,yes
data\synthetic\track4_fakes\videos\FAKE_T4_test_dia16_utt5__AUDIO_train_dia848_utt8.mp4,data\raw\MELD\MELD-RAW\MELD.Raw\test\output_repeated_splits_test\dia16_utt5.mp4,data\raw\MELD\MELD-RAW\MELD.Raw\train\train_splits\dia848_utt8.mp4,neutral,sadness,The Waiter,Rachel,test,1,musetalk_cross_speaker,FAKE_T4_test_dia16_utt5__AUDIO_train_dia848_utt8,,,,,,,yes
data\synthetic\track4_fakes\videos\FAKE_T4_test_dia172_utt2__AUDIO_train_dia310_utt6.mp4,data\raw\MELD\MELD-RAW\MELD.Raw\test\output_repeated_splits_test\dia172_utt2.mp4,data\raw\MELD\MELD-RAW\MELD.Raw\train\train_splits\dia310_utt6.mp4,neutral,sadness,Paul,Rachel,test,1,musetalk_cross_speaker,FAKE_T4_test_dia172_utt2__AUDIO_train_dia310_utt6,,,,,,,yes
data\synthetic\track4_fakes\videos\FAKE_T4_test_dia173_utt17__AUDIO_dev_dia73_utt0.mp4,data\raw\MELD\MELD-RAW\MELD.Raw\test\output_repeated_splits_test\dia173_utt17.mp4,data\raw\MELD\MELD-RAW\MELD.Raw\dev\dev_splits_complete\dia73_utt0.mp4,neutral,anger,Monica,Ross,test,1,musetalk_cross_speaker,FAKE_T4_test_dia173_utt17__AUDIO_dev_dia73_utt0,,,,,,,yes
data\synthetic\track4_fakes\videos\FAKE_T4_test_dia175_utt12__AUDIO_train_dia481_utt2.mp4,data\raw\MELD\MELD-RAW\MELD.Raw\test\output_repeated_splits_test\dia175_utt12.mp4,data\raw\MELD\MELD-RAW\MELD.Raw\train\train_splits\dia481_utt2.mp4,anger,joy,Rachel,Rachel,test,1,musetalk_cross_speaker,FAKE_T4_test_dia175_utt12__AUDIO_train_dia481_utt2,,,,,,,yes
data\synthetic\track4_fakes\videos\FAKE_T4_test_dia175_utt18__AUDIO_train_dia652_utt13.mp4,data\raw\MELD\MELD-RAW\MELD.Raw\test\output_repeated_splits_test\dia175_utt18.mp4,data\raw\MELD\MELD-RAW\MELD.Raw\train\train_splits\dia652_utt13.mp4,disgust,neutral,Rachel,Phoebe,test,1,musetalk_cross_speaker,FAKE_T4_test_dia175_utt18__AUDIO_train_dia652_utt13,,,,,,,yes
data\synthetic\track4_fakes\videos\FAKE_T4_test_dia175_utt22__AUDIO_train_dia474_utt1.mp4,data\raw\MELD\MELD-RAW\MELD.Raw\test\output_repeated_splits_test\dia175_utt22.mp4,data\raw\MELD\MELD-RAW\MELD.Raw\train\train_splits\dia474_utt1.mp4,joy,sadness,Rachel,Rachel,test,1,musetalk_cross_speaker,FAKE_T4_test_dia175_utt22__AUDIO_train_dia474_utt1,,,,,,,yes
data\synthetic\track4_fakes\videos\FAKE_T4_test_dia181_utt0__AUDIO_train_dia233_utt0_musetalk.mp4,,,neutral,joy,Joey,Ross,,1,musetalk_emotion_mismatch,FAKE_T4_test_dia181_utt0__AUDIO_train_dia233_utt0,done,1.4,test_dia181_utt0,train_dia233_utt0,2026-05-30T05:25:35.709196,191.6,yes
data\synthetic\track4_fakes\videos\FAKE_T4_test_dia184_utt0__AUDIO_train_dia737_utt7.mp4,data\raw\MELD\MELD-RAW\MELD.Raw\test\output_repeated_splits_test\dia184_utt0.mp4,data\raw\MELD\MELD-RAW\MELD.Raw\train\train_splits\dia737_utt7.mp4,sadness,neutral,Phoebe,Chandler,test,1,musetalk_cross_speaker,FAKE_T4_test_dia184_utt0__AUDIO_train_dia737_utt7,,,,,,,yes
data\synthetic\track4_fakes\videos\FAKE_T4_test_dia189_utt6__AUDIO_train_dia32_utt14.mp4,data\raw\MELD\MELD-RAW\MELD.Raw\test\output_repeated_splits_test\dia189_utt6.mp4,data\raw\MELD\MELD-RAW\MELD.Raw\train\train_splits\dia32_utt14.mp4,neutral,anger,Chandler,Ross,test,1,musetalk_cross_speaker,FAKE_T4_test_dia189_utt6__AUDIO_train_dia32_utt14,,,,,,,yes
data\synthetic\track4_fakes\videos\FAKE_T4_test_dia191_utt5__AUDIO_test_dia1_utt5.mp4,data\raw\MELD\MELD-RAW\MELD.Raw\test\output_repeated_splits_test\dia191_utt5.mp4,data\raw\MELD\MELD-RAW\MELD.Raw\test\output_repeated_splits_test\dia1_utt5.mp4,neutral,joy,Gunther,Joey,test,1,musetalk_cross_speaker,FAKE_T4_test_dia191_utt5__AUDIO_test_dia1_utt5,,,,,,,yes
data\synthetic\track4_fakes\videos\FAKE_T4_test_dia193_utt4__AUDIO_train_dia909_utt0_musetalk.mp4,,,neutral,joy,Ross,Phoebe,,1,musetalk_emotion_mismatch,FAKE_T4_test_dia193_utt4__AUDIO_train_dia909_utt0,done,0.8,test_dia193_utt4,train_dia909_utt0,2026-05-30T04:49:36.616823,158.1,yes
data\synthetic\track4_fakes\videos\FAKE_T4_test_dia194_utt2__AUDIO_train_dia1029_utt14.mp4,data\raw\MELD\MELD-RAW\MELD.Raw\test\output_repeated_splits_test\dia194_utt2.mp4,data\raw\MELD\MELD-RAW\MELD.Raw\train\train_splits\dia1029_utt14.mp4,neutral,joy,Ross,Rachel,test,1,musetalk_cross_speaker,FAKE_T4_test_dia194_utt2__AUDIO_train_dia1029_utt14,,,,,,,yes
data\synthetic\track4_fakes\videos\FAKE_T4_test_dia195_utt7__AUDIO_train_dia337_utt1.mp4,data\raw\MELD\MELD-RAW\MELD.Raw\test\output_repeated_splits_test\dia195_utt7.mp4,data\raw\MELD\MELD-RAW\MELD.Raw\train\train_splits\dia337_utt1.mp4,joy,neutral,Monica,Chandler,test,1,musetalk_cross_speaker,FAKE_T4_test_dia195_utt7__AUDIO_train_dia337_utt1,,,,,,,yes
data\synthetic\track4_fakes\videos\FAKE_T4_test_dia199_utt2__AUDIO_test_dia175_utt18.mp4,data\raw\MELD\MELD-RAW\MELD.Raw\test\output_repeated_splits_test\dia199_utt2.mp4,data\raw\MELD\MELD-RAW\MELD.Raw\test\output_repeated_splits_test\dia175_utt18.mp4,neutral,disgust,Rachel,Rachel,test,1,musetalk_cross_speaker,FAKE_T4_test_dia199_utt2__AUDIO_test_dia175_utt18,,,,,,,yes
data\synthetic\track4_fakes\videos\FAKE_T4_test_dia1_utt5__AUDIO_train_dia753_utt1.mp4,data\raw\MELD\MELD-RAW\MELD.Raw\test\output_repeated_splits_test\dia1_utt5.mp4,data\raw\MELD\MELD-RAW\MELD.Raw\train\train_splits\dia753_utt1.mp4,joy,neutral,Joey,Rachel,test,1,musetalk_cross_speaker,FAKE_T4_test_dia1_utt5__AUDIO_train_dia753_utt1,,,,,,,yes
data\synthetic\track4_fakes\videos\FAKE_T4_test_dia201_utt8__AUDIO_train_dia353_utt0.mp4,data\raw\MELD\MELD-RAW\MELD.Raw\test\output_repeated_splits_test\dia201_utt8.mp4,data\raw\MELD\MELD-RAW\MELD.Raw\train\train_splits\dia353_utt0.mp4,anger,neutral,Joey,Joey,test,1,musetalk_cross_speaker,FAKE_T4_test_dia201_utt8__AUDIO_train_dia353_utt0,,,,,,,yes
data\synthetic\track4_fakes\videos\FAKE_T4_test_dia204_utt0__AUDIO_train_dia623_utt9.mp4,data\raw\MELD\MELD-RAW\MELD.Raw\test\output_repeated_splits_test\dia204_utt0.mp4,data\raw\MELD\MELD-RAW\MELD.Raw\train\train_splits\dia623_utt9.mp4,sadness,joy,Rachel,Ross,test,1,musetalk_cross_speaker,FAKE_T4_test_dia204_utt0__AUDIO_train_dia623_utt9,,,,,,,yes
data\synthetic\track4_fakes\videos\FAKE_T4_test_dia215_utt3__AUDIO_train_dia181_utt0.mp4,data\raw\MELD\MELD-RAW\MELD.Raw\test\output_repeated_splits_test\dia215_utt3.mp4,data\raw\MELD\MELD-RAW\MELD.Raw\train\train_splits\dia181_utt0.mp4,neutral,anger,David,Joey,test,1,musetalk_cross_speaker,FAKE_T4_test_dia215_utt3__AUDIO_train_dia181_utt0,,,,,,,yes
data\synthetic\track4_fakes\videos\FAKE_T4_test_dia215_utt6__AUDIO_dev_dia39_utt1.mp4,data\raw\MELD\MELD-RAW\MELD.Raw\test\output_repeated_splits_test\dia215_utt6.mp4,data\raw\MELD\MELD-RAW\MELD.Raw\dev\dev_splits_complete\dia39_utt1.mp4,sadness,joy,Phoebe,Monica,test,1,musetalk_cross_speaker,FAKE_T4_test_dia215_utt6__AUDIO_dev_dia39_utt1,,,,,,,yes
data\synthetic\track4_fakes\videos\FAKE_T4_test_dia21_utt1__AUDIO_train_dia214_utt2.mp4,data\raw\MELD\MELD-RAW\MELD.Raw\test\output_repeated_splits_test\dia21_utt1.mp4,data\raw\MELD\MELD-RAW\MELD.Raw\train\train_splits\dia214_utt2.mp4,neutral,sadness,Duncan,Phoebe,test,1,musetalk_cross_speaker,FAKE_T4_test_dia21_utt1__AUDIO_train_dia214_utt2,,,,,,,yes
data\synthetic\track4_fakes\videos\FAKE_T4_test_dia221_utt3__AUDIO_test_dia195_utt6.mp4,data\raw\MELD\MELD-RAW\MELD.Raw\test\output_repeated_splits_test\dia221_utt3.mp4,data\raw\MELD\MELD-RAW\MELD.Raw\test\output_repeated_splits_test\dia195_utt6.mp4,neutral,joy,Rachel,Monica,test,1,musetalk_cross_speaker,FAKE_T4_test_dia221_utt3__AUDIO_test_dia195_utt6,,,,,,,yes
data\synthetic\track4_fakes\videos\FAKE_T4_test_dia223_utt3__AUDIO_train_dia820_utt18.mp4,data\raw\MELD\MELD-RAW\MELD.Raw\test\output_repeated_splits_test\dia223_utt3.mp4,data\raw\MELD\MELD-RAW\MELD.Raw\train\train_splits\dia820_utt18.mp4,fear,neutral,Chandler,Joey,test,1,musetalk_cross_speaker,FAKE_T4_test_dia223_utt3__AUDIO_train_dia820_utt18,,,,,,,yes
data\synthetic\track4_fakes\videos\FAKE_T4_test_dia229_utt10__AUDIO_test_dia93_utt15_musetalk.mp4,,,joy,neutral,Joey,Wayne,,1,musetalk_emotion_mismatch,FAKE_T4_test_dia229_utt10__AUDIO_test_dia93_utt15,done,0.4,test_dia229_utt10,test_dia93_utt15,2026-05-30T06:04:37.587804,97.7,yes
data\synthetic\track4_fakes\videos\FAKE_T4_test_dia229_utt9__AUDIO_train_dia416_utt1.mp4,data\raw\MELD\MELD-RAW\MELD.Raw\test\output_repeated_splits_test\dia229_utt9.mp4,data\raw\MELD\MELD-RAW\MELD.Raw\train\train_splits\dia416_utt1.mp4,joy,neutral,Rachel,Phoebe,test,1,musetalk_cross_speaker,FAKE_T4_test_dia229_utt9__AUDIO_train_dia416_utt1,,,,,,,yes
data\synthetic\track4_fakes\videos\FAKE_T4_test_dia22_utt10__AUDIO_train_dia32_utt3.mp4,data\raw\MELD\MELD-RAW\MELD.Raw\test\output_repeated_splits_test\dia22_utt10.mp4,data\raw\MELD\MELD-RAW\MELD.Raw\train\train_splits\dia32_utt3.mp4,anger,neutral,Monica,Phoebe,test,1,musetalk_cross_speaker,FAKE_T4_test_dia22_utt10__AUDIO_train_dia32_utt3,,,,,,,yes
data\synthetic\track4_fakes\videos\FAKE_T4_test_dia232_utt8__AUDIO_train_dia674_utt2.mp4,data\raw\MELD\MELD-RAW\MELD.Raw\test\output_repeated_splits_test\dia232_utt8.mp4,data\raw\MELD\MELD-RAW\MELD.Raw\train\train_splits\dia674_utt2.mp4,joy,neutral,Chandler,Phoebe,test,1,musetalk_cross_speaker,FAKE_T4_test_dia232_utt8__AUDIO_train_dia674_utt2,,,,,,,yes
data\synthetic\track4_fakes\videos\FAKE_T4_test_dia234_utt4__AUDIO_train_dia375_utt1.mp4,data\raw\MELD\MELD-RAW\MELD.Raw\test\output_repeated_splits_test\dia234_utt4.mp4,data\raw\MELD\MELD-RAW\MELD.Raw\train\train_splits\dia375_utt1.mp4,anger,neutral,Tommy,Rachel,test,1,musetalk_cross_speaker,FAKE_T4_test_dia234_utt4__AUDIO_train_dia375_utt1,,,,,,,yes
data\synthetic\track4_fakes\videos\FAKE_T4_test_dia237_utt5__AUDIO_train_dia808_utt4.mp4,data\raw\MELD\MELD-RAW\MELD.Raw\test\output_repeated_splits_test\dia237_utt5.mp4,data\raw\MELD\MELD-RAW\MELD.Raw\train\train_splits\dia808_utt4.mp4,disgust,neutral,Chandler,Chandler,test,1,musetalk_cross_speaker,FAKE_T4_test_dia237_utt5__AUDIO_train_dia808_utt4,,,,,,,yes
data\synthetic\track4_fakes\videos\FAKE_T4_test_dia239_utt1__AUDIO_train_dia231_utt5.mp4,data\raw\MELD\MELD-RAW\MELD.Raw\test\output_repeated_splits_test\dia239_utt1.mp4,data\raw\MELD\MELD-RAW\MELD.Raw\train\train_splits\dia231_utt5.mp4,anger,neutral,Chandler,Rachel,test,1,musetalk_cross_speaker,FAKE_T4_test_dia239_utt1__AUDIO_train_dia231_utt5,,,,,,,yes
data\synthetic\track4_fakes\videos\FAKE_T4_test_dia23_utt2__AUDIO_dev_dia97_utt3.mp4,data\raw\MELD\MELD-RAW\MELD.Raw\test\output_repeated_splits_test\dia23_utt2.mp4,data\raw\MELD\MELD-RAW\MELD.Raw\dev\dev_splits_complete\dia97_utt3.mp4,neutral,joy,Rachel,Phoebe,test,1,musetalk_cross_speaker,FAKE_T4_test_dia23_utt2__AUDIO_dev_dia97_utt3,,,,,,,yes
data\synthetic\track4_fakes\videos\FAKE_T4_test_dia240_utt11__AUDIO_train_dia923_utt12.mp4,data\raw\MELD\MELD-RAW\MELD.Raw\test\output_repeated_splits_test\dia240_utt11.mp4,data\raw\MELD\MELD-RAW\MELD.Raw\train\train_splits\dia923_utt12.mp4,neutral,sadness,Joey,Janice,test,1,musetalk_cross_speaker,FAKE_T4_test_dia240_utt11__AUDIO_train_dia923_utt12,,,,,,,yes
data\synthetic\track4_fakes\videos\FAKE_T4_test_dia240_utt2__AUDIO_train_dia34_utt10.mp4,data\raw\MELD\MELD-RAW\MELD.Raw\test\output_repeated_splits_test\dia240_utt2.mp4,data\raw\MELD\MELD-RAW\MELD.Raw\train\train_splits\dia34_utt10.mp4,anger,neutral,Dina,Rachel,test,1,musetalk_cross_speaker,FAKE_T4_test_dia240_utt2__AUDIO_train_dia34_utt10,,,,,,,yes
data\synthetic\track4_fakes\videos\FAKE_T4_test_dia240_utt8__AUDIO_train_dia295_utt11.mp4,data\raw\MELD\MELD-RAW\MELD.Raw\test\output_repeated_splits_test\dia240_utt8.mp4,data\raw\MELD\MELD-RAW\MELD.Raw\train\train_splits\dia295_utt11.mp4,neutral,anger,Cecilia,Joey,test,1,musetalk_cross_speaker,FAKE_T4_test_dia240_utt8__AUDIO_train_dia295_utt11,,,,,,,yes
data\synthetic\track4_fakes\videos\FAKE_T4_test_dia240_utt9__AUDIO_test_dia128_utt5.mp4,data\raw\MELD\MELD-RAW\MELD.Raw\test\output_repeated_splits_test\dia240_utt9.mp4,data\raw\MELD\MELD-RAW\MELD.Raw\test\output_repeated_splits_test\dia128_utt5.mp4,joy,anger,Joey,Chandler,test,1,musetalk_cross_speaker,FAKE_T4_test_dia240_utt9__AUDIO_test_dia128_utt5,,,,,,,yes
data\synthetic\track4_fakes\videos\FAKE_T4_test_dia241_utt10__AUDIO_test_dia231_utt9.mp4,data\raw\MELD\MELD-RAW\MELD.Raw\test\output_repeated_splits_test\dia241_utt10.mp4,data\raw\MELD\MELD-RAW\MELD.Raw\test\output_repeated_splits_test\dia231_utt9.mp4,neutral,fear,Woman,Joey,test,1,musetalk_cross_speaker,FAKE_T4_test_dia241_utt10__AUDIO_test_dia231_utt9,,,,,,,yes
data\synthetic\track4_fakes\videos\FAKE_T4_test_dia243_utt5__AUDIO_train_dia935_utt4.mp4,data\raw\MELD\MELD-RAW\MELD.Raw\test\output_repeated_splits_test\dia243_utt5.mp4,data\raw\MELD\MELD-RAW\MELD.Raw\train\train_splits\dia935_utt4.mp4,neutral,sadness,Rachel,Monica,test,1,musetalk_cross_speaker,FAKE_T4_test_dia243_utt5__AUDIO_train_dia935_utt4,,,,,,,yes
data\synthetic\track4_fakes\videos\FAKE_T4_test_dia247_utt4__AUDIO_train_dia976_utt0.mp4,data\raw\MELD\MELD-RAW\MELD.Raw\test\output_repeated_splits_test\dia247_utt4.mp4,data\raw\MELD\MELD-RAW\MELD.Raw\train\train_splits\dia976_utt0.mp4,neutral,joy,Mr. Kaplan,Phoebe,test,1,musetalk_cross_speaker,FAKE_T4_test_dia247_utt4__AUDIO_train_dia976_utt0,,,,,,,yes
data\synthetic\track4_fakes\videos\FAKE_T4_test_dia251_utt1__AUDIO_train_dia768_utt1.mp4,data\raw\MELD\MELD-RAW\MELD.Raw\test\output_repeated_splits_test\dia251_utt1.mp4,data\raw\MELD\MELD-RAW\MELD.Raw\train\train_splits\dia768_utt1.mp4,neutral,sadness,Monica,Janice,test,1,musetalk_cross_speaker,FAKE_T4_test_dia251_utt1__AUDIO_train_dia768_utt1,,,,,,,yes
data\synthetic\track4_fakes\videos\FAKE_T4_test_dia252_utt16__AUDIO_train_dia652_utt5.mp4,data\raw\MELD\MELD-RAW\MELD.Raw\test\output_repeated_splits_test\dia252_utt16.mp4,data\raw\MELD\MELD-RAW\MELD.Raw\train\train_splits\dia652_utt5.mp4,neutral,joy,Joey,Chandler,test,1,musetalk_cross_speaker,FAKE_T4_test_dia252_utt16__AUDIO_train_dia652_utt5,,,,,,,yes
data\synthetic\track4_fakes\videos\FAKE_T4_test_dia253_utt2__AUDIO_test_dia153_utt11.mp4,data\raw\MELD\MELD-RAW\MELD.Raw\test\output_repeated_splits_test\dia253_utt2.mp4,data\raw\MELD\MELD-RAW\MELD.Raw\test\output_repeated_splits_test\dia153_utt11.mp4,sadness,fear,Drew,Chandler,test,1,musetalk_cross_speaker,FAKE_T4_test_dia253_utt2__AUDIO_test_dia153_utt11,,,,,,,yes
data\synthetic\track4_fakes\videos\FAKE_T4_test_dia253_utt4__AUDIO_train_dia837_utt1.mp4,data\raw\MELD\MELD-RAW\MELD.Raw\test\output_repeated_splits_test\dia253_utt4.mp4,data\raw\MELD\MELD-RAW\MELD.Raw\train\train_splits\dia837_utt1.mp4,neutral,joy,Mike,Phoebe,test,1,musetalk_cross_speaker,FAKE_T4_test_dia253_utt4__AUDIO_train_dia837_utt1,,,,,,,yes
data\synthetic\track4_fakes\videos\FAKE_T4_test_dia255_utt6__AUDIO_train_dia463_utt9.mp4,data\raw\MELD\MELD-RAW\MELD.Raw\test\output_repeated_splits_test\dia255_utt6.mp4,data\raw\MELD\MELD-RAW\MELD.Raw\train\train_splits\dia463_utt9.mp4,neutral,joy,Ross,Rachel,test,1,musetalk_cross_speaker,FAKE_T4_test_dia255_utt6__AUDIO_train_dia463_utt9,,,,,,,yes
data\synthetic\track4_fakes\videos\FAKE_T4_test_dia257_utt4__AUDIO_train_dia844_utt14.mp4,data\raw\MELD\MELD-RAW\MELD.Raw\test\output_repeated_splits_test\dia257_utt4.mp4,data\raw\MELD\MELD-RAW\MELD.Raw\train\train_splits\dia844_utt14.mp4,joy,neutral,Joey,Older Scientist,test,1,musetalk_cross_speaker,FAKE_T4_test_dia257_utt4__AUDIO_train_dia844_utt14,,,,,,,yes
data\synthetic\track4_fakes\videos\FAKE_T4_test_dia260_utt2__AUDIO_test_dia38_utt4_musetalk.mp4,,,neutral,joy,Rachel,Student,,1,musetalk_emotion_mismatch,FAKE_T4_test_dia260_utt2__AUDIO_test_dia38_utt4,done,1.2,test_dia260_utt2,test_dia38_utt4,2026-05-30T05:20:06.350695,159.5,yes
data\synthetic\track4_fakes\videos\FAKE_T4_test_dia262_utt15__AUDIO_test_dia188_utt4.mp4,data\raw\MELD\MELD-RAW\MELD.Raw\test\output_repeated_splits_test\dia262_utt15.mp4,data\raw\MELD\MELD-RAW\MELD.Raw\test\output_repeated_splits_test\dia188_utt4.mp4,joy,neutral,Pete,Joey,test,1,musetalk_cross_speaker,FAKE_T4_test_dia262_utt15__AUDIO_test_dia188_utt4,,,,,,,yes
data\synthetic\track4_fakes\videos\FAKE_T4_test_dia270_utt2__AUDIO_train_dia704_utt4.mp4,data\raw\MELD\MELD-RAW\MELD.Raw\test\output_repeated_splits_test\dia270_utt2.mp4,data\raw\MELD\MELD-RAW\MELD.Raw\train\train_splits\dia704_utt4.mp4,neutral,anger,Ross,Chandler,test,1,musetalk_cross_speaker,FAKE_T4_test_dia270_utt2__AUDIO_train_dia704_utt4,,,,,,,yes
data\synthetic\track4_fakes\videos\FAKE_T4_test_dia271_utt4__AUDIO_train_dia923_utt2.mp4,data\raw\MELD\MELD-RAW\MELD.Raw\test\output_repeated_splits_test\dia271_utt4.mp4,data\raw\MELD\MELD-RAW\MELD.Raw\train\train_splits\dia923_utt2.mp4,neutral,fear,Joey,Janice,test,1,musetalk_cross_speaker,FAKE_T4_test_dia271_utt4__AUDIO_train_dia923_utt2,,,,,,,yes
data\synthetic\track4_fakes\videos\FAKE_T4_test_dia278_utt4__AUDIO_dev_dia7_utt7.mp4,data\raw\MELD\MELD-RAW\MELD.Raw\test\output_repeated_splits_test\dia278_utt4.mp4,data\raw\MELD\MELD-RAW\MELD.Raw\dev\dev_splits_complete\dia7_utt7.mp4,neutral,anger,Chandler,Ross,test,1,musetalk_cross_speaker,FAKE_T4_test_dia278_utt4__AUDIO_dev_dia7_utt7,,,,,,,yes
data\synthetic\track4_fakes\videos\FAKE_T4_test_dia28_utt15__AUDIO_train_dia896_utt5.mp4,data\raw\MELD\MELD-RAW\MELD.Raw\test\output_repeated_splits_test\dia28_utt15.mp4,data\raw\MELD\MELD-RAW\MELD.Raw\train\train_splits\dia896_utt5.mp4,anger,neutral,Phoebe,Phoebe,test,1,musetalk_cross_speaker,FAKE_T4_test_dia28_utt15__AUDIO_train_dia896_utt5,,,,,,,yes
data\synthetic\track4_fakes\videos\FAKE_T4_test_dia32_utt1__AUDIO_train_dia100_utt5.mp4,data\raw\MELD\MELD-RAW\MELD.Raw\test\output_repeated_splits_test\dia32_utt1.mp4,data\raw\MELD\MELD-RAW\MELD.Raw\train\train_splits\dia100_utt5.mp4,joy,neutral,Phoebe Sr,Ross,test,1,musetalk_cross_speaker,FAKE_T4_test_dia32_utt1__AUDIO_train_dia100_utt5,,,,,,,yes
data\synthetic\track4_fakes\videos\FAKE_T4_test_dia32_utt6__AUDIO_test_dia156_utt11.mp4,data\raw\MELD\MELD-RAW\MELD.Raw\test\output_repeated_splits_test\dia32_utt6.mp4,data\raw\MELD\MELD-RAW\MELD.Raw\test\output_repeated_splits_test\dia156_utt11.mp4,neutral,joy,Phoebe,Doug,test,1,musetalk_cross_speaker,FAKE_T4_test_dia32_utt6__AUDIO_test_dia156_utt11,,,,,,,yes
data\synthetic\track4_fakes\videos\FAKE_T4_test_dia33_utt1__AUDIO_train_dia520_utt1.mp4,data\raw\MELD\MELD-RAW\MELD.Raw\test\output_repeated_splits_test\dia33_utt1.mp4,data\raw\MELD\MELD-RAW\MELD.Raw\train\train_splits\dia520_utt1.mp4,anger,neutral,Phoebe,Phoebe,test,1,musetalk_cross_speaker,FAKE_T4_test_dia33_utt1__AUDIO_train_dia520_utt1,,,,,,,yes
data\synthetic\track4_fakes\videos\FAKE_T4_test_dia3_utt2__AUDIO_train_dia610_utt1.mp4,data\raw\MELD\MELD-RAW\MELD.Raw\test\output_repeated_splits_test\dia3_utt2.mp4,data\raw\MELD\MELD-RAW\MELD.Raw\train\train_splits\dia610_utt1.mp4,neutral,joy,Steve,Ross,test,1,musetalk_cross_speaker,FAKE_T4_test_dia3_utt2__AUDIO_train_dia610_utt1,,,,,,,yes
data\synthetic\track4_fakes\videos\FAKE_T4_test_dia43_utt4__AUDIO_train_dia245_utt3.mp4,data\raw\MELD\MELD-RAW\MELD.Raw\test\output_repeated_splits_test\dia43_utt4.mp4,data\raw\MELD\MELD-RAW\MELD.Raw\train\train_splits\dia245_utt3.mp4,neutral,joy,Monica,Phoebe,test,1,musetalk_cross_speaker,FAKE_T4_test_dia43_utt4__AUDIO_train_dia245_utt3,,,,,,,yes
data\synthetic\track4_fakes\videos\FAKE_T4_test_dia44_utt0__AUDIO_train_dia275_utt1_musetalk.mp4,,,neutral,anger,Chandler,Joey,,1,musetalk_emotion_mismatch,FAKE_T4_test_dia44_utt0__AUDIO_train_dia275_utt1,done,0.6,test_dia44_utt0,train_dia275_utt1,2026-05-30T04:39:09.219170,112.1,yes
data\synthetic\track4_fakes\videos\FAKE_T4_test_dia46_utt5__AUDIO_train_dia226_utt2.mp4,data\raw\MELD\MELD-RAW\MELD.Raw\test\output_repeated_splits_test\dia46_utt5.mp4,data\raw\MELD\MELD-RAW\MELD.Raw\train\train_splits\dia226_utt2.mp4,joy,neutral,Leslie,Rachel,test,1,musetalk_cross_speaker,FAKE_T4_test_dia46_utt5__AUDIO_train_dia226_utt2,,,,,,,yes
data\synthetic\track4_fakes\videos\FAKE_T4_test_dia46_utt8__AUDIO_train_dia244_utt1.mp4,data\raw\MELD\MELD-RAW\MELD.Raw\test\output_repeated_splits_test\dia46_utt8.mp4,data\raw\MELD\MELD-RAW\MELD.Raw\train\train_splits\dia244_utt1.mp4,joy,neutral,Phoebe and Leslie,Ross,test,1,musetalk_cross_speaker,FAKE_T4_test_dia46_utt8__AUDIO_train_dia244_utt1,,,,,,,yes
data\synthetic\track4_fakes\videos\FAKE_T4_test_dia47_utt11__AUDIO_train_dia649_utt19.mp4,data\raw\MELD\MELD-RAW\MELD.Raw\test\output_repeated_splits_test\dia47_utt11.mp4,data\raw\MELD\MELD-RAW\MELD.Raw\train\train_splits\dia649_utt19.mp4,neutral,joy,Monica,Joey,test,1,musetalk_cross_speaker,FAKE_T4_test_dia47_utt11__AUDIO_train_dia649_utt19,,,,,,,yes
data\synthetic\track4_fakes\videos\FAKE_T4_test_dia48_utt0__AUDIO_dev_dia92_utt1.mp4,data\raw\MELD\MELD-RAW\MELD.Raw\test\output_repeated_splits_test\dia48_utt0.mp4,data\raw\MELD\MELD-RAW\MELD.Raw\dev\dev_splits_complete\dia92_utt1.mp4,neutral,disgust,Monica,Ross,test,1,musetalk_cross_speaker,FAKE_T4_test_dia48_utt0__AUDIO_dev_dia92_utt1,,,,,,,yes
data\synthetic\track4_fakes\videos\FAKE_T4_test_dia48_utt1__AUDIO_train_dia154_utt4.mp4,data\raw\MELD\MELD-RAW\MELD.Raw\test\output_repeated_splits_test\dia48_utt1.mp4,data\raw\MELD\MELD-RAW\MELD.Raw\train\train_splits\dia154_utt4.mp4,neutral,anger,Phoebe,Ross,test,1,musetalk_cross_speaker,FAKE_T4_test_dia48_utt1__AUDIO_train_dia154_utt4,,,,,,,yes
data\synthetic\track4_fakes\videos\FAKE_T4_test_dia49_utt16__AUDIO_train_dia918_utt10.mp4,data\raw\MELD\MELD-RAW\MELD.Raw\test\output_repeated_splits_test\dia49_utt16.mp4,data\raw\MELD\MELD-RAW\MELD.Raw\train\train_splits\dia918_utt10.mp4,neutral,anger,Monica,Phoebe,test,1,musetalk_cross_speaker,FAKE_T4_test_dia49_utt16__AUDIO_train_dia918_utt10,,,,,,,yes
data\synthetic\track4_fakes\videos\FAKE_T4_test_dia49_utt9__AUDIO_test_dia278_utt7.mp4,data\raw\MELD\MELD-RAW\MELD.Raw\test\output_repeated_splits_test\dia49_utt9.mp4,data\raw\MELD\MELD-RAW\MELD.Raw\test\output_repeated_splits_test\dia278_utt7.mp4,joy,neutral,Chandler,Phoebe,test,1,musetalk_cross_speaker,FAKE_T4_test_dia49_utt9__AUDIO_test_dia278_utt7,,,,,,,yes
data\synthetic\track4_fakes\videos\FAKE_T4_test_dia52_utt1__AUDIO_dev_dia89_utt8.mp4,data\raw\MELD\MELD-RAW\MELD.Raw\test\output_repeated_splits_test\dia52_utt1.mp4,data\raw\MELD\MELD-RAW\MELD.Raw\dev\dev_splits_complete\dia89_utt8.mp4,disgust,joy,Joey,Ross,test,1,musetalk_cross_speaker,FAKE_T4_test_dia52_utt1__AUDIO_dev_dia89_utt8,,,,,,,yes
data\synthetic\track4_fakes\videos\FAKE_T4_test_dia53_utt0__AUDIO_test_dia103_utt0.mp4,data\raw\MELD\MELD-RAW\MELD.Raw\test\output_repeated_splits_test\dia53_utt0.mp4,data\raw\MELD\MELD-RAW\MELD.Raw\test\output_repeated_splits_test\dia103_utt0.mp4,neutral,joy,Monica,Ross,test,1,musetalk_cross_speaker,FAKE_T4_test_dia53_utt0__AUDIO_test_dia103_utt0,,,,,,,yes
data\synthetic\track4_fakes\videos\FAKE_T4_test_dia56_utt10__AUDIO_train_dia541_utt7.mp4,data\raw\MELD\MELD-RAW\MELD.Raw\test\output_repeated_splits_test\dia56_utt10.mp4,data\raw\MELD\MELD-RAW\MELD.Raw\train\train_splits\dia541_utt7.mp4,neutral,joy,Rachel,Ross,test,1,musetalk_cross_speaker,FAKE_T4_test_dia56_utt10__AUDIO_train_dia541_utt7,,,,,,,yes
data\synthetic\track4_fakes\videos\FAKE_T4_test_dia56_utt3__AUDIO_test_dia253_utt2.mp4,data\raw\MELD\MELD-RAW\MELD.Raw\test\output_repeated_splits_test\dia56_utt3.mp4,data\raw\MELD\MELD-RAW\MELD.Raw\test\output_repeated_splits_test\dia253_utt2.mp4,neutral,sadness,Ross,Drew,test,1,musetalk_cross_speaker,FAKE_T4_test_dia56_utt3__AUDIO_test_dia253_utt2,,,,,,,yes
data\synthetic\track4_fakes\videos\FAKE_T4_test_dia59_utt2__AUDIO_test_dia240_utt8.mp4,data\raw\MELD\MELD-RAW\MELD.Raw\test\output_repeated_splits_test\dia59_utt2.mp4,data\raw\MELD\MELD-RAW\MELD.Raw\test\output_repeated_splits_test\dia240_utt8.mp4,anger,neutral,Rachel,Cecilia,test,1,musetalk_cross_speaker,FAKE_T4_test_dia59_utt2__AUDIO_test_dia240_utt8,,,,,,,yes
data\synthetic\track4_fakes\videos\FAKE_T4_test_dia67_utt3__AUDIO_train_dia896_utt5.mp4,data\raw\MELD\MELD-RAW\MELD.Raw\test\output_repeated_splits_test\dia67_utt3.mp4,data\raw\MELD\MELD-RAW\MELD.Raw\train\train_splits\dia896_utt5.mp4,joy,neutral,Phoebe,Phoebe,test,1,musetalk_cross_speaker,FAKE_T4_test_dia67_utt3__AUDIO_train_dia896_utt5,,,,,,,yes
data\synthetic\track4_fakes\videos\FAKE_T4_test_dia68_utt3__AUDIO_train_dia572_utt12.mp4,data\raw\MELD\MELD-RAW\MELD.Raw\test\output_repeated_splits_test\dia68_utt3.mp4,data\raw\MELD\MELD-RAW\MELD.Raw\train\train_splits\dia572_utt12.mp4,sadness,anger,Rachel,Evil Bitch,test,1,musetalk_cross_speaker,FAKE_T4_test_dia68_utt3__AUDIO_train_dia572_utt12,,,,,,,yes
data\synthetic\track4_fakes\videos\FAKE_T4_test_dia70_utt3__AUDIO_test_dia114_utt5.mp4,data\raw\MELD\MELD-RAW\MELD.Raw\test\output_repeated_splits_test\dia70_utt3.mp4,data\raw\MELD\MELD-RAW\MELD.Raw\test\output_repeated_splits_test\dia114_utt5.mp4,neutral,joy,Molly,Joey,test,1,musetalk_cross_speaker,FAKE_T4_test_dia70_utt3__AUDIO_test_dia114_utt5,,,,,,,yes
data\synthetic\track4_fakes\videos\FAKE_T4_test_dia70_utt5__AUDIO_train_dia334_utt0.mp4,data\raw\MELD\MELD-RAW\MELD.Raw\test\output_repeated_splits_test\dia70_utt5.mp4,data\raw\MELD\MELD-RAW\MELD.Raw\train\train_splits\dia334_utt0.mp4,neutral,joy,Ross,Joey,test,1,musetalk_cross_speaker,FAKE_T4_test_dia70_utt5__AUDIO_train_dia334_utt0,,,,,,,yes
data\synthetic\track4_fakes\videos\FAKE_T4_test_dia71_utt13__AUDIO_test_dia73_utt10.mp4,data\raw\MELD\MELD-RAW\MELD.Raw\test\output_repeated_splits_test\dia71_utt13.mp4,data\raw\MELD\MELD-RAW\MELD.Raw\test\output_repeated_splits_test\dia73_utt10.mp4,fear,anger,Joey,Ross,test,1,musetalk_cross_speaker,FAKE_T4_test_dia71_utt13__AUDIO_test_dia73_utt10,,,,,,,yes
data\synthetic\track4_fakes\videos\FAKE_T4_test_dia72_utt12__AUDIO_train_dia445_utt20.mp4,data\raw\MELD\MELD-RAW\MELD.Raw\test\output_repeated_splits_test\dia72_utt12.mp4,data\raw\MELD\MELD-RAW\MELD.Raw\train\train_splits\dia445_utt20.mp4,neutral,sadness,Ross,Rachel,test,1,musetalk_cross_speaker,FAKE_T4_test_dia72_utt12__AUDIO_train_dia445_utt20,,,,,,,yes
data\synthetic\track4_fakes\videos\FAKE_T4_test_dia72_utt2__AUDIO_train_dia554_utt8.mp4,data\raw\MELD\MELD-RAW\MELD.Raw\test\output_repeated_splits_test\dia72_utt2.mp4,data\raw\MELD\MELD-RAW\MELD.Raw\train\train_splits\dia554_utt8.mp4,anger,neutral,Rachel,Rachel,test,1,musetalk_cross_speaker,FAKE_T4_test_dia72_utt2__AUDIO_train_dia554_utt8,,,,,,,yes
data\synthetic\track4_fakes\videos\FAKE_T4_test_dia76_utt17__AUDIO_train_dia948_utt9_musetalk.mp4,,,neutral,joy,Rachel,Phoebe,,1,musetalk_emotion_mismatch,FAKE_T4_test_dia76_utt17__AUDIO_train_dia948_utt9,done,0.7,test_dia76_utt17,train_dia948_utt9,2026-05-30T05:08:40.272558,116.4,yes
data\synthetic\track4_fakes\videos\FAKE_T4_test_dia78_utt9__AUDIO_train_dia780_utt4.mp4,data\raw\MELD\MELD-RAW\MELD.Raw\test\output_repeated_splits_test\dia78_utt9.mp4,data\raw\MELD\MELD-RAW\MELD.Raw\train\train_splits\dia780_utt4.mp4,joy,sadness,Phoebe,Guy,test,1,musetalk_cross_speaker,FAKE_T4_test_dia78_utt9__AUDIO_train_dia780_utt4,,,,,,,yes
data\synthetic\track4_fakes\videos\FAKE_T4_test_dia7_utt3__AUDIO_train_dia54_utt3.mp4,data\raw\MELD\MELD-RAW\MELD.Raw\test\output_repeated_splits_test\dia7_utt3.mp4,data\raw\MELD\MELD-RAW\MELD.Raw\train\train_splits\dia54_utt3.mp4,neutral,fear,Chandler,Dina,test,1,musetalk_cross_speaker,FAKE_T4_test_dia7_utt3__AUDIO_train_dia54_utt3,,,,,,,yes
data\synthetic\track4_fakes\videos\FAKE_T4_test_dia85_utt1__AUDIO_train_dia383_utt1_musetalk.mp4,,,neutral,disgust,Chandler,Joey,,1,musetalk_emotion_mismatch,FAKE_T4_test_dia85_utt1__AUDIO_train_dia383_utt1,done,0.5,test_dia85_utt1,train_dia383_utt1,2026-05-30T05:06:43.815342,107.1,yes
data\synthetic\track4_fakes\videos\FAKE_T4_test_dia86_utt4__AUDIO_train_dia911_utt1.mp4,data\raw\MELD\MELD-RAW\MELD.Raw\test\output_repeated_splits_test\dia86_utt4.mp4,data\raw\MELD\MELD-RAW\MELD.Raw\train\train_splits\dia911_utt1.mp4,neutral,fear,Rachel,Monica,test,1,musetalk_cross_speaker,FAKE_T4_test_dia86_utt4__AUDIO_train_dia911_utt1,,,,,,,yes
data\synthetic\track4_fakes\videos\FAKE_T4_test_dia90_utt1__AUDIO_train_dia240_utt0.mp4,data\raw\MELD\MELD-RAW\MELD.Raw\test\output_repeated_splits_test\dia90_utt1.mp4,data\raw\MELD\MELD-RAW\MELD.Raw\train\train_splits\dia240_utt0.mp4,anger,neutral,Ross,Monica,test,1,musetalk_cross_speaker,FAKE_T4_test_dia90_utt1__AUDIO_train_dia240_utt0,,,,,,,yes
data\synthetic\track4_fakes\videos\FAKE_T4_test_dia93_utt13__AUDIO_dev_dia18_utt8.mp4,data\raw\MELD\MELD-RAW\MELD.Raw\test\output_repeated_splits_test\dia93_utt13.mp4,data\raw\MELD\MELD-RAW\MELD.Raw\dev\dev_splits_complete\dia18_utt8.mp4,neutral,fear,Chandler,Monica,test,1,musetalk_cross_speaker,FAKE_T4_test_dia93_utt13__AUDIO_dev_dia18_utt8,,,,,,,yes
data\synthetic\track4_fakes\videos\FAKE_T4_test_dia93_utt15__AUDIO_train_dia175_utt2.mp4,data\raw\MELD\MELD-RAW\MELD.Raw\test\output_repeated_splits_test\dia93_utt15.mp4,data\raw\MELD\MELD-RAW\MELD.Raw\train\train_splits\dia175_utt2.mp4,neutral,joy,Wayne,Rachel,test,1,musetalk_cross_speaker,FAKE_T4_test_dia93_utt15__AUDIO_train_dia175_utt2,,,,,,,yes
data\synthetic\track4_fakes\videos\FAKE_T4_test_dia93_utt4__AUDIO_train_dia317_utt3.mp4,data\raw\MELD\MELD-RAW\MELD.Raw\test\output_repeated_splits_test\dia93_utt4.mp4,data\raw\MELD\MELD-RAW\MELD.Raw\train\train_splits\dia317_utt3.mp4,neutral,anger,Joey,Rachel,test,1,musetalk_cross_speaker,FAKE_T4_test_dia93_utt4__AUDIO_train_dia317_utt3,,,,,,,yes
data\synthetic\track4_fakes\videos\FAKE_T4_test_dia93_utt8__AUDIO_train_dia935_utt9.mp4,data\raw\MELD\MELD-RAW\MELD.Raw\test\output_repeated_splits_test\dia93_utt8.mp4,data\raw\MELD\MELD-RAW\MELD.Raw\train\train_splits\dia935_utt9.mp4,neutral,joy,Joey,Monica,test,1,musetalk_cross_speaker,FAKE_T4_test_dia93_utt8__AUDIO_train_dia935_utt9,,,,,,,yes
data\synthetic\track4_fakes\videos\FAKE_T4_test_dia9_utt6__AUDIO_train_dia682_utt8.mp4,data\raw\MELD\MELD-RAW\MELD.Raw\test\output_repeated_splits_test\dia9_utt6.mp4,data\raw\MELD\MELD-RAW\MELD.Raw\train\train_splits\dia682_utt8.mp4,neutral,joy,Fireman #1,Phoebe,test,1,musetalk_cross_speaker,FAKE_T4_test_dia9_utt6__AUDIO_train_dia682_utt8,,,,,,,yes
data\synthetic\track4_fakes\videos\FAKE_T4_test_dia9_utt8__AUDIO_train_dia317_utt7.mp4,data\raw\MELD\MELD-RAW\MELD.Raw\test\output_repeated_splits_test\dia9_utt8.mp4,data\raw\MELD\MELD-RAW\MELD.Raw\train\train_splits\dia317_utt7.mp4,sadness,joy,Joey,Phoebe,test,1,musetalk_cross_speaker,FAKE_T4_test_dia9_utt8__AUDIO_train_dia317_utt7,,,,,,,yes
data\synthetic\track4_fakes\videos\FAKE_T4_train_dia1005_utt13__AUDIO_train_dia338_utt11.mp4,data\raw\MELD\MELD-RAW\MELD.Raw\train\train_splits\dia1005_utt13.mp4,data\raw\MELD\MELD-RAW\MELD.Raw\train\train_splits\dia338_utt11.mp4,disgust,neutral,Larry,Rachel,train,1,musetalk_cross_speaker,FAKE_T4_train_dia1005_utt13__AUDIO_train_dia338_utt11,,,,,,,yes
data\synthetic\track4_fakes\videos\FAKE_T4_train_dia100_utt5__AUDIO_train_dia342_utt10.mp4,data\raw\MELD\MELD-RAW\MELD.Raw\train\train_splits\dia100_utt5.mp4,data\raw\MELD\MELD-RAW\MELD.Raw\train\train_splits\dia342_utt10.mp4,neutral,anger,Ross,Chandler,train,1,musetalk_cross_speaker,FAKE_T4_train_dia100_utt5__AUDIO_train_dia342_utt10,,,,,,,yes
data\synthetic\track4_fakes\videos\FAKE_T4_train_dia1010_utt11__AUDIO_train_dia839_utt2.mp4,data\raw\MELD\MELD-RAW\MELD.Raw\train\train_splits\dia1010_utt11.mp4,data\raw\MELD\MELD-RAW\MELD.Raw\train\train_splits\dia839_utt2.mp4,joy,neutral,Ross,Phoebe,train,1,musetalk_cross_speaker,FAKE_T4_train_dia1010_utt11__AUDIO_train_dia839_utt2,,,,,,,yes
data\synthetic\track4_fakes\videos\FAKE_T4_train_dia1015_utt1__AUDIO_train_dia15_utt21.mp4,data\raw\MELD\MELD-RAW\MELD.Raw\train\train_splits\dia1015_utt1.mp4,data\raw\MELD\MELD-RAW\MELD.Raw\train\train_splits\dia15_utt21.mp4,neutral,joy,Santos,Ross,train,1,musetalk_cross_speaker,FAKE_T4_train_dia1015_utt1__AUDIO_train_dia15_utt21,,,,,,,yes
data\synthetic\track4_fakes\videos\FAKE_T4_train_dia1015_utt9__AUDIO_train_dia351_utt0.mp4,data\raw\MELD\MELD-RAW\MELD.Raw\train\train_splits\dia1015_utt9.mp4,data\raw\MELD\MELD-RAW\MELD.Raw\train\train_splits\dia351_utt0.mp4,neutral,anger,Chandler,Dr. Green,train,1,musetalk_cross_speaker,FAKE_T4_train_dia1015_utt9__AUDIO_train_dia351_utt0,,,,,,,yes
data\synthetic\track4_fakes\videos\FAKE_T4_train_dia1016_utt14__AUDIO_train_dia84_utt6.mp4,data\raw\MELD\MELD-RAW\MELD.Raw\train\train_splits\dia1016_utt14.mp4,data\raw\MELD\MELD-RAW\MELD.Raw\train\train_splits\dia84_utt6.mp4,anger,sadness,Ross,Rachel,train,1,musetalk_cross_speaker,FAKE_T4_train_dia1016_utt14__AUDIO_train_dia84_utt6,,,,,,,yes
data\synthetic\track4_fakes\videos\FAKE_T4_train_dia1016_utt2__AUDIO_train_dia393_utt2.mp4,data\raw\MELD\MELD-RAW\MELD.Raw\train\train_splits\dia1016_utt2.mp4,data\raw\MELD\MELD-RAW\MELD.Raw\train\train_splits\dia393_utt2.mp4,anger,neutral,Ross,Emily,train,1,musetalk_cross_speaker,FAKE_T4_train_dia1016_utt2__AUDIO_train_dia393_utt2,,,,,,,yes
data\synthetic\track4_fakes\videos\FAKE_T4_train_dia1016_utt6__AUDIO_test_dia16_utt9.mp4,data\raw\MELD\MELD-RAW\MELD.Raw\train\train_splits\dia1016_utt6.mp4,data\raw\MELD\MELD-RAW\MELD.Raw\test\output_repeated_splits_test\dia16_utt9.mp4,neutral,anger,Carol,Monica,train,1,musetalk_cross_speaker,FAKE_T4_train_dia1016_utt6__AUDIO_test_dia16_utt9,,,,,,,yes
data\synthetic\track4_fakes\videos\FAKE_T4_train_dia1017_utt5__AUDIO_dev_dia93_utt2.mp4,data\raw\MELD\MELD-RAW\MELD.Raw\train\train_splits\dia1017_utt5.mp4,data\raw\MELD\MELD-RAW\MELD.Raw\dev\dev_splits_complete\dia93_utt2.mp4,anger,neutral,Chandler,Ross,train,1,musetalk_cross_speaker,FAKE_T4_train_dia1017_utt5__AUDIO_dev_dia93_utt2,,,,,,,yes
data\synthetic\track4_fakes\videos\FAKE_T4_train_dia1019_utt11__AUDIO_train_dia793_utt4.mp4,data\raw\MELD\MELD-RAW\MELD.Raw\train\train_splits\dia1019_utt11.mp4,data\raw\MELD\MELD-RAW\MELD.Raw\train\train_splits\dia793_utt4.mp4,neutral,joy,Chandler,Chandler,train,1,musetalk_cross_speaker,FAKE_T4_train_dia1019_utt11__AUDIO_train_dia793_utt4,,,,,,,yes
data\synthetic\track4_fakes\videos\FAKE_T4_train_dia1021_utt2__AUDIO_train_dia571_utt10.mp4,data\raw\MELD\MELD-RAW\MELD.Raw\train\train_splits\dia1021_utt2.mp4,data\raw\MELD\MELD-RAW\MELD.Raw\train\train_splits\dia571_utt10.mp4,neutral,joy,Chandler,Phoebe,train,1,musetalk_cross_speaker,FAKE_T4_train_dia1021_utt2__AUDIO_train_dia571_utt10,,,,,,,yes
data\synthetic\track4_fakes\videos\FAKE_T4_train_dia1021_utt6__AUDIO_train_dia574_utt18.mp4,data\raw\MELD\MELD-RAW\MELD.Raw\train\train_splits\dia1021_utt6.mp4,data\raw\MELD\MELD-RAW\MELD.Raw\train\train_splits\dia574_utt18.mp4,neutral,disgust,Chandler,Joey,train,1,musetalk_cross_speaker,FAKE_T4_train_dia1021_utt6__AUDIO_train_dia574_utt18,,,,,,,yes
data\synthetic\track4_fakes\videos\FAKE_T4_train_dia1022_utt15__AUDIO_train_dia760_utt4.mp4,data\raw\MELD\MELD-RAW\MELD.Raw\train\train_splits\dia1022_utt15.mp4,data\raw\MELD\MELD-RAW\MELD.Raw\train\train_splits\dia760_utt4.mp4,neutral,anger,Rachel,Chandler,train,1,musetalk_cross_speaker,FAKE_T4_train_dia1022_utt15__AUDIO_train_dia760_utt4,,,,,,,yes
data\synthetic\track4_fakes\videos\FAKE_T4_train_dia1027_utt5__AUDIO_test_dia271_utt4.mp4,data\raw\MELD\MELD-RAW\MELD.Raw\train\train_splits\dia1027_utt5.mp4,data\raw\MELD\MELD-RAW\MELD.Raw\test\output_repeated_splits_test\dia271_utt4.mp4,anger,neutral,Phoebe,Joey,train,1,musetalk_cross_speaker,FAKE_T4_train_dia1027_utt5__AUDIO_test_dia271_utt4,,,,,,,yes
data\synthetic\track4_fakes\videos\FAKE_T4_train_dia1028_utt1__AUDIO_train_dia818_utt2.mp4,data\raw\MELD\MELD-RAW\MELD.Raw\train\train_splits\dia1028_utt1.mp4,data\raw\MELD\MELD-RAW\MELD.Raw\train\train_splits\dia818_utt2.mp4,neutral,joy,Melissa,Monica,train,1,musetalk_cross_speaker,FAKE_T4_train_dia1028_utt1__AUDIO_train_dia818_utt2,,,,,,,yes
data\synthetic\track4_fakes\videos\FAKE_T4_train_dia1029_utt0__AUDIO_train_dia184_utt6.mp4,data\raw\MELD\MELD-RAW\MELD.Raw\train\train_splits\dia1029_utt0.mp4,data\raw\MELD\MELD-RAW\MELD.Raw\train\train_splits\dia184_utt6.mp4,neutral,sadness,Ben,Rachel,train,1,musetalk_cross_speaker,FAKE_T4_train_dia1029_utt0__AUDIO_train_dia184_utt6,,,,,,,yes
data\synthetic\track4_fakes\videos\FAKE_T4_train_dia102_utt1__AUDIO_train_dia672_utt5_musetalk.mp4,,,neutral,joy,Dr. Johnson,Ross,,1,musetalk_emotion_mismatch,FAKE_T4_train_dia102_utt1__AUDIO_train_dia672_utt5,done,0.6,train_dia102_utt1,train_dia672_utt5,2026-05-30T04:35:46.998005,125.8,yes
data\synthetic\track4_fakes\videos\FAKE_T4_train_dia1032_utt1__AUDIO_train_dia571_utt13.mp4,data\raw\MELD\MELD-RAW\MELD.Raw\train\train_splits\dia1032_utt1.mp4,data\raw\MELD\MELD-RAW\MELD.Raw\train\train_splits\dia571_utt13.mp4,neutral,anger,Monica,Ross,train,1,musetalk_cross_speaker,FAKE_T4_train_dia1032_utt1__AUDIO_train_dia571_utt13,,,,,,,yes
data\synthetic\track4_fakes\videos\FAKE_T4_train_dia1033_utt2__AUDIO_train_dia639_utt10.mp4,data\raw\MELD\MELD-RAW\MELD.Raw\train\train_splits\dia1033_utt2.mp4,data\raw\MELD\MELD-RAW\MELD.Raw\train\train_splits\dia639_utt10.mp4,joy,neutral,Joey,Janitor,train,1,musetalk_cross_speaker,FAKE_T4_train_dia1033_utt2__AUDIO_train_dia639_utt10,,,,,,,yes
data\synthetic\track4_fakes\videos\FAKE_T4_train_dia1036_utt7__AUDIO_train_dia249_utt6.mp4,data\raw\MELD\MELD-RAW\MELD.Raw\train\train_splits\dia1036_utt7.mp4,data\raw\MELD\MELD-RAW\MELD.Raw\train\train_splits\dia249_utt6.mp4,neutral,sadness,Stanley,Monica,train,1,musetalk_cross_speaker,FAKE_T4_train_dia1036_utt7__AUDIO_train_dia249_utt6,,,,,,,yes
data\synthetic\track4_fakes\videos\FAKE_T4_train_dia103_utt1__AUDIO_train_dia841_utt16.mp4,data\raw\MELD\MELD-RAW\MELD.Raw\train\train_splits\dia103_utt1.mp4,data\raw\MELD\MELD-RAW\MELD.Raw\train\train_splits\dia841_utt16.mp4,neutral,anger,Ross,Monica,train,1,musetalk_cross_speaker,FAKE_T4_train_dia103_utt1__AUDIO_train_dia841_utt16,,,,,,,yes
data\synthetic\track4_fakes\videos\FAKE_T4_train_dia107_utt10__AUDIO_train_dia450_utt10.mp4,data\raw\MELD\MELD-RAW\MELD.Raw\train\train_splits\dia107_utt10.mp4,data\raw\MELD\MELD-RAW\MELD.Raw\train\train_splits\dia450_utt10.mp4,neutral,joy,Phoebe,Monica,train,1,musetalk_cross_speaker,FAKE_T4_train_dia107_utt10__AUDIO_train_dia450_utt10,,,,,,,yes
data\synthetic\track4_fakes\videos\FAKE_T4_train_dia108_utt0__AUDIO_train_dia868_utt0.mp4,data\raw\MELD\MELD-RAW\MELD.Raw\train\train_splits\dia108_utt0.mp4,data\raw\MELD\MELD-RAW\MELD.Raw\train\train_splits\dia868_utt0.mp4,neutral,anger,Chandler,Cecilia,train,1,musetalk_cross_speaker,FAKE_T4_train_dia108_utt0__AUDIO_train_dia868_utt0,,,,,,,yes
data\synthetic\track4_fakes\videos\FAKE_T4_train_dia109_utt5__AUDIO_test_dia231_utt9.mp4,data\raw\MELD\MELD-RAW\MELD.Raw\train\train_splits\dia109_utt5.mp4,data\raw\MELD\MELD-RAW\MELD.Raw\test\output_repeated_splits_test\dia231_utt9.mp4,joy,fear,Phoebe,Joey,train,1,musetalk_cross_speaker,FAKE_T4_train_dia109_utt5__AUDIO_test_dia231_utt9,,,,,,,yes
data\synthetic\track4_fakes\videos\FAKE_T4_train_dia112_utt4__AUDIO_train_dia281_utt4.mp4,data\raw\MELD\MELD-RAW\MELD.Raw\train\train_splits\dia112_utt4.mp4,data\raw\MELD\MELD-RAW\MELD.Raw\train\train_splits\dia281_utt4.mp4,disgust,neutral,Ross,Joey,train,1,musetalk_cross_speaker,FAKE_T4_train_dia112_utt4__AUDIO_train_dia281_utt4,,,,,,,yes
data\synthetic\track4_fakes\videos\FAKE_T4_train_dia114_utt3__AUDIO_train_dia170_utt3.mp4,data\raw\MELD\MELD-RAW\MELD.Raw\train\train_splits\dia114_utt3.mp4,data\raw\MELD\MELD-RAW\MELD.Raw\train\train_splits\dia170_utt3.mp4,joy,neutral,Joey,Joey,train,1,musetalk_cross_speaker,FAKE_T4_train_dia114_utt3__AUDIO_train_dia170_utt3,,,,,,,yes
data\synthetic\track4_fakes\videos\FAKE_T4_train_dia114_utt4__AUDIO_train_dia854_utt2.mp4,data\raw\MELD\MELD-RAW\MELD.Raw\train\train_splits\dia114_utt4.mp4,data\raw\MELD\MELD-RAW\MELD.Raw\train\train_splits\dia854_utt2.mp4,joy,anger,Joey,Dr. Green,train,1,musetalk_cross_speaker,FAKE_T4_train_dia114_utt4__AUDIO_train_dia854_utt2,,,,,,,yes
data\synthetic\track4_fakes\videos\FAKE_T4_train_dia116_utt4__AUDIO_train_dia1005_utt2.mp4,data\raw\MELD\MELD-RAW\MELD.Raw\train\train_splits\dia116_utt4.mp4,data\raw\MELD\MELD-RAW\MELD.Raw\train\train_splits\dia1005_utt2.mp4,neutral,joy,Sarah,Larry,train,1,musetalk_cross_speaker,FAKE_T4_train_dia116_utt4__AUDIO_train_dia1005_utt2,,,,,,,yes
data\synthetic\track4_fakes\videos\FAKE_T4_train_dia119_utt12__AUDIO_train_dia466_utt5.mp4,data\raw\MELD\MELD-RAW\MELD.Raw\train\train_splits\dia119_utt12.mp4,data\raw\MELD\MELD-RAW\MELD.Raw\train\train_splits\dia466_utt5.mp4,anger,neutral,Joey,Receptionist,train,1,musetalk_cross_speaker,FAKE_T4_train_dia119_utt12__AUDIO_train_dia466_utt5,,,,,,,yes
data\synthetic\track4_fakes\videos\FAKE_T4_train_dia119_utt7__AUDIO_train_dia201_utt4.mp4,data\raw\MELD\MELD-RAW\MELD.Raw\train\train_splits\dia119_utt7.mp4,data\raw\MELD\MELD-RAW\MELD.Raw\train\train_splits\dia201_utt4.mp4,neutral,sadness,Monica,Ross,train,1,musetalk_cross_speaker,FAKE_T4_train_dia119_utt7__AUDIO_train_dia201_utt4,,,,,,,yes
data\synthetic\track4_fakes\videos\FAKE_T4_train_dia121_utt4__AUDIO_dev_dia108_utt1.mp4,data\raw\MELD\MELD-RAW\MELD.Raw\train\train_splits\dia121_utt4.mp4,data\raw\MELD\MELD-RAW\MELD.Raw\dev\dev_splits_complete\dia108_utt1.mp4,disgust,fear,Chandler,Phoebe,train,1,musetalk_cross_speaker,FAKE_T4_train_dia121_utt4__AUDIO_dev_dia108_utt1,,,,,,,yes
data\synthetic\track4_fakes\videos\FAKE_T4_train_dia122_utt8__AUDIO_train_dia239_utt4.mp4,data\raw\MELD\MELD-RAW\MELD.Raw\train\train_splits\dia122_utt8.mp4,data\raw\MELD\MELD-RAW\MELD.Raw\train\train_splits\dia239_utt4.mp4,joy,neutral,Pete,Ross,train,1,musetalk_cross_speaker,FAKE_T4_train_dia122_utt8__AUDIO_train_dia239_utt4,,,,,,,yes
data\synthetic\track4_fakes\videos\FAKE_T4_train_dia126_utt1__AUDIO_train_dia479_utt7.mp4,data\raw\MELD\MELD-RAW\MELD.Raw\train\train_splits\dia126_utt1.mp4,data\raw\MELD\MELD-RAW\MELD.Raw\train\train_splits\dia479_utt7.mp4,anger,disgust,Rachel,Chandler,train,1,musetalk_cross_speaker,FAKE_T4_train_dia126_utt1__AUDIO_train_dia479_utt7,,,,,,,yes
data\synthetic\track4_fakes\videos\FAKE_T4_train_dia126_utt2__AUDIO_train_dia34_utt1.mp4,data\raw\MELD\MELD-RAW\MELD.Raw\train\train_splits\dia126_utt2.mp4,data\raw\MELD\MELD-RAW\MELD.Raw\train\train_splits\dia34_utt1.mp4,joy,neutral,The Singing Man,Rachel,train,1,musetalk_cross_speaker,FAKE_T4_train_dia126_utt2__AUDIO_train_dia34_utt1,,,,,,,yes
data\synthetic\track4_fakes\videos\FAKE_T4_train_dia12_utt2__AUDIO_train_dia1001_utt7.mp4,data\raw\MELD\MELD-RAW\MELD.Raw\train\train_splits\dia12_utt2.mp4,data\raw\MELD\MELD-RAW\MELD.Raw\train\train_splits\dia1001_utt7.mp4,disgust,joy,Chandler,Monica,train,1,musetalk_cross_speaker,FAKE_T4_train_dia12_utt2__AUDIO_train_dia1001_utt7,,,,,,,yes
data\synthetic\track4_fakes\videos\FAKE_T4_train_dia13_utt2__AUDIO_test_dia231_utt7.mp4,data\raw\MELD\MELD-RAW\MELD.Raw\train\train_splits\dia13_utt2.mp4,data\raw\MELD\MELD-RAW\MELD.Raw\test\output_repeated_splits_test\dia231_utt7.mp4,neutral,anger,Mona,Chandler,train,1,musetalk_cross_speaker,FAKE_T4_train_dia13_utt2__AUDIO_test_dia231_utt7,,,,,,,yes
data\synthetic\track4_fakes\videos\FAKE_T4_train_dia142_utt0__AUDIO_train_dia311_utt2.mp4,data\raw\MELD\MELD-RAW\MELD.Raw\train\train_splits\dia142_utt0.mp4,data\raw\MELD\MELD-RAW\MELD.Raw\train\train_splits\dia311_utt2.mp4,neutral,joy,Ross,Chandler,train,1,musetalk_cross_speaker,FAKE_T4_train_dia142_utt0__AUDIO_train_dia311_utt2,,,,,,,yes
data\synthetic\track4_fakes\videos\FAKE_T4_train_dia145_utt6__AUDIO_train_dia143_utt3.mp4,data\raw\MELD\MELD-RAW\MELD.Raw\train\train_splits\dia145_utt6.mp4,data\raw\MELD\MELD-RAW\MELD.Raw\train\train_splits\dia143_utt3.mp4,anger,joy,Chandler,Phoebe,train,1,musetalk_cross_speaker,FAKE_T4_train_dia145_utt6__AUDIO_train_dia143_utt3,,,,,,,yes
data\synthetic\track4_fakes\videos\FAKE_T4_train_dia148_utt6__AUDIO_train_dia805_utt2.mp4,data\raw\MELD\MELD-RAW\MELD.Raw\train\train_splits\dia148_utt6.mp4,data\raw\MELD\MELD-RAW\MELD.Raw\train\train_splits\dia805_utt2.mp4,disgust,neutral,Chandler,Ross,train,1,musetalk_cross_speaker,FAKE_T4_train_dia148_utt6__AUDIO_train_dia805_utt2,,,,,,,yes
data\synthetic\track4_fakes\videos\FAKE_T4_train_dia151_utt9__AUDIO_train_dia561_utt10.mp4,data\raw\MELD\MELD-RAW\MELD.Raw\train\train_splits\dia151_utt9.mp4,data\raw\MELD\MELD-RAW\MELD.Raw\train\train_splits\dia561_utt10.mp4,joy,neutral,Ross,Joey,train,1,musetalk_cross_speaker,FAKE_T4_train_dia151_utt9__AUDIO_train_dia561_utt10,,,,,,,yes
data\synthetic\track4_fakes\videos\FAKE_T4_train_dia153_utt7__AUDIO_train_dia1018_utt14.mp4,data\raw\MELD\MELD-RAW\MELD.Raw\train\train_splits\dia153_utt7.mp4,data\raw\MELD\MELD-RAW\MELD.Raw\train\train_splits\dia1018_utt14.mp4,neutral,anger,Phoebe,Phoebe,train,1,musetalk_cross_speaker,FAKE_T4_train_dia153_utt7__AUDIO_train_dia1018_utt14,,,,,,,yes
data\synthetic\track4_fakes\videos\FAKE_T4_train_dia154_utt4__AUDIO_train_dia843_utt13.mp4,data\raw\MELD\MELD-RAW\MELD.Raw\train\train_splits\dia154_utt4.mp4,data\raw\MELD\MELD-RAW\MELD.Raw\train\train_splits\dia843_utt13.mp4,anger,neutral,Ross,Rachel,train,1,musetalk_cross_speaker,FAKE_T4_train_dia154_utt4__AUDIO_train_dia843_utt13,,,,,,,yes
data\synthetic\track4_fakes\videos\FAKE_T4_train_dia155_utt7__AUDIO_test_dia72_utt6.mp4,data\raw\MELD\MELD-RAW\MELD.Raw\train\train_splits\dia155_utt7.mp4,data\raw\MELD\MELD-RAW\MELD.Raw\test\output_repeated_splits_test\dia72_utt6.mp4,joy,anger,Ross,Rachel,train,1,musetalk_cross_speaker,FAKE_T4_train_dia155_utt7__AUDIO_test_dia72_utt6,,,,,,,yes
data\synthetic\track4_fakes\videos\FAKE_T4_train_dia156_utt4__AUDIO_train_dia983_utt4.mp4,data\raw\MELD\MELD-RAW\MELD.Raw\train\train_splits\dia156_utt4.mp4,data\raw\MELD\MELD-RAW\MELD.Raw\train\train_splits\dia983_utt4.mp4,neutral,sadness,Phoebe,Rachel,train,1,musetalk_cross_speaker,FAKE_T4_train_dia156_utt4__AUDIO_train_dia983_utt4,,,,,,,yes
data\synthetic\track4_fakes\videos\FAKE_T4_train_dia159_utt3__AUDIO_train_dia41_utt6.mp4,data\raw\MELD\MELD-RAW\MELD.Raw\train\train_splits\dia159_utt3.mp4,data\raw\MELD\MELD-RAW\MELD.Raw\train\train_splits\dia41_utt6.mp4,joy,neutral,Joanna,Mr. Tribbiani,train,1,musetalk_cross_speaker,FAKE_T4_train_dia159_utt3__AUDIO_train_dia41_utt6,,,,,,,yes
data\synthetic\track4_fakes\videos\FAKE_T4_train_dia15_utt10__AUDIO_train_dia614_utt17.mp4,data\raw\MELD\MELD-RAW\MELD.Raw\train\train_splits\dia15_utt10.mp4,data\raw\MELD\MELD-RAW\MELD.Raw\train\train_splits\dia614_utt17.mp4,neutral,joy,Charlie,Kim,train,1,musetalk_cross_speaker,FAKE_T4_train_dia15_utt10__AUDIO_train_dia614_utt17,,,,,,,yes
data\synthetic\track4_fakes\videos\FAKE_T4_train_dia160_utt8__AUDIO_train_dia936_utt21.mp4,data\raw\MELD\MELD-RAW\MELD.Raw\train\train_splits\dia160_utt8.mp4,data\raw\MELD\MELD-RAW\MELD.Raw\train\train_splits\dia936_utt21.mp4,sadness,joy,Ross,Phoebe,train,1,musetalk_cross_speaker,FAKE_T4_train_dia160_utt8__AUDIO_train_dia936_utt21,,,,,,,yes
data\synthetic\track4_fakes\videos\FAKE_T4_train_dia163_utt1__AUDIO_dev_dia84_utt5.mp4,data\raw\MELD\MELD-RAW\MELD.Raw\train\train_splits\dia163_utt1.mp4,data\raw\MELD\MELD-RAW\MELD.Raw\dev\dev_splits_complete\dia84_utt5.mp4,anger,sadness,Monica,Phoebe,train,1,musetalk_cross_speaker,FAKE_T4_train_dia163_utt1__AUDIO_dev_dia84_utt5,,,,,,,yes
data\synthetic\track4_fakes\videos\FAKE_T4_train_dia166_utt0__AUDIO_test_dia22_utt6.mp4,data\raw\MELD\MELD-RAW\MELD.Raw\train\train_splits\dia166_utt0.mp4,data\raw\MELD\MELD-RAW\MELD.Raw\test\output_repeated_splits_test\dia22_utt6.mp4,neutral,sadness,Chandler,Chandler,train,1,musetalk_cross_speaker,FAKE_T4_train_dia166_utt0__AUDIO_test_dia22_utt6,,,,,,,yes
data\synthetic\track4_fakes\videos\FAKE_T4_train_dia167_utt10__AUDIO_train_dia38_utt6.mp4,data\raw\MELD\MELD-RAW\MELD.Raw\train\train_splits\dia167_utt10.mp4,data\raw\MELD\MELD-RAW\MELD.Raw\train\train_splits\dia38_utt6.mp4,neutral,anger,Singer,Ross,train,1,musetalk_cross_speaker,FAKE_T4_train_dia167_utt10__AUDIO_train_dia38_utt6,,,,,,,yes
data\synthetic\track4_fakes\videos\FAKE_T4_train_dia168_utt2__AUDIO_train_dia969_utt3.mp4,data\raw\MELD\MELD-RAW\MELD.Raw\train\train_splits\dia168_utt2.mp4,data\raw\MELD\MELD-RAW\MELD.Raw\train\train_splits\dia969_utt3.mp4,neutral,joy,Ross,Joey,train,1,musetalk_cross_speaker,FAKE_T4_train_dia168_utt2__AUDIO_train_dia969_utt3,,,,,,,yes
data\synthetic\track4_fakes\videos\FAKE_T4_train_dia168_utt9__AUDIO_train_dia353_utt1_musetalk.mp4,,,anger,neutral,Rachel,Annabelle,,1,musetalk_emotion_mismatch,FAKE_T4_train_dia168_utt9__AUDIO_train_dia353_utt1,done,0.7,train_dia168_utt9,train_dia353_utt1,2026-05-30T04:21:40.334532,114.6,yes
data\synthetic\track4_fakes\videos\FAKE_T4_train_dia170_utt3__AUDIO_train_dia594_utt8.mp4,data\raw\MELD\MELD-RAW\MELD.Raw\train\train_splits\dia170_utt3.mp4,data\raw\MELD\MELD-RAW\MELD.Raw\train\train_splits\dia594_utt8.mp4,neutral,joy,Joey,Nurse #2,train,1,musetalk_cross_speaker,FAKE_T4_train_dia170_utt3__AUDIO_train_dia594_utt8,,,,,,,yes
data\synthetic\track4_fakes\videos\FAKE_T4_train_dia175_utt2__AUDIO_train_dia269_utt0.mp4,data\raw\MELD\MELD-RAW\MELD.Raw\train\train_splits\dia175_utt2.mp4,data\raw\MELD\MELD-RAW\MELD.Raw\train\train_splits\dia269_utt0.mp4,joy,neutral,Rachel,Monica,train,1,musetalk_cross_speaker,FAKE_T4_train_dia175_utt2__AUDIO_train_dia269_utt0,,,,,,,yes
data\synthetic\track4_fakes\videos\FAKE_T4_train_dia177_utt1__AUDIO_train_dia56_utt6.mp4,data\raw\MELD\MELD-RAW\MELD.Raw\train\train_splits\dia177_utt1.mp4,data\raw\MELD\MELD-RAW\MELD.Raw\train\train_splits\dia56_utt6.mp4,neutral,joy,Phoebe,Chandler,train,1,musetalk_cross_speaker,FAKE_T4_train_dia177_utt1__AUDIO_train_dia56_utt6,,,,,,,yes
data\synthetic\track4_fakes\videos\FAKE_T4_train_dia178_utt1__AUDIO_train_dia705_utt7.mp4,data\raw\MELD\MELD-RAW\MELD.Raw\train\train_splits\dia178_utt1.mp4,data\raw\MELD\MELD-RAW\MELD.Raw\train\train_splits\dia705_utt7.mp4,neutral,joy,The Presenter,Phoebe,train,1,musetalk_cross_speaker,FAKE_T4_train_dia178_utt1__AUDIO_train_dia705_utt7,,,,,,,yes
data\synthetic\track4_fakes\videos\FAKE_T4_train_dia179_utt19__AUDIO_test_dia1_utt4.mp4,data\raw\MELD\MELD-RAW\MELD.Raw\train\train_splits\dia179_utt19.mp4,data\raw\MELD\MELD-RAW\MELD.Raw\test\output_repeated_splits_test\dia1_utt4.mp4,anger,joy,Ross,Joey,train,1,musetalk_cross_speaker,FAKE_T4_train_dia179_utt19__AUDIO_test_dia1_utt4,,,,,,,yes
data\synthetic\track4_fakes\videos\FAKE_T4_train_dia17_utt2__AUDIO_train_dia120_utt0.mp4,data\raw\MELD\MELD-RAW\MELD.Raw\train\train_splits\dia17_utt2.mp4,data\raw\MELD\MELD-RAW\MELD.Raw\train\train_splits\dia120_utt0.mp4,neutral,fear,Chandler,Rachel,train,1,musetalk_cross_speaker,FAKE_T4_train_dia17_utt2__AUDIO_train_dia120_utt0,,,,,,,yes
data\synthetic\track4_fakes\videos\FAKE_T4_train_dia180_utt10__AUDIO_train_dia22_utt0.mp4,data\raw\MELD\MELD-RAW\MELD.Raw\train\train_splits\dia180_utt10.mp4,data\raw\MELD\MELD-RAW\MELD.Raw\train\train_splits\dia22_utt0.mp4,neutral,disgust,Janice,Joey,train,1,musetalk_cross_speaker,FAKE_T4_train_dia180_utt10__AUDIO_train_dia22_utt0,,,,,,,yes
data\synthetic\track4_fakes\videos\FAKE_T4_train_dia180_utt11__AUDIO_train_dia986_utt16.mp4,data\raw\MELD\MELD-RAW\MELD.Raw\train\train_splits\dia180_utt11.mp4,data\raw\MELD\MELD-RAW\MELD.Raw\train\train_splits\dia986_utt16.mp4,neutral,joy,Chandler,Joey,train,1,musetalk_cross_speaker,FAKE_T4_train_dia180_utt11__AUDIO_train_dia986_utt16,,,,,,,yes
data\synthetic\track4_fakes\videos\FAKE_T4_train_dia182_utt7__AUDIO_train_dia1016_utt19.mp4,data\raw\MELD\MELD-RAW\MELD.Raw\train\train_splits\dia182_utt7.mp4,data\raw\MELD\MELD-RAW\MELD.Raw\train\train_splits\dia1016_utt19.mp4,neutral,anger,Monica,Ross,train,1,musetalk_cross_speaker,FAKE_T4_train_dia182_utt7__AUDIO_train_dia1016_utt19,,,,,,,yes
data\synthetic\track4_fakes\videos\FAKE_T4_train_dia184_utt6__AUDIO_train_dia898_utt0_musetalk.mp4,,,sadness,joy,Rachel,Joey,,1,musetalk_emotion_mismatch,FAKE_T4_train_dia184_utt6__AUDIO_train_dia898_utt0,done,0.7,train_dia184_utt6,train_dia898_utt0,2026-05-30T05:32:20.209031,125.6,yes
data\synthetic\track4_fakes\videos\FAKE_T4_train_dia184_utt8__AUDIO_dev_dia26_utt12.mp4,data\raw\MELD\MELD-RAW\MELD.Raw\train\train_splits\dia184_utt8.mp4,data\raw\MELD\MELD-RAW\MELD.Raw\dev\dev_splits_complete\dia26_utt12.mp4,neutral,anger,Rachel,Rachel,train,1,musetalk_cross_speaker,FAKE_T4_train_dia184_utt8__AUDIO_dev_dia26_utt12,,,,,,,yes
data\synthetic\track4_fakes\videos\FAKE_T4_train_dia189_utt12__AUDIO_train_dia336_utt6.mp4,data\raw\MELD\MELD-RAW\MELD.Raw\train\train_splits\dia189_utt12.mp4,data\raw\MELD\MELD-RAW\MELD.Raw\train\train_splits\dia336_utt6.mp4,neutral,sadness,Joey,Monica,train,1,musetalk_cross_speaker,FAKE_T4_train_dia189_utt12__AUDIO_train_dia336_utt6,,,,,,,yes
data\synthetic\track4_fakes\videos\FAKE_T4_train_dia189_utt14__AUDIO_train_dia141_utt5.mp4,data\raw\MELD\MELD-RAW\MELD.Raw\train\train_splits\dia189_utt14.mp4,data\raw\MELD\MELD-RAW\MELD.Raw\train\train_splits\dia141_utt5.mp4,joy,neutral,Joey,Chandler,train,1,musetalk_cross_speaker,FAKE_T4_train_dia189_utt14__AUDIO_train_dia141_utt5,,,,,,,yes
data\synthetic\track4_fakes\videos\FAKE_T4_train_dia189_utt8__AUDIO_train_dia941_utt5.mp4,data\raw\MELD\MELD-RAW\MELD.Raw\train\train_splits\dia189_utt8.mp4,data\raw\MELD\MELD-RAW\MELD.Raw\train\train_splits\dia941_utt5.mp4,anger,neutral,Rachel,Julio,train,1,musetalk_cross_speaker,FAKE_T4_train_dia189_utt8__AUDIO_train_dia941_utt5,,,,,,,yes
data\synthetic\track4_fakes\videos\FAKE_T4_train_dia18_utt8__AUDIO_train_dia372_utt8.mp4,data\raw\MELD\MELD-RAW\MELD.Raw\train\train_splits\dia18_utt8.mp4,data\raw\MELD\MELD-RAW\MELD.Raw\train\train_splits\dia372_utt8.mp4,sadness,joy,Joey,Phoebe,train,1,musetalk_cross_speaker,FAKE_T4_train_dia18_utt8__AUDIO_train_dia372_utt8,,,,,,,yes
data\synthetic\track4_fakes\videos\FAKE_T4_train_dia197_utt6__AUDIO_train_dia222_utt8.mp4,data\raw\MELD\MELD-RAW\MELD.Raw\train\train_splits\dia197_utt6.mp4,data\raw\MELD\MELD-RAW\MELD.Raw\train\train_splits\dia222_utt8.mp4,neutral,joy,Joey,Doug,train,1,musetalk_cross_speaker,FAKE_T4_train_dia197_utt6__AUDIO_train_dia222_utt8,,,,,,,yes
data\synthetic\track4_fakes\videos\FAKE_T4_train_dia199_utt10__AUDIO_train_dia595_utt4.mp4,data\raw\MELD\MELD-RAW\MELD.Raw\train\train_splits\dia199_utt10.mp4,data\raw\MELD\MELD-RAW\MELD.Raw\train\train_splits\dia595_utt4.mp4,neutral,sadness,Rachel,Monica,train,1,musetalk_cross_speaker,FAKE_T4_train_dia199_utt10__AUDIO_train_dia595_utt4,,,,,,,yes
data\synthetic\track4_fakes\videos\FAKE_T4_train_dia1_utt3__AUDIO_train_dia557_utt6.mp4,data\raw\MELD\MELD-RAW\MELD.Raw\train\train_splits\dia1_utt3.mp4,data\raw\MELD\MELD-RAW\MELD.Raw\train\train_splits\dia557_utt6.mp4,fear,joy,Rachel,Katie,train,1,musetalk_cross_speaker,FAKE_T4_train_dia1_utt3__AUDIO_train_dia557_utt6,,,,,,,yes
data\synthetic\track4_fakes\videos\FAKE_T4_train_dia202_utt3__AUDIO_train_dia401_utt11_musetalk.mp4,,,neutral,sadness,Phoebe,Phoebe,,1,musetalk_emotion_mismatch,FAKE_T4_train_dia202_utt3__AUDIO_train_dia401_utt11,done,0.5,train_dia202_utt3,train_dia401_utt11,2026-05-30T04:45:00.516073,110.0,yes
data\synthetic\track4_fakes\videos\FAKE_T4_train_dia202_utt6__AUDIO_train_dia657_utt3_musetalk.mp4,,,neutral,joy,Phoebe,Megan,,1,musetalk_emotion_mismatch,FAKE_T4_train_dia202_utt6__AUDIO_train_dia657_utt3,done,0.5,train_dia202_utt6,train_dia657_utt3,2026-05-30T05:48:08.630252,98.8,yes
data\synthetic\track4_fakes\videos\FAKE_T4_train_dia214_utt2__AUDIO_test_dia171_utt2.mp4,data\raw\MELD\MELD-RAW\MELD.Raw\train\train_splits\dia214_utt2.mp4,data\raw\MELD\MELD-RAW\MELD.Raw\test\output_repeated_splits_test\dia171_utt2.mp4,sadness,neutral,Phoebe,Ross,train,1,musetalk_cross_speaker,FAKE_T4_train_dia214_utt2__AUDIO_test_dia171_utt2,,,,,,,yes
data\synthetic\track4_fakes\videos\FAKE_T4_train_dia21_utt10__AUDIO_train_dia530_utt10.mp4,data\raw\MELD\MELD-RAW\MELD.Raw\train\train_splits\dia21_utt10.mp4,data\raw\MELD\MELD-RAW\MELD.Raw\train\train_splits\dia530_utt10.mp4,neutral,anger,Phoebe,Phoebe,train,1,musetalk_cross_speaker,FAKE_T4_train_dia21_utt10__AUDIO_train_dia530_utt10,,,,,,,yes
data\synthetic\track4_fakes\videos\FAKE_T4_train_dia222_utt8__AUDIO_test_dia88_utt4_musetalk.mp4,,,joy,neutral,Doug,Host,,1,musetalk_emotion_mismatch,FAKE_T4_train_dia222_utt8__AUDIO_test_dia88_utt4,done,0.7,train_dia222_utt8,test_dia88_utt4,2026-05-30T05:04:56.682681,134.0,yes
data\synthetic\track4_fakes\videos\FAKE_T4_train_dia224_utt0__AUDIO_test_dia146_utt1.mp4,data\raw\MELD\MELD-RAW\MELD.Raw\train\train_splits\dia224_utt0.mp4,data\raw\MELD\MELD-RAW\MELD.Raw\test\output_repeated_splits_test\dia146_utt1.mp4,neutral,sadness,Joey,Rachel,train,1,musetalk_cross_speaker,FAKE_T4_train_dia224_utt0__AUDIO_test_dia146_utt1,,,,,,,yes
data\synthetic\track4_fakes\videos\FAKE_T4_train_dia224_utt4__AUDIO_train_dia79_utt1.mp4,data\raw\MELD\MELD-RAW\MELD.Raw\train\train_splits\dia224_utt4.mp4,data\raw\MELD\MELD-RAW\MELD.Raw\train\train_splits\dia79_utt1.mp4,joy,disgust,Joey,Rachel,train,1,musetalk_cross_speaker,FAKE_T4_train_dia224_utt4__AUDIO_train_dia79_utt1,,,,,,,yes
data\synthetic\track4_fakes\videos\FAKE_T4_train_dia226_utt0__AUDIO_train_dia206_utt14.mp4,data\raw\MELD\MELD-RAW\MELD.Raw\train\train_splits\dia226_utt0.mp4,data\raw\MELD\MELD-RAW\MELD.Raw\train\train_splits\dia206_utt14.mp4,neutral,anger,Rachel,Carol,train,1,musetalk_cross_speaker,FAKE_T4_train_dia226_utt0__AUDIO_train_dia206_utt14,,,,,,,yes
data\synthetic\track4_fakes\videos\FAKE_T4_train_dia229_utt4__AUDIO_train_dia145_utt6.mp4,data\raw\MELD\MELD-RAW\MELD.Raw\train\train_splits\dia229_utt4.mp4,data\raw\MELD\MELD-RAW\MELD.Raw\train\train_splits\dia145_utt6.mp4,neutral,anger,Chandler,Chandler,train,1,musetalk_cross_speaker,FAKE_T4_train_dia229_utt4__AUDIO_train_dia145_utt6,,,,,,,yes
data\synthetic\track4_fakes\videos\FAKE_T4_train_dia22_utt0__AUDIO_train_dia518_utt1.mp4,data\raw\MELD\MELD-RAW\MELD.Raw\train\train_splits\dia22_utt0.mp4,data\raw\MELD\MELD-RAW\MELD.Raw\train\train_splits\dia518_utt1.mp4,disgust,anger,Joey,Joey,train,1,musetalk_cross_speaker,FAKE_T4_train_dia22_utt0__AUDIO_train_dia518_utt1,,,,,,,yes
data\synthetic\track4_fakes\videos\FAKE_T4_train_dia231_utt10__AUDIO_train_dia719_utt4.mp4,data\raw\MELD\MELD-RAW\MELD.Raw\train\train_splits\dia231_utt10.mp4,data\raw\MELD\MELD-RAW\MELD.Raw\train\train_splits\dia719_utt4.mp4,sadness,neutral,Ross,Woman,train,1,musetalk_cross_speaker,FAKE_T4_train_dia231_utt10__AUDIO_train_dia719_utt4,,,,,,,yes
data\synthetic\track4_fakes\videos\FAKE_T4_train_dia231_utt4__AUDIO_train_dia143_utt3.mp4,data\raw\MELD\MELD-RAW\MELD.Raw\train\train_splits\dia231_utt4.mp4,data\raw\MELD\MELD-RAW\MELD.Raw\train\train_splits\dia143_utt3.mp4,neutral,joy,Ross,Phoebe,train,1,musetalk_cross_speaker,FAKE_T4_train_dia231_utt4__AUDIO_train_dia143_utt3,,,,,,,yes
data\synthetic\track4_fakes\videos\FAKE_T4_train_dia233_utt0__AUDIO_test_dia96_utt7.mp4,data\raw\MELD\MELD-RAW\MELD.Raw\train\train_splits\dia233_utt0.mp4,data\raw\MELD\MELD-RAW\MELD.Raw\test\output_repeated_splits_test\dia96_utt7.mp4,joy,disgust,Ross,Chandler,train,1,musetalk_cross_speaker,FAKE_T4_train_dia233_utt0__AUDIO_test_dia96_utt7,,,,,,,yes
data\synthetic\track4_fakes\videos\FAKE_T4_train_dia234_utt11__AUDIO_train_dia335_utt2.mp4,data\raw\MELD\MELD-RAW\MELD.Raw\train\train_splits\dia234_utt11.mp4,data\raw\MELD\MELD-RAW\MELD.Raw\train\train_splits\dia335_utt2.mp4,anger,neutral,Monica,Ross,train,1,musetalk_cross_speaker,FAKE_T4_train_dia234_utt11__AUDIO_train_dia335_utt2,,,,,,,yes
data\synthetic\track4_fakes\videos\FAKE_T4_train_dia236_utt2__AUDIO_test_dia1_utt5.mp4,data\raw\MELD\MELD-RAW\MELD.Raw\train\train_splits\dia236_utt2.mp4,data\raw\MELD\MELD-RAW\MELD.Raw\test\output_repeated_splits_test\dia1_utt5.mp4,neutral,joy,Joey,Joey,train,1,musetalk_cross_speaker,FAKE_T4_train_dia236_utt2__AUDIO_test_dia1_utt5,,,,,,,yes
data\synthetic\track4_fakes\videos\FAKE_T4_train_dia236_utt9__AUDIO_train_dia736_utt9.mp4,data\raw\MELD\MELD-RAW\MELD.Raw\train\train_splits\dia236_utt9.mp4,data\raw\MELD\MELD-RAW\MELD.Raw\train\train_splits\dia736_utt9.mp4,neutral,fear,Chandler,Ross,train,1,musetalk_cross_speaker,FAKE_T4_train_dia236_utt9__AUDIO_train_dia736_utt9,,,,,,,yes
data\synthetic\track4_fakes\videos\FAKE_T4_train_dia23_utt0__AUDIO_test_dia130_utt10.mp4,data\raw\MELD\MELD-RAW\MELD.Raw\train\train_splits\dia23_utt0.mp4,data\raw\MELD\MELD-RAW\MELD.Raw\test\output_repeated_splits_test\dia130_utt10.mp4,neutral,sadness,Monica,Emily,train,1,musetalk_cross_speaker,FAKE_T4_train_dia23_utt0__AUDIO_test_dia130_utt10,,,,,,,yes
data\synthetic\track4_fakes\videos\FAKE_T4_train_dia240_utt0__AUDIO_test_dia205_utt3.mp4,data\raw\MELD\MELD-RAW\MELD.Raw\train\train_splits\dia240_utt0.mp4,data\raw\MELD\MELD-RAW\MELD.Raw\test\output_repeated_splits_test\dia205_utt3.mp4,neutral,fear,Monica,Monica,train,1,musetalk_cross_speaker,FAKE_T4_train_dia240_utt0__AUDIO_test_dia205_utt3,,,,,,,yes
data\synthetic\track4_fakes\videos\FAKE_T4_train_dia241_utt10__AUDIO_train_dia902_utt4.mp4,data\raw\MELD\MELD-RAW\MELD.Raw\train\train_splits\dia241_utt10.mp4,data\raw\MELD\MELD-RAW\MELD.Raw\train\train_splits\dia902_utt4.mp4,joy,neutral,Phoebe,Monica,train,1,musetalk_cross_speaker,FAKE_T4_train_dia241_utt10__AUDIO_train_dia902_utt4,,,,,,,yes
data\synthetic\track4_fakes\videos\FAKE_T4_train_dia244_utt1__AUDIO_dev_dia17_utt0.mp4,data\raw\MELD\MELD-RAW\MELD.Raw\train\train_splits\dia244_utt1.mp4,data\raw\MELD\MELD-RAW\MELD.Raw\dev\dev_splits_complete\dia17_utt0.mp4,neutral,anger,Ross,Joey,train,1,musetalk_cross_speaker,FAKE_T4_train_dia244_utt1__AUDIO_dev_dia17_utt0,,,,,,,yes
data\synthetic\track4_fakes\videos\FAKE_T4_train_dia245_utt15__AUDIO_train_dia331_utt3.mp4,data\raw\MELD\MELD-RAW\MELD.Raw\train\train_splits\dia245_utt15.mp4,data\raw\MELD\MELD-RAW\MELD.Raw\train\train_splits\dia331_utt3.mp4,sadness,neutral,Monica,Phoebe,train,1,musetalk_cross_speaker,FAKE_T4_train_dia245_utt15__AUDIO_train_dia331_utt3,,,,,,,yes
data\synthetic\track4_fakes\videos\FAKE_T4_train_dia245_utt1__AUDIO_test_dia9_utt7.mp4,data\raw\MELD\MELD-RAW\MELD.Raw\train\train_splits\dia245_utt1.mp4,data\raw\MELD\MELD-RAW\MELD.Raw\test\output_repeated_splits_test\dia9_utt7.mp4,joy,anger,Phoebe,Monica,train,1,musetalk_cross_speaker,FAKE_T4_train_dia245_utt1__AUDIO_test_dia9_utt7,,,,,,,yes
data\synthetic\track4_fakes\videos\FAKE_T4_train_dia248_utt5__AUDIO_train_dia160_utt8.mp4,data\raw\MELD\MELD-RAW\MELD.Raw\train\train_splits\dia248_utt5.mp4,data\raw\MELD\MELD-RAW\MELD.Raw\train\train_splits\dia160_utt8.mp4,anger,sadness,Monica,Ross,train,1,musetalk_cross_speaker,FAKE_T4_train_dia248_utt5__AUDIO_train_dia160_utt8,,,,,,,yes
data\synthetic\track4_fakes\videos\FAKE_T4_train_dia249_utt6__AUDIO_train_dia480_utt6.mp4,data\raw\MELD\MELD-RAW\MELD.Raw\train\train_splits\dia249_utt6.mp4,data\raw\MELD\MELD-RAW\MELD.Raw\train\train_splits\dia480_utt6.mp4,sadness,neutral,Monica,Tag,train,1,musetalk_cross_speaker,FAKE_T4_train_dia249_utt6__AUDIO_train_dia480_utt6,,,,,,,yes
data\synthetic\track4_fakes\videos\FAKE_T4_train_dia24_utt6__AUDIO_train_dia424_utt12.mp4,data\raw\MELD\MELD-RAW\MELD.Raw\train\train_splits\dia24_utt6.mp4,data\raw\MELD\MELD-RAW\MELD.Raw\train\train_splits\dia424_utt12.mp4,neutral,anger,Ross,Ross,train,1,musetalk_cross_speaker,FAKE_T4_train_dia24_utt6__AUDIO_train_dia424_utt12,,,,,,,yes
data\synthetic\track4_fakes\videos\FAKE_T4_train_dia250_utt0__AUDIO_train_dia869_utt16.mp4,data\raw\MELD\MELD-RAW\MELD.Raw\train\train_splits\dia250_utt0.mp4,data\raw\MELD\MELD-RAW\MELD.Raw\train\train_splits\dia869_utt16.mp4,neutral,disgust,Phoebe,Joey,train,1,musetalk_cross_speaker,FAKE_T4_train_dia250_utt0__AUDIO_train_dia869_utt16,,,,,,,yes
data\synthetic\track4_fakes\videos\FAKE_T4_train_dia253_utt9__AUDIO_train_dia122_utt2.mp4,data\raw\MELD\MELD-RAW\MELD.Raw\train\train_splits\dia253_utt9.mp4,data\raw\MELD\MELD-RAW\MELD.Raw\train\train_splits\dia122_utt2.mp4,fear,neutral,Janice,Rachel,train,1,musetalk_cross_speaker,FAKE_T4_train_dia253_utt9__AUDIO_train_dia122_utt2,,,,,,,yes
data\synthetic\track4_fakes\videos\FAKE_T4_train_dia255_utt4__AUDIO_train_dia400_utt2_musetalk.mp4,,,disgust,sadness,Monica,Phoebe,,1,musetalk_emotion_mismatch,FAKE_T4_train_dia255_utt4__AUDIO_train_dia400_utt2,done,1.7,train_dia255_utt4,train_dia400_utt2,2026-05-30T05:58:21.510825,177.9,yes
data\synthetic\track4_fakes\videos\FAKE_T4_train_dia25_utt1__AUDIO_train_dia612_utt4.mp4,data\raw\MELD\MELD-RAW\MELD.Raw\train\train_splits\dia25_utt1.mp4,data\raw\MELD\MELD-RAW\MELD.Raw\train\train_splits\dia612_utt4.mp4,joy,neutral,Joey,Joey,train,1,musetalk_cross_speaker,FAKE_T4_train_dia25_utt1__AUDIO_train_dia612_utt4,,,,,,,yes
data\synthetic\track4_fakes\videos\FAKE_T4_train_dia263_utt8__AUDIO_train_dia100_utt1.mp4,data\raw\MELD\MELD-RAW\MELD.Raw\train\train_splits\dia263_utt8.mp4,data\raw\MELD\MELD-RAW\MELD.Raw\train\train_splits\dia100_utt1.mp4,joy,neutral,Phoebe,Ross,train,1,musetalk_cross_speaker,FAKE_T4_train_dia263_utt8__AUDIO_train_dia100_utt1,,,,,,,yes
data\synthetic\track4_fakes\videos\FAKE_T4_train_dia266_utt0__AUDIO_test_dia166_utt5.mp4,data\raw\MELD\MELD-RAW\MELD.Raw\train\train_splits\dia266_utt0.mp4,data\raw\MELD\MELD-RAW\MELD.Raw\test\output_repeated_splits_test\dia166_utt5.mp4,neutral,sadness,Chandler,Joey,train,1,musetalk_cross_speaker,FAKE_T4_train_dia266_utt0__AUDIO_test_dia166_utt5,,,,,,,yes
data\synthetic\track4_fakes\videos\FAKE_T4_train_dia26_utt6__AUDIO_dev_dia77_utt14.mp4,data\raw\MELD\MELD-RAW\MELD.Raw\train\train_splits\dia26_utt6.mp4,data\raw\MELD\MELD-RAW\MELD.Raw\dev\dev_splits_complete\dia77_utt14.mp4,joy,sadness,Joey,Ross,train,1,musetalk_cross_speaker,FAKE_T4_train_dia26_utt6__AUDIO_dev_dia77_utt14,,,,,,,yes
data\synthetic\track4_fakes\videos\FAKE_T4_train_dia26_utt9__AUDIO_train_dia252_utt14.mp4,data\raw\MELD\MELD-RAW\MELD.Raw\train\train_splits\dia26_utt9.mp4,data\raw\MELD\MELD-RAW\MELD.Raw\train\train_splits\dia252_utt14.mp4,neutral,joy,The Casting Director,Joey,train,1,musetalk_cross_speaker,FAKE_T4_train_dia26_utt9__AUDIO_train_dia252_utt14,,,,,,,yes
data\synthetic\track4_fakes\videos\FAKE_T4_train_dia270_utt2__AUDIO_train_dia147_utt7.mp4,data\raw\MELD\MELD-RAW\MELD.Raw\train\train_splits\dia270_utt2.mp4,data\raw\MELD\MELD-RAW\MELD.Raw\train\train_splits\dia147_utt7.mp4,joy,disgust,Ross,Chandler,train,1,musetalk_cross_speaker,FAKE_T4_train_dia270_utt2__AUDIO_train_dia147_utt7,,,,,,,yes
data\synthetic\track4_fakes\videos\FAKE_T4_train_dia273_utt10__AUDIO_train_dia517_utt5.mp4,data\raw\MELD\MELD-RAW\MELD.Raw\train\train_splits\dia273_utt10.mp4,data\raw\MELD\MELD-RAW\MELD.Raw\train\train_splits\dia517_utt5.mp4,neutral,sadness,Chandler,Monica,train,1,musetalk_cross_speaker,FAKE_T4_train_dia273_utt10__AUDIO_train_dia517_utt5,,,,,,,yes
data\synthetic\track4_fakes\videos\FAKE_T4_train_dia275_utt0__AUDIO_train_dia625_utt1.mp4,data\raw\MELD\MELD-RAW\MELD.Raw\train\train_splits\dia275_utt0.mp4,data\raw\MELD\MELD-RAW\MELD.Raw\train\train_splits\dia625_utt1.mp4,anger,neutral,Ross,Joey,train,1,musetalk_cross_speaker,FAKE_T4_train_dia275_utt0__AUDIO_train_dia625_utt1,,,,,,,yes
data\synthetic\track4_fakes\videos\FAKE_T4_train_dia275_utt15__AUDIO_train_dia316_utt8.mp4,data\raw\MELD\MELD-RAW\MELD.Raw\train\train_splits\dia275_utt15.mp4,data\raw\MELD\MELD-RAW\MELD.Raw\train\train_splits\dia316_utt8.mp4,fear,neutral,Rachel,Voice,train,1,musetalk_cross_speaker,FAKE_T4_train_dia275_utt15__AUDIO_train_dia316_utt8,,,,,,,yes
data\synthetic\track4_fakes\videos\FAKE_T4_train_dia277_utt3__AUDIO_train_dia472_utt1.mp4,data\raw\MELD\MELD-RAW\MELD.Raw\train\train_splits\dia277_utt3.mp4,data\raw\MELD\MELD-RAW\MELD.Raw\train\train_splits\dia472_utt1.mp4,anger,neutral,Joey,Ross,train,1,musetalk_cross_speaker,FAKE_T4_train_dia277_utt3__AUDIO_train_dia472_utt1,,,,,,,yes
data\synthetic\track4_fakes\videos\FAKE_T4_train_dia284_utt2__AUDIO_train_dia1012_utt2.mp4,data\raw\MELD\MELD-RAW\MELD.Raw\train\train_splits\dia284_utt2.mp4,data\raw\MELD\MELD-RAW\MELD.Raw\train\train_splits\dia1012_utt2.mp4,neutral,joy,Phoebe,Dr. Oberman,train,1,musetalk_cross_speaker,FAKE_T4_train_dia284_utt2__AUDIO_train_dia1012_utt2,,,,,,,yes
data\synthetic\track4_fakes\videos\FAKE_T4_train_dia285_utt8__AUDIO_train_dia895_utt0.mp4,data\raw\MELD\MELD-RAW\MELD.Raw\train\train_splits\dia285_utt8.mp4,data\raw\MELD\MELD-RAW\MELD.Raw\train\train_splits\dia895_utt0.mp4,neutral,fear,Rachel,Joey,train,1,musetalk_cross_speaker,FAKE_T4_train_dia285_utt8__AUDIO_train_dia895_utt0,,,,,,,yes
data\synthetic\track4_fakes\videos\FAKE_T4_train_dia293_utt7__AUDIO_test_dia230_utt4.mp4,data\raw\MELD\MELD-RAW\MELD.Raw\train\train_splits\dia293_utt7.mp4,data\raw\MELD\MELD-RAW\MELD.Raw\test\output_repeated_splits_test\dia230_utt4.mp4,neutral,anger,Joey,Joey,train,1,musetalk_cross_speaker,FAKE_T4_train_dia293_utt7__AUDIO_test_dia230_utt4,,,,,,,yes
data\synthetic\track4_fakes\videos\FAKE_T4_train_dia293_utt8__AUDIO_train_dia418_utt6.mp4,data\raw\MELD\MELD-RAW\MELD.Raw\train\train_splits\dia293_utt8.mp4,data\raw\MELD\MELD-RAW\MELD.Raw\train\train_splits\dia418_utt6.mp4,joy,neutral,Joey,Man,train,1,musetalk_cross_speaker,FAKE_T4_train_dia293_utt8__AUDIO_train_dia418_utt6,,,,,,,yes
data\synthetic\track4_fakes\videos\FAKE_T4_train_dia295_utt10__AUDIO_train_dia821_utt10.mp4,data\raw\MELD\MELD-RAW\MELD.Raw\train\train_splits\dia295_utt10.mp4,data\raw\MELD\MELD-RAW\MELD.Raw\train\train_splits\dia821_utt10.mp4,anger,joy,Phoebe,Ross,train,1,musetalk_cross_speaker,FAKE_T4_train_dia295_utt10__AUDIO_train_dia821_utt10,,,,,,,yes
data\synthetic\track4_fakes\videos\FAKE_T4_train_dia295_utt13__AUDIO_train_dia457_utt13.mp4,data\raw\MELD\MELD-RAW\MELD.Raw\train\train_splits\dia295_utt13.mp4,data\raw\MELD\MELD-RAW\MELD.Raw\train\train_splits\dia457_utt13.mp4,anger,fear,Joey,Bobby,train,1,musetalk_cross_speaker,FAKE_T4_train_dia295_utt13__AUDIO_train_dia457_utt13,,,,,,,yes
data\synthetic\track4_fakes\videos\FAKE_T4_train_dia305_utt6__AUDIO_train_dia486_utt15.mp4,data\raw\MELD\MELD-RAW\MELD.Raw\train\train_splits\dia305_utt6.mp4,data\raw\MELD\MELD-RAW\MELD.Raw\train\train_splits\dia486_utt15.mp4,neutral,sadness,Chloe,Joey,train,1,musetalk_cross_speaker,FAKE_T4_train_dia305_utt6__AUDIO_train_dia486_utt15,,,,,,,yes
data\synthetic\track4_fakes\videos\FAKE_T4_train_dia305_utt7__AUDIO_train_dia818_utt2.mp4,data\raw\MELD\MELD-RAW\MELD.Raw\train\train_splits\dia305_utt7.mp4,data\raw\MELD\MELD-RAW\MELD.Raw\train\train_splits\dia818_utt2.mp4,neutral,joy,Chandler,Monica,train,1,musetalk_cross_speaker,FAKE_T4_train_dia305_utt7__AUDIO_train_dia818_utt2,,,,,,,yes
data\synthetic\track4_fakes\videos\FAKE_T4_train_dia307_utt4__AUDIO_train_dia457_utt13.mp4,data\raw\MELD\MELD-RAW\MELD.Raw\train\train_splits\dia307_utt4.mp4,data\raw\MELD\MELD-RAW\MELD.Raw\train\train_splits\dia457_utt13.mp4,neutral,fear,Ross,Bobby,train,1,musetalk_cross_speaker,FAKE_T4_train_dia307_utt4__AUDIO_train_dia457_utt13,,,,,,,yes
data\synthetic\track4_fakes\videos\FAKE_T4_train_dia30_utt11__AUDIO_test_dia155_utt5.mp4,data\raw\MELD\MELD-RAW\MELD.Raw\train\train_splits\dia30_utt11.mp4,data\raw\MELD\MELD-RAW\MELD.Raw\test\output_repeated_splits_test\dia155_utt5.mp4,fear,sadness,Ross,Rachel,train,1,musetalk_cross_speaker,FAKE_T4_train_dia30_utt11__AUDIO_test_dia155_utt5,,,,,,,yes
data\synthetic\track4_fakes\videos\FAKE_T4_train_dia310_utt5__AUDIO_train_dia603_utt2.mp4,data\raw\MELD\MELD-RAW\MELD.Raw\train\train_splits\dia310_utt5.mp4,data\raw\MELD\MELD-RAW\MELD.Raw\train\train_splits\dia603_utt2.mp4,neutral,joy,Monica,Ross,train,1,musetalk_cross_speaker,FAKE_T4_train_dia310_utt5__AUDIO_train_dia603_utt2,,,,,,,yes
data\synthetic\track4_fakes\videos\FAKE_T4_train_dia313_utt2__AUDIO_train_dia972_utt6.mp4,data\raw\MELD\MELD-RAW\MELD.Raw\train\train_splits\dia313_utt2.mp4,data\raw\MELD\MELD-RAW\MELD.Raw\train\train_splits\dia972_utt6.mp4,neutral,joy,Joey,Ross,train,1,musetalk_cross_speaker,FAKE_T4_train_dia313_utt2__AUDIO_train_dia972_utt6,,,,,,,yes
data\synthetic\track4_fakes\videos\FAKE_T4_train_dia314_utt0__AUDIO_train_dia646_utt12.mp4,data\raw\MELD\MELD-RAW\MELD.Raw\train\train_splits\dia314_utt0.mp4,data\raw\MELD\MELD-RAW\MELD.Raw\train\train_splits\dia646_utt12.mp4,joy,neutral,Rachel,Monica,train,1,musetalk_cross_speaker,FAKE_T4_train_dia314_utt0__AUDIO_train_dia646_utt12,,,,,,,yes
data\synthetic\track4_fakes\videos\FAKE_T4_train_dia315_utt3__AUDIO_train_dia524_utt2.mp4,data\raw\MELD\MELD-RAW\MELD.Raw\train\train_splits\dia315_utt3.mp4,data\raw\MELD\MELD-RAW\MELD.Raw\train\train_splits\dia524_utt2.mp4,joy,sadness,Monica,Phoebe,train,1,musetalk_cross_speaker,FAKE_T4_train_dia315_utt3__AUDIO_train_dia524_utt2,,,,,,,yes
data\synthetic\track4_fakes\videos\FAKE_T4_train_dia316_utt8__AUDIO_train_dia18_utt10.mp4,data\raw\MELD\MELD-RAW\MELD.Raw\train\train_splits\dia316_utt8.mp4,data\raw\MELD\MELD-RAW\MELD.Raw\train\train_splits\dia18_utt10.mp4,neutral,fear,Voice,Ross,train,1,musetalk_cross_speaker,FAKE_T4_train_dia316_utt8__AUDIO_train_dia18_utt10,,,,,,,yes
data\synthetic\track4_fakes\videos\FAKE_T4_train_dia320_utt12__AUDIO_train_dia888_utt3.mp4,data\raw\MELD\MELD-RAW\MELD.Raw\train\train_splits\dia320_utt12.mp4,data\raw\MELD\MELD-RAW\MELD.Raw\train\train_splits\dia888_utt3.mp4,neutral,anger,Monica,Emily,train,1,musetalk_cross_speaker,FAKE_T4_train_dia320_utt12__AUDIO_train_dia888_utt3,,,,,,,yes
data\synthetic\track4_fakes\videos\FAKE_T4_train_dia320_utt13__AUDIO_test_dia12_utt19.mp4,data\raw\MELD\MELD-RAW\MELD.Raw\train\train_splits\dia320_utt13.mp4,data\raw\MELD\MELD-RAW\MELD.Raw\test\output_repeated_splits_test\dia12_utt19.mp4,sadness,joy,Chandler,Ross,train,1,musetalk_cross_speaker,FAKE_T4_train_dia320_utt13__AUDIO_test_dia12_utt19,,,,,,,yes
data\synthetic\track4_fakes\videos\FAKE_T4_train_dia320_utt4__AUDIO_train_dia574_utt0.mp4,data\raw\MELD\MELD-RAW\MELD.Raw\train\train_splits\dia320_utt4.mp4,data\raw\MELD\MELD-RAW\MELD.Raw\train\train_splits\dia574_utt0.mp4,sadness,neutral,Chandler,Monica,train,1,musetalk_cross_speaker,FAKE_T4_train_dia320_utt4__AUDIO_train_dia574_utt0,,,,,,,yes
data\synthetic\track4_fakes\videos\FAKE_T4_train_dia321_utt9__AUDIO_train_dia261_utt4.mp4,data\raw\MELD\MELD-RAW\MELD.Raw\train\train_splits\dia321_utt9.mp4,data\raw\MELD\MELD-RAW\MELD.Raw\train\train_splits\dia261_utt4.mp4,neutral,anger,Eric,Phoebe,train,1,musetalk_cross_speaker,FAKE_T4_train_dia321_utt9__AUDIO_train_dia261_utt4,,,,,,,yes
data\synthetic\track4_fakes\videos\FAKE_T4_train_dia322_utt1__AUDIO_train_dia599_utt4.mp4,data\raw\MELD\MELD-RAW\MELD.Raw\train\train_splits\dia322_utt1.mp4,data\raw\MELD\MELD-RAW\MELD.Raw\train\train_splits\dia599_utt4.mp4,neutral,anger,Stu,Monica,train,1,musetalk_cross_speaker,FAKE_T4_train_dia322_utt1__AUDIO_train_dia599_utt4,,,,,,,yes
data\synthetic\track4_fakes\videos\FAKE_T4_train_dia325_utt0__AUDIO_train_dia334_utt2.mp4,data\raw\MELD\MELD-RAW\MELD.Raw\train\train_splits\dia325_utt0.mp4,data\raw\MELD\MELD-RAW\MELD.Raw\train\train_splits\dia334_utt2.mp4,neutral,sadness,Ross,Joey,train,1,musetalk_cross_speaker,FAKE_T4_train_dia325_utt0__AUDIO_train_dia334_utt2,,,,,,,yes
data\synthetic\track4_fakes\videos\FAKE_T4_train_dia326_utt8__AUDIO_train_dia707_utt12.mp4,data\raw\MELD\MELD-RAW\MELD.Raw\train\train_splits\dia326_utt8.mp4,data\raw\MELD\MELD-RAW\MELD.Raw\train\train_splits\dia707_utt12.mp4,neutral,anger,Rachel,Phoebe,train,1,musetalk_cross_speaker,FAKE_T4_train_dia326_utt8__AUDIO_train_dia707_utt12,,,,,,,yes
data\synthetic\track4_fakes\videos\FAKE_T4_train_dia327_utt5__AUDIO_train_dia374_utt9.mp4,data\raw\MELD\MELD-RAW\MELD.Raw\train\train_splits\dia327_utt5.mp4,data\raw\MELD\MELD-RAW\MELD.Raw\train\train_splits\dia374_utt9.mp4,neutral,anger,Phoebe,Monica,train,1,musetalk_cross_speaker,FAKE_T4_train_dia327_utt5__AUDIO_train_dia374_utt9,,,,,,,yes
data\synthetic\track4_fakes\videos\FAKE_T4_train_dia32_utt1__AUDIO_train_dia901_utt5.mp4,data\raw\MELD\MELD-RAW\MELD.Raw\train\train_splits\dia32_utt1.mp4,data\raw\MELD\MELD-RAW\MELD.Raw\train\train_splits\dia901_utt5.mp4,neutral,disgust,Phoebe,Chandler,train,1,musetalk_cross_speaker,FAKE_T4_train_dia32_utt1__AUDIO_train_dia901_utt5,,,,,,,yes
data\synthetic\track4_fakes\videos\FAKE_T4_train_dia335_utt0__AUDIO_train_dia832_utt11.mp4,data\raw\MELD\MELD-RAW\MELD.Raw\train\train_splits\dia335_utt0.mp4,data\raw\MELD\MELD-RAW\MELD.Raw\train\train_splits\dia832_utt11.mp4,neutral,sadness,Ross,Chandler,train,1,musetalk_cross_speaker,FAKE_T4_train_dia335_utt0__AUDIO_train_dia832_utt11,,,,,,,yes
data\synthetic\track4_fakes\videos\FAKE_T4_train_dia337_utt6__AUDIO_train_dia950_utt8.mp4,data\raw\MELD\MELD-RAW\MELD.Raw\train\train_splits\dia337_utt6.mp4,data\raw\MELD\MELD-RAW\MELD.Raw\train\train_splits\dia950_utt8.mp4,sadness,joy,Ross,Monica,train,1,musetalk_cross_speaker,FAKE_T4_train_dia337_utt6__AUDIO_train_dia950_utt8,,,,,,,yes
data\synthetic\track4_fakes\videos\FAKE_T4_train_dia33_utt10__AUDIO_test_dia17_utt5.mp4,data\raw\MELD\MELD-RAW\MELD.Raw\train\train_splits\dia33_utt10.mp4,data\raw\MELD\MELD-RAW\MELD.Raw\test\output_repeated_splits_test\dia17_utt5.mp4,neutral,joy,Rachel,Janice,train,1,musetalk_cross_speaker,FAKE_T4_train_dia33_utt10__AUDIO_test_dia17_utt5,,,,,,,yes
data\synthetic\track4_fakes\videos\FAKE_T4_train_dia347_utt9__AUDIO_train_dia158_utt1.mp4,data\raw\MELD\MELD-RAW\MELD.Raw\train\train_splits\dia347_utt9.mp4,data\raw\MELD\MELD-RAW\MELD.Raw\train\train_splits\dia158_utt1.mp4,sadness,neutral,Phoebe,Joey,train,1,musetalk_cross_speaker,FAKE_T4_train_dia347_utt9__AUDIO_train_dia158_utt1,,,,,,,yes
data\synthetic\track4_fakes\videos\FAKE_T4_train_dia34_utt1__AUDIO_train_dia564_utt0.mp4,data\raw\MELD\MELD-RAW\MELD.Raw\train\train_splits\dia34_utt1.mp4,data\raw\MELD\MELD-RAW\MELD.Raw\train\train_splits\dia564_utt0.mp4,neutral,joy,Rachel,Rachel,train,1,musetalk_cross_speaker,FAKE_T4_train_dia34_utt1__AUDIO_train_dia564_utt0,,,,,,,yes
data\synthetic\track4_fakes\videos\FAKE_T4_train_dia34_utt5__AUDIO_dev_dia76_utt6.mp4,data\raw\MELD\MELD-RAW\MELD.Raw\train\train_splits\dia34_utt5.mp4,data\raw\MELD\MELD-RAW\MELD.Raw\dev\dev_splits_complete\dia76_utt6.mp4,neutral,joy,Ross,Chandler,train,1,musetalk_cross_speaker,FAKE_T4_train_dia34_utt5__AUDIO_dev_dia76_utt6,,,,,,,yes
data\synthetic\track4_fakes\videos\FAKE_T4_train_dia350_utt6__AUDIO_train_dia420_utt4.mp4,data\raw\MELD\MELD-RAW\MELD.Raw\train\train_splits\dia350_utt6.mp4,data\raw\MELD\MELD-RAW\MELD.Raw\train\train_splits\dia420_utt4.mp4,neutral,disgust,Chandler,Phoebe,train,1,musetalk_cross_speaker,FAKE_T4_train_dia350_utt6__AUDIO_train_dia420_utt4,,,,,,,yes
data\synthetic\track4_fakes\videos\FAKE_T4_train_dia354_utt6__AUDIO_train_dia693_utt2.mp4,data\raw\MELD\MELD-RAW\MELD.Raw\train\train_splits\dia354_utt6.mp4,data\raw\MELD\MELD-RAW\MELD.Raw\train\train_splits\dia693_utt2.mp4,neutral,anger,Phoebe,Mr. Treeger,train,1,musetalk_cross_speaker,FAKE_T4_train_dia354_utt6__AUDIO_train_dia693_utt2,,,,,,,yes
data\synthetic\track4_fakes\videos\FAKE_T4_train_dia361_utt11__AUDIO_train_dia204_utt13_musetalk.mp4,,,joy,sadness,Chandler,Rachel,,1,musetalk_emotion_mismatch,FAKE_T4_train_dia361_utt11__AUDIO_train_dia204_utt13,done,1.1,train_dia361_utt11,train_dia204_utt13,2026-05-30T04:54:39.453697,193.0,yes
data\synthetic\track4_fakes\videos\FAKE_T4_train_dia361_utt6__AUDIO_test_dia74_utt1.mp4,data\raw\MELD\MELD-RAW\MELD.Raw\train\train_splits\dia361_utt6.mp4,data\raw\MELD\MELD-RAW\MELD.Raw\test\output_repeated_splits_test\dia74_utt1.mp4,joy,neutral,Ross,Joey,train,1,musetalk_cross_speaker,FAKE_T4_train_dia361_utt6__AUDIO_test_dia74_utt1,,,,,,,yes
data\synthetic\track4_fakes\videos\FAKE_T4_train_dia362_utt9__AUDIO_train_dia596_utt16_musetalk.mp4,,,neutral,anger,Rachel,Phoebe,,1,musetalk_emotion_mismatch,FAKE_T4_train_dia362_utt9__AUDIO_train_dia596_utt16,done,0.5,train_dia362_utt9,train_dia596_utt16,2026-05-30T05:13:26.418755,175.3,yes
data\synthetic\track4_fakes\videos\FAKE_T4_train_dia365_utt10__AUDIO_train_dia820_utt9.mp4,data\raw\MELD\MELD-RAW\MELD.Raw\train\train_splits\dia365_utt10.mp4,data\raw\MELD\MELD-RAW\MELD.Raw\train\train_splits\dia820_utt9.mp4,neutral,joy,Flight Attendant,Joey,train,1,musetalk_cross_speaker,FAKE_T4_train_dia365_utt10__AUDIO_train_dia820_utt9,,,,,,,yes
data\synthetic\track4_fakes\videos\FAKE_T4_train_dia365_utt12__AUDIO_test_dia199_utt13.mp4,data\raw\MELD\MELD-RAW\MELD.Raw\train\train_splits\dia365_utt12.mp4,data\raw\MELD\MELD-RAW\MELD.Raw\test\output_repeated_splits_test\dia199_utt13.mp4,neutral,sadness,Flight Attendant,Rachel,train,1,musetalk_cross_speaker,FAKE_T4_train_dia365_utt12__AUDIO_test_dia199_utt13,,,,,,,yes
data\synthetic\track4_fakes\videos\FAKE_T4_train_dia376_utt3__AUDIO_dev_dia47_utt10.mp4,data\raw\MELD\MELD-RAW\MELD.Raw\train\train_splits\dia376_utt3.mp4,data\raw\MELD\MELD-RAW\MELD.Raw\dev\dev_splits_complete\dia47_utt10.mp4,fear,neutral,Phoebe,Carol,train,1,musetalk_cross_speaker,FAKE_T4_train_dia376_utt3__AUDIO_dev_dia47_utt10,,,,,,,yes
data\synthetic\track4_fakes\videos\FAKE_T4_train_dia379_utt2__AUDIO_test_dia153_utt0.mp4,data\raw\MELD\MELD-RAW\MELD.Raw\train\train_splits\dia379_utt2.mp4,data\raw\MELD\MELD-RAW\MELD.Raw\test\output_repeated_splits_test\dia153_utt0.mp4,sadness,neutral,Mark,Ross,train,1,musetalk_cross_speaker,FAKE_T4_train_dia379_utt2__AUDIO_test_dia153_utt0,,,,,,,yes
data\synthetic\track4_fakes\videos\FAKE_T4_train_dia381_utt0__AUDIO_train_dia295_utt11.mp4,data\raw\MELD\MELD-RAW\MELD.Raw\train\train_splits\dia381_utt0.mp4,data\raw\MELD\MELD-RAW\MELD.Raw\train\train_splits\dia295_utt11.mp4,neutral,anger,Mark,Joey,train,1,musetalk_cross_speaker,FAKE_T4_train_dia381_utt0__AUDIO_train_dia295_utt11,,,,,,,yes
data\synthetic\track4_fakes\videos\FAKE_T4_train_dia383_utt8__AUDIO_dev_dia39_utt1.mp4,data\raw\MELD\MELD-RAW\MELD.Raw\train\train_splits\dia383_utt8.mp4,data\raw\MELD\MELD-RAW\MELD.Raw\dev\dev_splits_complete\dia39_utt1.mp4,neutral,joy,Joey,Monica,train,1,musetalk_cross_speaker,FAKE_T4_train_dia383_utt8__AUDIO_dev_dia39_utt1,,,,,,,yes
data\synthetic\track4_fakes\videos\FAKE_T4_train_dia383_utt9__AUDIO_train_dia798_utt0_musetalk.mp4,,,neutral,disgust,Joey,Rachel,,1,musetalk_emotion_mismatch,FAKE_T4_train_dia383_utt9__AUDIO_train_dia798_utt0,done,0.3,train_dia383_utt9,train_dia798_utt0,2026-05-30T04:37:17.104349,90.1,yes
data\synthetic\track4_fakes\videos\FAKE_T4_train_dia384_utt1__AUDIO_train_dia482_utt9.mp4,data\raw\MELD\MELD-RAW\MELD.Raw\train\train_splits\dia384_utt1.mp4,data\raw\MELD\MELD-RAW\MELD.Raw\train\train_splits\dia482_utt9.mp4,neutral,anger,Guy,Phoebe,train,1,musetalk_cross_speaker,FAKE_T4_train_dia384_utt1__AUDIO_train_dia482_utt9,,,,,,,yes
data\synthetic\track4_fakes\videos\FAKE_T4_train_dia385_utt1__AUDIO_test_dia182_utt8.mp4,data\raw\MELD\MELD-RAW\MELD.Raw\train\train_splits\dia385_utt1.mp4,data\raw\MELD\MELD-RAW\MELD.Raw\test\output_repeated_splits_test\dia182_utt8.mp4,joy,neutral,Ross,Phoebe,train,1,musetalk_cross_speaker,FAKE_T4_train_dia385_utt1__AUDIO_test_dia182_utt8,,,,,,,yes
data\synthetic\track4_fakes\videos\FAKE_T4_train_dia388_utt11__AUDIO_train_dia361_utt6.mp4,data\raw\MELD\MELD-RAW\MELD.Raw\train\train_splits\dia388_utt11.mp4,data\raw\MELD\MELD-RAW\MELD.Raw\train\train_splits\dia361_utt6.mp4,neutral,joy,Joey,Ross,train,1,musetalk_cross_speaker,FAKE_T4_train_dia388_utt11__AUDIO_train_dia361_utt6,,,,,,,yes
data\synthetic\track4_fakes\videos\FAKE_T4_train_dia388_utt1__AUDIO_train_dia573_utt8.mp4,data\raw\MELD\MELD-RAW\MELD.Raw\train\train_splits\dia388_utt1.mp4,data\raw\MELD\MELD-RAW\MELD.Raw\train\train_splits\dia573_utt8.mp4,neutral,anger,Joey,Ross,train,1,musetalk_cross_speaker,FAKE_T4_train_dia388_utt1__AUDIO_train_dia573_utt8,,,,,,,yes
data\synthetic\track4_fakes\videos\FAKE_T4_train_dia389_utt6__AUDIO_train_dia163_utt9.mp4,data\raw\MELD\MELD-RAW\MELD.Raw\train\train_splits\dia389_utt6.mp4,data\raw\MELD\MELD-RAW\MELD.Raw\train\train_splits\dia163_utt9.mp4,joy,anger,Phoebe,Monica,train,1,musetalk_cross_speaker,FAKE_T4_train_dia389_utt6__AUDIO_train_dia163_utt9,,,,,,,yes
data\synthetic\track4_fakes\videos\FAKE_T4_train_dia389_utt7__AUDIO_dev_dia68_utt5.mp4,data\raw\MELD\MELD-RAW\MELD.Raw\train\train_splits\dia389_utt7.mp4,data\raw\MELD\MELD-RAW\MELD.Raw\dev\dev_splits_complete\dia68_utt5.mp4,neutral,sadness,Joey,Ross,train,1,musetalk_cross_speaker,FAKE_T4_train_dia389_utt7__AUDIO_dev_dia68_utt5,,,,,,,yes
data\synthetic\track4_fakes\videos\FAKE_T4_train_dia392_utt11__AUDIO_test_dia92_utt3.mp4,data\raw\MELD\MELD-RAW\MELD.Raw\train\train_splits\dia392_utt11.mp4,data\raw\MELD\MELD-RAW\MELD.Raw\test\output_repeated_splits_test\dia92_utt3.mp4,neutral,joy,Joey,Chandler,train,1,musetalk_cross_speaker,FAKE_T4_train_dia392_utt11__AUDIO_test_dia92_utt3,,,,,,,yes
data\synthetic\track4_fakes\videos\FAKE_T4_train_dia395_utt0__AUDIO_dev_dia107_utt1.mp4,data\raw\MELD\MELD-RAW\MELD.Raw\train\train_splits\dia395_utt0.mp4,data\raw\MELD\MELD-RAW\MELD.Raw\dev\dev_splits_complete\dia107_utt1.mp4,anger,neutral,Joey,Rachel,train,1,musetalk_cross_speaker,FAKE_T4_train_dia395_utt0__AUDIO_dev_dia107_utt1,,,,,,,yes
data\synthetic\track4_fakes\videos\FAKE_T4_train_dia3_utt5__AUDIO_train_dia911_utt1_musetalk.mp4,,,neutral,fear,Phoebe,Monica,,1,musetalk_emotion_mismatch,FAKE_T4_train_dia3_utt5__AUDIO_train_dia911_utt1,done,0.5,train_dia3_utt5,train_dia911_utt1,2026-05-30T04:41:10.094181,120.9,yes
data\synthetic\track4_fakes\videos\FAKE_T4_train_dia401_utt7__AUDIO_train_dia759_utt4.mp4,data\raw\MELD\MELD-RAW\MELD.Raw\train\train_splits\dia401_utt7.mp4,data\raw\MELD\MELD-RAW\MELD.Raw\train\train_splits\dia759_utt4.mp4,joy,anger,Phoebe,Janice,train,1,musetalk_cross_speaker,FAKE_T4_train_dia401_utt7__AUDIO_train_dia759_utt4,,,,,,,yes
data\synthetic\track4_fakes\videos\FAKE_T4_train_dia403_utt0__AUDIO_train_dia557_utt4.mp4,data\raw\MELD\MELD-RAW\MELD.Raw\train\train_splits\dia403_utt0.mp4,data\raw\MELD\MELD-RAW\MELD.Raw\train\train_splits\dia557_utt4.mp4,neutral,fear,Chandler,Katie,train,1,musetalk_cross_speaker,FAKE_T4_train_dia403_utt0__AUDIO_train_dia557_utt4,,,,,,,yes
data\synthetic\track4_fakes\videos\FAKE_T4_train_dia404_utt15__AUDIO_train_dia322_utt0_musetalk.mp4,,,neutral,disgust,Joey,Monica,,1,musetalk_emotion_mismatch,FAKE_T4_train_dia404_utt15__AUDIO_train_dia322_utt0,done,0.7,train_dia404_utt15,train_dia322_utt0,2026-05-30T04:25:05.891860,109.5,yes
data\synthetic\track4_fakes\videos\FAKE_T4_train_dia404_utt4__AUDIO_dev_dia92_utt11.mp4,data\raw\MELD\MELD-RAW\MELD.Raw\train\train_splits\dia404_utt4.mp4,data\raw\MELD\MELD-RAW\MELD.Raw\dev\dev_splits_complete\dia92_utt11.mp4,sadness,anger,Joey,Ross,train,1,musetalk_cross_speaker,FAKE_T4_train_dia404_utt4__AUDIO_dev_dia92_utt11,,,,,,,yes
data\synthetic\track4_fakes\videos\FAKE_T4_train_dia410_utt14__AUDIO_train_dia388_utt16.mp4,data\raw\MELD\MELD-RAW\MELD.Raw\train\train_splits\dia410_utt14.mp4,data\raw\MELD\MELD-RAW\MELD.Raw\train\train_splits\dia388_utt16.mp4,neutral,anger,Ross,Monica,train,1,musetalk_cross_speaker,FAKE_T4_train_dia410_utt14__AUDIO_train_dia388_utt16,,,,,,,yes
data\synthetic\track4_fakes\videos\FAKE_T4_train_dia410_utt8__AUDIO_train_dia996_utt3.mp4,data\raw\MELD\MELD-RAW\MELD.Raw\train\train_splits\dia410_utt8.mp4,data\raw\MELD\MELD-RAW\MELD.Raw\train\train_splits\dia996_utt3.mp4,neutral,anger,Carl,Ross,train,1,musetalk_cross_speaker,FAKE_T4_train_dia410_utt8__AUDIO_train_dia996_utt3,,,,,,,yes
data\synthetic\track4_fakes\videos\FAKE_T4_train_dia412_utt16__AUDIO_train_dia138_utt5.mp4,data\raw\MELD\MELD-RAW\MELD.Raw\train\train_splits\dia412_utt16.mp4,data\raw\MELD\MELD-RAW\MELD.Raw\train\train_splits\dia138_utt5.mp4,neutral,disgust,Joey,Rachel,train,1,musetalk_cross_speaker,FAKE_T4_train_dia412_utt16__AUDIO_train_dia138_utt5,,,,,,,yes
data\synthetic\track4_fakes\videos\FAKE_T4_train_dia420_utt3__AUDIO_train_dia782_utt6.mp4,data\raw\MELD\MELD-RAW\MELD.Raw\train\train_splits\dia420_utt3.mp4,data\raw\MELD\MELD-RAW\MELD.Raw\train\train_splits\dia782_utt6.mp4,neutral,fear,Rachel,Mark,train,1,musetalk_cross_speaker,FAKE_T4_train_dia420_utt3__AUDIO_train_dia782_utt6,,,,,,,yes
data\synthetic\track4_fakes\videos\FAKE_T4_train_dia420_utt6__AUDIO_train_dia623_utt17.mp4,data\raw\MELD\MELD-RAW\MELD.Raw\train\train_splits\dia420_utt6.mp4,data\raw\MELD\MELD-RAW\MELD.Raw\train\train_splits\dia623_utt17.mp4,neutral,joy,Phoebe,Ross,train,1,musetalk_cross_speaker,FAKE_T4_train_dia420_utt6__AUDIO_train_dia623_utt17,,,,,,,yes
data\synthetic\track4_fakes\videos\FAKE_T4_train_dia423_utt1__AUDIO_train_dia259_utt0.mp4,data\raw\MELD\MELD-RAW\MELD.Raw\train\train_splits\dia423_utt1.mp4,data\raw\MELD\MELD-RAW\MELD.Raw\train\train_splits\dia259_utt0.mp4,neutral,fear,Monica,Dr. Leedbetter,train,1,musetalk_cross_speaker,FAKE_T4_train_dia423_utt1__AUDIO_train_dia259_utt0,,,,,,,yes
data\synthetic\track4_fakes\videos\FAKE_T4_train_dia424_utt2__AUDIO_dev_dia38_utt0.mp4,data\raw\MELD\MELD-RAW\MELD.Raw\train\train_splits\dia424_utt2.mp4,data\raw\MELD\MELD-RAW\MELD.Raw\dev\dev_splits_complete\dia38_utt0.mp4,neutral,anger,Ross,Joey,train,1,musetalk_cross_speaker,FAKE_T4_train_dia424_utt2__AUDIO_dev_dia38_utt0,,,,,,,yes
data\synthetic\track4_fakes\videos\FAKE_T4_train_dia424_utt4__AUDIO_train_dia404_utt4_musetalk.mp4,,,neutral,sadness,Ross,Joey,,1,musetalk_emotion_mismatch,FAKE_T4_train_dia424_utt4__AUDIO_train_dia404_utt4,done,0.7,train_dia424_utt4,train_dia404_utt4,2026-05-30T05:38:40.441227,142.2,yes
data\synthetic\track4_fakes\videos\FAKE_T4_train_dia425_utt5__AUDIO_train_dia317_utt7.mp4,data\raw\MELD\MELD-RAW\MELD.Raw\train\train_splits\dia425_utt5.mp4,data\raw\MELD\MELD-RAW\MELD.Raw\train\train_splits\dia317_utt7.mp4,neutral,joy,Phoebe,Phoebe,train,1,musetalk_cross_speaker,FAKE_T4_train_dia425_utt5__AUDIO_train_dia317_utt7,,,,,,,yes
data\synthetic\track4_fakes\videos\FAKE_T4_train_dia426_utt2__AUDIO_train_dia658_utt0.mp4,data\raw\MELD\MELD-RAW\MELD.Raw\train\train_splits\dia426_utt2.mp4,data\raw\MELD\MELD-RAW\MELD.Raw\train\train_splits\dia658_utt0.mp4,anger,neutral,Phoebe,Chandler,train,1,musetalk_cross_speaker,FAKE_T4_train_dia426_utt2__AUDIO_train_dia658_utt0,,,,,,,yes
data\synthetic\track4_fakes\videos\FAKE_T4_train_dia429_utt8__AUDIO_train_dia54_utt23.mp4,data\raw\MELD\MELD-RAW\MELD.Raw\train\train_splits\dia429_utt8.mp4,data\raw\MELD\MELD-RAW\MELD.Raw\train\train_splits\dia54_utt23.mp4,neutral,anger,Lorraine,Rachel,train,1,musetalk_cross_speaker,FAKE_T4_train_dia429_utt8__AUDIO_train_dia54_utt23,,,,,,,yes
data\synthetic\track4_fakes\videos\FAKE_T4_train_dia431_utt12__AUDIO_train_dia239_utt4.mp4,data\raw\MELD\MELD-RAW\MELD.Raw\train\train_splits\dia431_utt12.mp4,data\raw\MELD\MELD-RAW\MELD.Raw\train\train_splits\dia239_utt4.mp4,anger,neutral,Phoebe,Ross,train,1,musetalk_cross_speaker,FAKE_T4_train_dia431_utt12__AUDIO_train_dia239_utt4,,,,,,,yes
data\synthetic\track4_fakes\videos\FAKE_T4_train_dia436_utt4__AUDIO_train_dia745_utt7.mp4,data\raw\MELD\MELD-RAW\MELD.Raw\train\train_splits\dia436_utt4.mp4,data\raw\MELD\MELD-RAW\MELD.Raw\train\train_splits\dia745_utt7.mp4,neutral,anger,Rachel,Joey,train,1,musetalk_cross_speaker,FAKE_T4_train_dia436_utt4__AUDIO_train_dia745_utt7,,,,,,,yes
data\synthetic\track4_fakes\videos\FAKE_T4_train_dia438_utt2__AUDIO_dev_dia30_utt17.mp4,data\raw\MELD\MELD-RAW\MELD.Raw\train\train_splits\dia438_utt2.mp4,data\raw\MELD\MELD-RAW\MELD.Raw\dev\dev_splits_complete\dia30_utt17.mp4,neutral,anger,Richards Date,Phoebe,train,1,musetalk_cross_speaker,FAKE_T4_train_dia438_utt2__AUDIO_dev_dia30_utt17,,,,,,,yes
data\synthetic\track4_fakes\videos\FAKE_T4_train_dia438_utt7__AUDIO_dev_dia26_utt9.mp4,data\raw\MELD\MELD-RAW\MELD.Raw\train\train_splits\dia438_utt7.mp4,data\raw\MELD\MELD-RAW\MELD.Raw\dev\dev_splits_complete\dia26_utt9.mp4,neutral,sadness,Richard,Monica,train,1,musetalk_cross_speaker,FAKE_T4_train_dia438_utt7__AUDIO_dev_dia26_utt9,,,,,,,yes
data\synthetic\track4_fakes\videos\FAKE_T4_train_dia442_utt2__AUDIO_test_dia102_utt5.mp4,data\raw\MELD\MELD-RAW\MELD.Raw\train\train_splits\dia442_utt2.mp4,data\raw\MELD\MELD-RAW\MELD.Raw\test\output_repeated_splits_test\dia102_utt5.mp4,neutral,sadness,Chandler,Phoebe,train,1,musetalk_cross_speaker,FAKE_T4_train_dia442_utt2__AUDIO_test_dia102_utt5,,,,,,,yes
data\synthetic\track4_fakes\videos\FAKE_T4_train_dia446_utt8__AUDIO_train_dia806_utt17.mp4,data\raw\MELD\MELD-RAW\MELD.Raw\train\train_splits\dia446_utt8.mp4,data\raw\MELD\MELD-RAW\MELD.Raw\train\train_splits\dia806_utt17.mp4,neutral,joy,Pete,Joey,train,1,musetalk_cross_speaker,FAKE_T4_train_dia446_utt8__AUDIO_train_dia806_utt17,,,,,,,yes
data\synthetic\track4_fakes\videos\FAKE_T4_train_dia450_utt11__AUDIO_train_dia661_utt4.mp4,data\raw\MELD\MELD-RAW\MELD.Raw\train\train_splits\dia450_utt11.mp4,data\raw\MELD\MELD-RAW\MELD.Raw\train\train_splits\dia661_utt4.mp4,joy,neutral,Monica,Joey,train,1,musetalk_cross_speaker,FAKE_T4_train_dia450_utt11__AUDIO_train_dia661_utt4,,,,,,,yes
data\synthetic\track4_fakes\videos\FAKE_T4_train_dia450_utt6__AUDIO_train_dia876_utt1.mp4,data\raw\MELD\MELD-RAW\MELD.Raw\train\train_splits\dia450_utt6.mp4,data\raw\MELD\MELD-RAW\MELD.Raw\train\train_splits\dia876_utt1.mp4,neutral,anger,Rachel,Joey,train,1,musetalk_cross_speaker,FAKE_T4_train_dia450_utt6__AUDIO_train_dia876_utt1,,,,,,,yes
data\synthetic\track4_fakes\videos\FAKE_T4_train_dia455_utt5__AUDIO_train_dia614_utt8.mp4,data\raw\MELD\MELD-RAW\MELD.Raw\train\train_splits\dia455_utt5.mp4,data\raw\MELD\MELD-RAW\MELD.Raw\train\train_splits\dia614_utt8.mp4,fear,joy,Julie,Rachel,train,1,musetalk_cross_speaker,FAKE_T4_train_dia455_utt5__AUDIO_train_dia614_utt8,,,,,,,yes
data\synthetic\track4_fakes\videos\FAKE_T4_train_dia455_utt9__AUDIO_train_dia770_utt17.mp4,data\raw\MELD\MELD-RAW\MELD.Raw\train\train_splits\dia455_utt9.mp4,data\raw\MELD\MELD-RAW\MELD.Raw\train\train_splits\dia770_utt17.mp4,neutral,fear,Rachel,Chandler,train,1,musetalk_cross_speaker,FAKE_T4_train_dia455_utt9__AUDIO_train_dia770_utt17,,,,,,,yes
data\synthetic\track4_fakes\videos\FAKE_T4_train_dia464_utt8__AUDIO_train_dia148_utt2.mp4,data\raw\MELD\MELD-RAW\MELD.Raw\train\train_splits\dia464_utt8.mp4,data\raw\MELD\MELD-RAW\MELD.Raw\train\train_splits\dia148_utt2.mp4,neutral,anger,Joey,Chandler,train,1,musetalk_cross_speaker,FAKE_T4_train_dia464_utt8__AUDIO_train_dia148_utt2,,,,,,,yes
data\synthetic\track4_fakes\videos\FAKE_T4_train_dia464_utt9__AUDIO_train_dia40_utt8.mp4,data\raw\MELD\MELD-RAW\MELD.Raw\train\train_splits\dia464_utt9.mp4,data\raw\MELD\MELD-RAW\MELD.Raw\train\train_splits\dia40_utt8.mp4,neutral,disgust,Chandler,Joey,train,1,musetalk_cross_speaker,FAKE_T4_train_dia464_utt9__AUDIO_train_dia40_utt8,,,,,,,yes
data\synthetic\track4_fakes\videos\FAKE_T4_train_dia465_utt1__AUDIO_test_dia258_utt12.mp4,data\raw\MELD\MELD-RAW\MELD.Raw\train\train_splits\dia465_utt1.mp4,data\raw\MELD\MELD-RAW\MELD.Raw\test\output_repeated_splits_test\dia258_utt12.mp4,neutral,joy,Joey,Chandler,train,1,musetalk_cross_speaker,FAKE_T4_train_dia465_utt1__AUDIO_test_dia258_utt12,,,,,,,yes
data\synthetic\track4_fakes\videos\FAKE_T4_train_dia466_utt3__AUDIO_test_dia52_utt5.mp4,data\raw\MELD\MELD-RAW\MELD.Raw\train\train_splits\dia466_utt3.mp4,data\raw\MELD\MELD-RAW\MELD.Raw\test\output_repeated_splits_test\dia52_utt5.mp4,disgust,neutral,Chandler,Joey,train,1,musetalk_cross_speaker,FAKE_T4_train_dia466_utt3__AUDIO_test_dia52_utt5,,,,,,,yes
data\synthetic\track4_fakes\videos\FAKE_T4_train_dia468_utt0__AUDIO_train_dia810_utt9.mp4,data\raw\MELD\MELD-RAW\MELD.Raw\train\train_splits\dia468_utt0.mp4,data\raw\MELD\MELD-RAW\MELD.Raw\train\train_splits\dia810_utt9.mp4,neutral,joy,Phoebe,Monica,train,1,musetalk_cross_speaker,FAKE_T4_train_dia468_utt0__AUDIO_train_dia810_utt9,,,,,,,yes
data\synthetic\track4_fakes\videos\FAKE_T4_train_dia475_utt6__AUDIO_test_dia204_utt0.mp4,data\raw\MELD\MELD-RAW\MELD.Raw\train\train_splits\dia475_utt6.mp4,data\raw\MELD\MELD-RAW\MELD.Raw\test\output_repeated_splits_test\dia204_utt0.mp4,neutral,sadness,Monica,Rachel,train,1,musetalk_cross_speaker,FAKE_T4_train_dia475_utt6__AUDIO_test_dia204_utt0,,,,,,,yes
data\synthetic\track4_fakes\videos\FAKE_T4_train_dia476_utt6__AUDIO_test_dia252_utt3.mp4,data\raw\MELD\MELD-RAW\MELD.Raw\train\train_splits\dia476_utt6.mp4,data\raw\MELD\MELD-RAW\MELD.Raw\test\output_repeated_splits_test\dia252_utt3.mp4,neutral,anger,Ross,Ross,train,1,musetalk_cross_speaker,FAKE_T4_train_dia476_utt6__AUDIO_test_dia252_utt3,,,,,,,yes
data\synthetic\track4_fakes\videos\FAKE_T4_train_dia47_utt15__AUDIO_train_dia960_utt3.mp4,data\raw\MELD\MELD-RAW\MELD.Raw\train\train_splits\dia47_utt15.mp4,data\raw\MELD\MELD-RAW\MELD.Raw\train\train_splits\dia960_utt3.mp4,joy,disgust,Joey,Monica,train,1,musetalk_cross_speaker,FAKE_T4_train_dia47_utt15__AUDIO_train_dia960_utt3,,,,,,,yes
data\synthetic\track4_fakes\videos\FAKE_T4_train_dia481_utt5__AUDIO_train_dia552_utt0_musetalk.mp4,,,neutral,disgust,Rachel,Monica,,1,musetalk_emotion_mismatch,FAKE_T4_train_dia481_utt5__AUDIO_train_dia552_utt0,done,0.5,train_dia481_utt5,train_dia552_utt0,2026-05-30T05:40:27.517500,107.1,yes
data\synthetic\track4_fakes\videos\FAKE_T4_train_dia482_utt8__AUDIO_test_dia22_utt18.mp4,data\raw\MELD\MELD-RAW\MELD.Raw\train\train_splits\dia482_utt8.mp4,data\raw\MELD\MELD-RAW\MELD.Raw\test\output_repeated_splits_test\dia22_utt18.mp4,neutral,joy,The Fireman,Monica,train,1,musetalk_cross_speaker,FAKE_T4_train_dia482_utt8__AUDIO_test_dia22_utt18,,,,,,,yes
data\synthetic\track4_fakes\videos\FAKE_T4_train_dia486_utt14__AUDIO_train_dia122_utt9.mp4,data\raw\MELD\MELD-RAW\MELD.Raw\train\train_splits\dia486_utt14.mp4,data\raw\MELD\MELD-RAW\MELD.Raw\train\train_splits\dia122_utt9.mp4,sadness,disgust,Chandler,Pete,train,1,musetalk_cross_speaker,FAKE_T4_train_dia486_utt14__AUDIO_train_dia122_utt9,,,,,,,yes
data\synthetic\track4_fakes\videos\FAKE_T4_train_dia493_utt3__AUDIO_train_dia789_utt1.mp4,data\raw\MELD\MELD-RAW\MELD.Raw\train\train_splits\dia493_utt3.mp4,data\raw\MELD\MELD-RAW\MELD.Raw\train\train_splits\dia789_utt1.mp4,neutral,joy,Monica,Joey,train,1,musetalk_cross_speaker,FAKE_T4_train_dia493_utt3__AUDIO_train_dia789_utt1,,,,,,,yes
data\synthetic\track4_fakes\videos\FAKE_T4_train_dia496_utt3__AUDIO_train_dia1024_utt11.mp4,data\raw\MELD\MELD-RAW\MELD.Raw\train\train_splits\dia496_utt3.mp4,data\raw\MELD\MELD-RAW\MELD.Raw\train\train_splits\dia1024_utt11.mp4,neutral,joy,Phoebe,Joey,train,1,musetalk_cross_speaker,FAKE_T4_train_dia496_utt3__AUDIO_train_dia1024_utt11,,,,,,,yes
data\synthetic\track4_fakes\videos\FAKE_T4_train_dia499_utt21__AUDIO_train_dia662_utt6.mp4,data\raw\MELD\MELD-RAW\MELD.Raw\train\train_splits\dia499_utt21.mp4,data\raw\MELD\MELD-RAW\MELD.Raw\train\train_splits\dia662_utt6.mp4,neutral,sadness,Joey,Joey,train,1,musetalk_cross_speaker,FAKE_T4_train_dia499_utt21__AUDIO_train_dia662_utt6,,,,,,,yes
data\synthetic\track4_fakes\videos\FAKE_T4_train_dia49_utt1__AUDIO_train_dia301_utt15.mp4,data\raw\MELD\MELD-RAW\MELD.Raw\train\train_splits\dia49_utt1.mp4,data\raw\MELD\MELD-RAW\MELD.Raw\train\train_splits\dia301_utt15.mp4,neutral,fear,Ross,Mindy,train,1,musetalk_cross_speaker,FAKE_T4_train_dia49_utt1__AUDIO_train_dia301_utt15,,,,,,,yes
data\synthetic\track4_fakes\videos\FAKE_T4_train_dia503_utt10__AUDIO_train_dia980_utt4.mp4,data\raw\MELD\MELD-RAW\MELD.Raw\train\train_splits\dia503_utt10.mp4,data\raw\MELD\MELD-RAW\MELD.Raw\train\train_splits\dia980_utt4.mp4,neutral,disgust,Drunken Gambler,Ross,train,1,musetalk_cross_speaker,FAKE_T4_train_dia503_utt10__AUDIO_train_dia980_utt4,,,,,,,yes
data\synthetic\track4_fakes\videos\FAKE_T4_train_dia505_utt9__AUDIO_train_dia219_utt3.mp4,data\raw\MELD\MELD-RAW\MELD.Raw\train\train_splits\dia505_utt9.mp4,data\raw\MELD\MELD-RAW\MELD.Raw\train\train_splits\dia219_utt3.mp4,neutral,joy,Phoebe,Joey,train,1,musetalk_cross_speaker,FAKE_T4_train_dia505_utt9__AUDIO_train_dia219_utt3,,,,,,,yes
data\synthetic\track4_fakes\videos\FAKE_T4_train_dia507_utt12__AUDIO_test_dia204_utt0.mp4,data\raw\MELD\MELD-RAW\MELD.Raw\train\train_splits\dia507_utt12.mp4,data\raw\MELD\MELD-RAW\MELD.Raw\test\output_repeated_splits_test\dia204_utt0.mp4,joy,sadness,Monica,Rachel,train,1,musetalk_cross_speaker,FAKE_T4_train_dia507_utt12__AUDIO_test_dia204_utt0,,,,,,,yes
data\synthetic\track4_fakes\videos\FAKE_T4_train_dia507_utt1__AUDIO_train_dia950_utt16.mp4,data\raw\MELD\MELD-RAW\MELD.Raw\train\train_splits\dia507_utt1.mp4,data\raw\MELD\MELD-RAW\MELD.Raw\train\train_splits\dia950_utt16.mp4,joy,neutral,Monica,Monica,train,1,musetalk_cross_speaker,FAKE_T4_train_dia507_utt1__AUDIO_train_dia950_utt16,,,,,,,yes
data\synthetic\track4_fakes\videos\FAKE_T4_train_dia508_utt22__AUDIO_test_dia175_utt21.mp4,data\raw\MELD\MELD-RAW\MELD.Raw\train\train_splits\dia508_utt22.mp4,data\raw\MELD\MELD-RAW\MELD.Raw\test\output_repeated_splits_test\dia175_utt21.mp4,anger,neutral,Joey,Tag,train,1,musetalk_cross_speaker,FAKE_T4_train_dia508_utt22__AUDIO_test_dia175_utt21,,,,,,,yes
data\synthetic\track4_fakes\videos\FAKE_T4_train_dia509_utt4__AUDIO_train_dia404_utt4.mp4,data\raw\MELD\MELD-RAW\MELD.Raw\train\train_splits\dia509_utt4.mp4,data\raw\MELD\MELD-RAW\MELD.Raw\train\train_splits\dia404_utt4.mp4,anger,sadness,Rachel,Joey,train,1,musetalk_cross_speaker,FAKE_T4_train_dia509_utt4__AUDIO_train_dia404_utt4,,,,,,,yes
data\synthetic\track4_fakes\videos\FAKE_T4_train_dia50_utt10__AUDIO_train_dia523_utt6.mp4,data\raw\MELD\MELD-RAW\MELD.Raw\train\train_splits\dia50_utt10.mp4,data\raw\MELD\MELD-RAW\MELD.Raw\train\train_splits\dia523_utt6.mp4,neutral,anger,Joey,Ross,train,1,musetalk_cross_speaker,FAKE_T4_train_dia50_utt10__AUDIO_train_dia523_utt6,,,,,,,yes
data\synthetic\track4_fakes\videos\FAKE_T4_train_dia512_utt12__AUDIO_train_dia109_utt6.mp4,data\raw\MELD\MELD-RAW\MELD.Raw\train\train_splits\dia512_utt12.mp4,data\raw\MELD\MELD-RAW\MELD.Raw\train\train_splits\dia109_utt6.mp4,anger,sadness,Rachel,Rachel,train,1,musetalk_cross_speaker,FAKE_T4_train_dia512_utt12__AUDIO_train_dia109_utt6,,,,,,,yes
data\synthetic\track4_fakes\videos\FAKE_T4_train_dia519_utt4__AUDIO_test_dia32_utt6.mp4,data\raw\MELD\MELD-RAW\MELD.Raw\train\train_splits\dia519_utt4.mp4,data\raw\MELD\MELD-RAW\MELD.Raw\test\output_repeated_splits_test\dia32_utt6.mp4,joy,neutral,Monica,Phoebe,train,1,musetalk_cross_speaker,FAKE_T4_train_dia519_utt4__AUDIO_test_dia32_utt6,,,,,,,yes
data\synthetic\track4_fakes\videos\FAKE_T4_train_dia520_utt5__AUDIO_train_dia305_utt0.mp4,data\raw\MELD\MELD-RAW\MELD.Raw\train\train_splits\dia520_utt5.mp4,data\raw\MELD\MELD-RAW\MELD.Raw\train\train_splits\dia305_utt0.mp4,neutral,joy,Joey,Chandler,train,1,musetalk_cross_speaker,FAKE_T4_train_dia520_utt5__AUDIO_train_dia305_utt0,,,,,,,yes
data\synthetic\track4_fakes\videos\FAKE_T4_train_dia521_utt1__AUDIO_train_dia740_utt0.mp4,data\raw\MELD\MELD-RAW\MELD.Raw\train\train_splits\dia521_utt1.mp4,data\raw\MELD\MELD-RAW\MELD.Raw\train\train_splits\dia740_utt0.mp4,neutral,sadness,Joey,Mr. Geller,train,1,musetalk_cross_speaker,FAKE_T4_train_dia521_utt1__AUDIO_train_dia740_utt0,,,,,,,yes
data\synthetic\track4_fakes\videos\FAKE_T4_train_dia521_utt3__AUDIO_dev_dia95_utt3.mp4,data\raw\MELD\MELD-RAW\MELD.Raw\train\train_splits\dia521_utt3.mp4,data\raw\MELD\MELD-RAW\MELD.Raw\dev\dev_splits_complete\dia95_utt3.mp4,anger,neutral,Joey,Joey,train,1,musetalk_cross_speaker,FAKE_T4_train_dia521_utt3__AUDIO_dev_dia95_utt3,,,,,,,yes
data\synthetic\track4_fakes\videos\FAKE_T4_train_dia524_utt2__AUDIO_test_dia127_utt4.mp4,data\raw\MELD\MELD-RAW\MELD.Raw\train\train_splits\dia524_utt2.mp4,data\raw\MELD\MELD-RAW\MELD.Raw\test\output_repeated_splits_test\dia127_utt4.mp4,sadness,neutral,Phoebe,Rachel,train,1,musetalk_cross_speaker,FAKE_T4_train_dia524_utt2__AUDIO_test_dia127_utt4,,,,,,,yes
data\synthetic\track4_fakes\videos\FAKE_T4_train_dia526_utt18__AUDIO_test_dia72_utt3.mp4,data\raw\MELD\MELD-RAW\MELD.Raw\train\train_splits\dia526_utt18.mp4,data\raw\MELD\MELD-RAW\MELD.Raw\test\output_repeated_splits_test\dia72_utt3.mp4,neutral,anger,Isabella,Rachel,train,1,musetalk_cross_speaker,FAKE_T4_train_dia526_utt18__AUDIO_test_dia72_utt3,,,,,,,yes
data\synthetic\track4_fakes\videos\FAKE_T4_train_dia526_utt5__AUDIO_train_dia933_utt15.mp4,data\raw\MELD\MELD-RAW\MELD.Raw\train\train_splits\dia526_utt5.mp4,data\raw\MELD\MELD-RAW\MELD.Raw\train\train_splits\dia933_utt15.mp4,joy,sadness,Ross,Joey,train,1,musetalk_cross_speaker,FAKE_T4_train_dia526_utt5__AUDIO_train_dia933_utt15,,,,,,,yes
data\synthetic\track4_fakes\videos\FAKE_T4_train_dia527_utt4__AUDIO_test_dia275_utt3.mp4,data\raw\MELD\MELD-RAW\MELD.Raw\train\train_splits\dia527_utt4.mp4,data\raw\MELD\MELD-RAW\MELD.Raw\test\output_repeated_splits_test\dia275_utt3.mp4,joy,neutral,Chandler,Monica,train,1,musetalk_cross_speaker,FAKE_T4_train_dia527_utt4__AUDIO_test_dia275_utt3,,,,,,,yes
data\synthetic\track4_fakes\videos\FAKE_T4_train_dia529_utt7__AUDIO_test_dia12_utt19.mp4,data\raw\MELD\MELD-RAW\MELD.Raw\train\train_splits\dia529_utt7.mp4,data\raw\MELD\MELD-RAW\MELD.Raw\test\output_repeated_splits_test\dia12_utt19.mp4,neutral,joy,Ross,Ross,train,1,musetalk_cross_speaker,FAKE_T4_train_dia529_utt7__AUDIO_test_dia12_utt19,,,,,,,yes
data\synthetic\track4_fakes\videos\FAKE_T4_train_dia52_utt5__AUDIO_train_dia351_utt0.mp4,data\raw\MELD\MELD-RAW\MELD.Raw\train\train_splits\dia52_utt5.mp4,data\raw\MELD\MELD-RAW\MELD.Raw\train\train_splits\dia351_utt0.mp4,neutral,anger,Phoebe,Dr. Green,train,1,musetalk_cross_speaker,FAKE_T4_train_dia52_utt5__AUDIO_train_dia351_utt0,,,,,,,yes
data\synthetic\track4_fakes\videos\FAKE_T4_train_dia530_utt16__AUDIO_train_dia94_utt9.mp4,data\raw\MELD\MELD-RAW\MELD.Raw\train\train_splits\dia530_utt16.mp4,data\raw\MELD\MELD-RAW\MELD.Raw\train\train_splits\dia94_utt9.mp4,sadness,neutral,Phoebe Sr,Joanna,train,1,musetalk_cross_speaker,FAKE_T4_train_dia530_utt16__AUDIO_train_dia94_utt9,,,,,,,yes
data\synthetic\track4_fakes\videos\FAKE_T4_train_dia530_utt23__AUDIO_test_dia34_utt12.mp4,data\raw\MELD\MELD-RAW\MELD.Raw\train\train_splits\dia530_utt23.mp4,data\raw\MELD\MELD-RAW\MELD.Raw\test\output_repeated_splits_test\dia34_utt12.mp4,sadness,neutral,Phoebe Sr,Rachel,train,1,musetalk_cross_speaker,FAKE_T4_train_dia530_utt23__AUDIO_test_dia34_utt12,,,,,,,yes
data\synthetic\track4_fakes\videos\FAKE_T4_train_dia531_utt3__AUDIO_train_dia145_utt6_musetalk.mp4,,,sadness,anger,Ross,Chandler,,1,musetalk_emotion_mismatch,FAKE_T4_train_dia531_utt3__AUDIO_train_dia145_utt6,done,0.4,train_dia531_utt3,train_dia145_utt6,2026-05-30T05:36:18.280228,112.8,yes
data\synthetic\track4_fakes\videos\FAKE_T4_train_dia533_utt2__AUDIO_train_dia41_utt11.mp4,data\raw\MELD\MELD-RAW\MELD.Raw\train\train_splits\dia533_utt2.mp4,data\raw\MELD\MELD-RAW\MELD.Raw\train\train_splits\dia41_utt11.mp4,sadness,neutral,Tag,Mr. Tribbiani,train,1,musetalk_cross_speaker,FAKE_T4_train_dia533_utt2__AUDIO_train_dia41_utt11,,,,,,,yes
data\synthetic\track4_fakes\videos\FAKE_T4_train_dia534_utt1__AUDIO_train_dia138_utt1_musetalk.mp4,,,neutral,anger,Cassie,Rachel,,1,musetalk_emotion_mismatch,FAKE_T4_train_dia534_utt1__AUDIO_train_dia138_utt1,done,0.5,train_dia534_utt1,train_dia138_utt1,2026-05-30T05:02:42.695224,108.0,yes
data\synthetic\track4_fakes\videos\FAKE_T4_train_dia537_utt2__AUDIO_train_dia531_utt0.mp4,data\raw\MELD\MELD-RAW\MELD.Raw\train\train_splits\dia537_utt2.mp4,data\raw\MELD\MELD-RAW\MELD.Raw\train\train_splits\dia531_utt0.mp4,joy,neutral,Joey,A Student,train,1,musetalk_cross_speaker,FAKE_T4_train_dia537_utt2__AUDIO_train_dia531_utt0,,,,,,,yes
data\synthetic\track4_fakes\videos\FAKE_T4_train_dia541_utt13__AUDIO_train_dia168_utt9.mp4,data\raw\MELD\MELD-RAW\MELD.Raw\train\train_splits\dia541_utt13.mp4,data\raw\MELD\MELD-RAW\MELD.Raw\train\train_splits\dia168_utt9.mp4,neutral,anger,Carol,Rachel,train,1,musetalk_cross_speaker,FAKE_T4_train_dia541_utt13__AUDIO_train_dia168_utt9,,,,,,,yes
data\synthetic\track4_fakes\videos\FAKE_T4_train_dia541_utt15__AUDIO_test_dia117_utt5_musetalk.mp4,,,neutral,fear,Ross,Ross,,1,musetalk_emotion_mismatch,FAKE_T4_train_dia541_utt15__AUDIO_test_dia117_utt5,done,0.7,train_dia541_utt15,test_dia117_utt5,2026-05-30T05:22:24.138123,137.7,yes
data\synthetic\track4_fakes\videos\FAKE_T4_train_dia545_utt0__AUDIO_train_dia100_utt5.mp4,data\raw\MELD\MELD-RAW\MELD.Raw\train\train_splits\dia545_utt0.mp4,data\raw\MELD\MELD-RAW\MELD.Raw\train\train_splits\dia100_utt5.mp4,anger,neutral,Monica,Ross,train,1,musetalk_cross_speaker,FAKE_T4_train_dia545_utt0__AUDIO_train_dia100_utt5,,,,,,,yes
data\synthetic\track4_fakes\videos\FAKE_T4_train_dia545_utt5__AUDIO_train_dia519_utt3_musetalk.mp4,,,joy,neutral,Rachel,Chandler,,1,musetalk_emotion_mismatch,FAKE_T4_train_dia545_utt5__AUDIO_train_dia519_utt3,done,1.1,train_dia545_utt5,train_dia519_utt3,2026-05-30T06:02:59.882083,171.3,yes
data\synthetic\track4_fakes\videos\FAKE_T4_train_dia546_utt18__AUDIO_train_dia58_utt7.mp4,data\raw\MELD\MELD-RAW\MELD.Raw\train\train_splits\dia546_utt18.mp4,data\raw\MELD\MELD-RAW\MELD.Raw\train\train_splits\dia58_utt7.mp4,disgust,neutral,Monica,Monica,train,1,musetalk_cross_speaker,FAKE_T4_train_dia546_utt18__AUDIO_train_dia58_utt7,,,,,,,yes
data\synthetic\track4_fakes\videos\FAKE_T4_train_dia546_utt5__AUDIO_train_dia486_utt14.mp4,data\raw\MELD\MELD-RAW\MELD.Raw\train\train_splits\dia546_utt5.mp4,data\raw\MELD\MELD-RAW\MELD.Raw\train\train_splits\dia486_utt14.mp4,neutral,sadness,Teacher,Chandler,train,1,musetalk_cross_speaker,FAKE_T4_train_dia546_utt5__AUDIO_train_dia486_utt14,,,,,,,yes
data\synthetic\track4_fakes\videos\FAKE_T4_train_dia546_utt8__AUDIO_train_dia271_utt7.mp4,data\raw\MELD\MELD-RAW\MELD.Raw\train\train_splits\dia546_utt8.mp4,data\raw\MELD\MELD-RAW\MELD.Raw\train\train_splits\dia271_utt7.mp4,anger,neutral,Monica,Katie,train,1,musetalk_cross_speaker,FAKE_T4_train_dia546_utt8__AUDIO_train_dia271_utt7,,,,,,,yes
data\synthetic\track4_fakes\videos\FAKE_T4_train_dia548_utt6__AUDIO_train_dia7_utt1.mp4,data\raw\MELD\MELD-RAW\MELD.Raw\train\train_splits\dia548_utt6.mp4,data\raw\MELD\MELD-RAW\MELD.Raw\train\train_splits\dia7_utt1.mp4,neutral,anger,Monica,Ross,train,1,musetalk_cross_speaker,FAKE_T4_train_dia548_utt6__AUDIO_train_dia7_utt1,,,,,,,yes
data\synthetic\track4_fakes\videos\FAKE_T4_train_dia54_utt17__AUDIO_train_dia827_utt0.mp4,data\raw\MELD\MELD-RAW\MELD.Raw\train\train_splits\dia54_utt17.mp4,data\raw\MELD\MELD-RAW\MELD.Raw\train\train_splits\dia827_utt0.mp4,joy,neutral,Joey,Phoebe,train,1,musetalk_cross_speaker,FAKE_T4_train_dia54_utt17__AUDIO_train_dia827_utt0,,,,,,,yes
data\synthetic\track4_fakes\videos\FAKE_T4_train_dia54_utt18__AUDIO_train_dia627_utt0.mp4,data\raw\MELD\MELD-RAW\MELD.Raw\train\train_splits\dia54_utt18.mp4,data\raw\MELD\MELD-RAW\MELD.Raw\train\train_splits\dia627_utt0.mp4,joy,neutral,Dina,Phoebe,train,1,musetalk_cross_speaker,FAKE_T4_train_dia54_utt18__AUDIO_train_dia627_utt0,,,,,,,yes
data\synthetic\track4_fakes\videos\FAKE_T4_train_dia553_utt1__AUDIO_train_dia160_utt8.mp4,data\raw\MELD\MELD-RAW\MELD.Raw\train\train_splits\dia553_utt1.mp4,data\raw\MELD\MELD-RAW\MELD.Raw\train\train_splits\dia160_utt8.mp4,neutral,sadness,Ross,Ross,train,1,musetalk_cross_speaker,FAKE_T4_train_dia553_utt1__AUDIO_train_dia160_utt8,,,,,,,yes
data\synthetic\track4_fakes\videos\FAKE_T4_train_dia553_utt9__AUDIO_train_dia1001_utt6.mp4,data\raw\MELD\MELD-RAW\MELD.Raw\train\train_splits\dia553_utt9.mp4,data\raw\MELD\MELD-RAW\MELD.Raw\train\train_splits\dia1001_utt6.mp4,neutral,joy,Janine,Monica,train,1,musetalk_cross_speaker,FAKE_T4_train_dia553_utt9__AUDIO_train_dia1001_utt6,,,,,,,yes
data\synthetic\track4_fakes\videos\FAKE_T4_train_dia555_utt4__AUDIO_train_dia406_utt1.mp4,data\raw\MELD\MELD-RAW\MELD.Raw\train\train_splits\dia555_utt4.mp4,data\raw\MELD\MELD-RAW\MELD.Raw\train\train_splits\dia406_utt1.mp4,anger,joy,Ross,Joey,train,1,musetalk_cross_speaker,FAKE_T4_train_dia555_utt4__AUDIO_train_dia406_utt1,,,,,,,yes
data\synthetic\track4_fakes\videos\FAKE_T4_train_dia557_utt4__AUDIO_train_dia199_utt3.mp4,data\raw\MELD\MELD-RAW\MELD.Raw\train\train_splits\dia557_utt4.mp4,data\raw\MELD\MELD-RAW\MELD.Raw\train\train_splits\dia199_utt3.mp4,fear,joy,Katie,Rachel,train,1,musetalk_cross_speaker,FAKE_T4_train_dia557_utt4__AUDIO_train_dia199_utt3,,,,,,,yes
data\synthetic\track4_fakes\videos\FAKE_T4_train_dia557_utt6__AUDIO_train_dia698_utt4.mp4,data\raw\MELD\MELD-RAW\MELD.Raw\train\train_splits\dia557_utt6.mp4,data\raw\MELD\MELD-RAW\MELD.Raw\train\train_splits\dia698_utt4.mp4,joy,neutral,Katie,Ross,train,1,musetalk_cross_speaker,FAKE_T4_train_dia557_utt6__AUDIO_train_dia698_utt4,,,,,,,yes
data\synthetic\track4_fakes\videos\FAKE_T4_train_dia559_utt0__AUDIO_train_dia55_utt1.mp4,data\raw\MELD\MELD-RAW\MELD.Raw\train\train_splits\dia559_utt0.mp4,data\raw\MELD\MELD-RAW\MELD.Raw\train\train_splits\dia55_utt1.mp4,neutral,joy,Chandler,Rachel,train,1,musetalk_cross_speaker,FAKE_T4_train_dia559_utt0__AUDIO_train_dia55_utt1,,,,,,,yes
data\synthetic\track4_fakes\videos\FAKE_T4_train_dia561_utt11__AUDIO_test_dia40_utt1.mp4,data\raw\MELD\MELD-RAW\MELD.Raw\train\train_splits\dia561_utt11.mp4,data\raw\MELD\MELD-RAW\MELD.Raw\test\output_repeated_splits_test\dia40_utt1.mp4,disgust,neutral,Monica,Phoebe,train,1,musetalk_cross_speaker,FAKE_T4_train_dia561_utt11__AUDIO_test_dia40_utt1,,,,,,,yes
data\synthetic\track4_fakes\videos\FAKE_T4_train_dia561_utt1__AUDIO_train_dia347_utt9.mp4,data\raw\MELD\MELD-RAW\MELD.Raw\train\train_splits\dia561_utt1.mp4,data\raw\MELD\MELD-RAW\MELD.Raw\train\train_splits\dia347_utt9.mp4,joy,sadness,Monica,Phoebe,train,1,musetalk_cross_speaker,FAKE_T4_train_dia561_utt1__AUDIO_train_dia347_utt9,,,,,,,yes
data\synthetic\track4_fakes\videos\FAKE_T4_train_dia561_utt9__AUDIO_train_dia878_utt2.mp4,data\raw\MELD\MELD-RAW\MELD.Raw\train\train_splits\dia561_utt9.mp4,data\raw\MELD\MELD-RAW\MELD.Raw\train\train_splits\dia878_utt2.mp4,disgust,neutral,Monica,Joey,train,1,musetalk_cross_speaker,FAKE_T4_train_dia561_utt9__AUDIO_train_dia878_utt2,,,,,,,yes
data\synthetic\track4_fakes\videos\FAKE_T4_train_dia562_utt10__AUDIO_test_dia100_utt12.mp4,data\raw\MELD\MELD-RAW\MELD.Raw\train\train_splits\dia562_utt10.mp4,data\raw\MELD\MELD-RAW\MELD.Raw\test\output_repeated_splits_test\dia100_utt12.mp4,joy,neutral,Rachel,Phoebe,train,1,musetalk_cross_speaker,FAKE_T4_train_dia562_utt10__AUDIO_test_dia100_utt12,,,,,,,yes
data\synthetic\track4_fakes\videos\FAKE_T4_train_dia564_utt0__AUDIO_train_dia444_utt1.mp4,data\raw\MELD\MELD-RAW\MELD.Raw\train\train_splits\dia564_utt0.mp4,data\raw\MELD\MELD-RAW\MELD.Raw\train\train_splits\dia444_utt1.mp4,joy,neutral,Rachel,Guy,train,1,musetalk_cross_speaker,FAKE_T4_train_dia564_utt0__AUDIO_train_dia444_utt1,,,,,,,yes
data\synthetic\track4_fakes\videos\FAKE_T4_train_dia565_utt4__AUDIO_train_dia651_utt0.mp4,data\raw\MELD\MELD-RAW\MELD.Raw\train\train_splits\dia565_utt4.mp4,data\raw\MELD\MELD-RAW\MELD.Raw\train\train_splits\dia651_utt0.mp4,joy,neutral,Janice,Ross,train,1,musetalk_cross_speaker,FAKE_T4_train_dia565_utt4__AUDIO_train_dia651_utt0,,,,,,,yes
data\synthetic\track4_fakes\videos\FAKE_T4_train_dia568_utt10__AUDIO_train_dia558_utt3.mp4,data\raw\MELD\MELD-RAW\MELD.Raw\train\train_splits\dia568_utt10.mp4,data\raw\MELD\MELD-RAW\MELD.Raw\train\train_splits\dia558_utt3.mp4,anger,neutral,Monica,Chandler,train,1,musetalk_cross_speaker,FAKE_T4_train_dia568_utt10__AUDIO_train_dia558_utt3,,,,,,,yes
data\synthetic\track4_fakes\videos\FAKE_T4_train_dia568_utt5__AUDIO_train_dia969_utt2.mp4,data\raw\MELD\MELD-RAW\MELD.Raw\train\train_splits\dia568_utt5.mp4,data\raw\MELD\MELD-RAW\MELD.Raw\train\train_splits\dia969_utt2.mp4,disgust,neutral,Chandler,Ross,train,1,musetalk_cross_speaker,FAKE_T4_train_dia568_utt5__AUDIO_train_dia969_utt2,,,,,,,yes
data\synthetic\track4_fakes\videos\FAKE_T4_train_dia568_utt8__AUDIO_train_dia256_utt6.mp4,data\raw\MELD\MELD-RAW\MELD.Raw\train\train_splits\dia568_utt8.mp4,data\raw\MELD\MELD-RAW\MELD.Raw\train\train_splits\dia256_utt6.mp4,neutral,anger,Monica,Ross,train,1,musetalk_cross_speaker,FAKE_T4_train_dia568_utt8__AUDIO_train_dia256_utt6,,,,,,,yes
data\synthetic\track4_fakes\videos\FAKE_T4_train_dia56_utt5__AUDIO_train_dia184_utt9.mp4,data\raw\MELD\MELD-RAW\MELD.Raw\train\train_splits\dia56_utt5.mp4,data\raw\MELD\MELD-RAW\MELD.Raw\train\train_splits\dia184_utt9.mp4,neutral,joy,Jill,Message,train,1,musetalk_cross_speaker,FAKE_T4_train_dia56_utt5__AUDIO_train_dia184_utt9,,,,,,,yes
data\synthetic\track4_fakes\videos\FAKE_T4_train_dia571_utt13__AUDIO_train_dia214_utt6.mp4,data\raw\MELD\MELD-RAW\MELD.Raw\train\train_splits\dia571_utt13.mp4,data\raw\MELD\MELD-RAW\MELD.Raw\train\train_splits\dia214_utt6.mp4,anger,neutral,Ross,Phoebe,train,1,musetalk_cross_speaker,FAKE_T4_train_dia571_utt13__AUDIO_train_dia214_utt6,,,,,,,yes
data\synthetic\track4_fakes\videos\FAKE_T4_train_dia571_utt8__AUDIO_train_dia718_utt4.mp4,data\raw\MELD\MELD-RAW\MELD.Raw\train\train_splits\dia571_utt8.mp4,data\raw\MELD\MELD-RAW\MELD.Raw\train\train_splits\dia718_utt4.mp4,neutral,joy,Joey,Chip,train,1,musetalk_cross_speaker,FAKE_T4_train_dia571_utt8__AUDIO_train_dia718_utt4,,,,,,,yes
data\synthetic\track4_fakes\videos\FAKE_T4_train_dia572_utt0__AUDIO_train_dia898_utt3.mp4,data\raw\MELD\MELD-RAW\MELD.Raw\train\train_splits\dia572_utt0.mp4,data\raw\MELD\MELD-RAW\MELD.Raw\train\train_splits\dia898_utt3.mp4,sadness,neutral,Rachel,Chandler,train,1,musetalk_cross_speaker,FAKE_T4_train_dia572_utt0__AUDIO_train_dia898_utt3,,,,,,,yes
data\synthetic\track4_fakes\videos\FAKE_T4_train_dia572_utt13__AUDIO_train_dia743_utt5.mp4,data\raw\MELD\MELD-RAW\MELD.Raw\train\train_splits\dia572_utt13.mp4,data\raw\MELD\MELD-RAW\MELD.Raw\train\train_splits\dia743_utt5.mp4,neutral,joy,Ross,Monica,train,1,musetalk_cross_speaker,FAKE_T4_train_dia572_utt13__AUDIO_train_dia743_utt5,,,,,,,yes
data\synthetic\track4_fakes\videos\FAKE_T4_train_dia572_utt9__AUDIO_train_dia168_utt2.mp4,data\raw\MELD\MELD-RAW\MELD.Raw\train\train_splits\dia572_utt9.mp4,data\raw\MELD\MELD-RAW\MELD.Raw\train\train_splits\dia168_utt2.mp4,fear,neutral,Sick Bastard,Ross,train,1,musetalk_cross_speaker,FAKE_T4_train_dia572_utt9__AUDIO_train_dia168_utt2,,,,,,,yes
data\synthetic\track4_fakes\videos\FAKE_T4_train_dia574_utt0__AUDIO_train_dia1029_utt14.mp4,data\raw\MELD\MELD-RAW\MELD.Raw\train\train_splits\dia574_utt0.mp4,data\raw\MELD\MELD-RAW\MELD.Raw\train\train_splits\dia1029_utt14.mp4,neutral,joy,Monica,Rachel,train,1,musetalk_cross_speaker,FAKE_T4_train_dia574_utt0__AUDIO_train_dia1029_utt14,,,,,,,yes
data\synthetic\track4_fakes\videos\FAKE_T4_train_dia574_utt7__AUDIO_train_dia645_utt5_musetalk.mp4,,,neutral,sadness,Joey,Rachel,,1,musetalk_emotion_mismatch,FAKE_T4_train_dia574_utt7__AUDIO_train_dia645_utt5,done,0.8,train_dia574_utt7,train_dia645_utt5,2026-05-30T05:00:54.671906,116.9,yes
data\synthetic\track4_fakes\videos\FAKE_T4_train_dia576_utt10__AUDIO_test_dia48_utt1.mp4,data\raw\MELD\MELD-RAW\MELD.Raw\train\train_splits\dia576_utt10.mp4,data\raw\MELD\MELD-RAW\MELD.Raw\test\output_repeated_splits_test\dia48_utt1.mp4,anger,neutral,Chandler,Phoebe,train,1,musetalk_cross_speaker,FAKE_T4_train_dia576_utt10__AUDIO_test_dia48_utt1,,,,,,,yes
data\synthetic\track4_fakes\videos\FAKE_T4_train_dia57_utt3__AUDIO_train_dia573_utt10.mp4,data\raw\MELD\MELD-RAW\MELD.Raw\train\train_splits\dia57_utt3.mp4,data\raw\MELD\MELD-RAW\MELD.Raw\train\train_splits\dia573_utt10.mp4,fear,anger,Chandler,Ross,train,1,musetalk_cross_speaker,FAKE_T4_train_dia57_utt3__AUDIO_train_dia573_utt10,,,,,,,yes
data\synthetic\track4_fakes\videos\FAKE_T4_train_dia583_utt0__AUDIO_train_dia1006_utt2.mp4,data\raw\MELD\MELD-RAW\MELD.Raw\train\train_splits\dia583_utt0.mp4,data\raw\MELD\MELD-RAW\MELD.Raw\train\train_splits\dia1006_utt2.mp4,neutral,sadness,Phoebe,Rachel,train,1,musetalk_cross_speaker,FAKE_T4_train_dia583_utt0__AUDIO_train_dia1006_utt2,,,,,,,yes
data\synthetic\track4_fakes\videos\FAKE_T4_train_dia583_utt3__AUDIO_train_dia574_utt17.mp4,data\raw\MELD\MELD-RAW\MELD.Raw\train\train_splits\dia583_utt3.mp4,data\raw\MELD\MELD-RAW\MELD.Raw\train\train_splits\dia574_utt17.mp4,neutral,joy,Rachel,Monica,train,1,musetalk_cross_speaker,FAKE_T4_train_dia583_utt3__AUDIO_train_dia574_utt17,,,,,,,yes
data\synthetic\track4_fakes\videos\FAKE_T4_train_dia584_utt3__AUDIO_train_dia1005_utt6.mp4,data\raw\MELD\MELD-RAW\MELD.Raw\train\train_splits\dia584_utt3.mp4,data\raw\MELD\MELD-RAW\MELD.Raw\train\train_splits\dia1005_utt6.mp4,neutral,disgust,Mrs. Geller,Larry,train,1,musetalk_cross_speaker,FAKE_T4_train_dia584_utt3__AUDIO_train_dia1005_utt6,,,,,,,yes
data\synthetic\track4_fakes\videos\FAKE_T4_train_dia584_utt7__AUDIO_train_dia767_utt9.mp4,data\raw\MELD\MELD-RAW\MELD.Raw\train\train_splits\dia584_utt7.mp4,data\raw\MELD\MELD-RAW\MELD.Raw\train\train_splits\dia767_utt9.mp4,joy,neutral,Mrs. Geller,Ross,train,1,musetalk_cross_speaker,FAKE_T4_train_dia584_utt7__AUDIO_train_dia767_utt9,,,,,,,yes
data\synthetic\track4_fakes\videos\FAKE_T4_train_dia58_utt0__AUDIO_test_dia9_utt13.mp4,data\raw\MELD\MELD-RAW\MELD.Raw\train\train_splits\dia58_utt0.mp4,data\raw\MELD\MELD-RAW\MELD.Raw\test\output_repeated_splits_test\dia9_utt13.mp4,neutral,anger,Phoebe,Rachel,train,1,musetalk_cross_speaker,FAKE_T4_train_dia58_utt0__AUDIO_test_dia9_utt13,,,,,,,yes
data\synthetic\track4_fakes\videos\FAKE_T4_train_dia58_utt6__AUDIO_train_dia755_utt1.mp4,data\raw\MELD\MELD-RAW\MELD.Raw\train\train_splits\dia58_utt6.mp4,data\raw\MELD\MELD-RAW\MELD.Raw\train\train_splits\dia755_utt1.mp4,neutral,anger,Monica,Girl,train,1,musetalk_cross_speaker,FAKE_T4_train_dia58_utt6__AUDIO_train_dia755_utt1,,,,,,,yes
data\synthetic\track4_fakes\videos\FAKE_T4_train_dia590_utt10__AUDIO_train_dia893_utt9.mp4,data\raw\MELD\MELD-RAW\MELD.Raw\train\train_splits\dia590_utt10.mp4,data\raw\MELD\MELD-RAW\MELD.Raw\train\train_splits\dia893_utt9.mp4,neutral,anger,Phoebe,Joey,train,1,musetalk_cross_speaker,FAKE_T4_train_dia590_utt10__AUDIO_train_dia893_utt9,,,,,,,yes
data\synthetic\track4_fakes\videos\FAKE_T4_train_dia590_utt2__AUDIO_train_dia184_utt17.mp4,data\raw\MELD\MELD-RAW\MELD.Raw\train\train_splits\dia590_utt2.mp4,data\raw\MELD\MELD-RAW\MELD.Raw\train\train_splits\dia184_utt17.mp4,neutral,anger,Chandler,Rachel,train,1,musetalk_cross_speaker,FAKE_T4_train_dia590_utt2__AUDIO_train_dia184_utt17,,,,,,,yes
data\synthetic\track4_fakes\videos\FAKE_T4_train_dia590_utt9__AUDIO_train_dia571_utt10.mp4,data\raw\MELD\MELD-RAW\MELD.Raw\train\train_splits\dia590_utt9.mp4,data\raw\MELD\MELD-RAW\MELD.Raw\train\train_splits\dia571_utt10.mp4,neutral,joy,Kyle,Phoebe,train,1,musetalk_cross_speaker,FAKE_T4_train_dia590_utt9__AUDIO_train_dia571_utt10,,,,,,,yes
data\synthetic\track4_fakes\videos\FAKE_T4_train_dia599_utt5__AUDIO_train_dia293_utt7.mp4,data\raw\MELD\MELD-RAW\MELD.Raw\train\train_splits\dia599_utt5.mp4,data\raw\MELD\MELD-RAW\MELD.Raw\train\train_splits\dia293_utt7.mp4,anger,neutral,Joey,Joey,train,1,musetalk_cross_speaker,FAKE_T4_train_dia599_utt5__AUDIO_train_dia293_utt7,,,,,,,yes
data\synthetic\track4_fakes\videos\FAKE_T4_train_dia602_utt4__AUDIO_train_dia823_utt6.mp4,data\raw\MELD\MELD-RAW\MELD.Raw\train\train_splits\dia602_utt4.mp4,data\raw\MELD\MELD-RAW\MELD.Raw\train\train_splits\dia823_utt6.mp4,neutral,joy,Monica,Phoebe,train,1,musetalk_cross_speaker,FAKE_T4_train_dia602_utt4__AUDIO_train_dia823_utt6,,,,,,,yes
data\synthetic\track4_fakes\videos\FAKE_T4_train_dia604_utt4__AUDIO_train_dia910_utt8.mp4,data\raw\MELD\MELD-RAW\MELD.Raw\train\train_splits\dia604_utt4.mp4,data\raw\MELD\MELD-RAW\MELD.Raw\train\train_splits\dia910_utt8.mp4,neutral,joy,Phoebe,Chandler,train,1,musetalk_cross_speaker,FAKE_T4_train_dia604_utt4__AUDIO_train_dia910_utt8,,,,,,,yes
data\synthetic\track4_fakes\videos\FAKE_T4_train_dia606_utt1__AUDIO_train_dia314_utt0.mp4,data\raw\MELD\MELD-RAW\MELD.Raw\train\train_splits\dia606_utt1.mp4,data\raw\MELD\MELD-RAW\MELD.Raw\train\train_splits\dia314_utt0.mp4,neutral,joy,Monica,Rachel,train,1,musetalk_cross_speaker,FAKE_T4_train_dia606_utt1__AUDIO_train_dia314_utt0,,,,,,,yes
data\synthetic\track4_fakes\videos\FAKE_T4_train_dia607_utt11__AUDIO_test_dia244_utt6.mp4,data\raw\MELD\MELD-RAW\MELD.Raw\train\train_splits\dia607_utt11.mp4,data\raw\MELD\MELD-RAW\MELD.Raw\test\output_repeated_splits_test\dia244_utt6.mp4,neutral,disgust,Chandler,Chandler,train,1,musetalk_cross_speaker,FAKE_T4_train_dia607_utt11__AUDIO_test_dia244_utt6,,,,,,,yes
data\synthetic\track4_fakes\videos\FAKE_T4_train_dia607_utt3__AUDIO_test_dia108_utt0.mp4,data\raw\MELD\MELD-RAW\MELD.Raw\train\train_splits\dia607_utt3.mp4,data\raw\MELD\MELD-RAW\MELD.Raw\test\output_repeated_splits_test\dia108_utt0.mp4,neutral,disgust,Chandler,Phoebe,train,1,musetalk_cross_speaker,FAKE_T4_train_dia607_utt3__AUDIO_test_dia108_utt0,,,,,,,yes
data\synthetic\track4_fakes\videos\FAKE_T4_train_dia610_utt1__AUDIO_train_dia564_utt6.mp4,data\raw\MELD\MELD-RAW\MELD.Raw\train\train_splits\dia610_utt1.mp4,data\raw\MELD\MELD-RAW\MELD.Raw\train\train_splits\dia564_utt6.mp4,joy,fear,Ross,Rachel,train,1,musetalk_cross_speaker,FAKE_T4_train_dia610_utt1__AUDIO_train_dia564_utt6,,,,,,,yes
data\synthetic\track4_fakes\videos\FAKE_T4_train_dia611_utt1__AUDIO_train_dia253_utt9.mp4,data\raw\MELD\MELD-RAW\MELD.Raw\train\train_splits\dia611_utt1.mp4,data\raw\MELD\MELD-RAW\MELD.Raw\train\train_splits\dia253_utt9.mp4,neutral,fear,Monica,Janice,train,1,musetalk_cross_speaker,FAKE_T4_train_dia611_utt1__AUDIO_train_dia253_utt9,,,,,,,yes
data\synthetic\track4_fakes\videos\FAKE_T4_train_dia612_utt2__AUDIO_train_dia385_utt3.mp4,data\raw\MELD\MELD-RAW\MELD.Raw\train\train_splits\dia612_utt2.mp4,data\raw\MELD\MELD-RAW\MELD.Raw\train\train_splits\dia385_utt3.mp4,neutral,sadness,Joey,Ross,train,1,musetalk_cross_speaker,FAKE_T4_train_dia612_utt2__AUDIO_train_dia385_utt3,,,,,,,yes
data\synthetic\track4_fakes\videos\FAKE_T4_train_dia613_utt8__AUDIO_train_dia457_utt2.mp4,data\raw\MELD\MELD-RAW\MELD.Raw\train\train_splits\dia613_utt8.mp4,data\raw\MELD\MELD-RAW\MELD.Raw\train\train_splits\dia457_utt2.mp4,neutral,anger,Phoebe,Rachel,train,1,musetalk_cross_speaker,FAKE_T4_train_dia613_utt8__AUDIO_train_dia457_utt2,,,,,,,yes
data\synthetic\track4_fakes\videos\FAKE_T4_train_dia616_utt2__AUDIO_train_dia383_utt2.mp4,data\raw\MELD\MELD-RAW\MELD.Raw\train\train_splits\dia616_utt2.mp4,data\raw\MELD\MELD-RAW\MELD.Raw\train\train_splits\dia383_utt2.mp4,sadness,joy,Joey,Joey,train,1,musetalk_cross_speaker,FAKE_T4_train_dia616_utt2__AUDIO_train_dia383_utt2,,,,,,,yes
data\synthetic\track4_fakes\videos\FAKE_T4_train_dia622_utt12__AUDIO_dev_dia5_utt0.mp4,data\raw\MELD\MELD-RAW\MELD.Raw\train\train_splits\dia622_utt12.mp4,data\raw\MELD\MELD-RAW\MELD.Raw\dev\dev_splits_complete\dia5_utt0.mp4,neutral,anger,Phoebe,Ross,train,1,musetalk_cross_speaker,FAKE_T4_train_dia622_utt12__AUDIO_dev_dia5_utt0,,,,,,,yes
data\synthetic\track4_fakes\videos\FAKE_T4_train_dia625_utt2__AUDIO_dev_dia30_utt17.mp4,data\raw\MELD\MELD-RAW\MELD.Raw\train\train_splits\dia625_utt2.mp4,data\raw\MELD\MELD-RAW\MELD.Raw\dev\dev_splits_complete\dia30_utt17.mp4,neutral,anger,Ross,Phoebe,train,1,musetalk_cross_speaker,FAKE_T4_train_dia625_utt2__AUDIO_dev_dia30_utt17,,,,,,,yes
data\synthetic\track4_fakes\videos\FAKE_T4_train_dia626_utt10__AUDIO_train_dia661_utt0.mp4,data\raw\MELD\MELD-RAW\MELD.Raw\train\train_splits\dia626_utt10.mp4,data\raw\MELD\MELD-RAW\MELD.Raw\train\train_splits\dia661_utt0.mp4,neutral,anger,Joey,Joey,train,1,musetalk_cross_speaker,FAKE_T4_train_dia626_utt10__AUDIO_train_dia661_utt0,,,,,,,yes
data\synthetic\track4_fakes\videos\FAKE_T4_train_dia627_utt0__AUDIO_test_dia137_utt14.mp4,data\raw\MELD\MELD-RAW\MELD.Raw\train\train_splits\dia627_utt0.mp4,data\raw\MELD\MELD-RAW\MELD.Raw\test\output_repeated_splits_test\dia137_utt14.mp4,neutral,anger,Phoebe,Joey,train,1,musetalk_cross_speaker,FAKE_T4_train_dia627_utt0__AUDIO_test_dia137_utt14,,,,,,,yes
data\synthetic\track4_fakes\videos\FAKE_T4_train_dia628_utt10__AUDIO_dev_dia30_utt9.mp4,data\raw\MELD\MELD-RAW\MELD.Raw\train\train_splits\dia628_utt10.mp4,data\raw\MELD\MELD-RAW\MELD.Raw\dev\dev_splits_complete\dia30_utt9.mp4,neutral,joy,Joey,Phoebe,train,1,musetalk_cross_speaker,FAKE_T4_train_dia628_utt10__AUDIO_dev_dia30_utt9,,,,,,,yes
data\synthetic\track4_fakes\videos\FAKE_T4_train_dia630_utt8__AUDIO_test_dia17_utt12.mp4,data\raw\MELD\MELD-RAW\MELD.Raw\train\train_splits\dia630_utt8.mp4,data\raw\MELD\MELD-RAW\MELD.Raw\test\output_repeated_splits_test\dia17_utt12.mp4,neutral,disgust,Monica,Ross,train,1,musetalk_cross_speaker,FAKE_T4_train_dia630_utt8__AUDIO_test_dia17_utt12,,,,,,,yes
data\synthetic\track4_fakes\videos\FAKE_T4_train_dia638_utt11__AUDIO_dev_dia37_utt6.mp4,data\raw\MELD\MELD-RAW\MELD.Raw\train\train_splits\dia638_utt11.mp4,data\raw\MELD\MELD-RAW\MELD.Raw\dev\dev_splits_complete\dia37_utt6.mp4,neutral,fear,Ross,TV Announcer,train,1,musetalk_cross_speaker,FAKE_T4_train_dia638_utt11__AUDIO_dev_dia37_utt6,,,,,,,yes
data\synthetic\track4_fakes\videos\FAKE_T4_train_dia638_utt8__AUDIO_train_dia541_utt15.mp4,data\raw\MELD\MELD-RAW\MELD.Raw\train\train_splits\dia638_utt8.mp4,data\raw\MELD\MELD-RAW\MELD.Raw\train\train_splits\dia541_utt15.mp4,joy,neutral,Monica,Ross,train,1,musetalk_cross_speaker,FAKE_T4_train_dia638_utt8__AUDIO_train_dia541_utt15,,,,,,,yes
data\synthetic\track4_fakes\videos\FAKE_T4_train_dia642_utt2__AUDIO_test_dia72_utt5.mp4,data\raw\MELD\MELD-RAW\MELD.Raw\train\train_splits\dia642_utt2.mp4,data\raw\MELD\MELD-RAW\MELD.Raw\test\output_repeated_splits_test\dia72_utt5.mp4,neutral,anger,Monica,Rachel,train,1,musetalk_cross_speaker,FAKE_T4_train_dia642_utt2__AUDIO_test_dia72_utt5,,,,,,,yes
data\synthetic\track4_fakes\videos\FAKE_T4_train_dia644_utt9__AUDIO_train_dia855_utt5.mp4,data\raw\MELD\MELD-RAW\MELD.Raw\train\train_splits\dia644_utt9.mp4,data\raw\MELD\MELD-RAW\MELD.Raw\train\train_splits\dia855_utt5.mp4,anger,sadness,Chandler,Joey,train,1,musetalk_cross_speaker,FAKE_T4_train_dia644_utt9__AUDIO_train_dia855_utt5,,,,,,,yes
data\synthetic\track4_fakes\videos\FAKE_T4_train_dia645_utt7__AUDIO_train_dia248_utt5.mp4,data\raw\MELD\MELD-RAW\MELD.Raw\train\train_splits\dia645_utt7.mp4,data\raw\MELD\MELD-RAW\MELD.Raw\train\train_splits\dia248_utt5.mp4,neutral,anger,Mrs. Green,Monica,train,1,musetalk_cross_speaker,FAKE_T4_train_dia645_utt7__AUDIO_train_dia248_utt5,,,,,,,yes
data\synthetic\track4_fakes\videos\FAKE_T4_train_dia646_utt15__AUDIO_dev_dia68_utt5.mp4,data\raw\MELD\MELD-RAW\MELD.Raw\train\train_splits\dia646_utt15.mp4,data\raw\MELD\MELD-RAW\MELD.Raw\dev\dev_splits_complete\dia68_utt5.mp4,neutral,sadness,Monica,Ross,train,1,musetalk_cross_speaker,FAKE_T4_train_dia646_utt15__AUDIO_dev_dia68_utt5,,,,,,,yes
data\synthetic\track4_fakes\videos\FAKE_T4_train_dia647_utt0__AUDIO_train_dia219_utt3.mp4,data\raw\MELD\MELD-RAW\MELD.Raw\train\train_splits\dia647_utt0.mp4,data\raw\MELD\MELD-RAW\MELD.Raw\train\train_splits\dia219_utt3.mp4,neutral,joy,Chandler,Joey,train,1,musetalk_cross_speaker,FAKE_T4_train_dia647_utt0__AUDIO_train_dia219_utt3,,,,,,,yes
data\synthetic\track4_fakes\videos\FAKE_T4_train_dia648_utt4__AUDIO_train_dia979_utt2.mp4,data\raw\MELD\MELD-RAW\MELD.Raw\train\train_splits\dia648_utt4.mp4,data\raw\MELD\MELD-RAW\MELD.Raw\train\train_splits\dia979_utt2.mp4,neutral,joy,Phoebe,Chandler,train,1,musetalk_cross_speaker,FAKE_T4_train_dia648_utt4__AUDIO_train_dia979_utt2,,,,,,,yes
data\synthetic\track4_fakes\videos\FAKE_T4_train_dia649_utt0__AUDIO_dev_dia31_utt11.mp4,data\raw\MELD\MELD-RAW\MELD.Raw\train\train_splits\dia649_utt0.mp4,data\raw\MELD\MELD-RAW\MELD.Raw\dev\dev_splits_complete\dia31_utt11.mp4,neutral,anger,Rachel,Kori,train,1,musetalk_cross_speaker,FAKE_T4_train_dia649_utt0__AUDIO_dev_dia31_utt11,,,,,,,yes
data\synthetic\track4_fakes\videos\FAKE_T4_train_dia649_utt18__AUDIO_test_dia156_utt11.mp4,data\raw\MELD\MELD-RAW\MELD.Raw\train\train_splits\dia649_utt18.mp4,data\raw\MELD\MELD-RAW\MELD.Raw\test\output_repeated_splits_test\dia156_utt11.mp4,neutral,joy,Rachel,Doug,train,1,musetalk_cross_speaker,FAKE_T4_train_dia649_utt18__AUDIO_test_dia156_utt11,,,,,,,yes
data\synthetic\track4_fakes\videos\FAKE_T4_train_dia649_utt2__AUDIO_train_dia505_utt1.mp4,data\raw\MELD\MELD-RAW\MELD.Raw\train\train_splits\dia649_utt2.mp4,data\raw\MELD\MELD-RAW\MELD.Raw\train\train_splits\dia505_utt1.mp4,joy,neutral,Rachel,Phoebe,train,1,musetalk_cross_speaker,FAKE_T4_train_dia649_utt2__AUDIO_train_dia505_utt1,,,,,,,yes
data\synthetic\track4_fakes\videos\FAKE_T4_train_dia651_utt3__AUDIO_test_dia258_utt11.mp4,data\raw\MELD\MELD-RAW\MELD.Raw\train\train_splits\dia651_utt3.mp4,data\raw\MELD\MELD-RAW\MELD.Raw\test\output_repeated_splits_test\dia258_utt11.mp4,neutral,joy,Rachel,Joey,train,1,musetalk_cross_speaker,FAKE_T4_train_dia651_utt3__AUDIO_test_dia258_utt11,,,,,,,yes
data\synthetic\track4_fakes\videos\FAKE_T4_train_dia655_utt9__AUDIO_test_dia253_utt0.mp4,data\raw\MELD\MELD-RAW\MELD.Raw\train\train_splits\dia655_utt9.mp4,data\raw\MELD\MELD-RAW\MELD.Raw\test\output_repeated_splits_test\dia253_utt0.mp4,neutral,joy,Ross,Drew,train,1,musetalk_cross_speaker,FAKE_T4_train_dia655_utt9__AUDIO_test_dia253_utt0,,,,,,,yes
data\synthetic\track4_fakes\videos\FAKE_T4_train_dia657_utt14__AUDIO_train_dia665_utt0.mp4,data\raw\MELD\MELD-RAW\MELD.Raw\train\train_splits\dia657_utt14.mp4,data\raw\MELD\MELD-RAW\MELD.Raw\train\train_splits\dia665_utt0.mp4,sadness,neutral,Megan,Dr. Zane,train,1,musetalk_cross_speaker,FAKE_T4_train_dia657_utt14__AUDIO_train_dia665_utt0,,,,,,,yes
data\synthetic\track4_fakes\videos\FAKE_T4_train_dia659_utt1__AUDIO_train_dia948_utt9.mp4,data\raw\MELD\MELD-RAW\MELD.Raw\train\train_splits\dia659_utt1.mp4,data\raw\MELD\MELD-RAW\MELD.Raw\train\train_splits\dia948_utt9.mp4,neutral,joy,Kristin,Phoebe,train,1,musetalk_cross_speaker,FAKE_T4_train_dia659_utt1__AUDIO_train_dia948_utt9,,,,,,,yes
data\synthetic\track4_fakes\videos\FAKE_T4_train_dia662_utt2__AUDIO_dev_dia20_utt2.mp4,data\raw\MELD\MELD-RAW\MELD.Raw\train\train_splits\dia662_utt2.mp4,data\raw\MELD\MELD-RAW\MELD.Raw\dev\dev_splits_complete\dia20_utt2.mp4,neutral,joy,Joey,Rachel,train,1,musetalk_cross_speaker,FAKE_T4_train_dia662_utt2__AUDIO_dev_dia20_utt2,,,,,,,yes
data\synthetic\track4_fakes\videos\FAKE_T4_train_dia665_utt3__AUDIO_train_dia572_utt0.mp4,data\raw\MELD\MELD-RAW\MELD.Raw\train\train_splits\dia665_utt3.mp4,data\raw\MELD\MELD-RAW\MELD.Raw\train\train_splits\dia572_utt0.mp4,neutral,sadness,Dr. Zane,Rachel,train,1,musetalk_cross_speaker,FAKE_T4_train_dia665_utt3__AUDIO_train_dia572_utt0,,,,,,,yes
data\synthetic\track4_fakes\videos\FAKE_T4_train_dia666_utt12__AUDIO_train_dia50_utt7.mp4,data\raw\MELD\MELD-RAW\MELD.Raw\train\train_splits\dia666_utt12.mp4,data\raw\MELD\MELD-RAW\MELD.Raw\train\train_splits\dia50_utt7.mp4,neutral,sadness,Danny,Joey,train,1,musetalk_cross_speaker,FAKE_T4_train_dia666_utt12__AUDIO_train_dia50_utt7,,,,,,,yes
data\synthetic\track4_fakes\videos\FAKE_T4_train_dia667_utt3__AUDIO_train_dia855_utt7.mp4,data\raw\MELD\MELD-RAW\MELD.Raw\train\train_splits\dia667_utt3.mp4,data\raw\MELD\MELD-RAW\MELD.Raw\train\train_splits\dia855_utt7.mp4,neutral,fear,Chandler,Joey,train,1,musetalk_cross_speaker,FAKE_T4_train_dia667_utt3__AUDIO_train_dia855_utt7,,,,,,,yes
data\synthetic\track4_fakes\videos\FAKE_T4_train_dia669_utt4__AUDIO_train_dia902_utt11_musetalk.mp4,,,neutral,joy,Barry,Phoebe,,1,musetalk_emotion_mismatch,FAKE_T4_train_dia669_utt4__AUDIO_train_dia902_utt11,done,0.8,train_dia669_utt4,train_dia902_utt11,2026-05-30T05:34:25.426174,125.2,yes
data\synthetic\track4_fakes\videos\FAKE_T4_train_dia671_utt9__AUDIO_test_dia184_utt8.mp4,data\raw\MELD\MELD-RAW\MELD.Raw\train\train_splits\dia671_utt9.mp4,data\raw\MELD\MELD-RAW\MELD.Raw\test\output_repeated_splits_test\dia184_utt8.mp4,joy,neutral,Joey,Phoebe,train,1,musetalk_cross_speaker,FAKE_T4_train_dia671_utt9__AUDIO_test_dia184_utt8,,,,,,,yes
data\synthetic\track4_fakes\videos\FAKE_T4_train_dia672_utt13__AUDIO_train_dia597_utt8.mp4,data\raw\MELD\MELD-RAW\MELD.Raw\train\train_splits\dia672_utt13.mp4,data\raw\MELD\MELD-RAW\MELD.Raw\train\train_splits\dia597_utt8.mp4,neutral,joy,Ross,Monica,train,1,musetalk_cross_speaker,FAKE_T4_train_dia672_utt13__AUDIO_train_dia597_utt8,,,,,,,yes
data\synthetic\track4_fakes\videos\FAKE_T4_train_dia673_utt17__AUDIO_train_dia826_utt3.mp4,data\raw\MELD\MELD-RAW\MELD.Raw\train\train_splits\dia673_utt17.mp4,data\raw\MELD\MELD-RAW\MELD.Raw\train\train_splits\dia826_utt3.mp4,neutral,joy,Russell,Chandler,train,1,musetalk_cross_speaker,FAKE_T4_train_dia673_utt17__AUDIO_train_dia826_utt3,,,,,,,yes
data\synthetic\track4_fakes\videos\FAKE_T4_train_dia673_utt6__AUDIO_train_dia288_utt7_musetalk.mp4,,,neutral,joy,Ross,Ross,,1,musetalk_emotion_mismatch,FAKE_T4_train_dia673_utt6__AUDIO_train_dia288_utt7,done,0.5,train_dia673_utt6,train_dia288_utt7,2026-05-30T05:15:19.118480,112.7,yes
data\synthetic\track4_fakes\videos\FAKE_T4_train_dia674_utt0__AUDIO_train_dia388_utt16.mp4,data\raw\MELD\MELD-RAW\MELD.Raw\train\train_splits\dia674_utt0.mp4,data\raw\MELD\MELD-RAW\MELD.Raw\train\train_splits\dia388_utt16.mp4,neutral,anger,Ross,Monica,train,1,musetalk_cross_speaker,FAKE_T4_train_dia674_utt0__AUDIO_train_dia388_utt16,,,,,,,yes
data\synthetic\track4_fakes\videos\FAKE_T4_train_dia674_utt2__AUDIO_train_dia37_utt2.mp4,data\raw\MELD\MELD-RAW\MELD.Raw\train\train_splits\dia674_utt2.mp4,data\raw\MELD\MELD-RAW\MELD.Raw\train\train_splits\dia37_utt2.mp4,neutral,joy,Phoebe,Monica,train,1,musetalk_cross_speaker,FAKE_T4_train_dia674_utt2__AUDIO_train_dia37_utt2,,,,,,,yes
data\synthetic\track4_fakes\videos\FAKE_T4_train_dia674_utt8__AUDIO_dev_dia106_utt4.mp4,data\raw\MELD\MELD-RAW\MELD.Raw\train\train_splits\dia674_utt8.mp4,data\raw\MELD\MELD-RAW\MELD.Raw\dev\dev_splits_complete\dia106_utt4.mp4,neutral,joy,Ross,Joey,train,1,musetalk_cross_speaker,FAKE_T4_train_dia674_utt8__AUDIO_dev_dia106_utt4,,,,,,,yes
data\synthetic\track4_fakes\videos\FAKE_T4_train_dia675_utt4__AUDIO_train_dia772_utt7.mp4,data\raw\MELD\MELD-RAW\MELD.Raw\train\train_splits\dia675_utt4.mp4,data\raw\MELD\MELD-RAW\MELD.Raw\train\train_splits\dia772_utt7.mp4,neutral,joy,Phoebe,Dr. Drake Remoray,train,1,musetalk_cross_speaker,FAKE_T4_train_dia675_utt4__AUDIO_train_dia772_utt7,,,,,,,yes
data\synthetic\track4_fakes\videos\FAKE_T4_train_dia676_utt0__AUDIO_test_dia11_utt3.mp4,data\raw\MELD\MELD-RAW\MELD.Raw\train\train_splits\dia676_utt0.mp4,data\raw\MELD\MELD-RAW\MELD.Raw\test\output_repeated_splits_test\dia11_utt3.mp4,sadness,neutral,Ross,Phoebe,train,1,musetalk_cross_speaker,FAKE_T4_train_dia676_utt0__AUDIO_test_dia11_utt3,,,,,,,yes
data\synthetic\track4_fakes\videos\FAKE_T4_train_dia676_utt6__AUDIO_dev_dia97_utt7.mp4,data\raw\MELD\MELD-RAW\MELD.Raw\train\train_splits\dia676_utt6.mp4,data\raw\MELD\MELD-RAW\MELD.Raw\dev\dev_splits_complete\dia97_utt7.mp4,sadness,joy,Ross,Phoebe,train,1,musetalk_cross_speaker,FAKE_T4_train_dia676_utt6__AUDIO_dev_dia97_utt7,,,,,,,yes
data\synthetic\track4_fakes\videos\FAKE_T4_train_dia677_utt0__AUDIO_train_dia304_utt10.mp4,data\raw\MELD\MELD-RAW\MELD.Raw\train\train_splits\dia677_utt0.mp4,data\raw\MELD\MELD-RAW\MELD.Raw\train\train_splits\dia304_utt10.mp4,neutral,anger,Joey,Phoebe,train,1,musetalk_cross_speaker,FAKE_T4_train_dia677_utt0__AUDIO_train_dia304_utt10,,,,,,,yes
data\synthetic\track4_fakes\videos\FAKE_T4_train_dia679_utt14__AUDIO_dev_dia91_utt3.mp4,data\raw\MELD\MELD-RAW\MELD.Raw\train\train_splits\dia679_utt14.mp4,data\raw\MELD\MELD-RAW\MELD.Raw\dev\dev_splits_complete\dia91_utt3.mp4,anger,neutral,Joey,Rachel,train,1,musetalk_cross_speaker,FAKE_T4_train_dia679_utt14__AUDIO_dev_dia91_utt3,,,,,,,yes
data\synthetic\track4_fakes\videos\FAKE_T4_train_dia684_utt2__AUDIO_train_dia503_utt4.mp4,data\raw\MELD\MELD-RAW\MELD.Raw\train\train_splits\dia684_utt2.mp4,data\raw\MELD\MELD-RAW\MELD.Raw\train\train_splits\dia503_utt4.mp4,neutral,joy,Chandler,Monica,train,1,musetalk_cross_speaker,FAKE_T4_train_dia684_utt2__AUDIO_train_dia503_utt4,,,,,,,yes
data\synthetic\track4_fakes\videos\FAKE_T4_train_dia707_utt1__AUDIO_train_dia614_utt2.mp4,data\raw\MELD\MELD-RAW\MELD.Raw\train\train_splits\dia707_utt1.mp4,data\raw\MELD\MELD-RAW\MELD.Raw\train\train_splits\dia614_utt2.mp4,neutral,joy,Phoebe,Rachel,train,1,musetalk_cross_speaker,FAKE_T4_train_dia707_utt1__AUDIO_train_dia614_utt2,,,,,,,yes
data\synthetic\track4_fakes\videos\FAKE_T4_train_dia712_utt1__AUDIO_train_dia797_utt7.mp4,data\raw\MELD\MELD-RAW\MELD.Raw\train\train_splits\dia712_utt1.mp4,data\raw\MELD\MELD-RAW\MELD.Raw\train\train_splits\dia797_utt7.mp4,joy,neutral,Chandler,Fake Monica,train,1,musetalk_cross_speaker,FAKE_T4_train_dia712_utt1__AUDIO_train_dia797_utt7,,,,,,,yes
data\synthetic\track4_fakes\videos\FAKE_T4_train_dia714_utt4__AUDIO_train_dia445_utt20.mp4,data\raw\MELD\MELD-RAW\MELD.Raw\train\train_splits\dia714_utt4.mp4,data\raw\MELD\MELD-RAW\MELD.Raw\train\train_splits\dia445_utt20.mp4,anger,sadness,Ross,Rachel,train,1,musetalk_cross_speaker,FAKE_T4_train_dia714_utt4__AUDIO_train_dia445_utt20,,,,,,,yes
data\synthetic\track4_fakes\videos\FAKE_T4_train_dia714_utt5__AUDIO_dev_dia29_utt3.mp4,data\raw\MELD\MELD-RAW\MELD.Raw\train\train_splits\dia714_utt5.mp4,data\raw\MELD\MELD-RAW\MELD.Raw\dev\dev_splits_complete\dia29_utt3.mp4,anger,sadness,Ross,Rachel,train,1,musetalk_cross_speaker,FAKE_T4_train_dia714_utt5__AUDIO_dev_dia29_utt3,,,,,,,yes
data\synthetic\track4_fakes\videos\FAKE_T4_train_dia717_utt2__AUDIO_test_dia45_utt5.mp4,data\raw\MELD\MELD-RAW\MELD.Raw\train\train_splits\dia717_utt2.mp4,data\raw\MELD\MELD-RAW\MELD.Raw\test\output_repeated_splits_test\dia45_utt5.mp4,neutral,joy,Phoebe,Phoebe,train,1,musetalk_cross_speaker,FAKE_T4_train_dia717_utt2__AUDIO_test_dia45_utt5,,,,,,,yes
data\synthetic\track4_fakes\videos\FAKE_T4_train_dia718_utt2__AUDIO_train_dia950_utt9.mp4,data\raw\MELD\MELD-RAW\MELD.Raw\train\train_splits\dia718_utt2.mp4,data\raw\MELD\MELD-RAW\MELD.Raw\train\train_splits\dia950_utt9.mp4,neutral,joy,Chip,Rachel,train,1,musetalk_cross_speaker,FAKE_T4_train_dia718_utt2__AUDIO_train_dia950_utt9,,,,,,,yes
data\synthetic\track4_fakes\videos\FAKE_T4_train_dia727_utt1__AUDIO_train_dia32_utt14.mp4,data\raw\MELD\MELD-RAW\MELD.Raw\train\train_splits\dia727_utt1.mp4,data\raw\MELD\MELD-RAW\MELD.Raw\train\train_splits\dia32_utt14.mp4,neutral,anger,Chandler,Ross,train,1,musetalk_cross_speaker,FAKE_T4_train_dia727_utt1__AUDIO_train_dia32_utt14,,,,,,,yes
data\synthetic\track4_fakes\videos\FAKE_T4_train_dia727_utt6__AUDIO_train_dia1010_utt1.mp4,data\raw\MELD\MELD-RAW\MELD.Raw\train\train_splits\dia727_utt6.mp4,data\raw\MELD\MELD-RAW\MELD.Raw\train\train_splits\dia1010_utt1.mp4,anger,neutral,Monica,Monica,train,1,musetalk_cross_speaker,FAKE_T4_train_dia727_utt6__AUDIO_train_dia1010_utt1,,,,,,,yes
data\synthetic\track4_fakes\videos\FAKE_T4_train_dia72_utt1__AUDIO_train_dia347_utt9.mp4,data\raw\MELD\MELD-RAW\MELD.Raw\train\train_splits\dia72_utt1.mp4,data\raw\MELD\MELD-RAW\MELD.Raw\train\train_splits\dia347_utt9.mp4,neutral,sadness,Ticket Counter Attendant,Phoebe,train,1,musetalk_cross_speaker,FAKE_T4_train_dia72_utt1__AUDIO_train_dia347_utt9,,,,,,,yes
data\synthetic\track4_fakes\videos\FAKE_T4_train_dia735_utt10__AUDIO_train_dia410_utt8.mp4,data\raw\MELD\MELD-RAW\MELD.Raw\train\train_splits\dia735_utt10.mp4,data\raw\MELD\MELD-RAW\MELD.Raw\train\train_splits\dia410_utt8.mp4,joy,neutral,Ross,Carl,train,1,musetalk_cross_speaker,FAKE_T4_train_dia735_utt10__AUDIO_train_dia410_utt8,,,,,,,yes
data\synthetic\track4_fakes\videos\FAKE_T4_train_dia737_utt7__AUDIO_train_dia545_utt11.mp4,data\raw\MELD\MELD-RAW\MELD.Raw\train\train_splits\dia737_utt7.mp4,data\raw\MELD\MELD-RAW\MELD.Raw\train\train_splits\dia545_utt11.mp4,neutral,anger,Chandler,Phoebe,train,1,musetalk_cross_speaker,FAKE_T4_train_dia737_utt7__AUDIO_train_dia545_utt11,,,,,,,yes
data\synthetic\track4_fakes\videos\FAKE_T4_train_dia747_utt2__AUDIO_train_dia31_utt2.mp4,data\raw\MELD\MELD-RAW\MELD.Raw\train\train_splits\dia747_utt2.mp4,data\raw\MELD\MELD-RAW\MELD.Raw\train\train_splits\dia31_utt2.mp4,sadness,neutral,Ross,Joey,train,1,musetalk_cross_speaker,FAKE_T4_train_dia747_utt2__AUDIO_train_dia31_utt2,,,,,,,yes
data\synthetic\track4_fakes\videos\FAKE_T4_train_dia749_utt3__AUDIO_train_dia705_utt3.mp4,data\raw\MELD\MELD-RAW\MELD.Raw\train\train_splits\dia749_utt3.mp4,data\raw\MELD\MELD-RAW\MELD.Raw\train\train_splits\dia705_utt3.mp4,neutral,joy,Chandler,Phoebe,train,1,musetalk_cross_speaker,FAKE_T4_train_dia749_utt3__AUDIO_train_dia705_utt3,,,,,,,yes
data\synthetic\track4_fakes\videos\FAKE_T4_train_dia755_utt1__AUDIO_train_dia441_utt1.mp4,data\raw\MELD\MELD-RAW\MELD.Raw\train\train_splits\dia755_utt1.mp4,data\raw\MELD\MELD-RAW\MELD.Raw\train\train_splits\dia441_utt1.mp4,anger,sadness,Girl,Mona,train,1,musetalk_cross_speaker,FAKE_T4_train_dia755_utt1__AUDIO_train_dia441_utt1,,,,,,,yes
data\synthetic\track4_fakes\videos\FAKE_T4_train_dia759_utt4__AUDIO_test_dia85_utt1.mp4,data\raw\MELD\MELD-RAW\MELD.Raw\train\train_splits\dia759_utt4.mp4,data\raw\MELD\MELD-RAW\MELD.Raw\test\output_repeated_splits_test\dia85_utt1.mp4,anger,neutral,Janice,Chandler,train,1,musetalk_cross_speaker,FAKE_T4_train_dia759_utt4__AUDIO_test_dia85_utt1,,,,,,,yes
data\synthetic\track4_fakes\videos\FAKE_T4_train_dia767_utt6__AUDIO_train_dia51_utt3.mp4,data\raw\MELD\MELD-RAW\MELD.Raw\train\train_splits\dia767_utt6.mp4,data\raw\MELD\MELD-RAW\MELD.Raw\train\train_splits\dia51_utt3.mp4,fear,disgust,Ross,Rachel,train,1,musetalk_cross_speaker,FAKE_T4_train_dia767_utt6__AUDIO_train_dia51_utt3,,,,,,,yes
data\synthetic\track4_fakes\videos\FAKE_T4_train_dia770_utt10__AUDIO_test_dia153_utt10_musetalk.mp4,,,anger,joy,Monica,Joey,,1,musetalk_emotion_mismatch,FAKE_T4_train_dia770_utt10__AUDIO_test_dia153_utt10,done,0.6,train_dia770_utt10,test_dia153_utt10,2026-05-30T04:31:55.671794,107.8,yes
data\synthetic\track4_fakes\videos\FAKE_T4_train_dia770_utt11__AUDIO_train_dia924_utt0.mp4,data\raw\MELD\MELD-RAW\MELD.Raw\train\train_splits\dia770_utt11.mp4,data\raw\MELD\MELD-RAW\MELD.Raw\train\train_splits\dia924_utt0.mp4,anger,joy,Chandler,Phoebe,train,1,musetalk_cross_speaker,FAKE_T4_train_dia770_utt11__AUDIO_train_dia924_utt0,,,,,,,yes
data\synthetic\track4_fakes\videos\FAKE_T4_train_dia770_utt14__AUDIO_train_dia612_utt4.mp4,data\raw\MELD\MELD-RAW\MELD.Raw\train\train_splits\dia770_utt14.mp4,data\raw\MELD\MELD-RAW\MELD.Raw\train\train_splits\dia612_utt4.mp4,anger,neutral,Monica,Joey,train,1,musetalk_cross_speaker,FAKE_T4_train_dia770_utt14__AUDIO_train_dia612_utt4,,,,,,,yes
data\synthetic\track4_fakes\videos\FAKE_T4_train_dia770_utt7__AUDIO_test_dia157_utt3.mp4,data\raw\MELD\MELD-RAW\MELD.Raw\train\train_splits\dia770_utt7.mp4,data\raw\MELD\MELD-RAW\MELD.Raw\test\output_repeated_splits_test\dia157_utt3.mp4,anger,neutral,Chandler,Joey,train,1,musetalk_cross_speaker,FAKE_T4_train_dia770_utt7__AUDIO_test_dia157_utt3,,,,,,,yes
data\synthetic\track4_fakes\videos\FAKE_T4_train_dia772_utt4__AUDIO_train_dia574_utt18.mp4,data\raw\MELD\MELD-RAW\MELD.Raw\train\train_splits\dia772_utt4.mp4,data\raw\MELD\MELD-RAW\MELD.Raw\train\train_splits\dia574_utt18.mp4,joy,disgust,Rachel,Joey,train,1,musetalk_cross_speaker,FAKE_T4_train_dia772_utt4__AUDIO_train_dia574_utt18,,,,,,,yes
data\synthetic\track4_fakes\videos\FAKE_T4_train_dia776_utt6__AUDIO_train_dia54_utt20.mp4,data\raw\MELD\MELD-RAW\MELD.Raw\train\train_splits\dia776_utt6.mp4,data\raw\MELD\MELD-RAW\MELD.Raw\train\train_splits\dia54_utt20.mp4,neutral,joy,Phoebe,Bobby,train,1,musetalk_cross_speaker,FAKE_T4_train_dia776_utt6__AUDIO_train_dia54_utt20,,,,,,,yes
data\synthetic\track4_fakes\videos\FAKE_T4_train_dia778_utt3__AUDIO_train_dia37_utt2.mp4,data\raw\MELD\MELD-RAW\MELD.Raw\train\train_splits\dia778_utt3.mp4,data\raw\MELD\MELD-RAW\MELD.Raw\train\train_splits\dia37_utt2.mp4,neutral,joy,Phoebe,Monica,train,1,musetalk_cross_speaker,FAKE_T4_train_dia778_utt3__AUDIO_train_dia37_utt2,,,,,,,yes
data\synthetic\track4_fakes\videos\FAKE_T4_train_dia783_utt6__AUDIO_test_dia139_utt1.mp4,data\raw\MELD\MELD-RAW\MELD.Raw\train\train_splits\dia783_utt6.mp4,data\raw\MELD\MELD-RAW\MELD.Raw\test\output_repeated_splits_test\dia139_utt1.mp4,neutral,sadness,Phoebe,Rachel,train,1,musetalk_cross_speaker,FAKE_T4_train_dia783_utt6__AUDIO_test_dia139_utt1,,,,,,,yes
data\synthetic\track4_fakes\videos\FAKE_T4_train_dia787_utt9__AUDIO_train_dia89_utt0.mp4,data\raw\MELD\MELD-RAW\MELD.Raw\train\train_splits\dia787_utt9.mp4,data\raw\MELD\MELD-RAW\MELD.Raw\train\train_splits\dia89_utt0.mp4,neutral,anger,Joey,Joey,train,1,musetalk_cross_speaker,FAKE_T4_train_dia787_utt9__AUDIO_train_dia89_utt0,,,,,,,yes
data\synthetic\track4_fakes\videos\FAKE_T4_train_dia789_utt8__AUDIO_train_dia230_utt0.mp4,data\raw\MELD\MELD-RAW\MELD.Raw\train\train_splits\dia789_utt8.mp4,data\raw\MELD\MELD-RAW\MELD.Raw\train\train_splits\dia230_utt0.mp4,joy,neutral,Joey,Lecturer,train,1,musetalk_cross_speaker,FAKE_T4_train_dia789_utt8__AUDIO_train_dia230_utt0,,,,,,,yes
data\synthetic\track4_fakes\videos\FAKE_T4_train_dia791_utt0__AUDIO_train_dia167_utt7.mp4,data\raw\MELD\MELD-RAW\MELD.Raw\train\train_splits\dia791_utt0.mp4,data\raw\MELD\MELD-RAW\MELD.Raw\train\train_splits\dia167_utt7.mp4,joy,neutral,Rachel,Ross,train,1,musetalk_cross_speaker,FAKE_T4_train_dia791_utt0__AUDIO_train_dia167_utt7,,,,,,,yes
data\synthetic\track4_fakes\videos\FAKE_T4_train_dia792_utt15__AUDIO_dev_dia40_utt2.mp4,data\raw\MELD\MELD-RAW\MELD.Raw\train\train_splits\dia792_utt15.mp4,data\raw\MELD\MELD-RAW\MELD.Raw\dev\dev_splits_complete\dia40_utt2.mp4,neutral,disgust,Joey/Drake,Rachel,train,1,musetalk_cross_speaker,FAKE_T4_train_dia792_utt15__AUDIO_dev_dia40_utt2,,,,,,,yes
data\synthetic\track4_fakes\videos\FAKE_T4_train_dia792_utt16__AUDIO_test_dia198_utt12.mp4,data\raw\MELD\MELD-RAW\MELD.Raw\train\train_splits\dia792_utt16.mp4,data\raw\MELD\MELD-RAW\MELD.Raw\test\output_repeated_splits_test\dia198_utt12.mp4,sadness,joy,Joey/Drake,Chandler,train,1,musetalk_cross_speaker,FAKE_T4_train_dia792_utt16__AUDIO_test_dia198_utt12,,,,,,,yes
data\synthetic\track4_fakes\videos\FAKE_T4_train_dia793_utt4__AUDIO_train_dia476_utt6.mp4,data\raw\MELD\MELD-RAW\MELD.Raw\train\train_splits\dia793_utt4.mp4,data\raw\MELD\MELD-RAW\MELD.Raw\train\train_splits\dia476_utt6.mp4,joy,neutral,Chandler,Ross,train,1,musetalk_cross_speaker,FAKE_T4_train_dia793_utt4__AUDIO_train_dia476_utt6,,,,,,,yes
data\synthetic\track4_fakes\videos\FAKE_T4_train_dia796_utt9__AUDIO_train_dia442_utt0.mp4,data\raw\MELD\MELD-RAW\MELD.Raw\train\train_splits\dia796_utt9.mp4,data\raw\MELD\MELD-RAW\MELD.Raw\train\train_splits\dia442_utt0.mp4,neutral,joy,Chandler,Joey,train,1,musetalk_cross_speaker,FAKE_T4_train_dia796_utt9__AUDIO_train_dia442_utt0,,,,,,,yes
data\synthetic\track4_fakes\videos\FAKE_T4_train_dia799_utt0__AUDIO_train_dia895_utt7.mp4,data\raw\MELD\MELD-RAW\MELD.Raw\train\train_splits\dia799_utt0.mp4,data\raw\MELD\MELD-RAW\MELD.Raw\train\train_splits\dia895_utt7.mp4,fear,neutral,Ross,Mr. Treeger,train,1,musetalk_cross_speaker,FAKE_T4_train_dia799_utt0__AUDIO_train_dia895_utt7,,,,,,,yes
data\synthetic\track4_fakes\videos\FAKE_T4_train_dia799_utt1__AUDIO_dev_dia56_utt11.mp4,data\raw\MELD\MELD-RAW\MELD.Raw\train\train_splits\dia799_utt1.mp4,data\raw\MELD\MELD-RAW\MELD.Raw\dev\dev_splits_complete\dia56_utt11.mp4,fear,sadness,Ross,Joey,train,1,musetalk_cross_speaker,FAKE_T4_train_dia799_utt1__AUDIO_dev_dia56_utt11,,,,,,,yes
data\synthetic\track4_fakes\videos\FAKE_T4_train_dia799_utt5__AUDIO_train_dia950_utt8.mp4,data\raw\MELD\MELD-RAW\MELD.Raw\train\train_splits\dia799_utt5.mp4,data\raw\MELD\MELD-RAW\MELD.Raw\train\train_splits\dia950_utt8.mp4,neutral,joy,Doctor,Monica,train,1,musetalk_cross_speaker,FAKE_T4_train_dia799_utt5__AUDIO_train_dia950_utt8,,,,,,,yes
data\synthetic\track4_fakes\videos\FAKE_T4_train_dia7_utt1__AUDIO_train_dia375_utt1.mp4,data\raw\MELD\MELD-RAW\MELD.Raw\train\train_splits\dia7_utt1.mp4,data\raw\MELD\MELD-RAW\MELD.Raw\train\train_splits\dia375_utt1.mp4,anger,neutral,Ross,Rachel,train,1,musetalk_cross_speaker,FAKE_T4_train_dia7_utt1__AUDIO_train_dia375_utt1,,,,,,,yes
data\synthetic\track4_fakes\videos\FAKE_T4_train_dia800_utt1__AUDIO_test_dia175_utt18.mp4,data\raw\MELD\MELD-RAW\MELD.Raw\train\train_splits\dia800_utt1.mp4,data\raw\MELD\MELD-RAW\MELD.Raw\test\output_repeated_splits_test\dia175_utt18.mp4,neutral,disgust,Monica,Rachel,train,1,musetalk_cross_speaker,FAKE_T4_train_dia800_utt1__AUDIO_test_dia175_utt18,,,,,,,yes
data\synthetic\track4_fakes\videos\FAKE_T4_train_dia804_utt8__AUDIO_test_dia8_utt2.mp4,data\raw\MELD\MELD-RAW\MELD.Raw\train\train_splits\dia804_utt8.mp4,data\raw\MELD\MELD-RAW\MELD.Raw\test\output_repeated_splits_test\dia8_utt2.mp4,anger,neutral,Mr. Treeger,Jade,train,1,musetalk_cross_speaker,FAKE_T4_train_dia804_utt8__AUDIO_test_dia8_utt2,,,,,,,yes
data\synthetic\track4_fakes\videos\FAKE_T4_train_dia805_utt2__AUDIO_train_dia564_utt6.mp4,data\raw\MELD\MELD-RAW\MELD.Raw\train\train_splits\dia805_utt2.mp4,data\raw\MELD\MELD-RAW\MELD.Raw\train\train_splits\dia564_utt6.mp4,neutral,fear,Ross,Rachel,train,1,musetalk_cross_speaker,FAKE_T4_train_dia805_utt2__AUDIO_train_dia564_utt6,,,,,,,yes
data\synthetic\track4_fakes\videos\FAKE_T4_train_dia805_utt6__AUDIO_train_dia907_utt9.mp4,data\raw\MELD\MELD-RAW\MELD.Raw\train\train_splits\dia805_utt6.mp4,data\raw\MELD\MELD-RAW\MELD.Raw\train\train_splits\dia907_utt9.mp4,anger,disgust,Ross,Phoebe,train,1,musetalk_cross_speaker,FAKE_T4_train_dia805_utt6__AUDIO_train_dia907_utt9,,,,,,,yes
data\synthetic\track4_fakes\videos\FAKE_T4_train_dia811_utt0__AUDIO_train_dia199_utt10.mp4,data\raw\MELD\MELD-RAW\MELD.Raw\train\train_splits\dia811_utt0.mp4,data\raw\MELD\MELD-RAW\MELD.Raw\train\train_splits\dia199_utt10.mp4,joy,neutral,Joey,Rachel,train,1,musetalk_cross_speaker,FAKE_T4_train_dia811_utt0__AUDIO_train_dia199_utt10,,,,,,,yes
data\synthetic\track4_fakes\videos\FAKE_T4_train_dia811_utt1__AUDIO_train_dia17_utt4.mp4,data\raw\MELD\MELD-RAW\MELD.Raw\train\train_splits\dia811_utt1.mp4,data\raw\MELD\MELD-RAW\MELD.Raw\train\train_splits\dia17_utt4.mp4,neutral,fear,The Director,Rachel,train,1,musetalk_cross_speaker,FAKE_T4_train_dia811_utt1__AUDIO_train_dia17_utt4,,,,,,,yes
data\synthetic\track4_fakes\videos\FAKE_T4_train_dia813_utt5__AUDIO_train_dia773_utt0.mp4,data\raw\MELD\MELD-RAW\MELD.Raw\train\train_splits\dia813_utt5.mp4,data\raw\MELD\MELD-RAW\MELD.Raw\train\train_splits\dia773_utt0.mp4,sadness,neutral,Rachel,Monica,train,1,musetalk_cross_speaker,FAKE_T4_train_dia813_utt5__AUDIO_train_dia773_utt0,,,,,,,yes
data\synthetic\track4_fakes\videos\FAKE_T4_train_dia81_utt1__AUDIO_train_dia596_utt21.mp4,data\raw\MELD\MELD-RAW\MELD.Raw\train\train_splits\dia81_utt1.mp4,data\raw\MELD\MELD-RAW\MELD.Raw\train\train_splits\dia596_utt21.mp4,neutral,anger,Monica,Joey,train,1,musetalk_cross_speaker,FAKE_T4_train_dia81_utt1__AUDIO_train_dia596_utt21,,,,,,,yes
data\synthetic\track4_fakes\videos\FAKE_T4_train_dia820_utt11__AUDIO_test_dia192_utt5.mp4,data\raw\MELD\MELD-RAW\MELD.Raw\train\train_splits\dia820_utt11.mp4,data\raw\MELD\MELD-RAW\MELD.Raw\test\output_repeated_splits_test\dia192_utt5.mp4,neutral,anger,Joey,Monica,train,1,musetalk_cross_speaker,FAKE_T4_train_dia820_utt11__AUDIO_test_dia192_utt5,,,,,,,yes
data\synthetic\track4_fakes\videos\FAKE_T4_train_dia820_utt18__AUDIO_train_dia336_utt6.mp4,data\raw\MELD\MELD-RAW\MELD.Raw\train\train_splits\dia820_utt18.mp4,data\raw\MELD\MELD-RAW\MELD.Raw\train\train_splits\dia336_utt6.mp4,neutral,sadness,Joey,Monica,train,1,musetalk_cross_speaker,FAKE_T4_train_dia820_utt18__AUDIO_train_dia336_utt6,,,,,,,yes
data\synthetic\track4_fakes\videos\FAKE_T4_train_dia820_utt3__AUDIO_dev_dia29_utt3.mp4,data\raw\MELD\MELD-RAW\MELD.Raw\train\train_splits\dia820_utt3.mp4,data\raw\MELD\MELD-RAW\MELD.Raw\dev\dev_splits_complete\dia29_utt3.mp4,neutral,sadness,Joey,Rachel,train,1,musetalk_cross_speaker,FAKE_T4_train_dia820_utt3__AUDIO_dev_dia29_utt3,,,,,,,yes
data\synthetic\track4_fakes\videos\FAKE_T4_train_dia822_utt2__AUDIO_train_dia736_utt2.mp4,data\raw\MELD\MELD-RAW\MELD.Raw\train\train_splits\dia822_utt2.mp4,data\raw\MELD\MELD-RAW\MELD.Raw\train\train_splits\dia736_utt2.mp4,neutral,joy,Phoebe,Ross,train,1,musetalk_cross_speaker,FAKE_T4_train_dia822_utt2__AUDIO_train_dia736_utt2,,,,,,,yes
data\synthetic\track4_fakes\videos\FAKE_T4_train_dia822_utt4__AUDIO_train_dia718_utt3.mp4,data\raw\MELD\MELD-RAW\MELD.Raw\train\train_splits\dia822_utt4.mp4,data\raw\MELD\MELD-RAW\MELD.Raw\train\train_splits\dia718_utt3.mp4,joy,neutral,Phoebe,Monica,train,1,musetalk_cross_speaker,FAKE_T4_train_dia822_utt4__AUDIO_train_dia718_utt3,,,,,,,yes
data\synthetic\track4_fakes\videos\FAKE_T4_train_dia823_utt13__AUDIO_train_dia806_utt8.mp4,data\raw\MELD\MELD-RAW\MELD.Raw\train\train_splits\dia823_utt13.mp4,data\raw\MELD\MELD-RAW\MELD.Raw\train\train_splits\dia806_utt8.mp4,neutral,sadness,Joey,Rachel,train,1,musetalk_cross_speaker,FAKE_T4_train_dia823_utt13__AUDIO_train_dia806_utt8,,,,,,,yes
data\synthetic\track4_fakes\videos\FAKE_T4_train_dia827_utt14__AUDIO_test_dia184_utt2.mp4,data\raw\MELD\MELD-RAW\MELD.Raw\train\train_splits\dia827_utt14.mp4,data\raw\MELD\MELD-RAW\MELD.Raw\test\output_repeated_splits_test\dia184_utt2.mp4,joy,anger,Monica,Phoebe,train,1,musetalk_cross_speaker,FAKE_T4_train_dia827_utt14__AUDIO_test_dia184_utt2,,,,,,,yes
data\synthetic\track4_fakes\videos\FAKE_T4_train_dia836_utt8__AUDIO_train_dia112_utt4.mp4,data\raw\MELD\MELD-RAW\MELD.Raw\train\train_splits\dia836_utt8.mp4,data\raw\MELD\MELD-RAW\MELD.Raw\train\train_splits\dia112_utt4.mp4,neutral,disgust,Joey,Ross,train,1,musetalk_cross_speaker,FAKE_T4_train_dia836_utt8__AUDIO_train_dia112_utt4,,,,,,,yes
data\synthetic\track4_fakes\videos\FAKE_T4_train_dia83_utt0__AUDIO_train_dia226_utt17.mp4,data\raw\MELD\MELD-RAW\MELD.Raw\train\train_splits\dia83_utt0.mp4,data\raw\MELD\MELD-RAW\MELD.Raw\train\train_splits\dia226_utt17.mp4,neutral,sadness,Charlton Heston,Tom,train,1,musetalk_cross_speaker,FAKE_T4_train_dia83_utt0__AUDIO_train_dia226_utt17,,,,,,,yes
data\synthetic\track4_fakes\videos\FAKE_T4_train_dia840_utt11__AUDIO_test_dia60_utt4.mp4,data\raw\MELD\MELD-RAW\MELD.Raw\train\train_splits\dia840_utt11.mp4,data\raw\MELD\MELD-RAW\MELD.Raw\test\output_repeated_splits_test\dia60_utt4.mp4,neutral,sadness,Phoebe,Chandler,train,1,musetalk_cross_speaker,FAKE_T4_train_dia840_utt11__AUDIO_test_dia60_utt4,,,,,,,yes
data\synthetic\track4_fakes\videos\FAKE_T4_train_dia840_utt12__AUDIO_test_dia168_utt17.mp4,data\raw\MELD\MELD-RAW\MELD.Raw\train\train_splits\dia840_utt12.mp4,data\raw\MELD\MELD-RAW\MELD.Raw\test\output_repeated_splits_test\dia168_utt17.mp4,neutral,anger,Rachel,The Stripper,train,1,musetalk_cross_speaker,FAKE_T4_train_dia840_utt12__AUDIO_test_dia168_utt17,,,,,,,yes
data\synthetic\track4_fakes\videos\FAKE_T4_train_dia840_utt5__AUDIO_train_dia445_utt2.mp4,data\raw\MELD\MELD-RAW\MELD.Raw\train\train_splits\dia840_utt5.mp4,data\raw\MELD\MELD-RAW\MELD.Raw\train\train_splits\dia445_utt2.mp4,neutral,sadness,Rachel,Phoebe,train,1,musetalk_cross_speaker,FAKE_T4_train_dia840_utt5__AUDIO_train_dia445_utt2,,,,,,,yes
data\synthetic\track4_fakes\videos\FAKE_T4_train_dia844_utt10__AUDIO_dev_dia53_utt3.mp4,data\raw\MELD\MELD-RAW\MELD.Raw\train\train_splits\dia844_utt10.mp4,data\raw\MELD\MELD-RAW\MELD.Raw\dev\dev_splits_complete\dia53_utt3.mp4,joy,neutral,Joey,Janine,train,1,musetalk_cross_speaker,FAKE_T4_train_dia844_utt10__AUDIO_dev_dia53_utt3,,,,,,,yes
data\synthetic\track4_fakes\videos\FAKE_T4_train_dia844_utt2__AUDIO_dev_dia89_utt8.mp4,data\raw\MELD\MELD-RAW\MELD.Raw\train\train_splits\dia844_utt2.mp4,data\raw\MELD\MELD-RAW\MELD.Raw\dev\dev_splits_complete\dia89_utt8.mp4,neutral,joy,Ross,Ross,train,1,musetalk_cross_speaker,FAKE_T4_train_dia844_utt2__AUDIO_dev_dia89_utt8,,,,,,,yes
data\synthetic\track4_fakes\videos\FAKE_T4_train_dia849_utt4__AUDIO_train_dia596_utt3.mp4,data\raw\MELD\MELD-RAW\MELD.Raw\train\train_splits\dia849_utt4.mp4,data\raw\MELD\MELD-RAW\MELD.Raw\train\train_splits\dia596_utt3.mp4,joy,neutral,Joey,Joey,train,1,musetalk_cross_speaker,FAKE_T4_train_dia849_utt4__AUDIO_train_dia596_utt3,,,,,,,yes
data\synthetic\track4_fakes\videos\FAKE_T4_train_dia854_utt2__AUDIO_train_dia379_utt9.mp4,data\raw\MELD\MELD-RAW\MELD.Raw\train\train_splits\dia854_utt2.mp4,data\raw\MELD\MELD-RAW\MELD.Raw\train\train_splits\dia379_utt9.mp4,anger,neutral,Dr. Green,Mark,train,1,musetalk_cross_speaker,FAKE_T4_train_dia854_utt2__AUDIO_train_dia379_utt9,,,,,,,yes
data\synthetic\track4_fakes\videos\FAKE_T4_train_dia857_utt1__AUDIO_dev_dia101_utt0.mp4,data\raw\MELD\MELD-RAW\MELD.Raw\train\train_splits\dia857_utt1.mp4,data\raw\MELD\MELD-RAW\MELD.Raw\dev\dev_splits_complete\dia101_utt0.mp4,neutral,sadness,Ross,Rachel,train,1,musetalk_cross_speaker,FAKE_T4_train_dia857_utt1__AUDIO_dev_dia101_utt0,,,,,,,yes
data\synthetic\track4_fakes\videos\FAKE_T4_train_dia860_utt0__AUDIO_train_dia120_utt0.mp4,data\raw\MELD\MELD-RAW\MELD.Raw\train\train_splits\dia860_utt0.mp4,data\raw\MELD\MELD-RAW\MELD.Raw\train\train_splits\dia120_utt0.mp4,neutral,fear,Jim,Rachel,train,1,musetalk_cross_speaker,FAKE_T4_train_dia860_utt0__AUDIO_train_dia120_utt0,,,,,,,yes
data\synthetic\track4_fakes\videos\FAKE_T4_train_dia860_utt12__AUDIO_train_dia646_utt4_musetalk.mp4,,,neutral,joy,Jim,Monica,,1,musetalk_emotion_mismatch,FAKE_T4_train_dia860_utt12__AUDIO_train_dia646_utt4,done,0.5,train_dia860_utt12,train_dia646_utt4,2026-05-30T04:51:26.473158,109.9,yes
data\synthetic\track4_fakes\videos\FAKE_T4_train_dia860_utt2__AUDIO_train_dia331_utt3.mp4,data\raw\MELD\MELD-RAW\MELD.Raw\train\train_splits\dia860_utt2.mp4,data\raw\MELD\MELD-RAW\MELD.Raw\train\train_splits\dia331_utt3.mp4,fear,neutral,Phoebe,Phoebe,train,1,musetalk_cross_speaker,FAKE_T4_train_dia860_utt2__AUDIO_train_dia331_utt3,,,,,,,yes
data\synthetic\track4_fakes\videos\FAKE_T4_train_dia864_utt2__AUDIO_train_dia210_utt4.mp4,data\raw\MELD\MELD-RAW\MELD.Raw\train\train_splits\dia864_utt2.mp4,data\raw\MELD\MELD-RAW\MELD.Raw\train\train_splits\dia210_utt4.mp4,neutral,anger,Rachel,Richard,train,1,musetalk_cross_speaker,FAKE_T4_train_dia864_utt2__AUDIO_train_dia210_utt4,,,,,,,yes
data\synthetic\track4_fakes\videos\FAKE_T4_train_dia864_utt3__AUDIO_dev_dia20_utt1.mp4,data\raw\MELD\MELD-RAW\MELD.Raw\train\train_splits\dia864_utt3.mp4,data\raw\MELD\MELD-RAW\MELD.Raw\dev\dev_splits_complete\dia20_utt1.mp4,joy,neutral,Chandler,Monica,train,1,musetalk_cross_speaker,FAKE_T4_train_dia864_utt3__AUDIO_dev_dia20_utt1,,,,,,,yes
data\synthetic\track4_fakes\videos\FAKE_T4_train_dia869_utt6__AUDIO_train_dia936_utt14.mp4,data\raw\MELD\MELD-RAW\MELD.Raw\train\train_splits\dia869_utt6.mp4,data\raw\MELD\MELD-RAW\MELD.Raw\train\train_splits\dia936_utt14.mp4,neutral,sadness,Chandler,Phoebe,train,1,musetalk_cross_speaker,FAKE_T4_train_dia869_utt6__AUDIO_train_dia936_utt14,,,,,,,yes
data\synthetic\track4_fakes\videos\FAKE_T4_train_dia869_utt9__AUDIO_test_dia244_utt15.mp4,data\raw\MELD\MELD-RAW\MELD.Raw\train\train_splits\dia869_utt9.mp4,data\raw\MELD\MELD-RAW\MELD.Raw\test\output_repeated_splits_test\dia244_utt15.mp4,disgust,anger,Chandler,Ross,train,1,musetalk_cross_speaker,FAKE_T4_train_dia869_utt9__AUDIO_test_dia244_utt15,,,,,,,yes
data\synthetic\track4_fakes\videos\FAKE_T4_train_dia86_utt1__AUDIO_train_dia819_utt17_musetalk.mp4,,,neutral,joy,Rachel,Chandler,,1,musetalk_emotion_mismatch,FAKE_T4_train_dia86_utt1__AUDIO_train_dia819_utt17,done,0.7,train_dia86_utt1,train_dia819_utt17,2026-05-30T06:00:08.556971,107.0,yes
data\synthetic\track4_fakes\videos\FAKE_T4_train_dia870_utt2__AUDIO_train_dia771_utt14.mp4,data\raw\MELD\MELD-RAW\MELD.Raw\train\train_splits\dia870_utt2.mp4,data\raw\MELD\MELD-RAW\MELD.Raw\train\train_splits\dia771_utt14.mp4,neutral,anger,Joey,Joey,train,1,musetalk_cross_speaker,FAKE_T4_train_dia870_utt2__AUDIO_train_dia771_utt14,,,,,,,yes
data\synthetic\track4_fakes\videos\FAKE_T4_train_dia870_utt4__AUDIO_test_dia22_utt15.mp4,data\raw\MELD\MELD-RAW\MELD.Raw\train\train_splits\dia870_utt4.mp4,data\raw\MELD\MELD-RAW\MELD.Raw\test\output_repeated_splits_test\dia22_utt15.mp4,neutral,joy,Joey,Monica,train,1,musetalk_cross_speaker,FAKE_T4_train_dia870_utt4__AUDIO_test_dia22_utt15,,,,,,,yes
data\synthetic\track4_fakes\videos\FAKE_T4_train_dia870_utt6__AUDIO_train_dia576_utt10.mp4,data\raw\MELD\MELD-RAW\MELD.Raw\train\train_splits\dia870_utt6.mp4,data\raw\MELD\MELD-RAW\MELD.Raw\train\train_splits\dia576_utt10.mp4,neutral,anger,Joey,Chandler,train,1,musetalk_cross_speaker,FAKE_T4_train_dia870_utt6__AUDIO_train_dia576_utt10,,,,,,,yes
data\synthetic\track4_fakes\videos\FAKE_T4_train_dia872_utt3__AUDIO_test_dia215_utt6.mp4,data\raw\MELD\MELD-RAW\MELD.Raw\train\train_splits\dia872_utt3.mp4,data\raw\MELD\MELD-RAW\MELD.Raw\test\output_repeated_splits_test\dia215_utt6.mp4,neutral,sadness,Monica,Phoebe,train,1,musetalk_cross_speaker,FAKE_T4_train_dia872_utt3__AUDIO_test_dia215_utt6,,,,,,,yes
data\synthetic\track4_fakes\videos\FAKE_T4_train_dia872_utt9__AUDIO_train_dia481_utt12.mp4,data\raw\MELD\MELD-RAW\MELD.Raw\train\train_splits\dia872_utt9.mp4,data\raw\MELD\MELD-RAW\MELD.Raw\train\train_splits\dia481_utt12.mp4,neutral,anger,Mr. Geller,Monica,train,1,musetalk_cross_speaker,FAKE_T4_train_dia872_utt9__AUDIO_train_dia481_utt12,,,,,,,yes
data\synthetic\track4_fakes\videos\FAKE_T4_train_dia876_utt1__AUDIO_train_dia443_utt0.mp4,data\raw\MELD\MELD-RAW\MELD.Raw\train\train_splits\dia876_utt1.mp4,data\raw\MELD\MELD-RAW\MELD.Raw\train\train_splits\dia443_utt0.mp4,anger,joy,Joey,Monica,train,1,musetalk_cross_speaker,FAKE_T4_train_dia876_utt1__AUDIO_train_dia443_utt0,,,,,,,yes
data\synthetic\track4_fakes\videos\FAKE_T4_train_dia879_utt2__AUDIO_train_dia276_utt0.mp4,data\raw\MELD\MELD-RAW\MELD.Raw\train\train_splits\dia879_utt2.mp4,data\raw\MELD\MELD-RAW\MELD.Raw\train\train_splits\dia276_utt0.mp4,neutral,joy,Tag,Rachel,train,1,musetalk_cross_speaker,FAKE_T4_train_dia879_utt2__AUDIO_train_dia276_utt0,,,,,,,yes
data\synthetic\track4_fakes\videos\FAKE_T4_train_dia888_utt15__AUDIO_train_dia755_utt1.mp4,data\raw\MELD\MELD-RAW\MELD.Raw\train\train_splits\dia888_utt15.mp4,data\raw\MELD\MELD-RAW\MELD.Raw\train\train_splits\dia755_utt1.mp4,neutral,anger,Emily,Girl,train,1,musetalk_cross_speaker,FAKE_T4_train_dia888_utt15__AUDIO_train_dia755_utt1,,,,,,,yes
data\synthetic\track4_fakes\videos\FAKE_T4_train_dia888_utt1__AUDIO_train_dia189_utt0.mp4,data\raw\MELD\MELD-RAW\MELD.Raw\train\train_splits\dia888_utt1.mp4,data\raw\MELD\MELD-RAW\MELD.Raw\train\train_splits\dia189_utt0.mp4,anger,fear,Joey,Monica,train,1,musetalk_cross_speaker,FAKE_T4_train_dia888_utt1__AUDIO_train_dia189_utt0,,,,,,,yes
data\synthetic\track4_fakes\videos\FAKE_T4_train_dia888_utt5__AUDIO_test_dia120_utt11.mp4,data\raw\MELD\MELD-RAW\MELD.Raw\train\train_splits\dia888_utt5.mp4,data\raw\MELD\MELD-RAW\MELD.Raw\test\output_repeated_splits_test\dia120_utt11.mp4,neutral,disgust,Emily,Monica,train,1,musetalk_cross_speaker,FAKE_T4_train_dia888_utt5__AUDIO_test_dia120_utt11,,,,,,,yes
data\synthetic\track4_fakes\videos\FAKE_T4_train_dia891_utt0__AUDIO_test_dia39_utt9.mp4,data\raw\MELD\MELD-RAW\MELD.Raw\train\train_splits\dia891_utt0.mp4,data\raw\MELD\MELD-RAW\MELD.Raw\test\output_repeated_splits_test\dia39_utt9.mp4,joy,neutral,Rachel,Ross,train,1,musetalk_cross_speaker,FAKE_T4_train_dia891_utt0__AUDIO_test_dia39_utt9,,,,,,,yes
data\synthetic\track4_fakes\videos\FAKE_T4_train_dia891_utt1__AUDIO_train_dia828_utt8.mp4,data\raw\MELD\MELD-RAW\MELD.Raw\train\train_splits\dia891_utt1.mp4,data\raw\MELD\MELD-RAW\MELD.Raw\train\train_splits\dia828_utt8.mp4,neutral,disgust,Chandler,Rachel,train,1,musetalk_cross_speaker,FAKE_T4_train_dia891_utt1__AUDIO_train_dia828_utt8,,,,,,,yes
data\synthetic\track4_fakes\videos\FAKE_T4_train_dia892_utt15__AUDIO_test_dia221_utt3.mp4,data\raw\MELD\MELD-RAW\MELD.Raw\train\train_splits\dia892_utt15.mp4,data\raw\MELD\MELD-RAW\MELD.Raw\test\output_repeated_splits_test\dia221_utt3.mp4,joy,neutral,Monica,Rachel,train,1,musetalk_cross_speaker,FAKE_T4_train_dia892_utt15__AUDIO_test_dia221_utt3,,,,,,,yes
data\synthetic\track4_fakes\videos\FAKE_T4_train_dia892_utt1__AUDIO_train_dia1001_utt4.mp4,data\raw\MELD\MELD-RAW\MELD.Raw\train\train_splits\dia892_utt1.mp4,data\raw\MELD\MELD-RAW\MELD.Raw\train\train_splits\dia1001_utt4.mp4,neutral,sadness,Chandler,Joey,train,1,musetalk_cross_speaker,FAKE_T4_train_dia892_utt1__AUDIO_train_dia1001_utt4,,,,,,,yes
data\synthetic\track4_fakes\videos\FAKE_T4_train_dia892_utt3__AUDIO_train_dia322_utt0.mp4,data\raw\MELD\MELD-RAW\MELD.Raw\train\train_splits\dia892_utt3.mp4,data\raw\MELD\MELD-RAW\MELD.Raw\train\train_splits\dia322_utt0.mp4,neutral,disgust,Chandler,Monica,train,1,musetalk_cross_speaker,FAKE_T4_train_dia892_utt3__AUDIO_train_dia322_utt0,,,,,,,yes
data\synthetic\track4_fakes\videos\FAKE_T4_train_dia895_utt7__AUDIO_test_dia107_utt2.mp4,data\raw\MELD\MELD-RAW\MELD.Raw\train\train_splits\dia895_utt7.mp4,data\raw\MELD\MELD-RAW\MELD.Raw\test\output_repeated_splits_test\dia107_utt2.mp4,neutral,joy,Mr. Treeger,Rachel,train,1,musetalk_cross_speaker,FAKE_T4_train_dia895_utt7__AUDIO_test_dia107_utt2,,,,,,,yes
data\synthetic\track4_fakes\videos\FAKE_T4_train_dia896_utt0__AUDIO_train_dia557_utt4.mp4,data\raw\MELD\MELD-RAW\MELD.Raw\train\train_splits\dia896_utt0.mp4,data\raw\MELD\MELD-RAW\MELD.Raw\train\train_splits\dia557_utt4.mp4,neutral,fear,Chandler,Katie,train,1,musetalk_cross_speaker,FAKE_T4_train_dia896_utt0__AUDIO_train_dia557_utt4,,,,,,,yes
data\synthetic\track4_fakes\videos\FAKE_T4_train_dia89_utt0__AUDIO_train_dia667_utt3.mp4,data\raw\MELD\MELD-RAW\MELD.Raw\train\train_splits\dia89_utt0.mp4,data\raw\MELD\MELD-RAW\MELD.Raw\train\train_splits\dia667_utt3.mp4,anger,neutral,Joey,Chandler,train,1,musetalk_cross_speaker,FAKE_T4_train_dia89_utt0__AUDIO_train_dia667_utt3,,,,,,,yes
data\synthetic\track4_fakes\videos\FAKE_T4_train_dia901_utt3__AUDIO_train_dia789_utt1.mp4,data\raw\MELD\MELD-RAW\MELD.Raw\train\train_splits\dia901_utt3.mp4,data\raw\MELD\MELD-RAW\MELD.Raw\train\train_splits\dia789_utt1.mp4,neutral,joy,Joey,Joey,train,1,musetalk_cross_speaker,FAKE_T4_train_dia901_utt3__AUDIO_train_dia789_utt1,,,,,,,yes
data\synthetic\track4_fakes\videos\FAKE_T4_train_dia902_utt11__AUDIO_train_dia818_utt7.mp4,data\raw\MELD\MELD-RAW\MELD.Raw\train\train_splits\dia902_utt11.mp4,data\raw\MELD\MELD-RAW\MELD.Raw\train\train_splits\dia818_utt7.mp4,joy,neutral,Phoebe,Paula,train,1,musetalk_cross_speaker,FAKE_T4_train_dia902_utt11__AUDIO_train_dia818_utt7,,,,,,,yes
data\synthetic\track4_fakes\videos\FAKE_T4_train_dia902_utt6__AUDIO_train_dia832_utt11.mp4,data\raw\MELD\MELD-RAW\MELD.Raw\train\train_splits\dia902_utt6.mp4,data\raw\MELD\MELD-RAW\MELD.Raw\train\train_splits\dia832_utt11.mp4,neutral,sadness,Chandler,Chandler,train,1,musetalk_cross_speaker,FAKE_T4_train_dia902_utt6__AUDIO_train_dia832_utt11,,,,,,,yes
data\synthetic\track4_fakes\videos\FAKE_T4_train_dia905_utt11__AUDIO_train_dia705_utt8.mp4,data\raw\MELD\MELD-RAW\MELD.Raw\train\train_splits\dia905_utt11.mp4,data\raw\MELD\MELD-RAW\MELD.Raw\train\train_splits\dia705_utt8.mp4,joy,neutral,Rachel,Monica,train,1,musetalk_cross_speaker,FAKE_T4_train_dia905_utt11__AUDIO_train_dia705_utt8,,,,,,,yes
data\synthetic\track4_fakes\videos\FAKE_T4_train_dia905_utt3__AUDIO_test_dia260_utt6.mp4,data\raw\MELD\MELD-RAW\MELD.Raw\train\train_splits\dia905_utt3.mp4,data\raw\MELD\MELD-RAW\MELD.Raw\test\output_repeated_splits_test\dia260_utt6.mp4,disgust,anger,Joey,Phoebe,train,1,musetalk_cross_speaker,FAKE_T4_train_dia905_utt3__AUDIO_test_dia260_utt6,,,,,,,yes
data\synthetic\track4_fakes\videos\FAKE_T4_train_dia907_utt9__AUDIO_train_dia910_utt3.mp4,data\raw\MELD\MELD-RAW\MELD.Raw\train\train_splits\dia907_utt9.mp4,data\raw\MELD\MELD-RAW\MELD.Raw\train\train_splits\dia910_utt3.mp4,disgust,neutral,Phoebe,Monica,train,1,musetalk_cross_speaker,FAKE_T4_train_dia907_utt9__AUDIO_train_dia910_utt3,,,,,,,yes
data\synthetic\track4_fakes\videos\FAKE_T4_train_dia908_utt7__AUDIO_train_dia553_utt9.mp4,data\raw\MELD\MELD-RAW\MELD.Raw\train\train_splits\dia908_utt7.mp4,data\raw\MELD\MELD-RAW\MELD.Raw\train\train_splits\dia553_utt9.mp4,anger,neutral,Ross,Janine,train,1,musetalk_cross_speaker,FAKE_T4_train_dia908_utt7__AUDIO_train_dia553_utt9,,,,,,,yes
data\synthetic\track4_fakes\videos\FAKE_T4_train_dia910_utt12__AUDIO_train_dia34_utt10.mp4,data\raw\MELD\MELD-RAW\MELD.Raw\train\train_splits\dia910_utt12.mp4,data\raw\MELD\MELD-RAW\MELD.Raw\train\train_splits\dia34_utt10.mp4,joy,neutral,Rachel,Rachel,train,1,musetalk_cross_speaker,FAKE_T4_train_dia910_utt12__AUDIO_train_dia34_utt10,,,,,,,yes
data\synthetic\track4_fakes\videos\FAKE_T4_train_dia912_utt6__AUDIO_train_dia791_utt1.mp4,data\raw\MELD\MELD-RAW\MELD.Raw\train\train_splits\dia912_utt6.mp4,data\raw\MELD\MELD-RAW\MELD.Raw\train\train_splits\dia791_utt1.mp4,neutral,joy,Ross,Ross,train,1,musetalk_cross_speaker,FAKE_T4_train_dia912_utt6__AUDIO_train_dia791_utt1,,,,,,,yes
data\synthetic\track4_fakes\videos\FAKE_T4_train_dia915_utt5__AUDIO_train_dia348_utt2.mp4,data\raw\MELD\MELD-RAW\MELD.Raw\train\train_splits\dia915_utt5.mp4,data\raw\MELD\MELD-RAW\MELD.Raw\train\train_splits\dia348_utt2.mp4,neutral,joy,Dr. Franzblau,Man,train,1,musetalk_cross_speaker,FAKE_T4_train_dia915_utt5__AUDIO_train_dia348_utt2,,,,,,,yes
data\synthetic\track4_fakes\videos\FAKE_T4_train_dia916_utt2__AUDIO_train_dia738_utt5_musetalk.mp4,,,joy,neutral,Ross,Phoebe,,1,musetalk_emotion_mismatch,FAKE_T4_train_dia916_utt2__AUDIO_train_dia738_utt5,done,0.6,train_dia916_utt2,train_dia738_utt5,2026-05-30T05:44:07.687834,220.2,yes
data\synthetic\track4_fakes\videos\FAKE_T4_train_dia916_utt6__AUDIO_train_dia338_utt12.mp4,data\raw\MELD\MELD-RAW\MELD.Raw\train\train_splits\dia916_utt6.mp4,data\raw\MELD\MELD-RAW\MELD.Raw\train\train_splits\dia338_utt12.mp4,joy,neutral,Ross,Mr. Burgin,train,1,musetalk_cross_speaker,FAKE_T4_train_dia916_utt6__AUDIO_train_dia338_utt12,,,,,,,yes
data\synthetic\track4_fakes\videos\FAKE_T4_train_dia917_utt2__AUDIO_train_dia923_utt5_musetalk.mp4,,,joy,disgust,Chandler,Chandler,,1,musetalk_emotion_mismatch,FAKE_T4_train_dia917_utt2__AUDIO_train_dia923_utt5,done,0.9,train_dia917_utt2,train_dia923_utt5,2026-05-30T04:58:57.819381,129.7,yes
data\synthetic\track4_fakes\videos\FAKE_T4_train_dia918_utt10__AUDIO_train_dia912_utt5.mp4,data\raw\MELD\MELD-RAW\MELD.Raw\train\train_splits\dia918_utt10.mp4,data\raw\MELD\MELD-RAW\MELD.Raw\train\train_splits\dia912_utt5.mp4,anger,neutral,Phoebe,Ross,train,1,musetalk_cross_speaker,FAKE_T4_train_dia918_utt10__AUDIO_train_dia912_utt5,,,,,,,yes
data\synthetic\track4_fakes\videos\FAKE_T4_train_dia922_utt6__AUDIO_train_dia804_utt2_musetalk.mp4,,,neutral,joy,Phoebe,Rachel,,1,musetalk_emotion_mismatch,FAKE_T4_train_dia922_utt6__AUDIO_train_dia804_utt2,done,0.8,train_dia922_utt6,train_dia804_utt2,2026-05-30T04:56:48.071873,128.6,yes
data\synthetic\track4_fakes\videos\FAKE_T4_train_dia923_utt12__AUDIO_train_dia288_utt18.mp4,data\raw\MELD\MELD-RAW\MELD.Raw\train\train_splits\dia923_utt12.mp4,data\raw\MELD\MELD-RAW\MELD.Raw\train\train_splits\dia288_utt18.mp4,sadness,neutral,Janice,Ross,train,1,musetalk_cross_speaker,FAKE_T4_train_dia923_utt12__AUDIO_train_dia288_utt18,,,,,,,yes
data\synthetic\track4_fakes\videos\FAKE_T4_train_dia923_utt3__AUDIO_train_dia493_utt5.mp4,data\raw\MELD\MELD-RAW\MELD.Raw\train\train_splits\dia923_utt3.mp4,data\raw\MELD\MELD-RAW\MELD.Raw\train\train_splits\dia493_utt5.mp4,joy,neutral,Chandler,Monica,train,1,musetalk_cross_speaker,FAKE_T4_train_dia923_utt3__AUDIO_train_dia493_utt5,,,,,,,yes
data\synthetic\track4_fakes\videos\FAKE_T4_train_dia923_utt8__AUDIO_test_dia154_utt8.mp4,data\raw\MELD\MELD-RAW\MELD.Raw\train\train_splits\dia923_utt8.mp4,data\raw\MELD\MELD-RAW\MELD.Raw\test\output_repeated_splits_test\dia154_utt8.mp4,joy,anger,Janice,Phoebe,train,1,musetalk_cross_speaker,FAKE_T4_train_dia923_utt8__AUDIO_test_dia154_utt8,,,,,,,yes
data\synthetic\track4_fakes\videos\FAKE_T4_train_dia924_utt0__AUDIO_test_dia93_utt4.mp4,data\raw\MELD\MELD-RAW\MELD.Raw\train\train_splits\dia924_utt0.mp4,data\raw\MELD\MELD-RAW\MELD.Raw\test\output_repeated_splits_test\dia93_utt4.mp4,joy,neutral,Phoebe,Joey,train,1,musetalk_cross_speaker,FAKE_T4_train_dia924_utt0__AUDIO_test_dia93_utt4,,,,,,,yes
data\synthetic\track4_fakes\videos\FAKE_T4_train_dia926_utt4__AUDIO_train_dia861_utt18.mp4,data\raw\MELD\MELD-RAW\MELD.Raw\train\train_splits\dia926_utt4.mp4,data\raw\MELD\MELD-RAW\MELD.Raw\train\train_splits\dia861_utt18.mp4,anger,neutral,Chandler,Mr. Geller,train,1,musetalk_cross_speaker,FAKE_T4_train_dia926_utt4__AUDIO_train_dia861_utt18,,,,,,,yes
data\synthetic\track4_fakes\videos\FAKE_T4_train_dia930_utt15__AUDIO_train_dia947_utt7.mp4,data\raw\MELD\MELD-RAW\MELD.Raw\train\train_splits\dia930_utt15.mp4,data\raw\MELD\MELD-RAW\MELD.Raw\train\train_splits\dia947_utt7.mp4,anger,joy,Joey,Joey,train,1,musetalk_cross_speaker,FAKE_T4_train_dia930_utt15__AUDIO_train_dia947_utt7,,,,,,,yes
data\synthetic\track4_fakes\videos\FAKE_T4_train_dia939_utt10__AUDIO_train_dia646_utt4.mp4,data\raw\MELD\MELD-RAW\MELD.Raw\train\train_splits\dia939_utt10.mp4,data\raw\MELD\MELD-RAW\MELD.Raw\train\train_splits\dia646_utt4.mp4,neutral,joy,Phoebe,Monica,train,1,musetalk_cross_speaker,FAKE_T4_train_dia939_utt10__AUDIO_train_dia646_utt4,,,,,,,yes
data\synthetic\track4_fakes\videos\FAKE_T4_train_dia941_utt0__AUDIO_train_dia637_utt0.mp4,data\raw\MELD\MELD-RAW\MELD.Raw\train\train_splits\dia941_utt0.mp4,data\raw\MELD\MELD-RAW\MELD.Raw\train\train_splits\dia637_utt0.mp4,neutral,joy,Jeannine,Joey,train,1,musetalk_cross_speaker,FAKE_T4_train_dia941_utt0__AUDIO_train_dia637_utt0,,,,,,,yes
data\synthetic\track4_fakes\videos\FAKE_T4_train_dia941_utt5__AUDIO_train_dia905_utt0.mp4,data\raw\MELD\MELD-RAW\MELD.Raw\train\train_splits\dia941_utt5.mp4,data\raw\MELD\MELD-RAW\MELD.Raw\train\train_splits\dia905_utt0.mp4,neutral,sadness,Julio,Chandler,train,1,musetalk_cross_speaker,FAKE_T4_train_dia941_utt5__AUDIO_train_dia905_utt0,,,,,,,yes
data\synthetic\track4_fakes\videos\FAKE_T4_train_dia942_utt0__AUDIO_test_dia231_utt7.mp4,data\raw\MELD\MELD-RAW\MELD.Raw\train\train_splits\dia942_utt0.mp4,data\raw\MELD\MELD-RAW\MELD.Raw\test\output_repeated_splits_test\dia231_utt7.mp4,neutral,anger,The Conductor,Chandler,train,1,musetalk_cross_speaker,FAKE_T4_train_dia942_utt0__AUDIO_test_dia231_utt7,,,,,,,yes
data\synthetic\track4_fakes\videos\FAKE_T4_train_dia942_utt2__AUDIO_train_dia448_utt6.mp4,data\raw\MELD\MELD-RAW\MELD.Raw\train\train_splits\dia942_utt2.mp4,data\raw\MELD\MELD-RAW\MELD.Raw\train\train_splits\dia448_utt6.mp4,neutral,anger,Woman On Train,Rachel,train,1,musetalk_cross_speaker,FAKE_T4_train_dia942_utt2__AUDIO_train_dia448_utt6,,,,,,,yes
data\synthetic\track4_fakes\videos\FAKE_T4_train_dia946_utt6__AUDIO_train_dia18_utt0.mp4,data\raw\MELD\MELD-RAW\MELD.Raw\train\train_splits\dia946_utt6.mp4,data\raw\MELD\MELD-RAW\MELD.Raw\train\train_splits\dia18_utt0.mp4,joy,neutral,Phoebe,Ross,train,1,musetalk_cross_speaker,FAKE_T4_train_dia946_utt6__AUDIO_train_dia18_utt0,,,,,,,yes
data\synthetic\track4_fakes\videos\FAKE_T4_train_dia948_utt0__AUDIO_train_dia596_utt10.mp4,data\raw\MELD\MELD-RAW\MELD.Raw\train\train_splits\dia948_utt0.mp4,data\raw\MELD\MELD-RAW\MELD.Raw\train\train_splits\dia596_utt10.mp4,neutral,anger,Phoebe,Phoebe,train,1,musetalk_cross_speaker,FAKE_T4_train_dia948_utt0__AUDIO_train_dia596_utt10,,,,,,,yes
data\synthetic\track4_fakes\videos\FAKE_T4_train_dia94_utt11__AUDIO_train_dia11_utt2.mp4,data\raw\MELD\MELD-RAW\MELD.Raw\train\train_splits\dia94_utt11.mp4,data\raw\MELD\MELD-RAW\MELD.Raw\train\train_splits\dia11_utt2.mp4,joy,neutral,Joanna,Ross,train,1,musetalk_cross_speaker,FAKE_T4_train_dia94_utt11__AUDIO_train_dia11_utt2,,,,,,,yes
data\synthetic\track4_fakes\videos\FAKE_T4_train_dia950_utt16__AUDIO_train_dia508_utt22.mp4,data\raw\MELD\MELD-RAW\MELD.Raw\train\train_splits\dia950_utt16.mp4,data\raw\MELD\MELD-RAW\MELD.Raw\train\train_splits\dia508_utt22.mp4,neutral,anger,Monica,Joey,train,1,musetalk_cross_speaker,FAKE_T4_train_dia950_utt16__AUDIO_train_dia508_utt22,,,,,,,yes
data\synthetic\track4_fakes\videos\FAKE_T4_train_dia950_utt8__AUDIO_train_dia525_utt5_musetalk.mp4,,,joy,neutral,Monica,Rachel,,1,musetalk_emotion_mismatch,FAKE_T4_train_dia950_utt8__AUDIO_train_dia525_utt5,done,0.6,train_dia950_utt8,train_dia525_utt5,2026-05-30T05:17:26.898480,127.8,yes
data\synthetic\track4_fakes\videos\FAKE_T4_train_dia954_utt0__AUDIO_train_dia907_utt11.mp4,data\raw\MELD\MELD-RAW\MELD.Raw\train\train_splits\dia954_utt0.mp4,data\raw\MELD\MELD-RAW\MELD.Raw\train\train_splits\dia907_utt11.mp4,joy,anger,Joey,Phoebe,train,1,musetalk_cross_speaker,FAKE_T4_train_dia954_utt0__AUDIO_train_dia907_utt11,,,,,,,yes
data\synthetic\track4_fakes\videos\FAKE_T4_train_dia954_utt1__AUDIO_train_dia658_utt16.mp4,data\raw\MELD\MELD-RAW\MELD.Raw\train\train_splits\dia954_utt1.mp4,data\raw\MELD\MELD-RAW\MELD.Raw\train\train_splits\dia658_utt16.mp4,neutral,disgust,Carol,Chandler,train,1,musetalk_cross_speaker,FAKE_T4_train_dia954_utt1__AUDIO_train_dia658_utt16,,,,,,,yes
data\synthetic\track4_fakes\videos\FAKE_T4_train_dia956_utt5__AUDIO_dev_dia49_utt3.mp4,data\raw\MELD\MELD-RAW\MELD.Raw\train\train_splits\dia956_utt5.mp4,data\raw\MELD\MELD-RAW\MELD.Raw\dev\dev_splits_complete\dia49_utt3.mp4,neutral,anger,Danny,Susan,train,1,musetalk_cross_speaker,FAKE_T4_train_dia956_utt5__AUDIO_dev_dia49_utt3,,,,,,,yes
data\synthetic\track4_fakes\videos\FAKE_T4_train_dia957_utt1__AUDIO_test_dia1_utt2.mp4,data\raw\MELD\MELD-RAW\MELD.Raw\train\train_splits\dia957_utt1.mp4,data\raw\MELD\MELD-RAW\MELD.Raw\test\output_repeated_splits_test\dia1_utt2.mp4,sadness,joy,Rachel,Joey,train,1,musetalk_cross_speaker,FAKE_T4_train_dia957_utt1__AUDIO_test_dia1_utt2,,,,,,,yes
data\synthetic\track4_fakes\videos\FAKE_T4_train_dia958_utt0__AUDIO_test_dia120_utt2.mp4,data\raw\MELD\MELD-RAW\MELD.Raw\train\train_splits\dia958_utt0.mp4,data\raw\MELD\MELD-RAW\MELD.Raw\test\output_repeated_splits_test\dia120_utt2.mp4,sadness,joy,Ross,Monica,train,1,musetalk_cross_speaker,FAKE_T4_train_dia958_utt0__AUDIO_test_dia120_utt2,,,,,,,yes
data\synthetic\track4_fakes\videos\FAKE_T4_train_dia960_utt10__AUDIO_train_dia842_utt4.mp4,data\raw\MELD\MELD-RAW\MELD.Raw\train\train_splits\dia960_utt10.mp4,data\raw\MELD\MELD-RAW\MELD.Raw\train\train_splits\dia842_utt4.mp4,neutral,sadness,Allesandro,Phoebe,train,1,musetalk_cross_speaker,FAKE_T4_train_dia960_utt10__AUDIO_train_dia842_utt4,,,,,,,yes
data\synthetic\track4_fakes\videos\FAKE_T4_train_dia960_utt3__AUDIO_dev_dia108_utt12.mp4,data\raw\MELD\MELD-RAW\MELD.Raw\train\train_splits\dia960_utt3.mp4,data\raw\MELD\MELD-RAW\MELD.Raw\dev\dev_splits_complete\dia108_utt12.mp4,disgust,fear,Monica,Frank,train,1,musetalk_cross_speaker,FAKE_T4_train_dia960_utt3__AUDIO_dev_dia108_utt12,,,,,,,yes
data\synthetic\track4_fakes\videos\FAKE_T4_train_dia960_utt5__AUDIO_train_dia451_utt1.mp4,data\raw\MELD\MELD-RAW\MELD.Raw\train\train_splits\dia960_utt5.mp4,data\raw\MELD\MELD-RAW\MELD.Raw\train\train_splits\dia451_utt1.mp4,disgust,anger,Monica,Chandler,train,1,musetalk_cross_speaker,FAKE_T4_train_dia960_utt5__AUDIO_train_dia451_utt1,,,,,,,yes
data\synthetic\track4_fakes\videos\FAKE_T4_train_dia962_utt5__AUDIO_train_dia293_utt8.mp4,data\raw\MELD\MELD-RAW\MELD.Raw\train\train_splits\dia962_utt5.mp4,data\raw\MELD\MELD-RAW\MELD.Raw\train\train_splits\dia293_utt8.mp4,neutral,joy,Chandler,Joey,train,1,musetalk_cross_speaker,FAKE_T4_train_dia962_utt5__AUDIO_train_dia293_utt8,,,,,,,yes
data\synthetic\track4_fakes\videos\FAKE_T4_train_dia964_utt0__AUDIO_train_dia53_utt8.mp4,data\raw\MELD\MELD-RAW\MELD.Raw\train\train_splits\dia964_utt0.mp4,data\raw\MELD\MELD-RAW\MELD.Raw\train\train_splits\dia53_utt8.mp4,neutral,joy,Ross,Richard,train,1,musetalk_cross_speaker,FAKE_T4_train_dia964_utt0__AUDIO_train_dia53_utt8,,,,,,,yes
data\synthetic\track4_fakes\videos\FAKE_T4_train_dia966_utt0__AUDIO_train_dia848_utt4.mp4,data\raw\MELD\MELD-RAW\MELD.Raw\train\train_splits\dia966_utt0.mp4,data\raw\MELD\MELD-RAW\MELD.Raw\train\train_splits\dia848_utt4.mp4,joy,sadness,Ross,Rachel,train,1,musetalk_cross_speaker,FAKE_T4_train_dia966_utt0__AUDIO_train_dia848_utt4,,,,,,,yes
data\synthetic\track4_fakes\videos\FAKE_T4_train_dia966_utt5__AUDIO_train_dia923_utt13.mp4,data\raw\MELD\MELD-RAW\MELD.Raw\train\train_splits\dia966_utt5.mp4,data\raw\MELD\MELD-RAW\MELD.Raw\train\train_splits\dia923_utt13.mp4,neutral,joy,Phoebe,Chandler,train,1,musetalk_cross_speaker,FAKE_T4_train_dia966_utt5__AUDIO_train_dia923_utt13,,,,,,,yes
data\synthetic\track4_fakes\videos\FAKE_T4_train_dia976_utt0__AUDIO_train_dia21_utt8.mp4,data\raw\MELD\MELD-RAW\MELD.Raw\train\train_splits\dia976_utt0.mp4,data\raw\MELD\MELD-RAW\MELD.Raw\train\train_splits\dia21_utt8.mp4,joy,disgust,Phoebe,Phoebe,train,1,musetalk_cross_speaker,FAKE_T4_train_dia976_utt0__AUDIO_train_dia21_utt8,,,,,,,yes
data\synthetic\track4_fakes\videos\FAKE_T4_train_dia976_utt9__AUDIO_train_dia201_utt6.mp4,data\raw\MELD\MELD-RAW\MELD.Raw\train\train_splits\dia976_utt9.mp4,data\raw\MELD\MELD-RAW\MELD.Raw\train\train_splits\dia201_utt6.mp4,disgust,neutral,Terry,Elizabeth,train,1,musetalk_cross_speaker,FAKE_T4_train_dia976_utt9__AUDIO_train_dia201_utt6,,,,,,,yes
data\synthetic\track4_fakes\videos\FAKE_T4_train_dia980_utt6__AUDIO_test_dia45_utt6.mp4,data\raw\MELD\MELD-RAW\MELD.Raw\train\train_splits\dia980_utt6.mp4,data\raw\MELD\MELD-RAW\MELD.Raw\test\output_repeated_splits_test\dia45_utt6.mp4,neutral,anger,Chandler,Phoebe,train,1,musetalk_cross_speaker,FAKE_T4_train_dia980_utt6__AUDIO_test_dia45_utt6,,,,,,,yes
data\synthetic\track4_fakes\videos\FAKE_T4_train_dia983_utt5__AUDIO_train_dia682_utt3.mp4,data\raw\MELD\MELD-RAW\MELD.Raw\train\train_splits\dia983_utt5.mp4,data\raw\MELD\MELD-RAW\MELD.Raw\train\train_splits\dia682_utt3.mp4,anger,neutral,Joey,Ross,train,1,musetalk_cross_speaker,FAKE_T4_train_dia983_utt5__AUDIO_train_dia682_utt3,,,,,,,yes
data\synthetic\track4_fakes\videos\FAKE_T4_train_dia988_utt0__AUDIO_train_dia860_utt2.mp4,data\raw\MELD\MELD-RAW\MELD.Raw\train\train_splits\dia988_utt0.mp4,data\raw\MELD\MELD-RAW\MELD.Raw\train\train_splits\dia860_utt2.mp4,neutral,fear,Phoebe,Phoebe,train,1,musetalk_cross_speaker,FAKE_T4_train_dia988_utt0__AUDIO_train_dia860_utt2,,,,,,,yes
data\synthetic\track4_fakes\videos\FAKE_T4_train_dia98_utt1__AUDIO_train_dia255_utt13.mp4,data\raw\MELD\MELD-RAW\MELD.Raw\train\train_splits\dia98_utt1.mp4,data\raw\MELD\MELD-RAW\MELD.Raw\train\train_splits\dia255_utt13.mp4,neutral,disgust,Chandler,Monica,train,1,musetalk_cross_speaker,FAKE_T4_train_dia98_utt1__AUDIO_train_dia255_utt13,,,,,,,yes
data\synthetic\track4_fakes\videos\FAKE_T4_train_dia990_utt0__AUDIO_train_dia479_utt7.mp4,data\raw\MELD\MELD-RAW\MELD.Raw\train\train_splits\dia990_utt0.mp4,data\raw\MELD\MELD-RAW\MELD.Raw\train\train_splits\dia479_utt7.mp4,neutral,disgust,Chandler,Chandler,train,1,musetalk_cross_speaker,FAKE_T4_train_dia990_utt0__AUDIO_train_dia479_utt7,,,,,,,yes
data\synthetic\track4_fakes\videos\FAKE_T4_train_dia990_utt15__AUDIO_train_dia39_utt7.mp4,data\raw\MELD\MELD-RAW\MELD.Raw\train\train_splits\dia990_utt15.mp4,data\raw\MELD\MELD-RAW\MELD.Raw\train\train_splits\dia39_utt7.mp4,neutral,joy,Chandler,The Director,train,1,musetalk_cross_speaker,FAKE_T4_train_dia990_utt15__AUDIO_train_dia39_utt7,,,,,,,yes
data\synthetic\track4_fakes\videos\FAKE_T4_train_dia992_utt13__AUDIO_train_dia236_utt11.mp4,data\raw\MELD\MELD-RAW\MELD.Raw\train\train_splits\dia992_utt13.mp4,data\raw\MELD\MELD-RAW\MELD.Raw\train\train_splits\dia236_utt11.mp4,neutral,disgust,Phoebe,Chandler,train,1,musetalk_cross_speaker,FAKE_T4_train_dia992_utt13__AUDIO_train_dia236_utt11,,,,,,,yes
data\synthetic\track4_fakes\videos\FAKE_T4_train_dia993_utt3__AUDIO_train_dia275_utt0.mp4,data\raw\MELD\MELD-RAW\MELD.Raw\train\train_splits\dia993_utt3.mp4,data\raw\MELD\MELD-RAW\MELD.Raw\train\train_splits\dia275_utt0.mp4,neutral,anger,Joey,Ross,train,1,musetalk_cross_speaker,FAKE_T4_train_dia993_utt3__AUDIO_train_dia275_utt0,,,,,,,yes
data\synthetic\track4_fakes\videos\FAKE_T4_train_dia997_utt8__AUDIO_train_dia705_utt3.mp4,data\raw\MELD\MELD-RAW\MELD.Raw\train\train_splits\dia997_utt8.mp4,data\raw\MELD\MELD-RAW\MELD.Raw\train\train_splits\dia705_utt3.mp4,neutral,joy,Chandler,Phoebe,train,1,musetalk_cross_speaker,FAKE_T4_train_dia997_utt8__AUDIO_train_dia705_utt3,,,,,,,yes
data\synthetic\track4_fakes\videos\FAKE_T4_train_dia9_utt7__AUDIO_train_dia832_utt11.mp4,data\raw\MELD\MELD-RAW\MELD.Raw\train\train_splits\dia9_utt7.mp4,data\raw\MELD\MELD-RAW\MELD.Raw\train\train_splits\dia832_utt11.mp4,neutral,sadness,Chandler,Chandler,train,1,musetalk_cross_speaker,FAKE_T4_train_dia9_utt7__AUDIO_train_dia832_utt11,,,,,,,yes
