output_stem,output_path,label,status,method,actor_id,sentence_key,video_emotion,audio_emotion,processed
FAKE_T1_1001_DFA_ANG_XX__AUDIO_1001_DFA_DIS_XX_styletts,data\synthetic\track1_fakes\videos\FAKE_T1_1001_DFA_ANG_XX__AUDIO_1001_DFA_DIS_XX_styletts.mp4,1,done,styletts,1001,DFA,angry,disgust,yes
FAKE_T1_1001_DFA_FEA_XX__AUDIO_1001_DFA_HAP_XX_styletts,data\synthetic\track1_fakes\videos\FAKE_T1_1001_DFA_FEA_XX__AUDIO_1001_DFA_HAP_XX_styletts.mp4,1,done,styletts,1001,DFA,fear,happy,yes
FAKE_T1_1001_DFA_NEU_XX__AUDIO_1001_DFA_SAD_XX_styletts,data\synthetic\track1_fakes\videos\FAKE_T1_1001_DFA_NEU_XX__AUDIO_1001_DFA_SAD_XX_styletts.mp4,1,done,styletts,1001,DFA,neutral,sad,yes
FAKE_T1_1001_IEO_NEU_XX__AUDIO_1001_IEO_SAD_HI_styletts,data\synthetic\track1_fakes\videos\FAKE_T1_1001_IEO_NEU_XX__AUDIO_1001_IEO_SAD_HI_styletts.mp4,1,done,styletts,1001,IEO,neutral,sad,yes
FAKE_T1_1001_IOM_FEA_XX__AUDIO_1001_IOM_HAP_XX_styletts,data\synthetic\track1_fakes\videos\FAKE_T1_1001_IOM_FEA_XX__AUDIO_1001_IOM_HAP_XX_styletts.mp4,1,done,styletts,1001,IOM,fear,happy,yes
FAKE_T1_1001_IOM_NEU_XX__AUDIO_1001_IOM_SAD_XX_styletts,data\synthetic\track1_fakes\videos\FAKE_T1_1001_IOM_NEU_XX__AUDIO_1001_IOM_SAD_XX_styletts.mp4,1,done,styletts,1001,IOM,neutral,sad,yes
FAKE_T1_1001_IOM_SAD_XX__AUDIO_1001_IOM_ANG_XX_styletts,data\synthetic\track1_fakes\videos\FAKE_T1_1001_IOM_SAD_XX__AUDIO_1001_IOM_ANG_XX_styletts.mp4,1,done,styletts,1001,IOM,sad,angry,yes
FAKE_T1_1001_ITH_DIS_XX__AUDIO_1001_ITH_FEA_XX_styletts,data\synthetic\track1_fakes\videos\FAKE_T1_1001_ITH_DIS_XX__AUDIO_1001_ITH_FEA_XX_styletts.mp4,1,done,styletts,1001,ITH,disgust,fear,yes
FAKE_T1_1001_ITH_SAD_XX__AUDIO_1001_ITH_ANG_XX_styletts,data\synthetic\track1_fakes\videos\FAKE_T1_1001_ITH_SAD_XX__AUDIO_1001_ITH_ANG_XX_styletts.mp4,1,done,styletts,1001,ITH,sad,angry,yes
FAKE_T1_1001_IWL_ANG_XX__AUDIO_1001_IWL_DIS_XX_styletts,data\synthetic\track1_fakes\videos\FAKE_T1_1001_IWL_ANG_XX__AUDIO_1001_IWL_DIS_XX_styletts.mp4,1,done,styletts,1001,IWL,angry,disgust,yes
FAKE_T1_1001_MTI_ANG_XX__AUDIO_1001_MTI_DIS_XX_styletts,data\synthetic\track1_fakes\videos\FAKE_T1_1001_MTI_ANG_XX__AUDIO_1001_MTI_DIS_XX_styletts.mp4,1,done,styletts,1001,MTI,angry,disgust,yes
FAKE_T1_1001_MTI_NEU_XX__AUDIO_1001_MTI_SAD_XX_styletts,data\synthetic\track1_fakes\videos\FAKE_T1_1001_MTI_NEU_XX__AUDIO_1001_MTI_SAD_XX_styletts.mp4,1,done,styletts,1001,MTI,neutral,sad,yes
FAKE_T1_1001_TAI_DIS_XX__AUDIO_1001_TAI_FEA_XX_styletts,data\synthetic\track1_fakes\videos\FAKE_T1_1001_TAI_DIS_XX__AUDIO_1001_TAI_FEA_XX_styletts.mp4,1,done,styletts,1001,TAI,disgust,fear,yes
FAKE_T1_1001_TAI_HAP_XX__AUDIO_1001_TAI_NEU_XX_styletts,data\synthetic\track1_fakes\videos\FAKE_T1_1001_TAI_HAP_XX__AUDIO_1001_TAI_NEU_XX_styletts.mp4,1,done,styletts,1001,TAI,happy,neutral,yes
FAKE_T1_1001_TAI_NEU_XX__AUDIO_1001_TAI_SAD_XX_styletts,data\synthetic\track1_fakes\videos\FAKE_T1_1001_TAI_NEU_XX__AUDIO_1001_TAI_SAD_XX_styletts.mp4,1,done,styletts,1001,TAI,neutral,sad,yes
FAKE_T1_1001_TAI_SAD_XX__AUDIO_1001_TAI_ANG_XX_styletts,data\synthetic\track1_fakes\videos\FAKE_T1_1001_TAI_SAD_XX__AUDIO_1001_TAI_ANG_XX_styletts.mp4,1,done,styletts,1001,TAI,sad,angry,yes
FAKE_T1_1002_IEO_ANG_HI__AUDIO_1002_IEO_DIS_HI_styletts,data\synthetic\track1_fakes\videos\FAKE_T1_1002_IEO_ANG_HI__AUDIO_1002_IEO_DIS_HI_styletts.mp4,1,done,styletts,1002,IEO,angry,disgust,yes
FAKE_T1_1002_IEO_ANG_LO__AUDIO_1002_IEO_DIS_LO_styletts,data\synthetic\track1_fakes\videos\FAKE_T1_1002_IEO_ANG_LO__AUDIO_1002_IEO_DIS_LO_styletts.mp4,1,done,styletts,1002,IEO,angry,disgust,yes
FAKE_T1_1002_IEO_DIS_HI__AUDIO_1002_IEO_FEA_HI_styletts,data\synthetic\track1_fakes\videos\FAKE_T1_1002_IEO_DIS_HI__AUDIO_1002_IEO_FEA_HI_styletts.mp4,1,done,styletts,1002,IEO,disgust,fear,yes
FAKE_T1_1002_IEO_HAP_HI__AUDIO_1002_IEO_NEU_XX_styletts,data\synthetic\track1_fakes\videos\FAKE_T1_1002_IEO_HAP_HI__AUDIO_1002_IEO_NEU_XX_styletts.mp4,1,done,styletts,1002,IEO,happy,neutral,yes
FAKE_T1_1002_IEO_HAP_LO__AUDIO_1002_IEO_NEU_XX_styletts,data\synthetic\track1_fakes\videos\FAKE_T1_1002_IEO_HAP_LO__AUDIO_1002_IEO_NEU_XX_styletts.mp4,1,done,styletts,1002,IEO,happy,neutral,yes
FAKE_T1_1002_ITH_HAP_XX__AUDIO_1002_ITH_NEU_XX_styletts,data\synthetic\track1_fakes\videos\FAKE_T1_1002_ITH_HAP_XX__AUDIO_1002_ITH_NEU_XX_styletts.mp4,1,done,styletts,1002,ITH,happy,neutral,yes
FAKE_T1_1002_ITS_ANG_XX__AUDIO_1002_ITS_DIS_XX_styletts,data\synthetic\track1_fakes\videos\FAKE_T1_1002_ITS_ANG_XX__AUDIO_1002_ITS_DIS_XX_styletts.mp4,1,done,styletts,1002,ITS,angry,disgust,yes
FAKE_T1_1002_ITS_HAP_XX__AUDIO_1002_ITS_NEU_XX_styletts,data\synthetic\track1_fakes\videos\FAKE_T1_1002_ITS_HAP_XX__AUDIO_1002_ITS_NEU_XX_styletts.mp4,1,done,styletts,1002,ITS,happy,neutral,yes
FAKE_T1_1002_IWL_ANG_XX__AUDIO_1002_IWL_DIS_XX_styletts,data\synthetic\track1_fakes\videos\FAKE_T1_1002_IWL_ANG_XX__AUDIO_1002_IWL_DIS_XX_styletts.mp4,1,done,styletts,1002,IWL,angry,disgust,yes
FAKE_T1_1002_IWL_HAP_XX__AUDIO_1002_IWL_NEU_XX_styletts,data\synthetic\track1_fakes\videos\FAKE_T1_1002_IWL_HAP_XX__AUDIO_1002_IWL_NEU_XX_styletts.mp4,1,done,styletts,1002,IWL,happy,neutral,yes
FAKE_T1_1002_IWW_NEU_XX__AUDIO_1002_IWW_SAD_XX_styletts,data\synthetic\track1_fakes\videos\FAKE_T1_1002_IWW_NEU_XX__AUDIO_1002_IWW_SAD_XX_styletts.mp4,1,done,styletts,1002,IWW,neutral,sad,yes
FAKE_T1_1002_MTI_DIS_XX__AUDIO_1002_MTI_FEA_XX_styletts,data\synthetic\track1_fakes\videos\FAKE_T1_1002_MTI_DIS_XX__AUDIO_1002_MTI_FEA_XX_styletts.mp4,1,done,styletts,1002,MTI,disgust,fear,yes
FAKE_T1_1002_MTI_FEA_XX__AUDIO_1002_MTI_HAP_XX_styletts,data\synthetic\track1_fakes\videos\FAKE_T1_1002_MTI_FEA_XX__AUDIO_1002_MTI_HAP_XX_styletts.mp4,1,done,styletts,1002,MTI,fear,happy,yes
FAKE_T1_1002_MTI_SAD_XX__AUDIO_1002_MTI_ANG_XX_styletts,data\synthetic\track1_fakes\videos\FAKE_T1_1002_MTI_SAD_XX__AUDIO_1002_MTI_ANG_XX_styletts.mp4,1,done,styletts,1002,MTI,sad,angry,yes
FAKE_T1_1002_TIE_DIS_XX__AUDIO_1002_TIE_FEA_XX_styletts,data\synthetic\track1_fakes\videos\FAKE_T1_1002_TIE_DIS_XX__AUDIO_1002_TIE_FEA_XX_styletts.mp4,1,done,styletts,1002,TIE,disgust,fear,yes
FAKE_T1_1002_WSI_ANG_XX__AUDIO_1002_WSI_DIS_XX_styletts,data\synthetic\track1_fakes\videos\FAKE_T1_1002_WSI_ANG_XX__AUDIO_1002_WSI_DIS_XX_styletts.mp4,1,done,styletts,1002,WSI,angry,disgust,yes
FAKE_T1_1003_DFA_ANG_XX__AUDIO_1003_DFA_DIS_XX_styletts,data\synthetic\track1_fakes\videos\FAKE_T1_1003_DFA_ANG_XX__AUDIO_1003_DFA_DIS_XX_styletts.mp4,1,done,styletts,1003,DFA,angry,disgust,yes
FAKE_T1_1003_DFA_HAP_XX__AUDIO_1003_DFA_NEU_XX_styletts,data\synthetic\track1_fakes\videos\FAKE_T1_1003_DFA_HAP_XX__AUDIO_1003_DFA_NEU_XX_styletts.mp4,1,done,styletts,1003,DFA,happy,neutral,yes
FAKE_T1_1003_DFA_NEU_XX__AUDIO_1003_DFA_SAD_XX_styletts,data\synthetic\track1_fakes\videos\FAKE_T1_1003_DFA_NEU_XX__AUDIO_1003_DFA_SAD_XX_styletts.mp4,1,done,styletts,1003,DFA,neutral,sad,yes
FAKE_T1_1003_IEO_DIS_LO__AUDIO_1003_IEO_FEA_LO_styletts,data\synthetic\track1_fakes\videos\FAKE_T1_1003_IEO_DIS_LO__AUDIO_1003_IEO_FEA_LO_styletts.mp4,1,done,styletts,1003,IEO,disgust,fear,yes
FAKE_T1_1003_IEO_HAP_HI__AUDIO_1003_IEO_NEU_XX_styletts,data\synthetic\track1_fakes\videos\FAKE_T1_1003_IEO_HAP_HI__AUDIO_1003_IEO_NEU_XX_styletts.mp4,1,done,styletts,1003,IEO,happy,neutral,yes
FAKE_T1_1003_IEO_SAD_HI__AUDIO_1003_IEO_ANG_HI_styletts,data\synthetic\track1_fakes\videos\FAKE_T1_1003_IEO_SAD_HI__AUDIO_1003_IEO_ANG_HI_styletts.mp4,1,done,styletts,1003,IEO,sad,angry,yes
FAKE_T1_1003_ITS_DIS_XX__AUDIO_1003_ITS_FEA_XX_styletts,data\synthetic\track1_fakes\videos\FAKE_T1_1003_ITS_DIS_XX__AUDIO_1003_ITS_FEA_XX_styletts.mp4,1,done,styletts,1003,ITS,disgust,fear,yes
FAKE_T1_1003_ITS_FEA_XX__AUDIO_1003_ITS_HAP_XX_styletts,data\synthetic\track1_fakes\videos\FAKE_T1_1003_ITS_FEA_XX__AUDIO_1003_ITS_HAP_XX_styletts.mp4,1,done,styletts,1003,ITS,fear,happy,yes
FAKE_T1_1003_IWL_HAP_XX__AUDIO_1003_IWL_NEU_XX_styletts,data\synthetic\track1_fakes\videos\FAKE_T1_1003_IWL_HAP_XX__AUDIO_1003_IWL_NEU_XX_styletts.mp4,1,done,styletts,1003,IWL,happy,neutral,yes
FAKE_T1_1003_IWL_NEU_XX__AUDIO_1003_IWL_SAD_XX_styletts,data\synthetic\track1_fakes\videos\FAKE_T1_1003_IWL_NEU_XX__AUDIO_1003_IWL_SAD_XX_styletts.mp4,1,done,styletts,1003,IWL,neutral,sad,yes
FAKE_T1_1003_IWW_SAD_XX__AUDIO_1003_IWW_ANG_XX_styletts,data\synthetic\track1_fakes\videos\FAKE_T1_1003_IWW_SAD_XX__AUDIO_1003_IWW_ANG_XX_styletts.mp4,1,done,styletts,1003,IWW,sad,angry,yes
FAKE_T1_1003_MTI_ANG_XX__AUDIO_1003_MTI_DIS_XX_styletts,data\synthetic\track1_fakes\videos\FAKE_T1_1003_MTI_ANG_XX__AUDIO_1003_MTI_DIS_XX_styletts.mp4,1,done,styletts,1003,MTI,angry,disgust,yes
FAKE_T1_1003_MTI_FEA_XX__AUDIO_1003_MTI_HAP_XX_styletts,data\synthetic\track1_fakes\videos\FAKE_T1_1003_MTI_FEA_XX__AUDIO_1003_MTI_HAP_XX_styletts.mp4,1,done,styletts,1003,MTI,fear,happy,yes
FAKE_T1_1003_TIE_ANG_XX__AUDIO_1003_TIE_DIS_XX_styletts,data\synthetic\track1_fakes\videos\FAKE_T1_1003_TIE_ANG_XX__AUDIO_1003_TIE_DIS_XX_styletts.mp4,1,done,styletts,1003,TIE,angry,disgust,yes
FAKE_T1_1003_WSI_ANG_XX__AUDIO_1003_WSI_DIS_XX_styletts,data\synthetic\track1_fakes\videos\FAKE_T1_1003_WSI_ANG_XX__AUDIO_1003_WSI_DIS_XX_styletts.mp4,1,done,styletts,1003,WSI,angry,disgust,yes
FAKE_T1_1003_WSI_NEU_XX__AUDIO_1003_WSI_SAD_XX_styletts,data\synthetic\track1_fakes\videos\FAKE_T1_1003_WSI_NEU_XX__AUDIO_1003_WSI_SAD_XX_styletts.mp4,1,done,styletts,1003,WSI,neutral,sad,yes
FAKE_T1_1004_DFA_ANG_XX__AUDIO_1004_DFA_DIS_XX_styletts,data\synthetic\track1_fakes\videos\FAKE_T1_1004_DFA_ANG_XX__AUDIO_1004_DFA_DIS_XX_styletts.mp4,1,done,styletts,1004,DFA,angry,disgust,yes
FAKE_T1_1004_IEO_FEA_LO__AUDIO_1004_IEO_HAP_LO_styletts,data\synthetic\track1_fakes\videos\FAKE_T1_1004_IEO_FEA_LO__AUDIO_1004_IEO_HAP_LO_styletts.mp4,1,done,styletts,1004,IEO,fear,happy,yes
FAKE_T1_1004_IOM_NEU_XX__AUDIO_1004_IOM_SAD_XX_styletts,data\synthetic\track1_fakes\videos\FAKE_T1_1004_IOM_NEU_XX__AUDIO_1004_IOM_SAD_XX_styletts.mp4,1,done,styletts,1004,IOM,neutral,sad,yes
FAKE_T1_1004_ITH_ANG_XX__AUDIO_1004_ITH_DIS_XX_styletts,data\synthetic\track1_fakes\videos\FAKE_T1_1004_ITH_ANG_XX__AUDIO_1004_ITH_DIS_XX_styletts.mp4,1,done,styletts,1004,ITH,angry,disgust,yes
FAKE_T1_1004_ITS_HAP_XX__AUDIO_1004_ITS_NEU_XX_styletts,data\synthetic\track1_fakes\videos\FAKE_T1_1004_ITS_HAP_XX__AUDIO_1004_ITS_NEU_XX_styletts.mp4,1,done,styletts,1004,ITS,happy,neutral,yes
FAKE_T1_1004_IWL_ANG_XX__AUDIO_1004_IWL_DIS_XX_styletts,data\synthetic\track1_fakes\videos\FAKE_T1_1004_IWL_ANG_XX__AUDIO_1004_IWL_DIS_XX_styletts.mp4,1,done,styletts,1004,IWL,angry,disgust,yes
FAKE_T1_1004_IWL_HAP_XX__AUDIO_1004_IWL_NEU_XX_styletts,data\synthetic\track1_fakes\videos\FAKE_T1_1004_IWL_HAP_XX__AUDIO_1004_IWL_NEU_XX_styletts.mp4,1,done,styletts,1004,IWL,happy,neutral,yes
FAKE_T1_1004_IWW_ANG_XX__AUDIO_1004_IWW_DIS_XX_styletts,data\synthetic\track1_fakes\videos\FAKE_T1_1004_IWW_ANG_XX__AUDIO_1004_IWW_DIS_XX_styletts.mp4,1,done,styletts,1004,IWW,angry,disgust,yes
FAKE_T1_1004_MTI_ANG_XX__AUDIO_1004_MTI_DIS_XX_styletts,data\synthetic\track1_fakes\videos\FAKE_T1_1004_MTI_ANG_XX__AUDIO_1004_MTI_DIS_XX_styletts.mp4,1,done,styletts,1004,MTI,angry,disgust,yes
FAKE_T1_1004_MTI_HAP_XX__AUDIO_1004_MTI_NEU_XX_styletts,data\synthetic\track1_fakes\videos\FAKE_T1_1004_MTI_HAP_XX__AUDIO_1004_MTI_NEU_XX_styletts.mp4,1,done,styletts,1004,MTI,happy,neutral,yes
FAKE_T1_1004_TAI_FEA_XX__AUDIO_1004_TAI_HAP_XX_styletts,data\synthetic\track1_fakes\videos\FAKE_T1_1004_TAI_FEA_XX__AUDIO_1004_TAI_HAP_XX_styletts.mp4,1,done,styletts,1004,TAI,fear,happy,yes
FAKE_T1_1004_TAI_HAP_XX__AUDIO_1004_TAI_NEU_XX_styletts,data\synthetic\track1_fakes\videos\FAKE_T1_1004_TAI_HAP_XX__AUDIO_1004_TAI_NEU_XX_styletts.mp4,1,done,styletts,1004,TAI,happy,neutral,yes
FAKE_T1_1004_TAI_SAD_XX__AUDIO_1004_TAI_ANG_XX_styletts,data\synthetic\track1_fakes\videos\FAKE_T1_1004_TAI_SAD_XX__AUDIO_1004_TAI_ANG_XX_styletts.mp4,1,done,styletts,1004,TAI,sad,angry,yes
FAKE_T1_1004_WSI_ANG_XX__AUDIO_1004_WSI_DIS_XX_styletts,data\synthetic\track1_fakes\videos\FAKE_T1_1004_WSI_ANG_XX__AUDIO_1004_WSI_DIS_XX_styletts.mp4,1,done,styletts,1004,WSI,angry,disgust,yes
FAKE_T1_1004_WSI_DIS_XX__AUDIO_1004_WSI_FEA_XX_styletts,data\synthetic\track1_fakes\videos\FAKE_T1_1004_WSI_DIS_XX__AUDIO_1004_WSI_FEA_XX_styletts.mp4,1,done,styletts,1004,WSI,disgust,fear,yes
FAKE_T1_1004_WSI_HAP_XX__AUDIO_1004_WSI_NEU_XX_styletts,data\synthetic\track1_fakes\videos\FAKE_T1_1004_WSI_HAP_XX__AUDIO_1004_WSI_NEU_XX_styletts.mp4,1,done,styletts,1004,WSI,happy,neutral,yes
FAKE_T1_1005_DFA_NEU_XX__AUDIO_1005_DFA_SAD_XX_styletts,data\synthetic\track1_fakes\videos\FAKE_T1_1005_DFA_NEU_XX__AUDIO_1005_DFA_SAD_XX_styletts.mp4,1,done,styletts,1005,DFA,neutral,sad,yes
FAKE_T1_1005_IEO_SAD_LO__AUDIO_1005_IEO_ANG_LO_styletts,data\synthetic\track1_fakes\videos\FAKE_T1_1005_IEO_SAD_LO__AUDIO_1005_IEO_ANG_LO_styletts.mp4,1,done,styletts,1005,IEO,sad,angry,yes
FAKE_T1_1005_IOM_FEA_XX__AUDIO_1005_IOM_HAP_XX_styletts,data\synthetic\track1_fakes\videos\FAKE_T1_1005_IOM_FEA_XX__AUDIO_1005_IOM_HAP_XX_styletts.mp4,1,done,styletts,1005,IOM,fear,happy,yes
FAKE_T1_1005_ITH_HAP_XX__AUDIO_1005_ITH_NEU_XX_styletts,data\synthetic\track1_fakes\videos\FAKE_T1_1005_ITH_HAP_XX__AUDIO_1005_ITH_NEU_XX_styletts.mp4,1,done,styletts,1005,ITH,happy,neutral,yes
FAKE_T1_1005_ITH_SAD_XX__AUDIO_1005_ITH_ANG_XX_styletts,data\synthetic\track1_fakes\videos\FAKE_T1_1005_ITH_SAD_XX__AUDIO_1005_ITH_ANG_XX_styletts.mp4,1,done,styletts,1005,ITH,sad,angry,yes
FAKE_T1_1005_ITS_FEA_XX__AUDIO_1005_ITS_HAP_XX_styletts,data\synthetic\track1_fakes\videos\FAKE_T1_1005_ITS_FEA_XX__AUDIO_1005_ITS_HAP_XX_styletts.mp4,1,done,styletts,1005,ITS,fear,happy,yes
FAKE_T1_1005_IWL_DIS_XX__AUDIO_1005_IWL_FEA_XX_styletts,data\synthetic\track1_fakes\videos\FAKE_T1_1005_IWL_DIS_XX__AUDIO_1005_IWL_FEA_XX_styletts.mp4,1,done,styletts,1005,IWL,disgust,fear,yes
FAKE_T1_1005_IWL_FEA_XX__AUDIO_1005_IWL_HAP_XX_styletts,data\synthetic\track1_fakes\videos\FAKE_T1_1005_IWL_FEA_XX__AUDIO_1005_IWL_HAP_XX_styletts.mp4,1,done,styletts,1005,IWL,fear,happy,yes
FAKE_T1_1005_IWL_NEU_XX__AUDIO_1005_IWL_SAD_XX_styletts,data\synthetic\track1_fakes\videos\FAKE_T1_1005_IWL_NEU_XX__AUDIO_1005_IWL_SAD_XX_styletts.mp4,1,done,styletts,1005,IWL,neutral,sad,yes
FAKE_T1_1005_IWW_FEA_XX__AUDIO_1005_IWW_HAP_XX_styletts,data\synthetic\track1_fakes\videos\FAKE_T1_1005_IWW_FEA_XX__AUDIO_1005_IWW_HAP_XX_styletts.mp4,1,done,styletts,1005,IWW,fear,happy,yes
FAKE_T1_1005_IWW_NEU_XX__AUDIO_1005_IWW_SAD_XX_styletts,data\synthetic\track1_fakes\videos\FAKE_T1_1005_IWW_NEU_XX__AUDIO_1005_IWW_SAD_XX_styletts.mp4,1,done,styletts,1005,IWW,neutral,sad,yes
FAKE_T1_1005_TIE_SAD_XX__AUDIO_1005_TIE_ANG_XX_styletts,data\synthetic\track1_fakes\videos\FAKE_T1_1005_TIE_SAD_XX__AUDIO_1005_TIE_ANG_XX_styletts.mp4,1,done,styletts,1005,TIE,sad,angry,yes
FAKE_T1_1005_TSI_FEA_XX__AUDIO_1005_TSI_HAP_XX_styletts,data\synthetic\track1_fakes\videos\FAKE_T1_1005_TSI_FEA_XX__AUDIO_1005_TSI_HAP_XX_styletts.mp4,1,done,styletts,1005,TSI,fear,happy,yes
FAKE_T1_1005_TSI_HAP_XX__AUDIO_1005_TSI_NEU_XX_styletts,data\synthetic\track1_fakes\videos\FAKE_T1_1005_TSI_HAP_XX__AUDIO_1005_TSI_NEU_XX_styletts.mp4,1,done,styletts,1005,TSI,happy,neutral,yes
FAKE_T1_1005_TSI_NEU_XX__AUDIO_1005_TSI_SAD_XX_styletts,data\synthetic\track1_fakes\videos\FAKE_T1_1005_TSI_NEU_XX__AUDIO_1005_TSI_SAD_XX_styletts.mp4,1,done,styletts,1005,TSI,neutral,sad,yes
FAKE_T1_1005_WSI_SAD_XX__AUDIO_1005_WSI_ANG_XX_styletts,data\synthetic\track1_fakes\videos\FAKE_T1_1005_WSI_SAD_XX__AUDIO_1005_WSI_ANG_XX_styletts.mp4,1,done,styletts,1005,WSI,sad,angry,yes
FAKE_T1_1006_IEO_ANG_LO__AUDIO_1006_IEO_DIS_LO_styletts,data\synthetic\track1_fakes\videos\FAKE_T1_1006_IEO_ANG_LO__AUDIO_1006_IEO_DIS_LO_styletts.mp4,1,done,styletts,1006,IEO,angry,disgust,yes
FAKE_T1_1006_IEO_DIS_HI__AUDIO_1006_IEO_FEA_HI_styletts,data\synthetic\track1_fakes\videos\FAKE_T1_1006_IEO_DIS_HI__AUDIO_1006_IEO_FEA_HI_styletts.mp4,1,done,styletts,1006,IEO,disgust,fear,yes
FAKE_T1_1006_IEO_FEA_HI__AUDIO_1006_IEO_HAP_HI_styletts,data\synthetic\track1_fakes\videos\FAKE_T1_1006_IEO_FEA_HI__AUDIO_1006_IEO_HAP_HI_styletts.mp4,1,done,styletts,1006,IEO,fear,happy,yes
FAKE_T1_1006_IEO_FEA_LO__AUDIO_1006_IEO_HAP_LO_styletts,data\synthetic\track1_fakes\videos\FAKE_T1_1006_IEO_FEA_LO__AUDIO_1006_IEO_HAP_LO_styletts.mp4,1,done,styletts,1006,IEO,fear,happy,yes
FAKE_T1_1006_IEO_HAP_HI__AUDIO_1006_IEO_NEU_XX_styletts,data\synthetic\track1_fakes\videos\FAKE_T1_1006_IEO_HAP_HI__AUDIO_1006_IEO_NEU_XX_styletts.mp4,1,done,styletts,1006,IEO,happy,neutral,yes
FAKE_T1_1006_IOM_DIS_XX__AUDIO_1006_IOM_FEA_XX_styletts,data\synthetic\track1_fakes\videos\FAKE_T1_1006_IOM_DIS_XX__AUDIO_1006_IOM_FEA_XX_styletts.mp4,1,done,styletts,1006,IOM,disgust,fear,yes
FAKE_T1_1006_ITS_NEU_XX__AUDIO_1006_ITS_SAD_XX_styletts,data\synthetic\track1_fakes\videos\FAKE_T1_1006_ITS_NEU_XX__AUDIO_1006_ITS_SAD_XX_styletts.mp4,1,done,styletts,1006,ITS,neutral,sad,yes
FAKE_T1_1006_IWL_ANG_XX__AUDIO_1006_IWL_DIS_XX_styletts,data\synthetic\track1_fakes\videos\FAKE_T1_1006_IWL_ANG_XX__AUDIO_1006_IWL_DIS_XX_styletts.mp4,1,done,styletts,1006,IWL,angry,disgust,yes
FAKE_T1_1006_IWW_NEU_XX__AUDIO_1006_IWW_SAD_XX_styletts,data\synthetic\track1_fakes\videos\FAKE_T1_1006_IWW_NEU_XX__AUDIO_1006_IWW_SAD_XX_styletts.mp4,1,done,styletts,1006,IWW,neutral,sad,yes
FAKE_T1_1006_MTI_NEU_XX__AUDIO_1006_MTI_SAD_XX_styletts,data\synthetic\track1_fakes\videos\FAKE_T1_1006_MTI_NEU_XX__AUDIO_1006_MTI_SAD_XX_styletts.mp4,1,done,styletts,1006,MTI,neutral,sad,yes
FAKE_T1_1006_MTI_SAD_XX__AUDIO_1006_MTI_ANG_XX_styletts,data\synthetic\track1_fakes\videos\FAKE_T1_1006_MTI_SAD_XX__AUDIO_1006_MTI_ANG_XX_styletts.mp4,1,done,styletts,1006,MTI,sad,angry,yes
FAKE_T1_1006_TIE_DIS_XX__AUDIO_1006_TIE_FEA_XX_styletts,data\synthetic\track1_fakes\videos\FAKE_T1_1006_TIE_DIS_XX__AUDIO_1006_TIE_FEA_XX_styletts.mp4,1,done,styletts,1006,TIE,disgust,fear,yes
FAKE_T1_1006_TIE_FEA_XX__AUDIO_1006_TIE_HAP_XX_styletts,data\synthetic\track1_fakes\videos\FAKE_T1_1006_TIE_FEA_XX__AUDIO_1006_TIE_HAP_XX_styletts.mp4,1,done,styletts,1006,TIE,fear,happy,yes
FAKE_T1_1006_TSI_ANG_XX__AUDIO_1006_TSI_DIS_XX_styletts,data\synthetic\track1_fakes\videos\FAKE_T1_1006_TSI_ANG_XX__AUDIO_1006_TSI_DIS_XX_styletts.mp4,1,done,styletts,1006,TSI,angry,disgust,yes
FAKE_T1_1006_TSI_NEU_XX__AUDIO_1006_TSI_SAD_XX_styletts,data\synthetic\track1_fakes\videos\FAKE_T1_1006_TSI_NEU_XX__AUDIO_1006_TSI_SAD_XX_styletts.mp4,1,done,styletts,1006,TSI,neutral,sad,yes
FAKE_T1_1006_WSI_FEA_XX__AUDIO_1006_WSI_HAP_XX_styletts,data\synthetic\track1_fakes\videos\FAKE_T1_1006_WSI_FEA_XX__AUDIO_1006_WSI_HAP_XX_styletts.mp4,1,done,styletts,1006,WSI,fear,happy,yes
FAKE_T1_1007_DFA_SAD_XX__AUDIO_1007_DFA_ANG_XX_styletts,data\synthetic\track1_fakes\videos\FAKE_T1_1007_DFA_SAD_XX__AUDIO_1007_DFA_ANG_XX_styletts.mp4,1,done,styletts,1007,DFA,sad,angry,yes
FAKE_T1_1007_IEO_DIS_MD__AUDIO_1007_IEO_FEA_MD_styletts,data\synthetic\track1_fakes\videos\FAKE_T1_1007_IEO_DIS_MD__AUDIO_1007_IEO_FEA_MD_styletts.mp4,1,done,styletts,1007,IEO,disgust,fear,yes
FAKE_T1_1007_IEO_NEU_XX__AUDIO_1007_IEO_SAD_HI_styletts,data\synthetic\track1_fakes\videos\FAKE_T1_1007_IEO_NEU_XX__AUDIO_1007_IEO_SAD_HI_styletts.mp4,1,done,styletts,1007,IEO,neutral,sad,yes
FAKE_T1_1007_IEO_SAD_HI__AUDIO_1007_IEO_ANG_HI_styletts,data\synthetic\track1_fakes\videos\FAKE_T1_1007_IEO_SAD_HI__AUDIO_1007_IEO_ANG_HI_styletts.mp4,1,done,styletts,1007,IEO,sad,angry,yes
FAKE_T1_1007_IOM_HAP_XX__AUDIO_1007_IOM_NEU_XX_styletts,data\synthetic\track1_fakes\videos\FAKE_T1_1007_IOM_HAP_XX__AUDIO_1007_IOM_NEU_XX_styletts.mp4,1,done,styletts,1007,IOM,happy,neutral,yes
FAKE_T1_1007_IOM_SAD_XX__AUDIO_1007_IOM_ANG_XX_styletts,data\synthetic\track1_fakes\videos\FAKE_T1_1007_IOM_SAD_XX__AUDIO_1007_IOM_ANG_XX_styletts.mp4,1,done,styletts,1007,IOM,sad,angry,yes
FAKE_T1_1007_ITH_NEU_XX__AUDIO_1007_ITH_SAD_XX_styletts,data\synthetic\track1_fakes\videos\FAKE_T1_1007_ITH_NEU_XX__AUDIO_1007_ITH_SAD_XX_styletts.mp4,1,done,styletts,1007,ITH,neutral,sad,yes
FAKE_T1_1007_ITS_ANG_XX__AUDIO_1007_ITS_DIS_XX_styletts,data\synthetic\track1_fakes\videos\FAKE_T1_1007_ITS_ANG_XX__AUDIO_1007_ITS_DIS_XX_styletts.mp4,1,done,styletts,1007,ITS,angry,disgust,yes
FAKE_T1_1007_ITS_FEA_XX__AUDIO_1007_ITS_HAP_XX_styletts,data\synthetic\track1_fakes\videos\FAKE_T1_1007_ITS_FEA_XX__AUDIO_1007_ITS_HAP_XX_styletts.mp4,1,done,styletts,1007,ITS,fear,happy,yes
FAKE_T1_1007_ITS_SAD_XX__AUDIO_1007_ITS_ANG_XX_styletts,data\synthetic\track1_fakes\videos\FAKE_T1_1007_ITS_SAD_XX__AUDIO_1007_ITS_ANG_XX_styletts.mp4,1,done,styletts,1007,ITS,sad,angry,yes
FAKE_T1_1007_IWL_HAP_XX__AUDIO_1007_IWL_NEU_XX_styletts,data\synthetic\track1_fakes\videos\FAKE_T1_1007_IWL_HAP_XX__AUDIO_1007_IWL_NEU_XX_styletts.mp4,1,done,styletts,1007,IWL,happy,neutral,yes
FAKE_T1_1007_IWW_NEU_XX__AUDIO_1007_IWW_SAD_XX_styletts,data\synthetic\track1_fakes\videos\FAKE_T1_1007_IWW_NEU_XX__AUDIO_1007_IWW_SAD_XX_styletts.mp4,1,done,styletts,1007,IWW,neutral,sad,yes
FAKE_T1_1007_MTI_NEU_XX__AUDIO_1007_MTI_SAD_XX_styletts,data\synthetic\track1_fakes\videos\FAKE_T1_1007_MTI_NEU_XX__AUDIO_1007_MTI_SAD_XX_styletts.mp4,1,done,styletts,1007,MTI,neutral,sad,yes
FAKE_T1_1007_TAI_ANG_XX__AUDIO_1007_TAI_DIS_XX_styletts,data\synthetic\track1_fakes\videos\FAKE_T1_1007_TAI_ANG_XX__AUDIO_1007_TAI_DIS_XX_styletts.mp4,1,done,styletts,1007,TAI,angry,disgust,yes
FAKE_T1_1007_TSI_SAD_XX__AUDIO_1007_TSI_ANG_XX_styletts,data\synthetic\track1_fakes\videos\FAKE_T1_1007_TSI_SAD_XX__AUDIO_1007_TSI_ANG_XX_styletts.mp4,1,done,styletts,1007,TSI,sad,angry,yes
FAKE_T1_1007_WSI_DIS_XX__AUDIO_1007_WSI_FEA_XX_styletts,data\synthetic\track1_fakes\videos\FAKE_T1_1007_WSI_DIS_XX__AUDIO_1007_WSI_FEA_XX_styletts.mp4,1,done,styletts,1007,WSI,disgust,fear,yes
FAKE_T1_1008_IEO_ANG_LO__AUDIO_1008_IEO_DIS_LO_styletts,data\synthetic\track1_fakes\videos\FAKE_T1_1008_IEO_ANG_LO__AUDIO_1008_IEO_DIS_LO_styletts.mp4,1,done,styletts,1008,IEO,angry,disgust,yes
FAKE_T1_1008_IEO_DIS_HI__AUDIO_1008_IEO_FEA_HI_styletts,data\synthetic\track1_fakes\videos\FAKE_T1_1008_IEO_DIS_HI__AUDIO_1008_IEO_FEA_HI_styletts.mp4,1,done,styletts,1008,IEO,disgust,fear,yes
FAKE_T1_1008_IEO_HAP_HI__AUDIO_1008_IEO_NEU_XX_styletts,data\synthetic\track1_fakes\videos\FAKE_T1_1008_IEO_HAP_HI__AUDIO_1008_IEO_NEU_XX_styletts.mp4,1,done,styletts,1008,IEO,happy,neutral,yes
FAKE_T1_1008_IEO_HAP_MD__AUDIO_1008_IEO_NEU_XX_styletts,data\synthetic\track1_fakes\videos\FAKE_T1_1008_IEO_HAP_MD__AUDIO_1008_IEO_NEU_XX_styletts.mp4,1,done,styletts,1008,IEO,happy,neutral,yes
FAKE_T1_1008_IOM_DIS_XX__AUDIO_1008_IOM_FEA_XX_styletts,data\synthetic\track1_fakes\videos\FAKE_T1_1008_IOM_DIS_XX__AUDIO_1008_IOM_FEA_XX_styletts.mp4,1,done,styletts,1008,IOM,disgust,fear,yes
FAKE_T1_1008_IOM_FEA_XX__AUDIO_1008_IOM_HAP_XX_styletts,data\synthetic\track1_fakes\videos\FAKE_T1_1008_IOM_FEA_XX__AUDIO_1008_IOM_HAP_XX_styletts.mp4,1,done,styletts,1008,IOM,fear,happy,yes
FAKE_T1_1008_IOM_SAD_XX__AUDIO_1008_IOM_ANG_XX_styletts,data\synthetic\track1_fakes\videos\FAKE_T1_1008_IOM_SAD_XX__AUDIO_1008_IOM_ANG_XX_styletts.mp4,1,done,styletts,1008,IOM,sad,angry,yes
FAKE_T1_1008_ITH_ANG_XX__AUDIO_1008_ITH_DIS_XX_styletts,data\synthetic\track1_fakes\videos\FAKE_T1_1008_ITH_ANG_XX__AUDIO_1008_ITH_DIS_XX_styletts.mp4,1,done,styletts,1008,ITH,angry,disgust,yes
FAKE_T1_1008_ITS_ANG_XX__AUDIO_1008_ITS_DIS_XX_styletts,data\synthetic\track1_fakes\videos\FAKE_T1_1008_ITS_ANG_XX__AUDIO_1008_ITS_DIS_XX_styletts.mp4,1,done,styletts,1008,ITS,angry,disgust,yes
FAKE_T1_1008_MTI_FEA_XX__AUDIO_1008_MTI_HAP_XX_styletts,data\synthetic\track1_fakes\videos\FAKE_T1_1008_MTI_FEA_XX__AUDIO_1008_MTI_HAP_XX_styletts.mp4,1,done,styletts,1008,MTI,fear,happy,yes
FAKE_T1_1008_TAI_ANG_XX__AUDIO_1008_TAI_DIS_XX_styletts,data\synthetic\track1_fakes\videos\FAKE_T1_1008_TAI_ANG_XX__AUDIO_1008_TAI_DIS_XX_styletts.mp4,1,done,styletts,1008,TAI,angry,disgust,yes
FAKE_T1_1008_TAI_DIS_XX__AUDIO_1008_TAI_FEA_XX_styletts,data\synthetic\track1_fakes\videos\FAKE_T1_1008_TAI_DIS_XX__AUDIO_1008_TAI_FEA_XX_styletts.mp4,1,done,styletts,1008,TAI,disgust,fear,yes
FAKE_T1_1008_TAI_HAP_XX__AUDIO_1008_TAI_NEU_XX_styletts,data\synthetic\track1_fakes\videos\FAKE_T1_1008_TAI_HAP_XX__AUDIO_1008_TAI_NEU_XX_styletts.mp4,1,done,styletts,1008,TAI,happy,neutral,yes
FAKE_T1_1008_TSI_HAP_XX__AUDIO_1008_TSI_NEU_XX_styletts,data\synthetic\track1_fakes\videos\FAKE_T1_1008_TSI_HAP_XX__AUDIO_1008_TSI_NEU_XX_styletts.mp4,1,done,styletts,1008,TSI,happy,neutral,yes
FAKE_T1_1008_TSI_SAD_XX__AUDIO_1008_TSI_ANG_XX_styletts,data\synthetic\track1_fakes\videos\FAKE_T1_1008_TSI_SAD_XX__AUDIO_1008_TSI_ANG_XX_styletts.mp4,1,done,styletts,1008,TSI,sad,angry,yes
FAKE_T1_1009_IEO_DIS_HI__AUDIO_1009_IEO_FEA_HI_styletts,data\synthetic\track1_fakes\videos\FAKE_T1_1009_IEO_DIS_HI__AUDIO_1009_IEO_FEA_HI_styletts.mp4,1,done,styletts,1009,IEO,disgust,fear,yes
FAKE_T1_1009_IEO_DIS_MD__AUDIO_1009_IEO_FEA_MD_styletts,data\synthetic\track1_fakes\videos\FAKE_T1_1009_IEO_DIS_MD__AUDIO_1009_IEO_FEA_MD_styletts.mp4,1,done,styletts,1009,IEO,disgust,fear,yes
FAKE_T1_1009_IEO_HAP_HI__AUDIO_1009_IEO_NEU_XX_styletts,data\synthetic\track1_fakes\videos\FAKE_T1_1009_IEO_HAP_HI__AUDIO_1009_IEO_NEU_XX_styletts.mp4,1,done,styletts,1009,IEO,happy,neutral,yes
FAKE_T1_1009_IEO_SAD_HI__AUDIO_1009_IEO_ANG_HI_styletts,data\synthetic\track1_fakes\videos\FAKE_T1_1009_IEO_SAD_HI__AUDIO_1009_IEO_ANG_HI_styletts.mp4,1,done,styletts,1009,IEO,sad,angry,yes
FAKE_T1_1009_IEO_SAD_MD__AUDIO_1009_IEO_ANG_MD_styletts,data\synthetic\track1_fakes\videos\FAKE_T1_1009_IEO_SAD_MD__AUDIO_1009_IEO_ANG_MD_styletts.mp4,1,done,styletts,1009,IEO,sad,angry,yes
FAKE_T1_1009_IOM_FEA_XX__AUDIO_1009_IOM_HAP_XX_styletts,data\synthetic\track1_fakes\videos\FAKE_T1_1009_IOM_FEA_XX__AUDIO_1009_IOM_HAP_XX_styletts.mp4,1,done,styletts,1009,IOM,fear,happy,yes
FAKE_T1_1009_IOM_NEU_XX__AUDIO_1009_IOM_SAD_XX_styletts,data\synthetic\track1_fakes\videos\FAKE_T1_1009_IOM_NEU_XX__AUDIO_1009_IOM_SAD_XX_styletts.mp4,1,done,styletts,1009,IOM,neutral,sad,yes
FAKE_T1_1009_ITH_DIS_XX__AUDIO_1009_ITH_FEA_XX_styletts,data\synthetic\track1_fakes\videos\FAKE_T1_1009_ITH_DIS_XX__AUDIO_1009_ITH_FEA_XX_styletts.mp4,1,done,styletts,1009,ITH,disgust,fear,yes
FAKE_T1_1009_ITH_FEA_XX__AUDIO_1009_ITH_HAP_XX_styletts,data\synthetic\track1_fakes\videos\FAKE_T1_1009_ITH_FEA_XX__AUDIO_1009_ITH_HAP_XX_styletts.mp4,1,done,styletts,1009,ITH,fear,happy,yes
FAKE_T1_1009_IWL_HAP_XX__AUDIO_1009_IWL_NEU_XX_styletts,data\synthetic\track1_fakes\videos\FAKE_T1_1009_IWL_HAP_XX__AUDIO_1009_IWL_NEU_XX_styletts.mp4,1,done,styletts,1009,IWL,happy,neutral,yes
FAKE_T1_1009_IWL_SAD_XX__AUDIO_1009_IWL_ANG_XX_styletts,data\synthetic\track1_fakes\videos\FAKE_T1_1009_IWL_SAD_XX__AUDIO_1009_IWL_ANG_XX_styletts.mp4,1,done,styletts,1009,IWL,sad,angry,yes
FAKE_T1_1009_TAI_NEU_XX__AUDIO_1009_TAI_SAD_XX_styletts,data\synthetic\track1_fakes\videos\FAKE_T1_1009_TAI_NEU_XX__AUDIO_1009_TAI_SAD_XX_styletts.mp4,1,done,styletts,1009,TAI,neutral,sad,yes
FAKE_T1_1009_TIE_ANG_XX__AUDIO_1009_TIE_DIS_XX_styletts,data\synthetic\track1_fakes\videos\FAKE_T1_1009_TIE_ANG_XX__AUDIO_1009_TIE_DIS_XX_styletts.mp4,1,done,styletts,1009,TIE,angry,disgust,yes
FAKE_T1_1009_TSI_HAP_XX__AUDIO_1009_TSI_NEU_XX_styletts,data\synthetic\track1_fakes\videos\FAKE_T1_1009_TSI_HAP_XX__AUDIO_1009_TSI_NEU_XX_styletts.mp4,1,done,styletts,1009,TSI,happy,neutral,yes
FAKE_T1_1009_WSI_HAP_XX__AUDIO_1009_WSI_NEU_XX_styletts,data\synthetic\track1_fakes\videos\FAKE_T1_1009_WSI_HAP_XX__AUDIO_1009_WSI_NEU_XX_styletts.mp4,1,done,styletts,1009,WSI,happy,neutral,yes
FAKE_T1_1010_IEO_HAP_HI__AUDIO_1010_IEO_NEU_XX_styletts,data\synthetic\track1_fakes\videos\FAKE_T1_1010_IEO_HAP_HI__AUDIO_1010_IEO_NEU_XX_styletts.mp4,1,done,styletts,1010,IEO,happy,neutral,yes
FAKE_T1_1010_IEO_HAP_MD__AUDIO_1010_IEO_NEU_XX_styletts,data\synthetic\track1_fakes\videos\FAKE_T1_1010_IEO_HAP_MD__AUDIO_1010_IEO_NEU_XX_styletts.mp4,1,done,styletts,1010,IEO,happy,neutral,yes
FAKE_T1_1010_IEO_SAD_HI__AUDIO_1010_IEO_ANG_HI_styletts,data\synthetic\track1_fakes\videos\FAKE_T1_1010_IEO_SAD_HI__AUDIO_1010_IEO_ANG_HI_styletts.mp4,1,done,styletts,1010,IEO,sad,angry,yes
FAKE_T1_1010_ITS_ANG_XX__AUDIO_1010_ITS_DIS_XX_styletts,data\synthetic\track1_fakes\videos\FAKE_T1_1010_ITS_ANG_XX__AUDIO_1010_ITS_DIS_XX_styletts.mp4,1,done,styletts,1010,ITS,angry,disgust,yes
FAKE_T1_1010_IWL_ANG_XX__AUDIO_1010_IWL_DIS_XX_styletts,data\synthetic\track1_fakes\videos\FAKE_T1_1010_IWL_ANG_XX__AUDIO_1010_IWL_DIS_XX_styletts.mp4,1,done,styletts,1010,IWL,angry,disgust,yes
FAKE_T1_1010_IWL_FEA_XX__AUDIO_1010_IWL_HAP_XX_styletts,data\synthetic\track1_fakes\videos\FAKE_T1_1010_IWL_FEA_XX__AUDIO_1010_IWL_HAP_XX_styletts.mp4,1,done,styletts,1010,IWL,fear,happy,yes
FAKE_T1_1010_IWW_DIS_XX__AUDIO_1010_IWW_FEA_XX_styletts,data\synthetic\track1_fakes\videos\FAKE_T1_1010_IWW_DIS_XX__AUDIO_1010_IWW_FEA_XX_styletts.mp4,1,done,styletts,1010,IWW,disgust,fear,yes
FAKE_T1_1010_IWW_FEA_XX__AUDIO_1010_IWW_HAP_XX_styletts,data\synthetic\track1_fakes\videos\FAKE_T1_1010_IWW_FEA_XX__AUDIO_1010_IWW_HAP_XX_styletts.mp4,1,done,styletts,1010,IWW,fear,happy,yes
FAKE_T1_1010_IWW_HAP_XX__AUDIO_1010_IWW_NEU_XX_styletts,data\synthetic\track1_fakes\videos\FAKE_T1_1010_IWW_HAP_XX__AUDIO_1010_IWW_NEU_XX_styletts.mp4,1,done,styletts,1010,IWW,happy,neutral,yes
FAKE_T1_1010_MTI_DIS_XX__AUDIO_1010_MTI_FEA_XX_styletts,data\synthetic\track1_fakes\videos\FAKE_T1_1010_MTI_DIS_XX__AUDIO_1010_MTI_FEA_XX_styletts.mp4,1,done,styletts,1010,MTI,disgust,fear,yes
FAKE_T1_1010_MTI_SAD_XX__AUDIO_1010_MTI_ANG_XX_styletts,data\synthetic\track1_fakes\videos\FAKE_T1_1010_MTI_SAD_XX__AUDIO_1010_MTI_ANG_XX_styletts.mp4,1,done,styletts,1010,MTI,sad,angry,yes
FAKE_T1_1010_TAI_SAD_XX__AUDIO_1010_TAI_ANG_XX_styletts,data\synthetic\track1_fakes\videos\FAKE_T1_1010_TAI_SAD_XX__AUDIO_1010_TAI_ANG_XX_styletts.mp4,1,done,styletts,1010,TAI,sad,angry,yes
FAKE_T1_1010_TIE_FEA_XX__AUDIO_1010_TIE_HAP_XX_styletts,data\synthetic\track1_fakes\videos\FAKE_T1_1010_TIE_FEA_XX__AUDIO_1010_TIE_HAP_XX_styletts.mp4,1,done,styletts,1010,TIE,fear,happy,yes
FAKE_T1_1010_WSI_ANG_XX__AUDIO_1010_WSI_DIS_XX_styletts,data\synthetic\track1_fakes\videos\FAKE_T1_1010_WSI_ANG_XX__AUDIO_1010_WSI_DIS_XX_styletts.mp4,1,done,styletts,1010,WSI,angry,disgust,yes
FAKE_T1_1010_WSI_FEA_XX__AUDIO_1010_WSI_HAP_XX_styletts,data\synthetic\track1_fakes\videos\FAKE_T1_1010_WSI_FEA_XX__AUDIO_1010_WSI_HAP_XX_styletts.mp4,1,done,styletts,1010,WSI,fear,happy,yes
FAKE_T1_1010_WSI_NEU_XX__AUDIO_1010_WSI_SAD_XX_styletts,data\synthetic\track1_fakes\videos\FAKE_T1_1010_WSI_NEU_XX__AUDIO_1010_WSI_SAD_XX_styletts.mp4,1,done,styletts,1010,WSI,neutral,sad,yes
FAKE_T1_1011_DFA_DIS_XX__AUDIO_1011_DFA_FEA_XX_styletts,data\synthetic\track1_fakes\videos\FAKE_T1_1011_DFA_DIS_XX__AUDIO_1011_DFA_FEA_XX_styletts.mp4,1,done,styletts,1011,DFA,disgust,fear,yes
FAKE_T1_1011_DFA_FEA_XX__AUDIO_1011_DFA_HAP_XX_styletts,data\synthetic\track1_fakes\videos\FAKE_T1_1011_DFA_FEA_XX__AUDIO_1011_DFA_HAP_XX_styletts.mp4,1,done,styletts,1011,DFA,fear,happy,yes
FAKE_T1_1011_IEO_ANG_HI__AUDIO_1011_IEO_DIS_HI_styletts,data\synthetic\track1_fakes\videos\FAKE_T1_1011_IEO_ANG_HI__AUDIO_1011_IEO_DIS_HI_styletts.mp4,1,done,styletts,1011,IEO,angry,disgust,yes
FAKE_T1_1011_IEO_HAP_LO__AUDIO_1011_IEO_NEU_XX_styletts,data\synthetic\track1_fakes\videos\FAKE_T1_1011_IEO_HAP_LO__AUDIO_1011_IEO_NEU_XX_styletts.mp4,1,done,styletts,1011,IEO,happy,neutral,yes
FAKE_T1_1011_IEO_SAD_MD__AUDIO_1011_IEO_ANG_MD_styletts,data\synthetic\track1_fakes\videos\FAKE_T1_1011_IEO_SAD_MD__AUDIO_1011_IEO_ANG_MD_styletts.mp4,1,done,styletts,1011,IEO,sad,angry,yes
FAKE_T1_1011_IOM_DIS_XX__AUDIO_1011_IOM_FEA_XX_styletts,data\synthetic\track1_fakes\videos\FAKE_T1_1011_IOM_DIS_XX__AUDIO_1011_IOM_FEA_XX_styletts.mp4,1,done,styletts,1011,IOM,disgust,fear,yes
FAKE_T1_1011_IOM_HAP_XX__AUDIO_1011_IOM_NEU_XX_styletts,data\synthetic\track1_fakes\videos\FAKE_T1_1011_IOM_HAP_XX__AUDIO_1011_IOM_NEU_XX_styletts.mp4,1,done,styletts,1011,IOM,happy,neutral,yes
FAKE_T1_1011_ITH_SAD_XX__AUDIO_1011_ITH_ANG_XX_styletts,data\synthetic\track1_fakes\videos\FAKE_T1_1011_ITH_SAD_XX__AUDIO_1011_ITH_ANG_XX_styletts.mp4,1,done,styletts,1011,ITH,sad,angry,yes
FAKE_T1_1011_ITS_HAP_XX__AUDIO_1011_ITS_NEU_XX_styletts,data\synthetic\track1_fakes\videos\FAKE_T1_1011_ITS_HAP_XX__AUDIO_1011_ITS_NEU_XX_styletts.mp4,1,done,styletts,1011,ITS,happy,neutral,yes
FAKE_T1_1011_ITS_NEU_XX__AUDIO_1011_ITS_SAD_XX_styletts,data\synthetic\track1_fakes\videos\FAKE_T1_1011_ITS_NEU_XX__AUDIO_1011_ITS_SAD_XX_styletts.mp4,1,done,styletts,1011,ITS,neutral,sad,yes
FAKE_T1_1011_IWW_SAD_XX__AUDIO_1011_IWW_ANG_XX_styletts,data\synthetic\track1_fakes\videos\FAKE_T1_1011_IWW_SAD_XX__AUDIO_1011_IWW_ANG_XX_styletts.mp4,1,done,styletts,1011,IWW,sad,angry,yes
FAKE_T1_1011_TAI_ANG_XX__AUDIO_1011_TAI_DIS_XX_styletts,data\synthetic\track1_fakes\videos\FAKE_T1_1011_TAI_ANG_XX__AUDIO_1011_TAI_DIS_XX_styletts.mp4,1,done,styletts,1011,TAI,angry,disgust,yes
FAKE_T1_1011_TAI_NEU_XX__AUDIO_1011_TAI_SAD_XX_styletts,data\synthetic\track1_fakes\videos\FAKE_T1_1011_TAI_NEU_XX__AUDIO_1011_TAI_SAD_XX_styletts.mp4,1,done,styletts,1011,TAI,neutral,sad,yes
FAKE_T1_1011_WSI_ANG_XX__AUDIO_1011_WSI_DIS_XX_styletts,data\synthetic\track1_fakes\videos\FAKE_T1_1011_WSI_ANG_XX__AUDIO_1011_WSI_DIS_XX_styletts.mp4,1,done,styletts,1011,WSI,angry,disgust,yes
FAKE_T1_1011_WSI_DIS_XX__AUDIO_1011_WSI_FEA_XX_styletts,data\synthetic\track1_fakes\videos\FAKE_T1_1011_WSI_DIS_XX__AUDIO_1011_WSI_FEA_XX_styletts.mp4,1,done,styletts,1011,WSI,disgust,fear,yes
FAKE_T1_1011_WSI_SAD_XX__AUDIO_1011_WSI_ANG_XX_styletts,data\synthetic\track1_fakes\videos\FAKE_T1_1011_WSI_SAD_XX__AUDIO_1011_WSI_ANG_XX_styletts.mp4,1,done,styletts,1011,WSI,sad,angry,yes
FAKE_T1_1012_DFA_ANG_XX__AUDIO_1012_DFA_DIS_XX_styletts,data\synthetic\track1_fakes\videos\FAKE_T1_1012_DFA_ANG_XX__AUDIO_1012_DFA_DIS_XX_styletts.mp4,1,done,styletts,1012,DFA,angry,disgust,yes
FAKE_T1_1012_DFA_FEA_XX__AUDIO_1012_DFA_HAP_XX_styletts,data\synthetic\track1_fakes\videos\FAKE_T1_1012_DFA_FEA_XX__AUDIO_1012_DFA_HAP_XX_styletts.mp4,1,done,styletts,1012,DFA,fear,happy,yes
FAKE_T1_1012_IEO_DIS_MD__AUDIO_1012_IEO_FEA_MD_styletts,data\synthetic\track1_fakes\videos\FAKE_T1_1012_IEO_DIS_MD__AUDIO_1012_IEO_FEA_MD_styletts.mp4,1,done,styletts,1012,IEO,disgust,fear,yes
FAKE_T1_1012_IEO_NEU_XX__AUDIO_1012_IEO_SAD_HI_styletts,data\synthetic\track1_fakes\videos\FAKE_T1_1012_IEO_NEU_XX__AUDIO_1012_IEO_SAD_HI_styletts.mp4,1,done,styletts,1012,IEO,neutral,sad,yes
FAKE_T1_1012_IEO_SAD_LO__AUDIO_1012_IEO_ANG_LO_styletts,data\synthetic\track1_fakes\videos\FAKE_T1_1012_IEO_SAD_LO__AUDIO_1012_IEO_ANG_LO_styletts.mp4,1,done,styletts,1012,IEO,sad,angry,yes
FAKE_T1_1012_ITS_FEA_XX__AUDIO_1012_ITS_HAP_XX_styletts,data\synthetic\track1_fakes\videos\FAKE_T1_1012_ITS_FEA_XX__AUDIO_1012_ITS_HAP_XX_styletts.mp4,1,done,styletts,1012,ITS,fear,happy,yes
FAKE_T1_1012_IWL_FEA_XX__AUDIO_1012_IWL_HAP_XX_styletts,data\synthetic\track1_fakes\videos\FAKE_T1_1012_IWL_FEA_XX__AUDIO_1012_IWL_HAP_XX_styletts.mp4,1,done,styletts,1012,IWL,fear,happy,yes
FAKE_T1_1012_IWW_HAP_XX__AUDIO_1012_IWW_NEU_XX_styletts,data\synthetic\track1_fakes\videos\FAKE_T1_1012_IWW_HAP_XX__AUDIO_1012_IWW_NEU_XX_styletts.mp4,1,done,styletts,1012,IWW,happy,neutral,yes
FAKE_T1_1012_MTI_ANG_XX__AUDIO_1012_MTI_DIS_XX_styletts,data\synthetic\track1_fakes\videos\FAKE_T1_1012_MTI_ANG_XX__AUDIO_1012_MTI_DIS_XX_styletts.mp4,1,done,styletts,1012,MTI,angry,disgust,yes
FAKE_T1_1012_MTI_SAD_XX__AUDIO_1012_MTI_ANG_XX_styletts,data\synthetic\track1_fakes\videos\FAKE_T1_1012_MTI_SAD_XX__AUDIO_1012_MTI_ANG_XX_styletts.mp4,1,done,styletts,1012,MTI,sad,angry,yes
FAKE_T1_1012_TAI_NEU_XX__AUDIO_1012_TAI_SAD_XX_styletts,data\synthetic\track1_fakes\videos\FAKE_T1_1012_TAI_NEU_XX__AUDIO_1012_TAI_SAD_XX_styletts.mp4,1,done,styletts,1012,TAI,neutral,sad,yes
FAKE_T1_1012_TIE_ANG_XX__AUDIO_1012_TIE_DIS_XX_styletts,data\synthetic\track1_fakes\videos\FAKE_T1_1012_TIE_ANG_XX__AUDIO_1012_TIE_DIS_XX_styletts.mp4,1,done,styletts,1012,TIE,angry,disgust,yes
FAKE_T1_1012_TSI_DIS_XX__AUDIO_1012_TSI_FEA_XX_styletts,data\synthetic\track1_fakes\videos\FAKE_T1_1012_TSI_DIS_XX__AUDIO_1012_TSI_FEA_XX_styletts.mp4,1,done,styletts,1012,TSI,disgust,fear,yes
FAKE_T1_1012_TSI_HAP_XX__AUDIO_1012_TSI_NEU_XX_styletts,data\synthetic\track1_fakes\videos\FAKE_T1_1012_TSI_HAP_XX__AUDIO_1012_TSI_NEU_XX_styletts.mp4,1,done,styletts,1012,TSI,happy,neutral,yes
FAKE_T1_1012_TSI_NEU_XX__AUDIO_1012_TSI_SAD_XX_styletts,data\synthetic\track1_fakes\videos\FAKE_T1_1012_TSI_NEU_XX__AUDIO_1012_TSI_SAD_XX_styletts.mp4,1,done,styletts,1012,TSI,neutral,sad,yes
FAKE_T1_1012_WSI_DIS_XX__AUDIO_1012_WSI_FEA_XX_styletts,data\synthetic\track1_fakes\videos\FAKE_T1_1012_WSI_DIS_XX__AUDIO_1012_WSI_FEA_XX_styletts.mp4,1,done,styletts,1012,WSI,disgust,fear,yes
FAKE_T1_1013_DFA_FEA_XX__AUDIO_1013_DFA_HAP_XX_styletts,data\synthetic\track1_fakes\videos\FAKE_T1_1013_DFA_FEA_XX__AUDIO_1013_DFA_HAP_XX_styletts.mp4,1,done,styletts,1013,DFA,fear,happy,yes
FAKE_T1_1013_DFA_SAD_XX__AUDIO_1013_DFA_ANG_XX_styletts,data\synthetic\track1_fakes\videos\FAKE_T1_1013_DFA_SAD_XX__AUDIO_1013_DFA_ANG_XX_styletts.mp4,1,done,styletts,1013,DFA,sad,angry,yes
FAKE_T1_1013_IEO_HAP_LO__AUDIO_1013_IEO_NEU_XX_styletts,data\synthetic\track1_fakes\videos\FAKE_T1_1013_IEO_HAP_LO__AUDIO_1013_IEO_NEU_XX_styletts.mp4,1,done,styletts,1013,IEO,happy,neutral,yes
FAKE_T1_1013_IEO_HAP_MD__AUDIO_1013_IEO_NEU_XX_styletts,data\synthetic\track1_fakes\videos\FAKE_T1_1013_IEO_HAP_MD__AUDIO_1013_IEO_NEU_XX_styletts.mp4,1,done,styletts,1013,IEO,happy,neutral,yes
FAKE_T1_1013_IOM_ANG_XX__AUDIO_1013_IOM_DIS_XX_styletts,data\synthetic\track1_fakes\videos\FAKE_T1_1013_IOM_ANG_XX__AUDIO_1013_IOM_DIS_XX_styletts.mp4,1,done,styletts,1013,IOM,angry,disgust,yes
FAKE_T1_1013_IOM_NEU_XX__AUDIO_1013_IOM_SAD_XX_styletts,data\synthetic\track1_fakes\videos\FAKE_T1_1013_IOM_NEU_XX__AUDIO_1013_IOM_SAD_XX_styletts.mp4,1,done,styletts,1013,IOM,neutral,sad,yes
FAKE_T1_1013_ITH_ANG_XX__AUDIO_1013_ITH_DIS_XX_styletts,data\synthetic\track1_fakes\videos\FAKE_T1_1013_ITH_ANG_XX__AUDIO_1013_ITH_DIS_XX_styletts.mp4,1,done,styletts,1013,ITH,angry,disgust,yes
FAKE_T1_1013_ITS_ANG_XX__AUDIO_1013_ITS_DIS_XX_styletts,data\synthetic\track1_fakes\videos\FAKE_T1_1013_ITS_ANG_XX__AUDIO_1013_ITS_DIS_XX_styletts.mp4,1,done,styletts,1013,ITS,angry,disgust,yes
FAKE_T1_1013_ITS_SAD_XX__AUDIO_1013_ITS_ANG_XX_styletts,data\synthetic\track1_fakes\videos\FAKE_T1_1013_ITS_SAD_XX__AUDIO_1013_ITS_ANG_XX_styletts.mp4,1,done,styletts,1013,ITS,sad,angry,yes
FAKE_T1_1013_IWL_DIS_XX__AUDIO_1013_IWL_FEA_XX_styletts,data\synthetic\track1_fakes\videos\FAKE_T1_1013_IWL_DIS_XX__AUDIO_1013_IWL_FEA_XX_styletts.mp4,1,done,styletts,1013,IWL,disgust,fear,yes
FAKE_T1_1013_IWW_ANG_XX__AUDIO_1013_IWW_DIS_XX_styletts,data\synthetic\track1_fakes\videos\FAKE_T1_1013_IWW_ANG_XX__AUDIO_1013_IWW_DIS_XX_styletts.mp4,1,done,styletts,1013,IWW,angry,disgust,yes
FAKE_T1_1013_TAI_HAP_XX__AUDIO_1013_TAI_NEU_XX_styletts,data\synthetic\track1_fakes\videos\FAKE_T1_1013_TAI_HAP_XX__AUDIO_1013_TAI_NEU_XX_styletts.mp4,1,done,styletts,1013,TAI,happy,neutral,yes
FAKE_T1_1013_TSI_ANG_XX__AUDIO_1013_TSI_DIS_XX_styletts,data\synthetic\track1_fakes\videos\FAKE_T1_1013_TSI_ANG_XX__AUDIO_1013_TSI_DIS_XX_styletts.mp4,1,done,styletts,1013,TSI,angry,disgust,yes
FAKE_T1_1013_TSI_DIS_XX__AUDIO_1013_TSI_FEA_XX_styletts,data\synthetic\track1_fakes\videos\FAKE_T1_1013_TSI_DIS_XX__AUDIO_1013_TSI_FEA_XX_styletts.mp4,1,done,styletts,1013,TSI,disgust,fear,yes
FAKE_T1_1013_TSI_FEA_XX__AUDIO_1013_TSI_HAP_XX_styletts,data\synthetic\track1_fakes\videos\FAKE_T1_1013_TSI_FEA_XX__AUDIO_1013_TSI_HAP_XX_styletts.mp4,1,done,styletts,1013,TSI,fear,happy,yes
FAKE_T1_1013_TSI_HAP_XX__AUDIO_1013_TSI_NEU_XX_styletts,data\synthetic\track1_fakes\videos\FAKE_T1_1013_TSI_HAP_XX__AUDIO_1013_TSI_NEU_XX_styletts.mp4,1,done,styletts,1013,TSI,happy,neutral,yes
FAKE_T1_1014_IEO_DIS_LO__AUDIO_1014_IEO_FEA_LO_styletts,data\synthetic\track1_fakes\videos\FAKE_T1_1014_IEO_DIS_LO__AUDIO_1014_IEO_FEA_LO_styletts.mp4,1,done,styletts,1014,IEO,disgust,fear,yes
FAKE_T1_1014_IEO_NEU_XX__AUDIO_1014_IEO_SAD_HI_styletts,data\synthetic\track1_fakes\videos\FAKE_T1_1014_IEO_NEU_XX__AUDIO_1014_IEO_SAD_HI_styletts.mp4,1,done,styletts,1014,IEO,neutral,sad,yes
FAKE_T1_1014_IEO_SAD_HI__AUDIO_1014_IEO_ANG_HI_styletts,data\synthetic\track1_fakes\videos\FAKE_T1_1014_IEO_SAD_HI__AUDIO_1014_IEO_ANG_HI_styletts.mp4,1,done,styletts,1014,IEO,sad,angry,yes
FAKE_T1_1014_IOM_FEA_XX__AUDIO_1014_IOM_HAP_XX_styletts,data\synthetic\track1_fakes\videos\FAKE_T1_1014_IOM_FEA_XX__AUDIO_1014_IOM_HAP_XX_styletts.mp4,1,done,styletts,1014,IOM,fear,happy,yes
FAKE_T1_1014_IOM_SAD_XX__AUDIO_1014_IOM_ANG_XX_styletts,data\synthetic\track1_fakes\videos\FAKE_T1_1014_IOM_SAD_XX__AUDIO_1014_IOM_ANG_XX_styletts.mp4,1,done,styletts,1014,IOM,sad,angry,yes
FAKE_T1_1014_ITH_NEU_XX__AUDIO_1014_ITH_SAD_XX_styletts,data\synthetic\track1_fakes\videos\FAKE_T1_1014_ITH_NEU_XX__AUDIO_1014_ITH_SAD_XX_styletts.mp4,1,done,styletts,1014,ITH,neutral,sad,yes
FAKE_T1_1014_IWL_ANG_XX__AUDIO_1014_IWL_DIS_XX_styletts,data\synthetic\track1_fakes\videos\FAKE_T1_1014_IWL_ANG_XX__AUDIO_1014_IWL_DIS_XX_styletts.mp4,1,done,styletts,1014,IWL,angry,disgust,yes
FAKE_T1_1014_IWW_FEA_XX__AUDIO_1014_IWW_HAP_XX_styletts,data\synthetic\track1_fakes\videos\FAKE_T1_1014_IWW_FEA_XX__AUDIO_1014_IWW_HAP_XX_styletts.mp4,1,done,styletts,1014,IWW,fear,happy,yes
FAKE_T1_1014_MTI_ANG_XX__AUDIO_1014_MTI_DIS_XX_styletts,data\synthetic\track1_fakes\videos\FAKE_T1_1014_MTI_ANG_XX__AUDIO_1014_MTI_DIS_XX_styletts.mp4,1,done,styletts,1014,MTI,angry,disgust,yes
FAKE_T1_1014_MTI_HAP_XX__AUDIO_1014_MTI_NEU_XX_styletts,data\synthetic\track1_fakes\videos\FAKE_T1_1014_MTI_HAP_XX__AUDIO_1014_MTI_NEU_XX_styletts.mp4,1,done,styletts,1014,MTI,happy,neutral,yes
FAKE_T1_1014_TAI_SAD_XX__AUDIO_1014_TAI_ANG_XX_styletts,data\synthetic\track1_fakes\videos\FAKE_T1_1014_TAI_SAD_XX__AUDIO_1014_TAI_ANG_XX_styletts.mp4,1,done,styletts,1014,TAI,sad,angry,yes
FAKE_T1_1014_TSI_ANG_XX__AUDIO_1014_TSI_DIS_XX_styletts,data\synthetic\track1_fakes\videos\FAKE_T1_1014_TSI_ANG_XX__AUDIO_1014_TSI_DIS_XX_styletts.mp4,1,done,styletts,1014,TSI,angry,disgust,yes
FAKE_T1_1014_TSI_DIS_XX__AUDIO_1014_TSI_FEA_XX_styletts,data\synthetic\track1_fakes\videos\FAKE_T1_1014_TSI_DIS_XX__AUDIO_1014_TSI_FEA_XX_styletts.mp4,1,done,styletts,1014,TSI,disgust,fear,yes
FAKE_T1_1014_TSI_FEA_XX__AUDIO_1014_TSI_HAP_XX_styletts,data\synthetic\track1_fakes\videos\FAKE_T1_1014_TSI_FEA_XX__AUDIO_1014_TSI_HAP_XX_styletts.mp4,1,done,styletts,1014,TSI,fear,happy,yes
FAKE_T1_1014_WSI_HAP_XX__AUDIO_1014_WSI_NEU_XX_styletts,data\synthetic\track1_fakes\videos\FAKE_T1_1014_WSI_HAP_XX__AUDIO_1014_WSI_NEU_XX_styletts.mp4,1,done,styletts,1014,WSI,happy,neutral,yes
FAKE_T1_1014_WSI_SAD_XX__AUDIO_1014_WSI_ANG_XX_styletts,data\synthetic\track1_fakes\videos\FAKE_T1_1014_WSI_SAD_XX__AUDIO_1014_WSI_ANG_XX_styletts.mp4,1,done,styletts,1014,WSI,sad,angry,yes
FAKE_T1_1015_IEO_ANG_HI__AUDIO_1015_IEO_DIS_HI_styletts,data\synthetic\track1_fakes\videos\FAKE_T1_1015_IEO_ANG_HI__AUDIO_1015_IEO_DIS_HI_styletts.mp4,1,done,styletts,1015,IEO,angry,disgust,yes
FAKE_T1_1015_IEO_ANG_LO__AUDIO_1015_IEO_DIS_LO_styletts,data\synthetic\track1_fakes\videos\FAKE_T1_1015_IEO_ANG_LO__AUDIO_1015_IEO_DIS_LO_styletts.mp4,1,done,styletts,1015,IEO,angry,disgust,yes
FAKE_T1_1015_IEO_FEA_LO__AUDIO_1015_IEO_HAP_LO_styletts,data\synthetic\track1_fakes\videos\FAKE_T1_1015_IEO_FEA_LO__AUDIO_1015_IEO_HAP_LO_styletts.mp4,1,done,styletts,1015,IEO,fear,happy,yes
FAKE_T1_1015_IEO_HAP_HI__AUDIO_1015_IEO_NEU_XX_styletts,data\synthetic\track1_fakes\videos\FAKE_T1_1015_IEO_HAP_HI__AUDIO_1015_IEO_NEU_XX_styletts.mp4,1,done,styletts,1015,IEO,happy,neutral,yes
FAKE_T1_1015_IOM_DIS_XX__AUDIO_1015_IOM_FEA_XX_styletts,data\synthetic\track1_fakes\videos\FAKE_T1_1015_IOM_DIS_XX__AUDIO_1015_IOM_FEA_XX_styletts.mp4,1,done,styletts,1015,IOM,disgust,fear,yes
FAKE_T1_1015_IOM_FEA_XX__AUDIO_1015_IOM_HAP_XX_styletts,data\synthetic\track1_fakes\videos\FAKE_T1_1015_IOM_FEA_XX__AUDIO_1015_IOM_HAP_XX_styletts.mp4,1,done,styletts,1015,IOM,fear,happy,yes
FAKE_T1_1015_IOM_SAD_XX__AUDIO_1015_IOM_ANG_XX_styletts,data\synthetic\track1_fakes\videos\FAKE_T1_1015_IOM_SAD_XX__AUDIO_1015_IOM_ANG_XX_styletts.mp4,1,done,styletts,1015,IOM,sad,angry,yes
FAKE_T1_1015_ITH_NEU_XX__AUDIO_1015_ITH_SAD_XX_styletts,data\synthetic\track1_fakes\videos\FAKE_T1_1015_ITH_NEU_XX__AUDIO_1015_ITH_SAD_XX_styletts.mp4,1,done,styletts,1015,ITH,neutral,sad,yes
FAKE_T1_1015_ITS_HAP_XX__AUDIO_1015_ITS_NEU_XX_styletts,data\synthetic\track1_fakes\videos\FAKE_T1_1015_ITS_HAP_XX__AUDIO_1015_ITS_NEU_XX_styletts.mp4,1,done,styletts,1015,ITS,happy,neutral,yes
FAKE_T1_1015_ITS_SAD_XX__AUDIO_1015_ITS_ANG_XX_styletts,data\synthetic\track1_fakes\videos\FAKE_T1_1015_ITS_SAD_XX__AUDIO_1015_ITS_ANG_XX_styletts.mp4,1,done,styletts,1015,ITS,sad,angry,yes
FAKE_T1_1015_IWW_DIS_XX__AUDIO_1015_IWW_FEA_XX_styletts,data\synthetic\track1_fakes\videos\FAKE_T1_1015_IWW_DIS_XX__AUDIO_1015_IWW_FEA_XX_styletts.mp4,1,done,styletts,1015,IWW,disgust,fear,yes
FAKE_T1_1015_TAI_ANG_XX__AUDIO_1015_TAI_DIS_XX_styletts,data\synthetic\track1_fakes\videos\FAKE_T1_1015_TAI_ANG_XX__AUDIO_1015_TAI_DIS_XX_styletts.mp4,1,done,styletts,1015,TAI,angry,disgust,yes
FAKE_T1_1015_TIE_DIS_XX__AUDIO_1015_TIE_FEA_XX_styletts,data\synthetic\track1_fakes\videos\FAKE_T1_1015_TIE_DIS_XX__AUDIO_1015_TIE_FEA_XX_styletts.mp4,1,done,styletts,1015,TIE,disgust,fear,yes
FAKE_T1_1015_TIE_HAP_XX__AUDIO_1015_TIE_NEU_XX_styletts,data\synthetic\track1_fakes\videos\FAKE_T1_1015_TIE_HAP_XX__AUDIO_1015_TIE_NEU_XX_styletts.mp4,1,done,styletts,1015,TIE,happy,neutral,yes
FAKE_T1_1015_TSI_ANG_XX__AUDIO_1015_TSI_DIS_XX_styletts,data\synthetic\track1_fakes\videos\FAKE_T1_1015_TSI_ANG_XX__AUDIO_1015_TSI_DIS_XX_styletts.mp4,1,done,styletts,1015,TSI,angry,disgust,yes
FAKE_T1_1015_TSI_HAP_XX__AUDIO_1015_TSI_NEU_XX_styletts,data\synthetic\track1_fakes\videos\FAKE_T1_1015_TSI_HAP_XX__AUDIO_1015_TSI_NEU_XX_styletts.mp4,1,done,styletts,1015,TSI,happy,neutral,yes
FAKE_T1_1016_DFA_NEU_XX__AUDIO_1016_DFA_SAD_XX_styletts,data\synthetic\track1_fakes\videos\FAKE_T1_1016_DFA_NEU_XX__AUDIO_1016_DFA_SAD_XX_styletts.mp4,1,done,styletts,1016,DFA,neutral,sad,yes
FAKE_T1_1016_IEO_DIS_HI__AUDIO_1016_IEO_FEA_HI_styletts,data\synthetic\track1_fakes\videos\FAKE_T1_1016_IEO_DIS_HI__AUDIO_1016_IEO_FEA_HI_styletts.mp4,1,done,styletts,1016,IEO,disgust,fear,yes
FAKE_T1_1016_IEO_DIS_MD__AUDIO_1016_IEO_FEA_MD_styletts,data\synthetic\track1_fakes\videos\FAKE_T1_1016_IEO_DIS_MD__AUDIO_1016_IEO_FEA_MD_styletts.mp4,1,done,styletts,1016,IEO,disgust,fear,yes
FAKE_T1_1016_IEO_FEA_LO__AUDIO_1016_IEO_HAP_LO_styletts,data\synthetic\track1_fakes\videos\FAKE_T1_1016_IEO_FEA_LO__AUDIO_1016_IEO_HAP_LO_styletts.mp4,1,done,styletts,1016,IEO,fear,happy,yes
FAKE_T1_1016_IEO_FEA_MD__AUDIO_1016_IEO_HAP_MD_styletts,data\synthetic\track1_fakes\videos\FAKE_T1_1016_IEO_FEA_MD__AUDIO_1016_IEO_HAP_MD_styletts.mp4,1,done,styletts,1016,IEO,fear,happy,yes
FAKE_T1_1016_IOM_ANG_XX__AUDIO_1016_IOM_DIS_XX_styletts,data\synthetic\track1_fakes\videos\FAKE_T1_1016_IOM_ANG_XX__AUDIO_1016_IOM_DIS_XX_styletts.mp4,1,done,styletts,1016,IOM,angry,disgust,yes
FAKE_T1_1016_IOM_DIS_XX__AUDIO_1016_IOM_FEA_XX_styletts,data\synthetic\track1_fakes\videos\FAKE_T1_1016_IOM_DIS_XX__AUDIO_1016_IOM_FEA_XX_styletts.mp4,1,done,styletts,1016,IOM,disgust,fear,yes
FAKE_T1_1016_ITH_FEA_XX__AUDIO_1016_ITH_HAP_XX_styletts,data\synthetic\track1_fakes\videos\FAKE_T1_1016_ITH_FEA_XX__AUDIO_1016_ITH_HAP_XX_styletts.mp4,1,done,styletts,1016,ITH,fear,happy,yes
FAKE_T1_1016_IWL_FEA_XX__AUDIO_1016_IWL_HAP_XX_styletts,data\synthetic\track1_fakes\videos\FAKE_T1_1016_IWL_FEA_XX__AUDIO_1016_IWL_HAP_XX_styletts.mp4,1,done,styletts,1016,IWL,fear,happy,yes
FAKE_T1_1016_IWW_ANG_XX__AUDIO_1016_IWW_DIS_XX_styletts,data\synthetic\track1_fakes\videos\FAKE_T1_1016_IWW_ANG_XX__AUDIO_1016_IWW_DIS_XX_styletts.mp4,1,done,styletts,1016,IWW,angry,disgust,yes
FAKE_T1_1016_IWW_NEU_XX__AUDIO_1016_IWW_SAD_XX_styletts,data\synthetic\track1_fakes\videos\FAKE_T1_1016_IWW_NEU_XX__AUDIO_1016_IWW_SAD_XX_styletts.mp4,1,done,styletts,1016,IWW,neutral,sad,yes
FAKE_T1_1016_IWW_SAD_XX__AUDIO_1016_IWW_ANG_XX_styletts,data\synthetic\track1_fakes\videos\FAKE_T1_1016_IWW_SAD_XX__AUDIO_1016_IWW_ANG_XX_styletts.mp4,1,done,styletts,1016,IWW,sad,angry,yes
FAKE_T1_1016_MTI_NEU_XX__AUDIO_1016_MTI_SAD_XX_styletts,data\synthetic\track1_fakes\videos\FAKE_T1_1016_MTI_NEU_XX__AUDIO_1016_MTI_SAD_XX_styletts.mp4,1,done,styletts,1016,MTI,neutral,sad,yes
FAKE_T1_1016_TAI_NEU_XX__AUDIO_1016_TAI_SAD_XX_styletts,data\synthetic\track1_fakes\videos\FAKE_T1_1016_TAI_NEU_XX__AUDIO_1016_TAI_SAD_XX_styletts.mp4,1,done,styletts,1016,TAI,neutral,sad,yes
FAKE_T1_1016_TSI_ANG_XX__AUDIO_1016_TSI_DIS_XX_styletts,data\synthetic\track1_fakes\videos\FAKE_T1_1016_TSI_ANG_XX__AUDIO_1016_TSI_DIS_XX_styletts.mp4,1,done,styletts,1016,TSI,angry,disgust,yes
FAKE_T1_1016_TSI_SAD_XX__AUDIO_1016_TSI_ANG_XX_styletts,data\synthetic\track1_fakes\videos\FAKE_T1_1016_TSI_SAD_XX__AUDIO_1016_TSI_ANG_XX_styletts.mp4,1,done,styletts,1016,TSI,sad,angry,yes
FAKE_T1_1017_IEO_HAP_HI__AUDIO_1017_IEO_NEU_XX_styletts,data\synthetic\track1_fakes\videos\FAKE_T1_1017_IEO_HAP_HI__AUDIO_1017_IEO_NEU_XX_styletts.mp4,1,done,styletts,1017,IEO,happy,neutral,yes
FAKE_T1_1017_IEO_NEU_XX__AUDIO_1017_IEO_SAD_HI_styletts,data\synthetic\track1_fakes\videos\FAKE_T1_1017_IEO_NEU_XX__AUDIO_1017_IEO_SAD_HI_styletts.mp4,1,done,styletts,1017,IEO,neutral,sad,yes
FAKE_T1_1017_IEO_SAD_MD__AUDIO_1017_IEO_ANG_MD_styletts,data\synthetic\track1_fakes\videos\FAKE_T1_1017_IEO_SAD_MD__AUDIO_1017_IEO_ANG_MD_styletts.mp4,1,done,styletts,1017,IEO,sad,angry,yes
FAKE_T1_1017_IOM_FEA_XX__AUDIO_1017_IOM_HAP_XX_styletts,data\synthetic\track1_fakes\videos\FAKE_T1_1017_IOM_FEA_XX__AUDIO_1017_IOM_HAP_XX_styletts.mp4,1,done,styletts,1017,IOM,fear,happy,yes
FAKE_T1_1017_IOM_HAP_XX__AUDIO_1017_IOM_NEU_XX_styletts,data\synthetic\track1_fakes\videos\FAKE_T1_1017_IOM_HAP_XX__AUDIO_1017_IOM_NEU_XX_styletts.mp4,1,done,styletts,1017,IOM,happy,neutral,yes
FAKE_T1_1017_ITH_DIS_XX__AUDIO_1017_ITH_FEA_XX_styletts,data\synthetic\track1_fakes\videos\FAKE_T1_1017_ITH_DIS_XX__AUDIO_1017_ITH_FEA_XX_styletts.mp4,1,done,styletts,1017,ITH,disgust,fear,yes
FAKE_T1_1017_ITH_FEA_XX__AUDIO_1017_ITH_HAP_XX_styletts,data\synthetic\track1_fakes\videos\FAKE_T1_1017_ITH_FEA_XX__AUDIO_1017_ITH_HAP_XX_styletts.mp4,1,done,styletts,1017,ITH,fear,happy,yes
FAKE_T1_1017_ITH_HAP_XX__AUDIO_1017_ITH_NEU_XX_styletts,data\synthetic\track1_fakes\videos\FAKE_T1_1017_ITH_HAP_XX__AUDIO_1017_ITH_NEU_XX_styletts.mp4,1,done,styletts,1017,ITH,happy,neutral,yes
FAKE_T1_1017_ITH_SAD_XX__AUDIO_1017_ITH_ANG_XX_styletts,data\synthetic\track1_fakes\videos\FAKE_T1_1017_ITH_SAD_XX__AUDIO_1017_ITH_ANG_XX_styletts.mp4,1,done,styletts,1017,ITH,sad,angry,yes
FAKE_T1_1017_ITS_DIS_XX__AUDIO_1017_ITS_FEA_XX_styletts,data\synthetic\track1_fakes\videos\FAKE_T1_1017_ITS_DIS_XX__AUDIO_1017_ITS_FEA_XX_styletts.mp4,1,done,styletts,1017,ITS,disgust,fear,yes
FAKE_T1_1017_IWL_NEU_XX__AUDIO_1017_IWL_SAD_XX_styletts,data\synthetic\track1_fakes\videos\FAKE_T1_1017_IWL_NEU_XX__AUDIO_1017_IWL_SAD_XX_styletts.mp4,1,done,styletts,1017,IWL,neutral,sad,yes
FAKE_T1_1017_MTI_FEA_XX__AUDIO_1017_MTI_HAP_XX_styletts,data\synthetic\track1_fakes\videos\FAKE_T1_1017_MTI_FEA_XX__AUDIO_1017_MTI_HAP_XX_styletts.mp4,1,done,styletts,1017,MTI,fear,happy,yes
FAKE_T1_1017_MTI_HAP_XX__AUDIO_1017_MTI_NEU_XX_styletts,data\synthetic\track1_fakes\videos\FAKE_T1_1017_MTI_HAP_XX__AUDIO_1017_MTI_NEU_XX_styletts.mp4,1,done,styletts,1017,MTI,happy,neutral,yes
FAKE_T1_1017_TAI_DIS_XX__AUDIO_1017_TAI_FEA_XX_styletts,data\synthetic\track1_fakes\videos\FAKE_T1_1017_TAI_DIS_XX__AUDIO_1017_TAI_FEA_XX_styletts.mp4,1,done,styletts,1017,TAI,disgust,fear,yes
FAKE_T1_1017_TIE_DIS_XX__AUDIO_1017_TIE_FEA_XX_styletts,data\synthetic\track1_fakes\videos\FAKE_T1_1017_TIE_DIS_XX__AUDIO_1017_TIE_FEA_XX_styletts.mp4,1,done,styletts,1017,TIE,disgust,fear,yes
FAKE_T1_1017_TIE_NEU_XX__AUDIO_1017_TIE_SAD_XX_styletts,data\synthetic\track1_fakes\videos\FAKE_T1_1017_TIE_NEU_XX__AUDIO_1017_TIE_SAD_XX_styletts.mp4,1,done,styletts,1017,TIE,neutral,sad,yes
FAKE_T1_1018_DFA_ANG_XX__AUDIO_1018_DFA_DIS_XX_styletts,data\synthetic\track1_fakes\videos\FAKE_T1_1018_DFA_ANG_XX__AUDIO_1018_DFA_DIS_XX_styletts.mp4,1,done,styletts,1018,DFA,angry,disgust,yes
FAKE_T1_1018_IEO_FEA_MD__AUDIO_1018_IEO_HAP_MD_styletts,data\synthetic\track1_fakes\videos\FAKE_T1_1018_IEO_FEA_MD__AUDIO_1018_IEO_HAP_MD_styletts.mp4,1,done,styletts,1018,IEO,fear,happy,yes
FAKE_T1_1018_IEO_NEU_XX__AUDIO_1018_IEO_SAD_HI_styletts,data\synthetic\track1_fakes\videos\FAKE_T1_1018_IEO_NEU_XX__AUDIO_1018_IEO_SAD_HI_styletts.mp4,1,done,styletts,1018,IEO,neutral,sad,yes
FAKE_T1_1018_IEO_SAD_LO__AUDIO_1018_IEO_ANG_LO_styletts,data\synthetic\track1_fakes\videos\FAKE_T1_1018_IEO_SAD_LO__AUDIO_1018_IEO_ANG_LO_styletts.mp4,1,done,styletts,1018,IEO,sad,angry,yes
FAKE_T1_1018_IOM_ANG_XX__AUDIO_1018_IOM_DIS_XX_styletts,data\synthetic\track1_fakes\videos\FAKE_T1_1018_IOM_ANG_XX__AUDIO_1018_IOM_DIS_XX_styletts.mp4,1,done,styletts,1018,IOM,angry,disgust,yes
FAKE_T1_1018_IOM_FEA_XX__AUDIO_1018_IOM_HAP_XX_styletts,data\synthetic\track1_fakes\videos\FAKE_T1_1018_IOM_FEA_XX__AUDIO_1018_IOM_HAP_XX_styletts.mp4,1,done,styletts,1018,IOM,fear,happy,yes
FAKE_T1_1018_ITH_HAP_XX__AUDIO_1018_ITH_NEU_XX_styletts,data\synthetic\track1_fakes\videos\FAKE_T1_1018_ITH_HAP_XX__AUDIO_1018_ITH_NEU_XX_styletts.mp4,1,done,styletts,1018,ITH,happy,neutral,yes
FAKE_T1_1018_ITS_HAP_XX__AUDIO_1018_ITS_NEU_XX_styletts,data\synthetic\track1_fakes\videos\FAKE_T1_1018_ITS_HAP_XX__AUDIO_1018_ITS_NEU_XX_styletts.mp4,1,done,styletts,1018,ITS,happy,neutral,yes
FAKE_T1_1018_IWL_DIS_XX__AUDIO_1018_IWL_FEA_XX_styletts,data\synthetic\track1_fakes\videos\FAKE_T1_1018_IWL_DIS_XX__AUDIO_1018_IWL_FEA_XX_styletts.mp4,1,done,styletts,1018,IWL,disgust,fear,yes
FAKE_T1_1018_IWW_ANG_XX__AUDIO_1018_IWW_DIS_XX_styletts,data\synthetic\track1_fakes\videos\FAKE_T1_1018_IWW_ANG_XX__AUDIO_1018_IWW_DIS_XX_styletts.mp4,1,done,styletts,1018,IWW,angry,disgust,yes
FAKE_T1_1018_MTI_HAP_XX__AUDIO_1018_MTI_NEU_XX_styletts,data\synthetic\track1_fakes\videos\FAKE_T1_1018_MTI_HAP_XX__AUDIO_1018_MTI_NEU_XX_styletts.mp4,1,done,styletts,1018,MTI,happy,neutral,yes
FAKE_T1_1018_MTI_SAD_XX__AUDIO_1018_MTI_ANG_XX_styletts,data\synthetic\track1_fakes\videos\FAKE_T1_1018_MTI_SAD_XX__AUDIO_1018_MTI_ANG_XX_styletts.mp4,1,done,styletts,1018,MTI,sad,angry,yes
FAKE_T1_1018_TAI_HAP_XX__AUDIO_1018_TAI_NEU_XX_styletts,data\synthetic\track1_fakes\videos\FAKE_T1_1018_TAI_HAP_XX__AUDIO_1018_TAI_NEU_XX_styletts.mp4,1,done,styletts,1018,TAI,happy,neutral,yes
FAKE_T1_1018_TAI_NEU_XX__AUDIO_1018_TAI_SAD_XX_styletts,data\synthetic\track1_fakes\videos\FAKE_T1_1018_TAI_NEU_XX__AUDIO_1018_TAI_SAD_XX_styletts.mp4,1,done,styletts,1018,TAI,neutral,sad,yes
FAKE_T1_1018_TAI_SAD_XX__AUDIO_1018_TAI_ANG_XX_styletts,data\synthetic\track1_fakes\videos\FAKE_T1_1018_TAI_SAD_XX__AUDIO_1018_TAI_ANG_XX_styletts.mp4,1,done,styletts,1018,TAI,sad,angry,yes
FAKE_T1_1018_TSI_HAP_XX__AUDIO_1018_TSI_NEU_XX_styletts,data\synthetic\track1_fakes\videos\FAKE_T1_1018_TSI_HAP_XX__AUDIO_1018_TSI_NEU_XX_styletts.mp4,1,done,styletts,1018,TSI,happy,neutral,yes
FAKE_T1_1019_IEO_ANG_LO__AUDIO_1019_IEO_DIS_LO_styletts,data\synthetic\track1_fakes\videos\FAKE_T1_1019_IEO_ANG_LO__AUDIO_1019_IEO_DIS_LO_styletts.mp4,1,done,styletts,1019,IEO,angry,disgust,yes
FAKE_T1_1019_IEO_SAD_HI__AUDIO_1019_IEO_ANG_HI_styletts,data\synthetic\track1_fakes\videos\FAKE_T1_1019_IEO_SAD_HI__AUDIO_1019_IEO_ANG_HI_styletts.mp4,1,done,styletts,1019,IEO,sad,angry,yes
FAKE_T1_1019_IEO_SAD_LO__AUDIO_1019_IEO_ANG_LO_styletts,data\synthetic\track1_fakes\videos\FAKE_T1_1019_IEO_SAD_LO__AUDIO_1019_IEO_ANG_LO_styletts.mp4,1,done,styletts,1019,IEO,sad,angry,yes
FAKE_T1_1019_ITS_DIS_XX__AUDIO_1019_ITS_FEA_XX_styletts,data\synthetic\track1_fakes\videos\FAKE_T1_1019_ITS_DIS_XX__AUDIO_1019_ITS_FEA_XX_styletts.mp4,1,done,styletts,1019,ITS,disgust,fear,yes
FAKE_T1_1019_ITS_NEU_XX__AUDIO_1019_ITS_SAD_XX_styletts,data\synthetic\track1_fakes\videos\FAKE_T1_1019_ITS_NEU_XX__AUDIO_1019_ITS_SAD_XX_styletts.mp4,1,done,styletts,1019,ITS,neutral,sad,yes
FAKE_T1_1019_ITS_SAD_XX__AUDIO_1019_ITS_ANG_XX_styletts,data\synthetic\track1_fakes\videos\FAKE_T1_1019_ITS_SAD_XX__AUDIO_1019_ITS_ANG_XX_styletts.mp4,1,done,styletts,1019,ITS,sad,angry,yes
FAKE_T1_1019_IWL_SAD_XX__AUDIO_1019_IWL_ANG_XX_styletts,data\synthetic\track1_fakes\videos\FAKE_T1_1019_IWL_SAD_XX__AUDIO_1019_IWL_ANG_XX_styletts.mp4,1,done,styletts,1019,IWL,sad,angry,yes
FAKE_T1_1019_IWW_SAD_XX__AUDIO_1019_IWW_ANG_XX_styletts,data\synthetic\track1_fakes\videos\FAKE_T1_1019_IWW_SAD_XX__AUDIO_1019_IWW_ANG_XX_styletts.mp4,1,done,styletts,1019,IWW,sad,angry,yes
FAKE_T1_1019_MTI_HAP_XX__AUDIO_1019_MTI_NEU_XX_styletts,data\synthetic\track1_fakes\videos\FAKE_T1_1019_MTI_HAP_XX__AUDIO_1019_MTI_NEU_XX_styletts.mp4,1,done,styletts,1019,MTI,happy,neutral,yes
FAKE_T1_1019_TAI_FEA_XX__AUDIO_1019_TAI_HAP_XX_styletts,data\synthetic\track1_fakes\videos\FAKE_T1_1019_TAI_FEA_XX__AUDIO_1019_TAI_HAP_XX_styletts.mp4,1,done,styletts,1019,TAI,fear,happy,yes
FAKE_T1_1019_TAI_NEU_XX__AUDIO_1019_TAI_SAD_XX_styletts,data\synthetic\track1_fakes\videos\FAKE_T1_1019_TAI_NEU_XX__AUDIO_1019_TAI_SAD_XX_styletts.mp4,1,done,styletts,1019,TAI,neutral,sad,yes
FAKE_T1_1019_TAI_SAD_XX__AUDIO_1019_TAI_ANG_XX_styletts,data\synthetic\track1_fakes\videos\FAKE_T1_1019_TAI_SAD_XX__AUDIO_1019_TAI_ANG_XX_styletts.mp4,1,done,styletts,1019,TAI,sad,angry,yes
FAKE_T1_1019_TSI_DIS_XX__AUDIO_1019_TSI_FEA_XX_styletts,data\synthetic\track1_fakes\videos\FAKE_T1_1019_TSI_DIS_XX__AUDIO_1019_TSI_FEA_XX_styletts.mp4,1,done,styletts,1019,TSI,disgust,fear,yes
FAKE_T1_1019_WSI_DIS_XX__AUDIO_1019_WSI_FEA_XX_styletts,data\synthetic\track1_fakes\videos\FAKE_T1_1019_WSI_DIS_XX__AUDIO_1019_WSI_FEA_XX_styletts.mp4,1,done,styletts,1019,WSI,disgust,fear,yes
FAKE_T1_1019_WSI_HAP_XX__AUDIO_1019_WSI_NEU_XX_styletts,data\synthetic\track1_fakes\videos\FAKE_T1_1019_WSI_HAP_XX__AUDIO_1019_WSI_NEU_XX_styletts.mp4,1,done,styletts,1019,WSI,happy,neutral,yes
FAKE_T1_1020_IEO_DIS_LO__AUDIO_1020_IEO_FEA_LO_styletts,data\synthetic\track1_fakes\videos\FAKE_T1_1020_IEO_DIS_LO__AUDIO_1020_IEO_FEA_LO_styletts.mp4,1,done,styletts,1020,IEO,disgust,fear,yes
FAKE_T1_1020_IEO_NEU_XX__AUDIO_1020_IEO_SAD_HI_styletts,data\synthetic\track1_fakes\videos\FAKE_T1_1020_IEO_NEU_XX__AUDIO_1020_IEO_SAD_HI_styletts.mp4,1,done,styletts,1020,IEO,neutral,sad,yes
FAKE_T1_1020_IOM_SAD_XX__AUDIO_1020_IOM_ANG_XX_styletts,data\synthetic\track1_fakes\videos\FAKE_T1_1020_IOM_SAD_XX__AUDIO_1020_IOM_ANG_XX_styletts.mp4,1,done,styletts,1020,IOM,sad,angry,yes
FAKE_T1_1020_ITH_DIS_XX__AUDIO_1020_ITH_FEA_XX_styletts,data\synthetic\track1_fakes\videos\FAKE_T1_1020_ITH_DIS_XX__AUDIO_1020_ITH_FEA_XX_styletts.mp4,1,done,styletts,1020,ITH,disgust,fear,yes
FAKE_T1_1020_ITH_FEA_XX__AUDIO_1020_ITH_HAP_XX_styletts,data\synthetic\track1_fakes\videos\FAKE_T1_1020_ITH_FEA_XX__AUDIO_1020_ITH_HAP_XX_styletts.mp4,1,done,styletts,1020,ITH,fear,happy,yes
FAKE_T1_1020_ITS_FEA_XX__AUDIO_1020_ITS_HAP_XX_styletts,data\synthetic\track1_fakes\videos\FAKE_T1_1020_ITS_FEA_XX__AUDIO_1020_ITS_HAP_XX_styletts.mp4,1,done,styletts,1020,ITS,fear,happy,yes
FAKE_T1_1020_IWL_FEA_XX__AUDIO_1020_IWL_HAP_XX_styletts,data\synthetic\track1_fakes\videos\FAKE_T1_1020_IWL_FEA_XX__AUDIO_1020_IWL_HAP_XX_styletts.mp4,1,done,styletts,1020,IWL,fear,happy,yes
FAKE_T1_1020_IWL_SAD_XX__AUDIO_1020_IWL_ANG_XX_styletts,data\synthetic\track1_fakes\videos\FAKE_T1_1020_IWL_SAD_XX__AUDIO_1020_IWL_ANG_XX_styletts.mp4,1,done,styletts,1020,IWL,sad,angry,yes
FAKE_T1_1020_IWW_SAD_XX__AUDIO_1020_IWW_ANG_XX_styletts,data\synthetic\track1_fakes\videos\FAKE_T1_1020_IWW_SAD_XX__AUDIO_1020_IWW_ANG_XX_styletts.mp4,1,done,styletts,1020,IWW,sad,angry,yes
FAKE_T1_1020_MTI_FEA_XX__AUDIO_1020_MTI_HAP_XX_styletts,data\synthetic\track1_fakes\videos\FAKE_T1_1020_MTI_FEA_XX__AUDIO_1020_MTI_HAP_XX_styletts.mp4,1,done,styletts,1020,MTI,fear,happy,yes
FAKE_T1_1020_MTI_SAD_XX__AUDIO_1020_MTI_ANG_XX_styletts,data\synthetic\track1_fakes\videos\FAKE_T1_1020_MTI_SAD_XX__AUDIO_1020_MTI_ANG_XX_styletts.mp4,1,done,styletts,1020,MTI,sad,angry,yes
FAKE_T1_1020_TAI_ANG_XX__AUDIO_1020_TAI_DIS_XX_styletts,data\synthetic\track1_fakes\videos\FAKE_T1_1020_TAI_ANG_XX__AUDIO_1020_TAI_DIS_XX_styletts.mp4,1,done,styletts,1020,TAI,angry,disgust,yes
FAKE_T1_1020_TAI_DIS_XX__AUDIO_1020_TAI_FEA_XX_styletts,data\synthetic\track1_fakes\videos\FAKE_T1_1020_TAI_DIS_XX__AUDIO_1020_TAI_FEA_XX_styletts.mp4,1,done,styletts,1020,TAI,disgust,fear,yes
FAKE_T1_1020_TAI_SAD_XX__AUDIO_1020_TAI_ANG_XX_styletts,data\synthetic\track1_fakes\videos\FAKE_T1_1020_TAI_SAD_XX__AUDIO_1020_TAI_ANG_XX_styletts.mp4,1,done,styletts,1020,TAI,sad,angry,yes
FAKE_T1_1020_TIE_HAP_XX__AUDIO_1020_TIE_NEU_XX_styletts,data\synthetic\track1_fakes\videos\FAKE_T1_1020_TIE_HAP_XX__AUDIO_1020_TIE_NEU_XX_styletts.mp4,1,done,styletts,1020,TIE,happy,neutral,yes
FAKE_T1_1020_TIE_SAD_XX__AUDIO_1020_TIE_ANG_XX_styletts,data\synthetic\track1_fakes\videos\FAKE_T1_1020_TIE_SAD_XX__AUDIO_1020_TIE_ANG_XX_styletts.mp4,1,done,styletts,1020,TIE,sad,angry,yes
FAKE_T1_1021_DFA_HAP_XX__AUDIO_1021_DFA_NEU_XX_styletts,data\synthetic\track1_fakes\videos\FAKE_T1_1021_DFA_HAP_XX__AUDIO_1021_DFA_NEU_XX_styletts.mp4,1,done,styletts,1021,DFA,happy,neutral,yes
FAKE_T1_1021_DFA_SAD_XX__AUDIO_1021_DFA_ANG_XX_styletts,data\synthetic\track1_fakes\videos\FAKE_T1_1021_DFA_SAD_XX__AUDIO_1021_DFA_ANG_XX_styletts.mp4,1,done,styletts,1021,DFA,sad,angry,yes
FAKE_T1_1021_IEO_DIS_LO__AUDIO_1021_IEO_FEA_LO_styletts,data\synthetic\track1_fakes\videos\FAKE_T1_1021_IEO_DIS_LO__AUDIO_1021_IEO_FEA_LO_styletts.mp4,1,done,styletts,1021,IEO,disgust,fear,yes
FAKE_T1_1021_IEO_DIS_MD__AUDIO_1021_IEO_FEA_MD_styletts,data\synthetic\track1_fakes\videos\FAKE_T1_1021_IEO_DIS_MD__AUDIO_1021_IEO_FEA_MD_styletts.mp4,1,done,styletts,1021,IEO,disgust,fear,yes
FAKE_T1_1021_IEO_FEA_MD__AUDIO_1021_IEO_HAP_MD_styletts,data\synthetic\track1_fakes\videos\FAKE_T1_1021_IEO_FEA_MD__AUDIO_1021_IEO_HAP_MD_styletts.mp4,1,done,styletts,1021,IEO,fear,happy,yes
FAKE_T1_1021_IEO_HAP_LO__AUDIO_1021_IEO_NEU_XX_styletts,data\synthetic\track1_fakes\videos\FAKE_T1_1021_IEO_HAP_LO__AUDIO_1021_IEO_NEU_XX_styletts.mp4,1,done,styletts,1021,IEO,happy,neutral,yes
FAKE_T1_1021_IOM_ANG_XX__AUDIO_1021_IOM_DIS_XX_styletts,data\synthetic\track1_fakes\videos\FAKE_T1_1021_IOM_ANG_XX__AUDIO_1021_IOM_DIS_XX_styletts.mp4,1,done,styletts,1021,IOM,angry,disgust,yes
FAKE_T1_1021_IOM_FEA_XX__AUDIO_1021_IOM_HAP_XX_styletts,data\synthetic\track1_fakes\videos\FAKE_T1_1021_IOM_FEA_XX__AUDIO_1021_IOM_HAP_XX_styletts.mp4,1,done,styletts,1021,IOM,fear,happy,yes
FAKE_T1_1021_IOM_SAD_XX__AUDIO_1021_IOM_ANG_XX_styletts,data\synthetic\track1_fakes\videos\FAKE_T1_1021_IOM_SAD_XX__AUDIO_1021_IOM_ANG_XX_styletts.mp4,1,done,styletts,1021,IOM,sad,angry,yes
FAKE_T1_1021_ITH_ANG_XX__AUDIO_1021_ITH_DIS_XX_styletts,data\synthetic\track1_fakes\videos\FAKE_T1_1021_ITH_ANG_XX__AUDIO_1021_ITH_DIS_XX_styletts.mp4,1,done,styletts,1021,ITH,angry,disgust,yes
FAKE_T1_1021_IWL_ANG_XX__AUDIO_1021_IWL_DIS_XX_styletts,data\synthetic\track1_fakes\videos\FAKE_T1_1021_IWL_ANG_XX__AUDIO_1021_IWL_DIS_XX_styletts.mp4,1,done,styletts,1021,IWL,angry,disgust,yes
FAKE_T1_1021_MTI_ANG_XX__AUDIO_1021_MTI_DIS_XX_styletts,data\synthetic\track1_fakes\videos\FAKE_T1_1021_MTI_ANG_XX__AUDIO_1021_MTI_DIS_XX_styletts.mp4,1,done,styletts,1021,MTI,angry,disgust,yes
FAKE_T1_1021_TAI_HAP_XX__AUDIO_1021_TAI_NEU_XX_styletts,data\synthetic\track1_fakes\videos\FAKE_T1_1021_TAI_HAP_XX__AUDIO_1021_TAI_NEU_XX_styletts.mp4,1,done,styletts,1021,TAI,happy,neutral,yes
FAKE_T1_1021_TAI_NEU_XX__AUDIO_1021_TAI_SAD_XX_styletts,data\synthetic\track1_fakes\videos\FAKE_T1_1021_TAI_NEU_XX__AUDIO_1021_TAI_SAD_XX_styletts.mp4,1,done,styletts,1021,TAI,neutral,sad,yes
FAKE_T1_1021_TIE_DIS_XX__AUDIO_1021_TIE_FEA_XX_styletts,data\synthetic\track1_fakes\videos\FAKE_T1_1021_TIE_DIS_XX__AUDIO_1021_TIE_FEA_XX_styletts.mp4,1,done,styletts,1021,TIE,disgust,fear,yes
FAKE_T1_1021_TIE_FEA_XX__AUDIO_1021_TIE_HAP_XX_styletts,data\synthetic\track1_fakes\videos\FAKE_T1_1021_TIE_FEA_XX__AUDIO_1021_TIE_HAP_XX_styletts.mp4,1,done,styletts,1021,TIE,fear,happy,yes
FAKE_T1_1022_DFA_ANG_XX__AUDIO_1022_DFA_DIS_XX_styletts,data\synthetic\track1_fakes\videos\FAKE_T1_1022_DFA_ANG_XX__AUDIO_1022_DFA_DIS_XX_styletts.mp4,1,done,styletts,1022,DFA,angry,disgust,yes
FAKE_T1_1022_DFA_DIS_XX__AUDIO_1022_DFA_FEA_XX_styletts,data\synthetic\track1_fakes\videos\FAKE_T1_1022_DFA_DIS_XX__AUDIO_1022_DFA_FEA_XX_styletts.mp4,1,done,styletts,1022,DFA,disgust,fear,yes
FAKE_T1_1022_DFA_FEA_XX__AUDIO_1022_DFA_HAP_XX_styletts,data\synthetic\track1_fakes\videos\FAKE_T1_1022_DFA_FEA_XX__AUDIO_1022_DFA_HAP_XX_styletts.mp4,1,done,styletts,1022,DFA,fear,happy,yes
FAKE_T1_1022_IEO_DIS_MD__AUDIO_1022_IEO_FEA_MD_styletts,data\synthetic\track1_fakes\videos\FAKE_T1_1022_IEO_DIS_MD__AUDIO_1022_IEO_FEA_MD_styletts.mp4,1,done,styletts,1022,IEO,disgust,fear,yes
FAKE_T1_1022_IEO_FEA_LO__AUDIO_1022_IEO_HAP_LO_styletts,data\synthetic\track1_fakes\videos\FAKE_T1_1022_IEO_FEA_LO__AUDIO_1022_IEO_HAP_LO_styletts.mp4,1,done,styletts,1022,IEO,fear,happy,yes
FAKE_T1_1022_IEO_HAP_MD__AUDIO_1022_IEO_NEU_XX_styletts,data\synthetic\track1_fakes\videos\FAKE_T1_1022_IEO_HAP_MD__AUDIO_1022_IEO_NEU_XX_styletts.mp4,1,done,styletts,1022,IEO,happy,neutral,yes
FAKE_T1_1022_ITH_SAD_XX__AUDIO_1022_ITH_ANG_XX_styletts,data\synthetic\track1_fakes\videos\FAKE_T1_1022_ITH_SAD_XX__AUDIO_1022_ITH_ANG_XX_styletts.mp4,1,done,styletts,1022,ITH,sad,angry,yes
FAKE_T1_1022_ITS_NEU_XX__AUDIO_1022_ITS_SAD_XX_styletts,data\synthetic\track1_fakes\videos\FAKE_T1_1022_ITS_NEU_XX__AUDIO_1022_ITS_SAD_XX_styletts.mp4,1,done,styletts,1022,ITS,neutral,sad,yes
FAKE_T1_1022_IWW_FEA_XX__AUDIO_1022_IWW_HAP_XX_styletts,data\synthetic\track1_fakes\videos\FAKE_T1_1022_IWW_FEA_XX__AUDIO_1022_IWW_HAP_XX_styletts.mp4,1,done,styletts,1022,IWW,fear,happy,yes
FAKE_T1_1022_IWW_NEU_XX__AUDIO_1022_IWW_SAD_XX_styletts,data\synthetic\track1_fakes\videos\FAKE_T1_1022_IWW_NEU_XX__AUDIO_1022_IWW_SAD_XX_styletts.mp4,1,done,styletts,1022,IWW,neutral,sad,yes
FAKE_T1_1022_IWW_SAD_XX__AUDIO_1022_IWW_ANG_XX_styletts,data\synthetic\track1_fakes\videos\FAKE_T1_1022_IWW_SAD_XX__AUDIO_1022_IWW_ANG_XX_styletts.mp4,1,done,styletts,1022,IWW,sad,angry,yes
FAKE_T1_1022_TSI_ANG_XX__AUDIO_1022_TSI_DIS_XX_styletts,data\synthetic\track1_fakes\videos\FAKE_T1_1022_TSI_ANG_XX__AUDIO_1022_TSI_DIS_XX_styletts.mp4,1,done,styletts,1022,TSI,angry,disgust,yes
FAKE_T1_1022_TSI_DIS_XX__AUDIO_1022_TSI_FEA_XX_styletts,data\synthetic\track1_fakes\videos\FAKE_T1_1022_TSI_DIS_XX__AUDIO_1022_TSI_FEA_XX_styletts.mp4,1,done,styletts,1022,TSI,disgust,fear,yes
FAKE_T1_1022_TSI_FEA_XX__AUDIO_1022_TSI_HAP_XX_styletts,data\synthetic\track1_fakes\videos\FAKE_T1_1022_TSI_FEA_XX__AUDIO_1022_TSI_HAP_XX_styletts.mp4,1,done,styletts,1022,TSI,fear,happy,yes
FAKE_T1_1022_TSI_HAP_XX__AUDIO_1022_TSI_NEU_XX_styletts,data\synthetic\track1_fakes\videos\FAKE_T1_1022_TSI_HAP_XX__AUDIO_1022_TSI_NEU_XX_styletts.mp4,1,done,styletts,1022,TSI,happy,neutral,yes
FAKE_T1_1022_WSI_FEA_XX__AUDIO_1022_WSI_HAP_XX_styletts,data\synthetic\track1_fakes\videos\FAKE_T1_1022_WSI_FEA_XX__AUDIO_1022_WSI_HAP_XX_styletts.mp4,1,done,styletts,1022,WSI,fear,happy,yes
FAKE_T1_1023_IEO_DIS_MD__AUDIO_1023_IEO_FEA_MD_styletts,data\synthetic\track1_fakes\videos\FAKE_T1_1023_IEO_DIS_MD__AUDIO_1023_IEO_FEA_MD_styletts.mp4,1,done,styletts,1023,IEO,disgust,fear,yes
FAKE_T1_1023_IEO_FEA_HI__AUDIO_1023_IEO_HAP_HI_styletts,data\synthetic\track1_fakes\videos\FAKE_T1_1023_IEO_FEA_HI__AUDIO_1023_IEO_HAP_HI_styletts.mp4,1,done,styletts,1023,IEO,fear,happy,yes
FAKE_T1_1023_IEO_SAD_LO__AUDIO_1023_IEO_ANG_LO_styletts,data\synthetic\track1_fakes\videos\FAKE_T1_1023_IEO_SAD_LO__AUDIO_1023_IEO_ANG_LO_styletts.mp4,1,done,styletts,1023,IEO,sad,angry,yes
FAKE_T1_1023_IOM_FEA_XX__AUDIO_1023_IOM_HAP_XX_styletts,data\synthetic\track1_fakes\videos\FAKE_T1_1023_IOM_FEA_XX__AUDIO_1023_IOM_HAP_XX_styletts.mp4,1,done,styletts,1023,IOM,fear,happy,yes
FAKE_T1_1023_IOM_SAD_XX__AUDIO_1023_IOM_ANG_XX_styletts,data\synthetic\track1_fakes\videos\FAKE_T1_1023_IOM_SAD_XX__AUDIO_1023_IOM_ANG_XX_styletts.mp4,1,done,styletts,1023,IOM,sad,angry,yes
FAKE_T1_1023_ITH_FEA_XX__AUDIO_1023_ITH_HAP_XX_styletts,data\synthetic\track1_fakes\videos\FAKE_T1_1023_ITH_FEA_XX__AUDIO_1023_ITH_HAP_XX_styletts.mp4,1,done,styletts,1023,ITH,fear,happy,yes
FAKE_T1_1023_ITH_HAP_XX__AUDIO_1023_ITH_NEU_XX_styletts,data\synthetic\track1_fakes\videos\FAKE_T1_1023_ITH_HAP_XX__AUDIO_1023_ITH_NEU_XX_styletts.mp4,1,done,styletts,1023,ITH,happy,neutral,yes
FAKE_T1_1023_ITH_NEU_XX__AUDIO_1023_ITH_SAD_XX_styletts,data\synthetic\track1_fakes\videos\FAKE_T1_1023_ITH_NEU_XX__AUDIO_1023_ITH_SAD_XX_styletts.mp4,1,done,styletts,1023,ITH,neutral,sad,yes
FAKE_T1_1023_ITH_SAD_XX__AUDIO_1023_ITH_ANG_XX_styletts,data\synthetic\track1_fakes\videos\FAKE_T1_1023_ITH_SAD_XX__AUDIO_1023_ITH_ANG_XX_styletts.mp4,1,done,styletts,1023,ITH,sad,angry,yes
FAKE_T1_1023_IWL_DIS_XX__AUDIO_1023_IWL_FEA_XX_styletts,data\synthetic\track1_fakes\videos\FAKE_T1_1023_IWL_DIS_XX__AUDIO_1023_IWL_FEA_XX_styletts.mp4,1,done,styletts,1023,IWL,disgust,fear,yes
FAKE_T1_1023_IWL_HAP_XX__AUDIO_1023_IWL_NEU_XX_styletts,data\synthetic\track1_fakes\videos\FAKE_T1_1023_IWL_HAP_XX__AUDIO_1023_IWL_NEU_XX_styletts.mp4,1,done,styletts,1023,IWL,happy,neutral,yes
FAKE_T1_1023_IWL_SAD_XX__AUDIO_1023_IWL_ANG_XX_styletts,data\synthetic\track1_fakes\videos\FAKE_T1_1023_IWL_SAD_XX__AUDIO_1023_IWL_ANG_XX_styletts.mp4,1,done,styletts,1023,IWL,sad,angry,yes
FAKE_T1_1023_IWW_HAP_XX__AUDIO_1023_IWW_NEU_XX_styletts,data\synthetic\track1_fakes\videos\FAKE_T1_1023_IWW_HAP_XX__AUDIO_1023_IWW_NEU_XX_styletts.mp4,1,done,styletts,1023,IWW,happy,neutral,yes
FAKE_T1_1023_MTI_DIS_XX__AUDIO_1023_MTI_FEA_XX_styletts,data\synthetic\track1_fakes\videos\FAKE_T1_1023_MTI_DIS_XX__AUDIO_1023_MTI_FEA_XX_styletts.mp4,1,done,styletts,1023,MTI,disgust,fear,yes
FAKE_T1_1023_WSI_NEU_XX__AUDIO_1023_WSI_SAD_XX_styletts,data\synthetic\track1_fakes\videos\FAKE_T1_1023_WSI_NEU_XX__AUDIO_1023_WSI_SAD_XX_styletts.mp4,1,done,styletts,1023,WSI,neutral,sad,yes
FAKE_T1_1023_WSI_SAD_XX__AUDIO_1023_WSI_ANG_XX_styletts,data\synthetic\track1_fakes\videos\FAKE_T1_1023_WSI_SAD_XX__AUDIO_1023_WSI_ANG_XX_styletts.mp4,1,done,styletts,1023,WSI,sad,angry,yes
FAKE_T1_1024_DFA_FEA_XX__AUDIO_1024_DFA_HAP_XX_styletts,data\synthetic\track1_fakes\videos\FAKE_T1_1024_DFA_FEA_XX__AUDIO_1024_DFA_HAP_XX_styletts.mp4,1,done,styletts,1024,DFA,fear,happy,yes
FAKE_T1_1024_DFA_HAP_XX__AUDIO_1024_DFA_NEU_XX_styletts,data\synthetic\track1_fakes\videos\FAKE_T1_1024_DFA_HAP_XX__AUDIO_1024_DFA_NEU_XX_styletts.mp4,1,done,styletts,1024,DFA,happy,neutral,yes
FAKE_T1_1024_IEO_HAP_MD__AUDIO_1024_IEO_NEU_XX_styletts,data\synthetic\track1_fakes\videos\FAKE_T1_1024_IEO_HAP_MD__AUDIO_1024_IEO_NEU_XX_styletts.mp4,1,done,styletts,1024,IEO,happy,neutral,yes
FAKE_T1_1024_IEO_NEU_XX__AUDIO_1024_IEO_SAD_HI_styletts,data\synthetic\track1_fakes\videos\FAKE_T1_1024_IEO_NEU_XX__AUDIO_1024_IEO_SAD_HI_styletts.mp4,1,done,styletts,1024,IEO,neutral,sad,yes
FAKE_T1_1024_IOM_DIS_XX__AUDIO_1024_IOM_FEA_XX_styletts,data\synthetic\track1_fakes\videos\FAKE_T1_1024_IOM_DIS_XX__AUDIO_1024_IOM_FEA_XX_styletts.mp4,1,done,styletts,1024,IOM,disgust,fear,yes
FAKE_T1_1024_IOM_NEU_XX__AUDIO_1024_IOM_SAD_XX_styletts,data\synthetic\track1_fakes\videos\FAKE_T1_1024_IOM_NEU_XX__AUDIO_1024_IOM_SAD_XX_styletts.mp4,1,done,styletts,1024,IOM,neutral,sad,yes
FAKE_T1_1024_IOM_SAD_XX__AUDIO_1024_IOM_ANG_XX_styletts,data\synthetic\track1_fakes\videos\FAKE_T1_1024_IOM_SAD_XX__AUDIO_1024_IOM_ANG_XX_styletts.mp4,1,done,styletts,1024,IOM,sad,angry,yes
FAKE_T1_1024_ITS_DIS_XX__AUDIO_1024_ITS_FEA_XX_styletts,data\synthetic\track1_fakes\videos\FAKE_T1_1024_ITS_DIS_XX__AUDIO_1024_ITS_FEA_XX_styletts.mp4,1,done,styletts,1024,ITS,disgust,fear,yes
FAKE_T1_1024_IWW_ANG_XX__AUDIO_1024_IWW_DIS_XX_styletts,data\synthetic\track1_fakes\videos\FAKE_T1_1024_IWW_ANG_XX__AUDIO_1024_IWW_DIS_XX_styletts.mp4,1,done,styletts,1024,IWW,angry,disgust,yes
FAKE_T1_1024_TAI_FEA_XX__AUDIO_1024_TAI_HAP_XX_styletts,data\synthetic\track1_fakes\videos\FAKE_T1_1024_TAI_FEA_XX__AUDIO_1024_TAI_HAP_XX_styletts.mp4,1,done,styletts,1024,TAI,fear,happy,yes
FAKE_T1_1024_TIE_ANG_XX__AUDIO_1024_TIE_DIS_XX_styletts,data\synthetic\track1_fakes\videos\FAKE_T1_1024_TIE_ANG_XX__AUDIO_1024_TIE_DIS_XX_styletts.mp4,1,done,styletts,1024,TIE,angry,disgust,yes
FAKE_T1_1024_TIE_NEU_XX__AUDIO_1024_TIE_SAD_XX_styletts,data\synthetic\track1_fakes\videos\FAKE_T1_1024_TIE_NEU_XX__AUDIO_1024_TIE_SAD_XX_styletts.mp4,1,done,styletts,1024,TIE,neutral,sad,yes
FAKE_T1_1024_TSI_NEU_XX__AUDIO_1024_TSI_SAD_XX_styletts,data\synthetic\track1_fakes\videos\FAKE_T1_1024_TSI_NEU_XX__AUDIO_1024_TSI_SAD_XX_styletts.mp4,1,done,styletts,1024,TSI,neutral,sad,yes
FAKE_T1_1024_WSI_ANG_XX__AUDIO_1024_WSI_DIS_XX_styletts,data\synthetic\track1_fakes\videos\FAKE_T1_1024_WSI_ANG_XX__AUDIO_1024_WSI_DIS_XX_styletts.mp4,1,done,styletts,1024,WSI,angry,disgust,yes
FAKE_T1_1024_WSI_HAP_XX__AUDIO_1024_WSI_NEU_XX_styletts,data\synthetic\track1_fakes\videos\FAKE_T1_1024_WSI_HAP_XX__AUDIO_1024_WSI_NEU_XX_styletts.mp4,1,done,styletts,1024,WSI,happy,neutral,yes
FAKE_T1_1024_WSI_SAD_XX__AUDIO_1024_WSI_ANG_XX_styletts,data\synthetic\track1_fakes\videos\FAKE_T1_1024_WSI_SAD_XX__AUDIO_1024_WSI_ANG_XX_styletts.mp4,1,done,styletts,1024,WSI,sad,angry,yes
FAKE_T1_1025_DFA_ANG_XX__AUDIO_1025_DFA_DIS_XX_styletts,data\synthetic\track1_fakes\videos\FAKE_T1_1025_DFA_ANG_XX__AUDIO_1025_DFA_DIS_XX_styletts.mp4,1,done,styletts,1025,DFA,angry,disgust,yes
FAKE_T1_1025_DFA_DIS_XX__AUDIO_1025_DFA_FEA_XX_styletts,data\synthetic\track1_fakes\videos\FAKE_T1_1025_DFA_DIS_XX__AUDIO_1025_DFA_FEA_XX_styletts.mp4,1,done,styletts,1025,DFA,disgust,fear,yes
FAKE_T1_1025_IEO_ANG_LO__AUDIO_1025_IEO_DIS_LO_styletts,data\synthetic\track1_fakes\videos\FAKE_T1_1025_IEO_ANG_LO__AUDIO_1025_IEO_DIS_LO_styletts.mp4,1,done,styletts,1025,IEO,angry,disgust,yes
FAKE_T1_1025_IEO_FEA_HI__AUDIO_1025_IEO_HAP_HI_styletts,data\synthetic\track1_fakes\videos\FAKE_T1_1025_IEO_FEA_HI__AUDIO_1025_IEO_HAP_HI_styletts.mp4,1,done,styletts,1025,IEO,fear,happy,yes
FAKE_T1_1025_IEO_FEA_MD__AUDIO_1025_IEO_HAP_MD_styletts,data\synthetic\track1_fakes\videos\FAKE_T1_1025_IEO_FEA_MD__AUDIO_1025_IEO_HAP_MD_styletts.mp4,1,done,styletts,1025,IEO,fear,happy,yes
FAKE_T1_1025_IOM_DIS_XX__AUDIO_1025_IOM_FEA_XX_styletts,data\synthetic\track1_fakes\videos\FAKE_T1_1025_IOM_DIS_XX__AUDIO_1025_IOM_FEA_XX_styletts.mp4,1,done,styletts,1025,IOM,disgust,fear,yes
FAKE_T1_1025_ITS_FEA_XX__AUDIO_1025_ITS_HAP_XX_styletts,data\synthetic\track1_fakes\videos\FAKE_T1_1025_ITS_FEA_XX__AUDIO_1025_ITS_HAP_XX_styletts.mp4,1,done,styletts,1025,ITS,fear,happy,yes
FAKE_T1_1025_IWL_ANG_XX__AUDIO_1025_IWL_DIS_XX_styletts,data\synthetic\track1_fakes\videos\FAKE_T1_1025_IWL_ANG_XX__AUDIO_1025_IWL_DIS_XX_styletts.mp4,1,done,styletts,1025,IWL,angry,disgust,yes
FAKE_T1_1025_IWL_FEA_XX__AUDIO_1025_IWL_HAP_XX_styletts,data\synthetic\track1_fakes\videos\FAKE_T1_1025_IWL_FEA_XX__AUDIO_1025_IWL_HAP_XX_styletts.mp4,1,done,styletts,1025,IWL,fear,happy,yes
FAKE_T1_1025_IWW_FEA_XX__AUDIO_1025_IWW_HAP_XX_styletts,data\synthetic\track1_fakes\videos\FAKE_T1_1025_IWW_FEA_XX__AUDIO_1025_IWW_HAP_XX_styletts.mp4,1,done,styletts,1025,IWW,fear,happy,yes
FAKE_T1_1025_MTI_NEU_XX__AUDIO_1025_MTI_SAD_XX_styletts,data\synthetic\track1_fakes\videos\FAKE_T1_1025_MTI_NEU_XX__AUDIO_1025_MTI_SAD_XX_styletts.mp4,1,done,styletts,1025,MTI,neutral,sad,yes
FAKE_T1_1025_TAI_DIS_XX__AUDIO_1025_TAI_FEA_XX_styletts,data\synthetic\track1_fakes\videos\FAKE_T1_1025_TAI_DIS_XX__AUDIO_1025_TAI_FEA_XX_styletts.mp4,1,done,styletts,1025,TAI,disgust,fear,yes
FAKE_T1_1025_TIE_HAP_XX__AUDIO_1025_TIE_NEU_XX_styletts,data\synthetic\track1_fakes\videos\FAKE_T1_1025_TIE_HAP_XX__AUDIO_1025_TIE_NEU_XX_styletts.mp4,1,done,styletts,1025,TIE,happy,neutral,yes
FAKE_T1_1025_TSI_ANG_XX__AUDIO_1025_TSI_DIS_XX_styletts,data\synthetic\track1_fakes\videos\FAKE_T1_1025_TSI_ANG_XX__AUDIO_1025_TSI_DIS_XX_styletts.mp4,1,done,styletts,1025,TSI,angry,disgust,yes
FAKE_T1_1025_WSI_ANG_XX__AUDIO_1025_WSI_DIS_XX_styletts,data\synthetic\track1_fakes\videos\FAKE_T1_1025_WSI_ANG_XX__AUDIO_1025_WSI_DIS_XX_styletts.mp4,1,done,styletts,1025,WSI,angry,disgust,yes
FAKE_T1_1025_WSI_SAD_XX__AUDIO_1025_WSI_ANG_XX_styletts,data\synthetic\track1_fakes\videos\FAKE_T1_1025_WSI_SAD_XX__AUDIO_1025_WSI_ANG_XX_styletts.mp4,1,done,styletts,1025,WSI,sad,angry,yes
FAKE_T1_1026_DFA_HAP_XX__AUDIO_1026_DFA_NEU_XX_styletts,data\synthetic\track1_fakes\videos\FAKE_T1_1026_DFA_HAP_XX__AUDIO_1026_DFA_NEU_XX_styletts.mp4,1,done,styletts,1026,DFA,happy,neutral,yes
FAKE_T1_1026_IEO_ANG_LO__AUDIO_1026_IEO_DIS_LO_styletts,data\synthetic\track1_fakes\videos\FAKE_T1_1026_IEO_ANG_LO__AUDIO_1026_IEO_DIS_LO_styletts.mp4,1,done,styletts,1026,IEO,angry,disgust,yes
FAKE_T1_1026_IEO_ANG_MD__AUDIO_1026_IEO_DIS_MD_styletts,data\synthetic\track1_fakes\videos\FAKE_T1_1026_IEO_ANG_MD__AUDIO_1026_IEO_DIS_MD_styletts.mp4,1,done,styletts,1026,IEO,angry,disgust,yes
FAKE_T1_1026_IEO_HAP_HI__AUDIO_1026_IEO_NEU_XX_styletts,data\synthetic\track1_fakes\videos\FAKE_T1_1026_IEO_HAP_HI__AUDIO_1026_IEO_NEU_XX_styletts.mp4,1,done,styletts,1026,IEO,happy,neutral,yes
FAKE_T1_1026_IEO_NEU_XX__AUDIO_1026_IEO_SAD_HI_styletts,data\synthetic\track1_fakes\videos\FAKE_T1_1026_IEO_NEU_XX__AUDIO_1026_IEO_SAD_HI_styletts.mp4,1,done,styletts,1026,IEO,neutral,sad,yes
FAKE_T1_1026_ITH_ANG_XX__AUDIO_1026_ITH_DIS_XX_styletts,data\synthetic\track1_fakes\videos\FAKE_T1_1026_ITH_ANG_XX__AUDIO_1026_ITH_DIS_XX_styletts.mp4,1,done,styletts,1026,ITH,angry,disgust,yes
FAKE_T1_1026_ITS_NEU_XX__AUDIO_1026_ITS_SAD_XX_styletts,data\synthetic\track1_fakes\videos\FAKE_T1_1026_ITS_NEU_XX__AUDIO_1026_ITS_SAD_XX_styletts.mp4,1,done,styletts,1026,ITS,neutral,sad,yes
FAKE_T1_1026_IWL_ANG_XX__AUDIO_1026_IWL_DIS_XX_styletts,data\synthetic\track1_fakes\videos\FAKE_T1_1026_IWL_ANG_XX__AUDIO_1026_IWL_DIS_XX_styletts.mp4,1,done,styletts,1026,IWL,angry,disgust,yes
FAKE_T1_1026_IWW_FEA_XX__AUDIO_1026_IWW_HAP_XX_styletts,data\synthetic\track1_fakes\videos\FAKE_T1_1026_IWW_FEA_XX__AUDIO_1026_IWW_HAP_XX_styletts.mp4,1,done,styletts,1026,IWW,fear,happy,yes
FAKE_T1_1026_MTI_FEA_XX__AUDIO_1026_MTI_HAP_XX_styletts,data\synthetic\track1_fakes\videos\FAKE_T1_1026_MTI_FEA_XX__AUDIO_1026_MTI_HAP_XX_styletts.mp4,1,done,styletts,1026,MTI,fear,happy,yes
FAKE_T1_1026_MTI_HAP_XX__AUDIO_1026_MTI_NEU_XX_styletts,data\synthetic\track1_fakes\videos\FAKE_T1_1026_MTI_HAP_XX__AUDIO_1026_MTI_NEU_XX_styletts.mp4,1,done,styletts,1026,MTI,happy,neutral,yes
FAKE_T1_1026_TIE_HAP_XX__AUDIO_1026_TIE_NEU_XX_styletts,data\synthetic\track1_fakes\videos\FAKE_T1_1026_TIE_HAP_XX__AUDIO_1026_TIE_NEU_XX_styletts.mp4,1,done,styletts,1026,TIE,happy,neutral,yes
FAKE_T1_1026_TSI_HAP_XX__AUDIO_1026_TSI_NEU_XX_styletts,data\synthetic\track1_fakes\videos\FAKE_T1_1026_TSI_HAP_XX__AUDIO_1026_TSI_NEU_XX_styletts.mp4,1,done,styletts,1026,TSI,happy,neutral,yes
FAKE_T1_1026_WSI_DIS_XX__AUDIO_1026_WSI_FEA_XX_styletts,data\synthetic\track1_fakes\videos\FAKE_T1_1026_WSI_DIS_XX__AUDIO_1026_WSI_FEA_XX_styletts.mp4,1,done,styletts,1026,WSI,disgust,fear,yes
FAKE_T1_1026_WSI_FEA_XX__AUDIO_1026_WSI_HAP_XX_styletts,data\synthetic\track1_fakes\videos\FAKE_T1_1026_WSI_FEA_XX__AUDIO_1026_WSI_HAP_XX_styletts.mp4,1,done,styletts,1026,WSI,fear,happy,yes
FAKE_T1_1026_WSI_HAP_XX__AUDIO_1026_WSI_NEU_XX_styletts,data\synthetic\track1_fakes\videos\FAKE_T1_1026_WSI_HAP_XX__AUDIO_1026_WSI_NEU_XX_styletts.mp4,1,done,styletts,1026,WSI,happy,neutral,yes
FAKE_T1_1027_DFA_DIS_XX__AUDIO_1027_DFA_FEA_XX_styletts,data\synthetic\track1_fakes\videos\FAKE_T1_1027_DFA_DIS_XX__AUDIO_1027_DFA_FEA_XX_styletts.mp4,1,done,styletts,1027,DFA,disgust,fear,yes
FAKE_T1_1027_IEO_ANG_HI__AUDIO_1027_IEO_DIS_HI_styletts,data\synthetic\track1_fakes\videos\FAKE_T1_1027_IEO_ANG_HI__AUDIO_1027_IEO_DIS_HI_styletts.mp4,1,done,styletts,1027,IEO,angry,disgust,yes
FAKE_T1_1027_IEO_ANG_MD__AUDIO_1027_IEO_DIS_MD_styletts,data\synthetic\track1_fakes\videos\FAKE_T1_1027_IEO_ANG_MD__AUDIO_1027_IEO_DIS_MD_styletts.mp4,1,done,styletts,1027,IEO,angry,disgust,yes
FAKE_T1_1027_IEO_FEA_LO__AUDIO_1027_IEO_HAP_LO_styletts,data\synthetic\track1_fakes\videos\FAKE_T1_1027_IEO_FEA_LO__AUDIO_1027_IEO_HAP_LO_styletts.mp4,1,done,styletts,1027,IEO,fear,happy,yes
FAKE_T1_1027_IEO_HAP_HI__AUDIO_1027_IEO_NEU_XX_styletts,data\synthetic\track1_fakes\videos\FAKE_T1_1027_IEO_HAP_HI__AUDIO_1027_IEO_NEU_XX_styletts.mp4,1,done,styletts,1027,IEO,happy,neutral,yes
FAKE_T1_1027_IEO_HAP_MD__AUDIO_1027_IEO_NEU_XX_styletts,data\synthetic\track1_fakes\videos\FAKE_T1_1027_IEO_HAP_MD__AUDIO_1027_IEO_NEU_XX_styletts.mp4,1,done,styletts,1027,IEO,happy,neutral,yes
FAKE_T1_1027_IOM_SAD_XX__AUDIO_1027_IOM_ANG_XX_styletts,data\synthetic\track1_fakes\videos\FAKE_T1_1027_IOM_SAD_XX__AUDIO_1027_IOM_ANG_XX_styletts.mp4,1,done,styletts,1027,IOM,sad,angry,yes
FAKE_T1_1027_ITH_ANG_XX__AUDIO_1027_ITH_DIS_XX_styletts,data\synthetic\track1_fakes\videos\FAKE_T1_1027_ITH_ANG_XX__AUDIO_1027_ITH_DIS_XX_styletts.mp4,1,done,styletts,1027,ITH,angry,disgust,yes
FAKE_T1_1027_ITH_FEA_XX__AUDIO_1027_ITH_HAP_XX_styletts,data\synthetic\track1_fakes\videos\FAKE_T1_1027_ITH_FEA_XX__AUDIO_1027_ITH_HAP_XX_styletts.mp4,1,done,styletts,1027,ITH,fear,happy,yes
FAKE_T1_1027_ITS_SAD_XX__AUDIO_1027_ITS_ANG_XX_styletts,data\synthetic\track1_fakes\videos\FAKE_T1_1027_ITS_SAD_XX__AUDIO_1027_ITS_ANG_XX_styletts.mp4,1,done,styletts,1027,ITS,sad,angry,yes
FAKE_T1_1027_IWL_SAD_XX__AUDIO_1027_IWL_ANG_XX_styletts,data\synthetic\track1_fakes\videos\FAKE_T1_1027_IWL_SAD_XX__AUDIO_1027_IWL_ANG_XX_styletts.mp4,1,done,styletts,1027,IWL,sad,angry,yes
FAKE_T1_1027_TAI_DIS_XX__AUDIO_1027_TAI_FEA_XX_styletts,data\synthetic\track1_fakes\videos\FAKE_T1_1027_TAI_DIS_XX__AUDIO_1027_TAI_FEA_XX_styletts.mp4,1,done,styletts,1027,TAI,disgust,fear,yes
FAKE_T1_1027_TIE_DIS_XX__AUDIO_1027_TIE_FEA_XX_styletts,data\synthetic\track1_fakes\videos\FAKE_T1_1027_TIE_DIS_XX__AUDIO_1027_TIE_FEA_XX_styletts.mp4,1,done,styletts,1027,TIE,disgust,fear,yes
FAKE_T1_1027_TIE_HAP_XX__AUDIO_1027_TIE_NEU_XX_styletts,data\synthetic\track1_fakes\videos\FAKE_T1_1027_TIE_HAP_XX__AUDIO_1027_TIE_NEU_XX_styletts.mp4,1,done,styletts,1027,TIE,happy,neutral,yes
FAKE_T1_1027_WSI_DIS_XX__AUDIO_1027_WSI_FEA_XX_styletts,data\synthetic\track1_fakes\videos\FAKE_T1_1027_WSI_DIS_XX__AUDIO_1027_WSI_FEA_XX_styletts.mp4,1,done,styletts,1027,WSI,disgust,fear,yes
FAKE_T1_1027_WSI_SAD_XX__AUDIO_1027_WSI_ANG_XX_styletts,data\synthetic\track1_fakes\videos\FAKE_T1_1027_WSI_SAD_XX__AUDIO_1027_WSI_ANG_XX_styletts.mp4,1,done,styletts,1027,WSI,sad,angry,yes
FAKE_T1_1028_DFA_HAP_XX__AUDIO_1028_DFA_NEU_XX_styletts,data\synthetic\track1_fakes\videos\FAKE_T1_1028_DFA_HAP_XX__AUDIO_1028_DFA_NEU_XX_styletts.mp4,1,done,styletts,1028,DFA,happy,neutral,yes
FAKE_T1_1028_IEO_ANG_MD__AUDIO_1028_IEO_DIS_MD_styletts,data\synthetic\track1_fakes\videos\FAKE_T1_1028_IEO_ANG_MD__AUDIO_1028_IEO_DIS_MD_styletts.mp4,1,done,styletts,1028,IEO,angry,disgust,yes
FAKE_T1_1028_IOM_SAD_XX__AUDIO_1028_IOM_ANG_XX_styletts,data\synthetic\track1_fakes\videos\FAKE_T1_1028_IOM_SAD_XX__AUDIO_1028_IOM_ANG_XX_styletts.mp4,1,done,styletts,1028,IOM,sad,angry,yes
FAKE_T1_1028_ITH_FEA_XX__AUDIO_1028_ITH_HAP_XX_styletts,data\synthetic\track1_fakes\videos\FAKE_T1_1028_ITH_FEA_XX__AUDIO_1028_ITH_HAP_XX_styletts.mp4,1,done,styletts,1028,ITH,fear,happy,yes
FAKE_T1_1028_ITH_HAP_XX__AUDIO_1028_ITH_NEU_XX_styletts,data\synthetic\track1_fakes\videos\FAKE_T1_1028_ITH_HAP_XX__AUDIO_1028_ITH_NEU_XX_styletts.mp4,1,done,styletts,1028,ITH,happy,neutral,yes
FAKE_T1_1028_ITH_SAD_XX__AUDIO_1028_ITH_ANG_XX_styletts,data\synthetic\track1_fakes\videos\FAKE_T1_1028_ITH_SAD_XX__AUDIO_1028_ITH_ANG_XX_styletts.mp4,1,done,styletts,1028,ITH,sad,angry,yes
FAKE_T1_1028_ITS_HAP_XX__AUDIO_1028_ITS_NEU_XX_styletts,data\synthetic\track1_fakes\videos\FAKE_T1_1028_ITS_HAP_XX__AUDIO_1028_ITS_NEU_XX_styletts.mp4,1,done,styletts,1028,ITS,happy,neutral,yes
FAKE_T1_1028_IWL_ANG_XX__AUDIO_1028_IWL_DIS_XX_styletts,data\synthetic\track1_fakes\videos\FAKE_T1_1028_IWL_ANG_XX__AUDIO_1028_IWL_DIS_XX_styletts.mp4,1,done,styletts,1028,IWL,angry,disgust,yes
FAKE_T1_1028_IWL_DIS_XX__AUDIO_1028_IWL_FEA_XX_styletts,data\synthetic\track1_fakes\videos\FAKE_T1_1028_IWL_DIS_XX__AUDIO_1028_IWL_FEA_XX_styletts.mp4,1,done,styletts,1028,IWL,disgust,fear,yes
FAKE_T1_1028_MTI_ANG_XX__AUDIO_1028_MTI_DIS_XX_styletts,data\synthetic\track1_fakes\videos\FAKE_T1_1028_MTI_ANG_XX__AUDIO_1028_MTI_DIS_XX_styletts.mp4,1,done,styletts,1028,MTI,angry,disgust,yes
FAKE_T1_1028_MTI_SAD_XX__AUDIO_1028_MTI_ANG_XX_styletts,data\synthetic\track1_fakes\videos\FAKE_T1_1028_MTI_SAD_XX__AUDIO_1028_MTI_ANG_XX_styletts.mp4,1,done,styletts,1028,MTI,sad,angry,yes
FAKE_T1_1028_TAI_DIS_XX__AUDIO_1028_TAI_FEA_XX_styletts,data\synthetic\track1_fakes\videos\FAKE_T1_1028_TAI_DIS_XX__AUDIO_1028_TAI_FEA_XX_styletts.mp4,1,done,styletts,1028,TAI,disgust,fear,yes
FAKE_T1_1028_TAI_HAP_XX__AUDIO_1028_TAI_NEU_XX_styletts,data\synthetic\track1_fakes\videos\FAKE_T1_1028_TAI_HAP_XX__AUDIO_1028_TAI_NEU_XX_styletts.mp4,1,done,styletts,1028,TAI,happy,neutral,yes
FAKE_T1_1028_TIE_FEA_XX__AUDIO_1028_TIE_HAP_XX_styletts,data\synthetic\track1_fakes\videos\FAKE_T1_1028_TIE_FEA_XX__AUDIO_1028_TIE_HAP_XX_styletts.mp4,1,done,styletts,1028,TIE,fear,happy,yes
FAKE_T1_1028_TSI_NEU_XX__AUDIO_1028_TSI_SAD_XX_styletts,data\synthetic\track1_fakes\videos\FAKE_T1_1028_TSI_NEU_XX__AUDIO_1028_TSI_SAD_XX_styletts.mp4,1,done,styletts,1028,TSI,neutral,sad,yes
FAKE_T1_1028_WSI_NEU_XX__AUDIO_1028_WSI_SAD_XX_styletts,data\synthetic\track1_fakes\videos\FAKE_T1_1028_WSI_NEU_XX__AUDIO_1028_WSI_SAD_XX_styletts.mp4,1,done,styletts,1028,WSI,neutral,sad,yes
FAKE_T1_1029_DFA_DIS_XX__AUDIO_1029_DFA_FEA_XX_styletts,data\synthetic\track1_fakes\videos\FAKE_T1_1029_DFA_DIS_XX__AUDIO_1029_DFA_FEA_XX_styletts.mp4,1,done,styletts,1029,DFA,disgust,fear,yes
FAKE_T1_1029_DFA_FEA_XX__AUDIO_1029_DFA_HAP_XX_styletts,data\synthetic\track1_fakes\videos\FAKE_T1_1029_DFA_FEA_XX__AUDIO_1029_DFA_HAP_XX_styletts.mp4,1,done,styletts,1029,DFA,fear,happy,yes
FAKE_T1_1029_DFA_HAP_XX__AUDIO_1029_DFA_NEU_XX_styletts,data\synthetic\track1_fakes\videos\FAKE_T1_1029_DFA_HAP_XX__AUDIO_1029_DFA_NEU_XX_styletts.mp4,1,done,styletts,1029,DFA,happy,neutral,yes
FAKE_T1_1029_IEO_ANG_MD__AUDIO_1029_IEO_DIS_MD_styletts,data\synthetic\track1_fakes\videos\FAKE_T1_1029_IEO_ANG_MD__AUDIO_1029_IEO_DIS_MD_styletts.mp4,1,done,styletts,1029,IEO,angry,disgust,yes
FAKE_T1_1029_IOM_ANG_XX__AUDIO_1029_IOM_DIS_XX_styletts,data\synthetic\track1_fakes\videos\FAKE_T1_1029_IOM_ANG_XX__AUDIO_1029_IOM_DIS_XX_styletts.mp4,1,done,styletts,1029,IOM,angry,disgust,yes
FAKE_T1_1029_ITH_HAP_XX__AUDIO_1029_ITH_NEU_XX_styletts,data\synthetic\track1_fakes\videos\FAKE_T1_1029_ITH_HAP_XX__AUDIO_1029_ITH_NEU_XX_styletts.mp4,1,done,styletts,1029,ITH,happy,neutral,yes
FAKE_T1_1029_ITS_NEU_XX__AUDIO_1029_ITS_SAD_XX_styletts,data\synthetic\track1_fakes\videos\FAKE_T1_1029_ITS_NEU_XX__AUDIO_1029_ITS_SAD_XX_styletts.mp4,1,done,styletts,1029,ITS,neutral,sad,yes
FAKE_T1_1029_IWL_FEA_XX__AUDIO_1029_IWL_HAP_XX_styletts,data\synthetic\track1_fakes\videos\FAKE_T1_1029_IWL_FEA_XX__AUDIO_1029_IWL_HAP_XX_styletts.mp4,1,done,styletts,1029,IWL,fear,happy,yes
FAKE_T1_1029_IWL_NEU_XX__AUDIO_1029_IWL_SAD_XX_styletts,data\synthetic\track1_fakes\videos\FAKE_T1_1029_IWL_NEU_XX__AUDIO_1029_IWL_SAD_XX_styletts.mp4,1,done,styletts,1029,IWL,neutral,sad,yes
FAKE_T1_1029_IWW_DIS_XX__AUDIO_1029_IWW_FEA_XX_styletts,data\synthetic\track1_fakes\videos\FAKE_T1_1029_IWW_DIS_XX__AUDIO_1029_IWW_FEA_XX_styletts.mp4,1,done,styletts,1029,IWW,disgust,fear,yes
FAKE_T1_1029_IWW_FEA_XX__AUDIO_1029_IWW_HAP_XX_styletts,data\synthetic\track1_fakes\videos\FAKE_T1_1029_IWW_FEA_XX__AUDIO_1029_IWW_HAP_XX_styletts.mp4,1,done,styletts,1029,IWW,fear,happy,yes
FAKE_T1_1029_MTI_ANG_XX__AUDIO_1029_MTI_DIS_XX_styletts,data\synthetic\track1_fakes\videos\FAKE_T1_1029_MTI_ANG_XX__AUDIO_1029_MTI_DIS_XX_styletts.mp4,1,done,styletts,1029,MTI,angry,disgust,yes
FAKE_T1_1029_MTI_FEA_XX__AUDIO_1029_MTI_HAP_XX_styletts,data\synthetic\track1_fakes\videos\FAKE_T1_1029_MTI_FEA_XX__AUDIO_1029_MTI_HAP_XX_styletts.mp4,1,done,styletts,1029,MTI,fear,happy,yes
FAKE_T1_1029_TAI_DIS_XX__AUDIO_1029_TAI_FEA_XX_styletts,data\synthetic\track1_fakes\videos\FAKE_T1_1029_TAI_DIS_XX__AUDIO_1029_TAI_FEA_XX_styletts.mp4,1,done,styletts,1029,TAI,disgust,fear,yes
FAKE_T1_1029_TAI_FEA_XX__AUDIO_1029_TAI_HAP_XX_styletts,data\synthetic\track1_fakes\videos\FAKE_T1_1029_TAI_FEA_XX__AUDIO_1029_TAI_HAP_XX_styletts.mp4,1,done,styletts,1029,TAI,fear,happy,yes
FAKE_T1_1029_TIE_DIS_XX__AUDIO_1029_TIE_FEA_XX_styletts,data\synthetic\track1_fakes\videos\FAKE_T1_1029_TIE_DIS_XX__AUDIO_1029_TIE_FEA_XX_styletts.mp4,1,done,styletts,1029,TIE,disgust,fear,yes
FAKE_T1_1030_DFA_SAD_XX__AUDIO_1030_DFA_ANG_XX_styletts,data\synthetic\track1_fakes\videos\FAKE_T1_1030_DFA_SAD_XX__AUDIO_1030_DFA_ANG_XX_styletts.mp4,1,done,styletts,1030,DFA,sad,angry,yes
FAKE_T1_1030_IEO_DIS_LO__AUDIO_1030_IEO_FEA_LO_styletts,data\synthetic\track1_fakes\videos\FAKE_T1_1030_IEO_DIS_LO__AUDIO_1030_IEO_FEA_LO_styletts.mp4,1,done,styletts,1030,IEO,disgust,fear,yes
FAKE_T1_1030_IEO_FEA_HI__AUDIO_1030_IEO_HAP_HI_styletts,data\synthetic\track1_fakes\videos\FAKE_T1_1030_IEO_FEA_HI__AUDIO_1030_IEO_HAP_HI_styletts.mp4,1,done,styletts,1030,IEO,fear,happy,yes
FAKE_T1_1030_IEO_SAD_HI__AUDIO_1030_IEO_ANG_HI_styletts,data\synthetic\track1_fakes\videos\FAKE_T1_1030_IEO_SAD_HI__AUDIO_1030_IEO_ANG_HI_styletts.mp4,1,done,styletts,1030,IEO,sad,angry,yes
FAKE_T1_1030_ITS_DIS_XX__AUDIO_1030_ITS_FEA_XX_styletts,data\synthetic\track1_fakes\videos\FAKE_T1_1030_ITS_DIS_XX__AUDIO_1030_ITS_FEA_XX_styletts.mp4,1,done,styletts,1030,ITS,disgust,fear,yes
FAKE_T1_1030_IWL_SAD_XX__AUDIO_1030_IWL_ANG_XX_styletts,data\synthetic\track1_fakes\videos\FAKE_T1_1030_IWL_SAD_XX__AUDIO_1030_IWL_ANG_XX_styletts.mp4,1,done,styletts,1030,IWL,sad,angry,yes
FAKE_T1_1030_IWW_ANG_XX__AUDIO_1030_IWW_DIS_XX_styletts,data\synthetic\track1_fakes\videos\FAKE_T1_1030_IWW_ANG_XX__AUDIO_1030_IWW_DIS_XX_styletts.mp4,1,done,styletts,1030,IWW,angry,disgust,yes
FAKE_T1_1030_IWW_DIS_XX__AUDIO_1030_IWW_FEA_XX_styletts,data\synthetic\track1_fakes\videos\FAKE_T1_1030_IWW_DIS_XX__AUDIO_1030_IWW_FEA_XX_styletts.mp4,1,done,styletts,1030,IWW,disgust,fear,yes
FAKE_T1_1030_IWW_HAP_XX__AUDIO_1030_IWW_NEU_XX_styletts,data\synthetic\track1_fakes\videos\FAKE_T1_1030_IWW_HAP_XX__AUDIO_1030_IWW_NEU_XX_styletts.mp4,1,done,styletts,1030,IWW,happy,neutral,yes
FAKE_T1_1030_IWW_SAD_XX__AUDIO_1030_IWW_ANG_XX_styletts,data\synthetic\track1_fakes\videos\FAKE_T1_1030_IWW_SAD_XX__AUDIO_1030_IWW_ANG_XX_styletts.mp4,1,done,styletts,1030,IWW,sad,angry,yes
FAKE_T1_1030_MTI_FEA_XX__AUDIO_1030_MTI_HAP_XX_styletts,data\synthetic\track1_fakes\videos\FAKE_T1_1030_MTI_FEA_XX__AUDIO_1030_MTI_HAP_XX_styletts.mp4,1,done,styletts,1030,MTI,fear,happy,yes
FAKE_T1_1030_MTI_HAP_XX__AUDIO_1030_MTI_NEU_XX_styletts,data\synthetic\track1_fakes\videos\FAKE_T1_1030_MTI_HAP_XX__AUDIO_1030_MTI_NEU_XX_styletts.mp4,1,done,styletts,1030,MTI,happy,neutral,yes
FAKE_T1_1030_TAI_HAP_XX__AUDIO_1030_TAI_NEU_XX_styletts,data\synthetic\track1_fakes\videos\FAKE_T1_1030_TAI_HAP_XX__AUDIO_1030_TAI_NEU_XX_styletts.mp4,1,done,styletts,1030,TAI,happy,neutral,yes
FAKE_T1_1030_TIE_DIS_XX__AUDIO_1030_TIE_FEA_XX_styletts,data\synthetic\track1_fakes\videos\FAKE_T1_1030_TIE_DIS_XX__AUDIO_1030_TIE_FEA_XX_styletts.mp4,1,done,styletts,1030,TIE,disgust,fear,yes
FAKE_T1_1030_TIE_NEU_XX__AUDIO_1030_TIE_SAD_XX_styletts,data\synthetic\track1_fakes\videos\FAKE_T1_1030_TIE_NEU_XX__AUDIO_1030_TIE_SAD_XX_styletts.mp4,1,done,styletts,1030,TIE,neutral,sad,yes
FAKE_T1_1030_WSI_FEA_XX__AUDIO_1030_WSI_HAP_XX_styletts,data\synthetic\track1_fakes\videos\FAKE_T1_1030_WSI_FEA_XX__AUDIO_1030_WSI_HAP_XX_styletts.mp4,1,done,styletts,1030,WSI,fear,happy,yes
FAKE_T1_1031_IEO_DIS_LO__AUDIO_1031_IEO_FEA_LO_styletts,data\synthetic\track1_fakes\videos\FAKE_T1_1031_IEO_DIS_LO__AUDIO_1031_IEO_FEA_LO_styletts.mp4,1,done,styletts,1031,IEO,disgust,fear,yes
FAKE_T1_1031_IEO_FEA_MD__AUDIO_1031_IEO_HAP_MD_styletts,data\synthetic\track1_fakes\videos\FAKE_T1_1031_IEO_FEA_MD__AUDIO_1031_IEO_HAP_MD_styletts.mp4,1,done,styletts,1031,IEO,fear,happy,yes
FAKE_T1_1031_IEO_HAP_MD__AUDIO_1031_IEO_NEU_XX_styletts,data\synthetic\track1_fakes\videos\FAKE_T1_1031_IEO_HAP_MD__AUDIO_1031_IEO_NEU_XX_styletts.mp4,1,done,styletts,1031,IEO,happy,neutral,yes
FAKE_T1_1031_IEO_SAD_HI__AUDIO_1031_IEO_ANG_HI_styletts,data\synthetic\track1_fakes\videos\FAKE_T1_1031_IEO_SAD_HI__AUDIO_1031_IEO_ANG_HI_styletts.mp4,1,done,styletts,1031,IEO,sad,angry,yes
FAKE_T1_1031_IEO_SAD_MD__AUDIO_1031_IEO_ANG_MD_styletts,data\synthetic\track1_fakes\videos\FAKE_T1_1031_IEO_SAD_MD__AUDIO_1031_IEO_ANG_MD_styletts.mp4,1,done,styletts,1031,IEO,sad,angry,yes
FAKE_T1_1031_IOM_HAP_XX__AUDIO_1031_IOM_NEU_XX_styletts,data\synthetic\track1_fakes\videos\FAKE_T1_1031_IOM_HAP_XX__AUDIO_1031_IOM_NEU_XX_styletts.mp4,1,done,styletts,1031,IOM,happy,neutral,yes
FAKE_T1_1031_IOM_SAD_XX__AUDIO_1031_IOM_ANG_XX_styletts,data\synthetic\track1_fakes\videos\FAKE_T1_1031_IOM_SAD_XX__AUDIO_1031_IOM_ANG_XX_styletts.mp4,1,done,styletts,1031,IOM,sad,angry,yes
FAKE_T1_1031_ITH_SAD_XX__AUDIO_1031_ITH_ANG_XX_styletts,data\synthetic\track1_fakes\videos\FAKE_T1_1031_ITH_SAD_XX__AUDIO_1031_ITH_ANG_XX_styletts.mp4,1,done,styletts,1031,ITH,sad,angry,yes
FAKE_T1_1031_IWL_HAP_XX__AUDIO_1031_IWL_NEU_XX_styletts,data\synthetic\track1_fakes\videos\FAKE_T1_1031_IWL_HAP_XX__AUDIO_1031_IWL_NEU_XX_styletts.mp4,1,done,styletts,1031,IWL,happy,neutral,yes
FAKE_T1_1031_IWW_HAP_XX__AUDIO_1031_IWW_NEU_XX_styletts,data\synthetic\track1_fakes\videos\FAKE_T1_1031_IWW_HAP_XX__AUDIO_1031_IWW_NEU_XX_styletts.mp4,1,done,styletts,1031,IWW,happy,neutral,yes
FAKE_T1_1031_MTI_HAP_XX__AUDIO_1031_MTI_NEU_XX_styletts,data\synthetic\track1_fakes\videos\FAKE_T1_1031_MTI_HAP_XX__AUDIO_1031_MTI_NEU_XX_styletts.mp4,1,done,styletts,1031,MTI,happy,neutral,yes
FAKE_T1_1031_TIE_ANG_XX__AUDIO_1031_TIE_DIS_XX_styletts,data\synthetic\track1_fakes\videos\FAKE_T1_1031_TIE_ANG_XX__AUDIO_1031_TIE_DIS_XX_styletts.mp4,1,done,styletts,1031,TIE,angry,disgust,yes
FAKE_T1_1031_TIE_SAD_XX__AUDIO_1031_TIE_ANG_XX_styletts,data\synthetic\track1_fakes\videos\FAKE_T1_1031_TIE_SAD_XX__AUDIO_1031_TIE_ANG_XX_styletts.mp4,1,done,styletts,1031,TIE,sad,angry,yes
FAKE_T1_1031_TSI_DIS_XX__AUDIO_1031_TSI_FEA_XX_styletts,data\synthetic\track1_fakes\videos\FAKE_T1_1031_TSI_DIS_XX__AUDIO_1031_TSI_FEA_XX_styletts.mp4,1,done,styletts,1031,TSI,disgust,fear,yes
FAKE_T1_1031_TSI_NEU_XX__AUDIO_1031_TSI_SAD_XX_styletts,data\synthetic\track1_fakes\videos\FAKE_T1_1031_TSI_NEU_XX__AUDIO_1031_TSI_SAD_XX_styletts.mp4,1,done,styletts,1031,TSI,neutral,sad,yes
FAKE_T1_1031_WSI_SAD_XX__AUDIO_1031_WSI_ANG_XX_styletts,data\synthetic\track1_fakes\videos\FAKE_T1_1031_WSI_SAD_XX__AUDIO_1031_WSI_ANG_XX_styletts.mp4,1,done,styletts,1031,WSI,sad,angry,yes
FAKE_T1_1032_IEO_FEA_HI__AUDIO_1032_IEO_HAP_HI_styletts,data\synthetic\track1_fakes\videos\FAKE_T1_1032_IEO_FEA_HI__AUDIO_1032_IEO_HAP_HI_styletts.mp4,1,done,styletts,1032,IEO,fear,happy,yes
FAKE_T1_1032_IEO_SAD_LO__AUDIO_1032_IEO_ANG_LO_styletts,data\synthetic\track1_fakes\videos\FAKE_T1_1032_IEO_SAD_LO__AUDIO_1032_IEO_ANG_LO_styletts.mp4,1,done,styletts,1032,IEO,sad,angry,yes
FAKE_T1_1032_IOM_SAD_XX__AUDIO_1032_IOM_ANG_XX_styletts,data\synthetic\track1_fakes\videos\FAKE_T1_1032_IOM_SAD_XX__AUDIO_1032_IOM_ANG_XX_styletts.mp4,1,done,styletts,1032,IOM,sad,angry,yes
FAKE_T1_1032_ITS_ANG_XX__AUDIO_1032_ITS_DIS_XX_styletts,data\synthetic\track1_fakes\videos\FAKE_T1_1032_ITS_ANG_XX__AUDIO_1032_ITS_DIS_XX_styletts.mp4,1,done,styletts,1032,ITS,angry,disgust,yes
FAKE_T1_1032_ITS_SAD_XX__AUDIO_1032_ITS_ANG_XX_styletts,data\synthetic\track1_fakes\videos\FAKE_T1_1032_ITS_SAD_XX__AUDIO_1032_ITS_ANG_XX_styletts.mp4,1,done,styletts,1032,ITS,sad,angry,yes
FAKE_T1_1032_IWL_NEU_XX__AUDIO_1032_IWL_SAD_XX_styletts,data\synthetic\track1_fakes\videos\FAKE_T1_1032_IWL_NEU_XX__AUDIO_1032_IWL_SAD_XX_styletts.mp4,1,done,styletts,1032,IWL,neutral,sad,yes
FAKE_T1_1032_IWW_DIS_XX__AUDIO_1032_IWW_FEA_XX_styletts,data\synthetic\track1_fakes\videos\FAKE_T1_1032_IWW_DIS_XX__AUDIO_1032_IWW_FEA_XX_styletts.mp4,1,done,styletts,1032,IWW,disgust,fear,yes
FAKE_T1_1032_MTI_DIS_XX__AUDIO_1032_MTI_FEA_XX_styletts,data\synthetic\track1_fakes\videos\FAKE_T1_1032_MTI_DIS_XX__AUDIO_1032_MTI_FEA_XX_styletts.mp4,1,done,styletts,1032,MTI,disgust,fear,yes
FAKE_T1_1032_MTI_FEA_XX__AUDIO_1032_MTI_HAP_XX_styletts,data\synthetic\track1_fakes\videos\FAKE_T1_1032_MTI_FEA_XX__AUDIO_1032_MTI_HAP_XX_styletts.mp4,1,done,styletts,1032,MTI,fear,happy,yes
FAKE_T1_1032_TAI_DIS_XX__AUDIO_1032_TAI_FEA_XX_styletts,data\synthetic\track1_fakes\videos\FAKE_T1_1032_TAI_DIS_XX__AUDIO_1032_TAI_FEA_XX_styletts.mp4,1,done,styletts,1032,TAI,disgust,fear,yes
FAKE_T1_1032_TAI_NEU_XX__AUDIO_1032_TAI_SAD_XX_styletts,data\synthetic\track1_fakes\videos\FAKE_T1_1032_TAI_NEU_XX__AUDIO_1032_TAI_SAD_XX_styletts.mp4,1,done,styletts,1032,TAI,neutral,sad,yes
FAKE_T1_1032_TIE_DIS_XX__AUDIO_1032_TIE_FEA_XX_styletts,data\synthetic\track1_fakes\videos\FAKE_T1_1032_TIE_DIS_XX__AUDIO_1032_TIE_FEA_XX_styletts.mp4,1,done,styletts,1032,TIE,disgust,fear,yes
FAKE_T1_1032_TIE_HAP_XX__AUDIO_1032_TIE_NEU_XX_styletts,data\synthetic\track1_fakes\videos\FAKE_T1_1032_TIE_HAP_XX__AUDIO_1032_TIE_NEU_XX_styletts.mp4,1,done,styletts,1032,TIE,happy,neutral,yes
FAKE_T1_1032_WSI_ANG_XX__AUDIO_1032_WSI_DIS_XX_styletts,data\synthetic\track1_fakes\videos\FAKE_T1_1032_WSI_ANG_XX__AUDIO_1032_WSI_DIS_XX_styletts.mp4,1,done,styletts,1032,WSI,angry,disgust,yes
FAKE_T1_1032_WSI_FEA_XX__AUDIO_1032_WSI_HAP_XX_styletts,data\synthetic\track1_fakes\videos\FAKE_T1_1032_WSI_FEA_XX__AUDIO_1032_WSI_HAP_XX_styletts.mp4,1,done,styletts,1032,WSI,fear,happy,yes
FAKE_T1_1032_WSI_NEU_XX__AUDIO_1032_WSI_SAD_XX_styletts,data\synthetic\track1_fakes\videos\FAKE_T1_1032_WSI_NEU_XX__AUDIO_1032_WSI_SAD_XX_styletts.mp4,1,done,styletts,1032,WSI,neutral,sad,yes
FAKE_T1_1033_IEO_SAD_LO__AUDIO_1033_IEO_ANG_LO_styletts,data\synthetic\track1_fakes\videos\FAKE_T1_1033_IEO_SAD_LO__AUDIO_1033_IEO_ANG_LO_styletts.mp4,1,done,styletts,1033,IEO,sad,angry,yes
FAKE_T1_1033_IOM_DIS_XX__AUDIO_1033_IOM_FEA_XX_styletts,data\synthetic\track1_fakes\videos\FAKE_T1_1033_IOM_DIS_XX__AUDIO_1033_IOM_FEA_XX_styletts.mp4,1,done,styletts,1033,IOM,disgust,fear,yes
FAKE_T1_1033_IOM_NEU_XX__AUDIO_1033_IOM_SAD_XX_styletts,data\synthetic\track1_fakes\videos\FAKE_T1_1033_IOM_NEU_XX__AUDIO_1033_IOM_SAD_XX_styletts.mp4,1,done,styletts,1033,IOM,neutral,sad,yes
FAKE_T1_1033_ITH_ANG_XX__AUDIO_1033_ITH_DIS_XX_styletts,data\synthetic\track1_fakes\videos\FAKE_T1_1033_ITH_ANG_XX__AUDIO_1033_ITH_DIS_XX_styletts.mp4,1,done,styletts,1033,ITH,angry,disgust,yes
FAKE_T1_1033_ITS_DIS_XX__AUDIO_1033_ITS_FEA_XX_styletts,data\synthetic\track1_fakes\videos\FAKE_T1_1033_ITS_DIS_XX__AUDIO_1033_ITS_FEA_XX_styletts.mp4,1,done,styletts,1033,ITS,disgust,fear,yes
FAKE_T1_1033_IWL_FEA_XX__AUDIO_1033_IWL_HAP_XX_styletts,data\synthetic\track1_fakes\videos\FAKE_T1_1033_IWL_FEA_XX__AUDIO_1033_IWL_HAP_XX_styletts.mp4,1,done,styletts,1033,IWL,fear,happy,yes
FAKE_T1_1033_IWL_SAD_XX__AUDIO_1033_IWL_ANG_XX_styletts,data\synthetic\track1_fakes\videos\FAKE_T1_1033_IWL_SAD_XX__AUDIO_1033_IWL_ANG_XX_styletts.mp4,1,done,styletts,1033,IWL,sad,angry,yes
FAKE_T1_1033_IWW_HAP_XX__AUDIO_1033_IWW_NEU_XX_styletts,data\synthetic\track1_fakes\videos\FAKE_T1_1033_IWW_HAP_XX__AUDIO_1033_IWW_NEU_XX_styletts.mp4,1,done,styletts,1033,IWW,happy,neutral,yes
FAKE_T1_1033_IWW_NEU_XX__AUDIO_1033_IWW_SAD_XX_styletts,data\synthetic\track1_fakes\videos\FAKE_T1_1033_IWW_NEU_XX__AUDIO_1033_IWW_SAD_XX_styletts.mp4,1,done,styletts,1033,IWW,neutral,sad,yes
FAKE_T1_1033_MTI_HAP_XX__AUDIO_1033_MTI_NEU_XX_styletts,data\synthetic\track1_fakes\videos\FAKE_T1_1033_MTI_HAP_XX__AUDIO_1033_MTI_NEU_XX_styletts.mp4,1,done,styletts,1033,MTI,happy,neutral,yes
FAKE_T1_1033_TAI_DIS_XX__AUDIO_1033_TAI_FEA_XX_styletts,data\synthetic\track1_fakes\videos\FAKE_T1_1033_TAI_DIS_XX__AUDIO_1033_TAI_FEA_XX_styletts.mp4,1,done,styletts,1033,TAI,disgust,fear,yes
FAKE_T1_1033_TAI_SAD_XX__AUDIO_1033_TAI_ANG_XX_styletts,data\synthetic\track1_fakes\videos\FAKE_T1_1033_TAI_SAD_XX__AUDIO_1033_TAI_ANG_XX_styletts.mp4,1,done,styletts,1033,TAI,sad,angry,yes
FAKE_T1_1033_TIE_SAD_XX__AUDIO_1033_TIE_ANG_XX_styletts,data\synthetic\track1_fakes\videos\FAKE_T1_1033_TIE_SAD_XX__AUDIO_1033_TIE_ANG_XX_styletts.mp4,1,done,styletts,1033,TIE,sad,angry,yes
FAKE_T1_1033_TSI_DIS_XX__AUDIO_1033_TSI_FEA_XX_styletts,data\synthetic\track1_fakes\videos\FAKE_T1_1033_TSI_DIS_XX__AUDIO_1033_TSI_FEA_XX_styletts.mp4,1,done,styletts,1033,TSI,disgust,fear,yes
FAKE_T1_1033_TSI_NEU_XX__AUDIO_1033_TSI_SAD_XX_styletts,data\synthetic\track1_fakes\videos\FAKE_T1_1033_TSI_NEU_XX__AUDIO_1033_TSI_SAD_XX_styletts.mp4,1,done,styletts,1033,TSI,neutral,sad,yes
FAKE_T1_1033_TSI_SAD_XX__AUDIO_1033_TSI_ANG_XX_styletts,data\synthetic\track1_fakes\videos\FAKE_T1_1033_TSI_SAD_XX__AUDIO_1033_TSI_ANG_XX_styletts.mp4,1,done,styletts,1033,TSI,sad,angry,yes
FAKE_T1_1034_DFA_DIS_XX__AUDIO_1034_DFA_FEA_XX_styletts,data\synthetic\track1_fakes\videos\FAKE_T1_1034_DFA_DIS_XX__AUDIO_1034_DFA_FEA_XX_styletts.mp4,1,done,styletts,1034,DFA,disgust,fear,yes
FAKE_T1_1034_DFA_NEU_XX__AUDIO_1034_DFA_SAD_XX_styletts,data\synthetic\track1_fakes\videos\FAKE_T1_1034_DFA_NEU_XX__AUDIO_1034_DFA_SAD_XX_styletts.mp4,1,done,styletts,1034,DFA,neutral,sad,yes
FAKE_T1_1034_DFA_SAD_XX__AUDIO_1034_DFA_ANG_XX_styletts,data\synthetic\track1_fakes\videos\FAKE_T1_1034_DFA_SAD_XX__AUDIO_1034_DFA_ANG_XX_styletts.mp4,1,done,styletts,1034,DFA,sad,angry,yes
FAKE_T1_1034_IEO_FEA_HI__AUDIO_1034_IEO_HAP_HI_styletts,data\synthetic\track1_fakes\videos\FAKE_T1_1034_IEO_FEA_HI__AUDIO_1034_IEO_HAP_HI_styletts.mp4,1,done,styletts,1034,IEO,fear,happy,yes
FAKE_T1_1034_IEO_FEA_MD__AUDIO_1034_IEO_HAP_MD_styletts,data\synthetic\track1_fakes\videos\FAKE_T1_1034_IEO_FEA_MD__AUDIO_1034_IEO_HAP_MD_styletts.mp4,1,done,styletts,1034,IEO,fear,happy,yes
FAKE_T1_1034_IEO_HAP_MD__AUDIO_1034_IEO_NEU_XX_styletts,data\synthetic\track1_fakes\videos\FAKE_T1_1034_IEO_HAP_MD__AUDIO_1034_IEO_NEU_XX_styletts.mp4,1,done,styletts,1034,IEO,happy,neutral,yes
FAKE_T1_1034_IEO_SAD_HI__AUDIO_1034_IEO_ANG_HI_styletts,data\synthetic\track1_fakes\videos\FAKE_T1_1034_IEO_SAD_HI__AUDIO_1034_IEO_ANG_HI_styletts.mp4,1,done,styletts,1034,IEO,sad,angry,yes
FAKE_T1_1034_IOM_HAP_XX__AUDIO_1034_IOM_NEU_XX_styletts,data\synthetic\track1_fakes\videos\FAKE_T1_1034_IOM_HAP_XX__AUDIO_1034_IOM_NEU_XX_styletts.mp4,1,done,styletts,1034,IOM,happy,neutral,yes
FAKE_T1_1034_ITS_NEU_XX__AUDIO_1034_ITS_SAD_XX_styletts,data\synthetic\track1_fakes\videos\FAKE_T1_1034_ITS_NEU_XX__AUDIO_1034_ITS_SAD_XX_styletts.mp4,1,done,styletts,1034,ITS,neutral,sad,yes
FAKE_T1_1034_IWL_SAD_XX__AUDIO_1034_IWL_ANG_XX_styletts,data\synthetic\track1_fakes\videos\FAKE_T1_1034_IWL_SAD_XX__AUDIO_1034_IWL_ANG_XX_styletts.mp4,1,done,styletts,1034,IWL,sad,angry,yes
FAKE_T1_1034_IWW_ANG_XX__AUDIO_1034_IWW_DIS_XX_styletts,data\synthetic\track1_fakes\videos\FAKE_T1_1034_IWW_ANG_XX__AUDIO_1034_IWW_DIS_XX_styletts.mp4,1,done,styletts,1034,IWW,angry,disgust,yes
FAKE_T1_1034_IWW_NEU_XX__AUDIO_1034_IWW_SAD_XX_styletts,data\synthetic\track1_fakes\videos\FAKE_T1_1034_IWW_NEU_XX__AUDIO_1034_IWW_SAD_XX_styletts.mp4,1,done,styletts,1034,IWW,neutral,sad,yes
FAKE_T1_1034_MTI_DIS_XX__AUDIO_1034_MTI_FEA_XX_styletts,data\synthetic\track1_fakes\videos\FAKE_T1_1034_MTI_DIS_XX__AUDIO_1034_MTI_FEA_XX_styletts.mp4,1,done,styletts,1034,MTI,disgust,fear,yes
FAKE_T1_1034_MTI_NEU_XX__AUDIO_1034_MTI_SAD_XX_styletts,data\synthetic\track1_fakes\videos\FAKE_T1_1034_MTI_NEU_XX__AUDIO_1034_MTI_SAD_XX_styletts.mp4,1,done,styletts,1034,MTI,neutral,sad,yes
FAKE_T1_1034_TSI_NEU_XX__AUDIO_1034_TSI_SAD_XX_styletts,data\synthetic\track1_fakes\videos\FAKE_T1_1034_TSI_NEU_XX__AUDIO_1034_TSI_SAD_XX_styletts.mp4,1,done,styletts,1034,TSI,neutral,sad,yes
FAKE_T1_1034_WSI_FEA_XX__AUDIO_1034_WSI_HAP_XX_styletts,data\synthetic\track1_fakes\videos\FAKE_T1_1034_WSI_FEA_XX__AUDIO_1034_WSI_HAP_XX_styletts.mp4,1,done,styletts,1034,WSI,fear,happy,yes
FAKE_T1_1035_DFA_FEA_XX__AUDIO_1035_DFA_HAP_XX_styletts,data\synthetic\track1_fakes\videos\FAKE_T1_1035_DFA_FEA_XX__AUDIO_1035_DFA_HAP_XX_styletts.mp4,1,done,styletts,1035,DFA,fear,happy,yes
FAKE_T1_1035_DFA_HAP_XX__AUDIO_1035_DFA_NEU_XX_styletts,data\synthetic\track1_fakes\videos\FAKE_T1_1035_DFA_HAP_XX__AUDIO_1035_DFA_NEU_XX_styletts.mp4,1,done,styletts,1035,DFA,happy,neutral,yes
FAKE_T1_1035_IEO_DIS_MD__AUDIO_1035_IEO_FEA_MD_styletts,data\synthetic\track1_fakes\videos\FAKE_T1_1035_IEO_DIS_MD__AUDIO_1035_IEO_FEA_MD_styletts.mp4,1,done,styletts,1035,IEO,disgust,fear,yes
FAKE_T1_1035_IEO_FEA_LO__AUDIO_1035_IEO_HAP_LO_styletts,data\synthetic\track1_fakes\videos\FAKE_T1_1035_IEO_FEA_LO__AUDIO_1035_IEO_HAP_LO_styletts.mp4,1,done,styletts,1035,IEO,fear,happy,yes
FAKE_T1_1035_IEO_SAD_LO__AUDIO_1035_IEO_ANG_LO_styletts,data\synthetic\track1_fakes\videos\FAKE_T1_1035_IEO_SAD_LO__AUDIO_1035_IEO_ANG_LO_styletts.mp4,1,done,styletts,1035,IEO,sad,angry,yes
FAKE_T1_1035_IOM_NEU_XX__AUDIO_1035_IOM_SAD_XX_styletts,data\synthetic\track1_fakes\videos\FAKE_T1_1035_IOM_NEU_XX__AUDIO_1035_IOM_SAD_XX_styletts.mp4,1,done,styletts,1035,IOM,neutral,sad,yes
FAKE_T1_1035_ITH_SAD_XX__AUDIO_1035_ITH_ANG_XX_styletts,data\synthetic\track1_fakes\videos\FAKE_T1_1035_ITH_SAD_XX__AUDIO_1035_ITH_ANG_XX_styletts.mp4,1,done,styletts,1035,ITH,sad,angry,yes
FAKE_T1_1035_IWL_HAP_XX__AUDIO_1035_IWL_NEU_XX_styletts,data\synthetic\track1_fakes\videos\FAKE_T1_1035_IWL_HAP_XX__AUDIO_1035_IWL_NEU_XX_styletts.mp4,1,done,styletts,1035,IWL,happy,neutral,yes
FAKE_T1_1035_IWW_DIS_XX__AUDIO_1035_IWW_FEA_XX_styletts,data\synthetic\track1_fakes\videos\FAKE_T1_1035_IWW_DIS_XX__AUDIO_1035_IWW_FEA_XX_styletts.mp4,1,done,styletts,1035,IWW,disgust,fear,yes
FAKE_T1_1035_IWW_HAP_XX__AUDIO_1035_IWW_NEU_XX_styletts,data\synthetic\track1_fakes\videos\FAKE_T1_1035_IWW_HAP_XX__AUDIO_1035_IWW_NEU_XX_styletts.mp4,1,done,styletts,1035,IWW,happy,neutral,yes
FAKE_T1_1035_IWW_NEU_XX__AUDIO_1035_IWW_SAD_XX_styletts,data\synthetic\track1_fakes\videos\FAKE_T1_1035_IWW_NEU_XX__AUDIO_1035_IWW_SAD_XX_styletts.mp4,1,done,styletts,1035,IWW,neutral,sad,yes
FAKE_T1_1035_MTI_DIS_XX__AUDIO_1035_MTI_FEA_XX_styletts,data\synthetic\track1_fakes\videos\FAKE_T1_1035_MTI_DIS_XX__AUDIO_1035_MTI_FEA_XX_styletts.mp4,1,done,styletts,1035,MTI,disgust,fear,yes
FAKE_T1_1035_TAI_DIS_XX__AUDIO_1035_TAI_FEA_XX_styletts,data\synthetic\track1_fakes\videos\FAKE_T1_1035_TAI_DIS_XX__AUDIO_1035_TAI_FEA_XX_styletts.mp4,1,done,styletts,1035,TAI,disgust,fear,yes
FAKE_T1_1035_TIE_FEA_XX__AUDIO_1035_TIE_HAP_XX_styletts,data\synthetic\track1_fakes\videos\FAKE_T1_1035_TIE_FEA_XX__AUDIO_1035_TIE_HAP_XX_styletts.mp4,1,done,styletts,1035,TIE,fear,happy,yes
FAKE_T1_1035_WSI_FEA_XX__AUDIO_1035_WSI_HAP_XX_styletts,data\synthetic\track1_fakes\videos\FAKE_T1_1035_WSI_FEA_XX__AUDIO_1035_WSI_HAP_XX_styletts.mp4,1,done,styletts,1035,WSI,fear,happy,yes
FAKE_T1_1035_WSI_SAD_XX__AUDIO_1035_WSI_ANG_XX_styletts,data\synthetic\track1_fakes\videos\FAKE_T1_1035_WSI_SAD_XX__AUDIO_1035_WSI_ANG_XX_styletts.mp4,1,done,styletts,1035,WSI,sad,angry,yes
FAKE_T1_1036_IEO_ANG_LO__AUDIO_1036_IEO_DIS_LO_styletts,data\synthetic\track1_fakes\videos\FAKE_T1_1036_IEO_ANG_LO__AUDIO_1036_IEO_DIS_LO_styletts.mp4,1,done,styletts,1036,IEO,angry,disgust,yes
FAKE_T1_1036_IEO_FEA_HI__AUDIO_1036_IEO_HAP_HI_styletts,data\synthetic\track1_fakes\videos\FAKE_T1_1036_IEO_FEA_HI__AUDIO_1036_IEO_HAP_HI_styletts.mp4,1,done,styletts,1036,IEO,fear,happy,yes
FAKE_T1_1036_IEO_FEA_MD__AUDIO_1036_IEO_HAP_MD_styletts,data\synthetic\track1_fakes\videos\FAKE_T1_1036_IEO_FEA_MD__AUDIO_1036_IEO_HAP_MD_styletts.mp4,1,done,styletts,1036,IEO,fear,happy,yes
FAKE_T1_1036_IEO_HAP_MD__AUDIO_1036_IEO_NEU_XX_styletts,data\synthetic\track1_fakes\videos\FAKE_T1_1036_IEO_HAP_MD__AUDIO_1036_IEO_NEU_XX_styletts.mp4,1,done,styletts,1036,IEO,happy,neutral,yes
FAKE_T1_1036_IOM_ANG_XX__AUDIO_1036_IOM_DIS_XX_styletts,data\synthetic\track1_fakes\videos\FAKE_T1_1036_IOM_ANG_XX__AUDIO_1036_IOM_DIS_XX_styletts.mp4,1,done,styletts,1036,IOM,angry,disgust,yes
FAKE_T1_1036_IOM_FEA_XX__AUDIO_1036_IOM_HAP_XX_styletts,data\synthetic\track1_fakes\videos\FAKE_T1_1036_IOM_FEA_XX__AUDIO_1036_IOM_HAP_XX_styletts.mp4,1,done,styletts,1036,IOM,fear,happy,yes
FAKE_T1_1036_ITS_DIS_XX__AUDIO_1036_ITS_FEA_XX_styletts,data\synthetic\track1_fakes\videos\FAKE_T1_1036_ITS_DIS_XX__AUDIO_1036_ITS_FEA_XX_styletts.mp4,1,done,styletts,1036,ITS,disgust,fear,yes
FAKE_T1_1036_ITS_FEA_XX__AUDIO_1036_ITS_HAP_XX_styletts,data\synthetic\track1_fakes\videos\FAKE_T1_1036_ITS_FEA_XX__AUDIO_1036_ITS_HAP_XX_styletts.mp4,1,done,styletts,1036,ITS,fear,happy,yes
FAKE_T1_1036_ITS_HAP_XX__AUDIO_1036_ITS_NEU_XX_styletts,data\synthetic\track1_fakes\videos\FAKE_T1_1036_ITS_HAP_XX__AUDIO_1036_ITS_NEU_XX_styletts.mp4,1,done,styletts,1036,ITS,happy,neutral,yes
FAKE_T1_1036_IWL_HAP_XX__AUDIO_1036_IWL_NEU_XX_styletts,data\synthetic\track1_fakes\videos\FAKE_T1_1036_IWL_HAP_XX__AUDIO_1036_IWL_NEU_XX_styletts.mp4,1,done,styletts,1036,IWL,happy,neutral,yes
FAKE_T1_1036_IWW_FEA_XX__AUDIO_1036_IWW_HAP_XX_styletts,data\synthetic\track1_fakes\videos\FAKE_T1_1036_IWW_FEA_XX__AUDIO_1036_IWW_HAP_XX_styletts.mp4,1,done,styletts,1036,IWW,fear,happy,yes
FAKE_T1_1036_IWW_SAD_XX__AUDIO_1036_IWW_ANG_XX_styletts,data\synthetic\track1_fakes\videos\FAKE_T1_1036_IWW_SAD_XX__AUDIO_1036_IWW_ANG_XX_styletts.mp4,1,done,styletts,1036,IWW,sad,angry,yes
FAKE_T1_1036_MTI_ANG_XX__AUDIO_1036_MTI_DIS_XX_styletts,data\synthetic\track1_fakes\videos\FAKE_T1_1036_MTI_ANG_XX__AUDIO_1036_MTI_DIS_XX_styletts.mp4,1,done,styletts,1036,MTI,angry,disgust,yes
FAKE_T1_1036_WSI_ANG_XX__AUDIO_1036_WSI_DIS_XX_styletts,data\synthetic\track1_fakes\videos\FAKE_T1_1036_WSI_ANG_XX__AUDIO_1036_WSI_DIS_XX_styletts.mp4,1,done,styletts,1036,WSI,angry,disgust,yes
FAKE_T1_1036_WSI_FEA_XX__AUDIO_1036_WSI_HAP_XX_styletts,data\synthetic\track1_fakes\videos\FAKE_T1_1036_WSI_FEA_XX__AUDIO_1036_WSI_HAP_XX_styletts.mp4,1,done,styletts,1036,WSI,fear,happy,yes
FAKE_T1_1036_WSI_SAD_XX__AUDIO_1036_WSI_ANG_XX_styletts,data\synthetic\track1_fakes\videos\FAKE_T1_1036_WSI_SAD_XX__AUDIO_1036_WSI_ANG_XX_styletts.mp4,1,done,styletts,1036,WSI,sad,angry,yes
FAKE_T1_1037_IEO_HAP_MD__AUDIO_1037_IEO_NEU_XX_styletts,data\synthetic\track1_fakes\videos\FAKE_T1_1037_IEO_HAP_MD__AUDIO_1037_IEO_NEU_XX_styletts.mp4,1,done,styletts,1037,IEO,happy,neutral,yes
FAKE_T1_1037_IEO_SAD_HI__AUDIO_1037_IEO_ANG_HI_styletts,data\synthetic\track1_fakes\videos\FAKE_T1_1037_IEO_SAD_HI__AUDIO_1037_IEO_ANG_HI_styletts.mp4,1,done,styletts,1037,IEO,sad,angry,yes
FAKE_T1_1037_IOM_ANG_XX__AUDIO_1037_IOM_DIS_XX_styletts,data\synthetic\track1_fakes\videos\FAKE_T1_1037_IOM_ANG_XX__AUDIO_1037_IOM_DIS_XX_styletts.mp4,1,done,styletts,1037,IOM,angry,disgust,yes
FAKE_T1_1037_IOM_FEA_XX__AUDIO_1037_IOM_HAP_XX_styletts,data\synthetic\track1_fakes\videos\FAKE_T1_1037_IOM_FEA_XX__AUDIO_1037_IOM_HAP_XX_styletts.mp4,1,done,styletts,1037,IOM,fear,happy,yes
FAKE_T1_1037_IOM_SAD_XX__AUDIO_1037_IOM_ANG_XX_styletts,data\synthetic\track1_fakes\videos\FAKE_T1_1037_IOM_SAD_XX__AUDIO_1037_IOM_ANG_XX_styletts.mp4,1,done,styletts,1037,IOM,sad,angry,yes
FAKE_T1_1037_ITH_HAP_XX__AUDIO_1037_ITH_NEU_XX_styletts,data\synthetic\track1_fakes\videos\FAKE_T1_1037_ITH_HAP_XX__AUDIO_1037_ITH_NEU_XX_styletts.mp4,1,done,styletts,1037,ITH,happy,neutral,yes
FAKE_T1_1037_ITS_DIS_XX__AUDIO_1037_ITS_FEA_XX_styletts,data\synthetic\track1_fakes\videos\FAKE_T1_1037_ITS_DIS_XX__AUDIO_1037_ITS_FEA_XX_styletts.mp4,1,done,styletts,1037,ITS,disgust,fear,yes
FAKE_T1_1037_IWL_ANG_XX__AUDIO_1037_IWL_DIS_XX_styletts,data\synthetic\track1_fakes\videos\FAKE_T1_1037_IWL_ANG_XX__AUDIO_1037_IWL_DIS_XX_styletts.mp4,1,done,styletts,1037,IWL,angry,disgust,yes
FAKE_T1_1037_IWL_DIS_XX__AUDIO_1037_IWL_FEA_XX_styletts,data\synthetic\track1_fakes\videos\FAKE_T1_1037_IWL_DIS_XX__AUDIO_1037_IWL_FEA_XX_styletts.mp4,1,done,styletts,1037,IWL,disgust,fear,yes
FAKE_T1_1037_IWW_ANG_XX__AUDIO_1037_IWW_DIS_XX_styletts,data\synthetic\track1_fakes\videos\FAKE_T1_1037_IWW_ANG_XX__AUDIO_1037_IWW_DIS_XX_styletts.mp4,1,done,styletts,1037,IWW,angry,disgust,yes
FAKE_T1_1037_IWW_NEU_XX__AUDIO_1037_IWW_SAD_XX_styletts,data\synthetic\track1_fakes\videos\FAKE_T1_1037_IWW_NEU_XX__AUDIO_1037_IWW_SAD_XX_styletts.mp4,1,done,styletts,1037,IWW,neutral,sad,yes
FAKE_T1_1037_MTI_ANG_XX__AUDIO_1037_MTI_DIS_XX_styletts,data\synthetic\track1_fakes\videos\FAKE_T1_1037_MTI_ANG_XX__AUDIO_1037_MTI_DIS_XX_styletts.mp4,1,done,styletts,1037,MTI,angry,disgust,yes
FAKE_T1_1037_MTI_DIS_XX__AUDIO_1037_MTI_FEA_XX_styletts,data\synthetic\track1_fakes\videos\FAKE_T1_1037_MTI_DIS_XX__AUDIO_1037_MTI_FEA_XX_styletts.mp4,1,done,styletts,1037,MTI,disgust,fear,yes
FAKE_T1_1037_TAI_SAD_XX__AUDIO_1037_TAI_ANG_XX_styletts,data\synthetic\track1_fakes\videos\FAKE_T1_1037_TAI_SAD_XX__AUDIO_1037_TAI_ANG_XX_styletts.mp4,1,done,styletts,1037,TAI,sad,angry,yes
FAKE_T1_1037_TSI_FEA_XX__AUDIO_1037_TSI_HAP_XX_styletts,data\synthetic\track1_fakes\videos\FAKE_T1_1037_TSI_FEA_XX__AUDIO_1037_TSI_HAP_XX_styletts.mp4,1,done,styletts,1037,TSI,fear,happy,yes
FAKE_T1_1037_WSI_ANG_XX__AUDIO_1037_WSI_DIS_XX_styletts,data\synthetic\track1_fakes\videos\FAKE_T1_1037_WSI_ANG_XX__AUDIO_1037_WSI_DIS_XX_styletts.mp4,1,done,styletts,1037,WSI,angry,disgust,yes
FAKE_T1_1038_DFA_ANG_XX__AUDIO_1038_DFA_DIS_XX_styletts,data\synthetic\track1_fakes\videos\FAKE_T1_1038_DFA_ANG_XX__AUDIO_1038_DFA_DIS_XX_styletts.mp4,1,done,styletts,1038,DFA,angry,disgust,yes
FAKE_T1_1038_DFA_DIS_XX__AUDIO_1038_DFA_FEA_XX_styletts,data\synthetic\track1_fakes\videos\FAKE_T1_1038_DFA_DIS_XX__AUDIO_1038_DFA_FEA_XX_styletts.mp4,1,done,styletts,1038,DFA,disgust,fear,yes
FAKE_T1_1038_DFA_FEA_XX__AUDIO_1038_DFA_HAP_XX_styletts,data\synthetic\track1_fakes\videos\FAKE_T1_1038_DFA_FEA_XX__AUDIO_1038_DFA_HAP_XX_styletts.mp4,1,done,styletts,1038,DFA,fear,happy,yes
FAKE_T1_1038_IEO_DIS_LO__AUDIO_1038_IEO_FEA_LO_styletts,data\synthetic\track1_fakes\videos\FAKE_T1_1038_IEO_DIS_LO__AUDIO_1038_IEO_FEA_LO_styletts.mp4,1,done,styletts,1038,IEO,disgust,fear,yes
FAKE_T1_1038_IEO_SAD_LO__AUDIO_1038_IEO_ANG_LO_styletts,data\synthetic\track1_fakes\videos\FAKE_T1_1038_IEO_SAD_LO__AUDIO_1038_IEO_ANG_LO_styletts.mp4,1,done,styletts,1038,IEO,sad,angry,yes
FAKE_T1_1038_IOM_FEA_XX__AUDIO_1038_IOM_HAP_XX_styletts,data\synthetic\track1_fakes\videos\FAKE_T1_1038_IOM_FEA_XX__AUDIO_1038_IOM_HAP_XX_styletts.mp4,1,done,styletts,1038,IOM,fear,happy,yes
FAKE_T1_1038_IOM_NEU_XX__AUDIO_1038_IOM_SAD_XX_styletts,data\synthetic\track1_fakes\videos\FAKE_T1_1038_IOM_NEU_XX__AUDIO_1038_IOM_SAD_XX_styletts.mp4,1,done,styletts,1038,IOM,neutral,sad,yes
FAKE_T1_1038_ITH_HAP_XX__AUDIO_1038_ITH_NEU_XX_styletts,data\synthetic\track1_fakes\videos\FAKE_T1_1038_ITH_HAP_XX__AUDIO_1038_ITH_NEU_XX_styletts.mp4,1,done,styletts,1038,ITH,happy,neutral,yes
FAKE_T1_1038_IWL_FEA_XX__AUDIO_1038_IWL_HAP_XX_styletts,data\synthetic\track1_fakes\videos\FAKE_T1_1038_IWL_FEA_XX__AUDIO_1038_IWL_HAP_XX_styletts.mp4,1,done,styletts,1038,IWL,fear,happy,yes
FAKE_T1_1038_IWL_HAP_XX__AUDIO_1038_IWL_NEU_XX_styletts,data\synthetic\track1_fakes\videos\FAKE_T1_1038_IWL_HAP_XX__AUDIO_1038_IWL_NEU_XX_styletts.mp4,1,done,styletts,1038,IWL,happy,neutral,yes
FAKE_T1_1038_MTI_HAP_XX__AUDIO_1038_MTI_NEU_XX_styletts,data\synthetic\track1_fakes\videos\FAKE_T1_1038_MTI_HAP_XX__AUDIO_1038_MTI_NEU_XX_styletts.mp4,1,done,styletts,1038,MTI,happy,neutral,yes
FAKE_T1_1038_TAI_DIS_XX__AUDIO_1038_TAI_FEA_XX_styletts,data\synthetic\track1_fakes\videos\FAKE_T1_1038_TAI_DIS_XX__AUDIO_1038_TAI_FEA_XX_styletts.mp4,1,done,styletts,1038,TAI,disgust,fear,yes
FAKE_T1_1038_TAI_FEA_XX__AUDIO_1038_TAI_HAP_XX_styletts,data\synthetic\track1_fakes\videos\FAKE_T1_1038_TAI_FEA_XX__AUDIO_1038_TAI_HAP_XX_styletts.mp4,1,done,styletts,1038,TAI,fear,happy,yes
FAKE_T1_1038_TIE_DIS_XX__AUDIO_1038_TIE_FEA_XX_styletts,data\synthetic\track1_fakes\videos\FAKE_T1_1038_TIE_DIS_XX__AUDIO_1038_TIE_FEA_XX_styletts.mp4,1,done,styletts,1038,TIE,disgust,fear,yes
FAKE_T1_1038_WSI_FEA_XX__AUDIO_1038_WSI_HAP_XX_styletts,data\synthetic\track1_fakes\videos\FAKE_T1_1038_WSI_FEA_XX__AUDIO_1038_WSI_HAP_XX_styletts.mp4,1,done,styletts,1038,WSI,fear,happy,yes
FAKE_T1_1038_WSI_HAP_XX__AUDIO_1038_WSI_NEU_XX_styletts,data\synthetic\track1_fakes\videos\FAKE_T1_1038_WSI_HAP_XX__AUDIO_1038_WSI_NEU_XX_styletts.mp4,1,done,styletts,1038,WSI,happy,neutral,yes
FAKE_T1_1039_DFA_FEA_XX__AUDIO_1039_DFA_HAP_XX_styletts,data\synthetic\track1_fakes\videos\FAKE_T1_1039_DFA_FEA_XX__AUDIO_1039_DFA_HAP_XX_styletts.mp4,1,done,styletts,1039,DFA,fear,happy,yes
FAKE_T1_1039_IEO_ANG_LO__AUDIO_1039_IEO_DIS_LO_styletts,data\synthetic\track1_fakes\videos\FAKE_T1_1039_IEO_ANG_LO__AUDIO_1039_IEO_DIS_LO_styletts.mp4,1,done,styletts,1039,IEO,angry,disgust,yes
FAKE_T1_1039_IEO_ANG_MD__AUDIO_1039_IEO_DIS_MD_styletts,data\synthetic\track1_fakes\videos\FAKE_T1_1039_IEO_ANG_MD__AUDIO_1039_IEO_DIS_MD_styletts.mp4,1,done,styletts,1039,IEO,angry,disgust,yes
FAKE_T1_1039_IEO_FEA_MD__AUDIO_1039_IEO_HAP_MD_styletts,data\synthetic\track1_fakes\videos\FAKE_T1_1039_IEO_FEA_MD__AUDIO_1039_IEO_HAP_MD_styletts.mp4,1,done,styletts,1039,IEO,fear,happy,yes
FAKE_T1_1039_IEO_HAP_LO__AUDIO_1039_IEO_NEU_XX_styletts,data\synthetic\track1_fakes\videos\FAKE_T1_1039_IEO_HAP_LO__AUDIO_1039_IEO_NEU_XX_styletts.mp4,1,done,styletts,1039,IEO,happy,neutral,yes
FAKE_T1_1039_IEO_NEU_XX__AUDIO_1039_IEO_SAD_HI_styletts,data\synthetic\track1_fakes\videos\FAKE_T1_1039_IEO_NEU_XX__AUDIO_1039_IEO_SAD_HI_styletts.mp4,1,done,styletts,1039,IEO,neutral,sad,yes
FAKE_T1_1039_IEO_SAD_MD__AUDIO_1039_IEO_ANG_MD_styletts,data\synthetic\track1_fakes\videos\FAKE_T1_1039_IEO_SAD_MD__AUDIO_1039_IEO_ANG_MD_styletts.mp4,1,done,styletts,1039,IEO,sad,angry,yes
FAKE_T1_1039_IOM_ANG_XX__AUDIO_1039_IOM_DIS_XX_styletts,data\synthetic\track1_fakes\videos\FAKE_T1_1039_IOM_ANG_XX__AUDIO_1039_IOM_DIS_XX_styletts.mp4,1,done,styletts,1039,IOM,angry,disgust,yes
FAKE_T1_1039_IOM_DIS_XX__AUDIO_1039_IOM_FEA_XX_styletts,data\synthetic\track1_fakes\videos\FAKE_T1_1039_IOM_DIS_XX__AUDIO_1039_IOM_FEA_XX_styletts.mp4,1,done,styletts,1039,IOM,disgust,fear,yes
FAKE_T1_1039_IWW_ANG_XX__AUDIO_1039_IWW_DIS_XX_styletts,data\synthetic\track1_fakes\videos\FAKE_T1_1039_IWW_ANG_XX__AUDIO_1039_IWW_DIS_XX_styletts.mp4,1,done,styletts,1039,IWW,angry,disgust,yes
FAKE_T1_1039_MTI_NEU_XX__AUDIO_1039_MTI_SAD_XX_styletts,data\synthetic\track1_fakes\videos\FAKE_T1_1039_MTI_NEU_XX__AUDIO_1039_MTI_SAD_XX_styletts.mp4,1,done,styletts,1039,MTI,neutral,sad,yes
FAKE_T1_1039_MTI_SAD_XX__AUDIO_1039_MTI_ANG_XX_styletts,data\synthetic\track1_fakes\videos\FAKE_T1_1039_MTI_SAD_XX__AUDIO_1039_MTI_ANG_XX_styletts.mp4,1,done,styletts,1039,MTI,sad,angry,yes
FAKE_T1_1039_TAI_FEA_XX__AUDIO_1039_TAI_HAP_XX_styletts,data\synthetic\track1_fakes\videos\FAKE_T1_1039_TAI_FEA_XX__AUDIO_1039_TAI_HAP_XX_styletts.mp4,1,done,styletts,1039,TAI,fear,happy,yes
FAKE_T1_1039_TSI_FEA_XX__AUDIO_1039_TSI_HAP_XX_styletts,data\synthetic\track1_fakes\videos\FAKE_T1_1039_TSI_FEA_XX__AUDIO_1039_TSI_HAP_XX_styletts.mp4,1,done,styletts,1039,TSI,fear,happy,yes
FAKE_T1_1039_WSI_ANG_XX__AUDIO_1039_WSI_DIS_XX_styletts,data\synthetic\track1_fakes\videos\FAKE_T1_1039_WSI_ANG_XX__AUDIO_1039_WSI_DIS_XX_styletts.mp4,1,done,styletts,1039,WSI,angry,disgust,yes
FAKE_T1_1039_WSI_DIS_XX__AUDIO_1039_WSI_FEA_XX_styletts,data\synthetic\track1_fakes\videos\FAKE_T1_1039_WSI_DIS_XX__AUDIO_1039_WSI_FEA_XX_styletts.mp4,1,done,styletts,1039,WSI,disgust,fear,yes
FAKE_T1_1040_DFA_ANG_XX__AUDIO_1040_DFA_DIS_XX_styletts,data\synthetic\track1_fakes\videos\FAKE_T1_1040_DFA_ANG_XX__AUDIO_1040_DFA_DIS_XX_styletts.mp4,1,done,styletts,1040,DFA,angry,disgust,yes
FAKE_T1_1040_DFA_SAD_XX__AUDIO_1040_DFA_ANG_XX_styletts,data\synthetic\track1_fakes\videos\FAKE_T1_1040_DFA_SAD_XX__AUDIO_1040_DFA_ANG_XX_styletts.mp4,1,done,styletts,1040,DFA,sad,angry,yes
FAKE_T1_1040_IEO_FEA_LO__AUDIO_1040_IEO_HAP_LO_styletts,data\synthetic\track1_fakes\videos\FAKE_T1_1040_IEO_FEA_LO__AUDIO_1040_IEO_HAP_LO_styletts.mp4,1,done,styletts,1040,IEO,fear,happy,yes
FAKE_T1_1040_IEO_FEA_MD__AUDIO_1040_IEO_HAP_MD_styletts,data\synthetic\track1_fakes\videos\FAKE_T1_1040_IEO_FEA_MD__AUDIO_1040_IEO_HAP_MD_styletts.mp4,1,done,styletts,1040,IEO,fear,happy,yes
FAKE_T1_1040_IEO_NEU_XX__AUDIO_1040_IEO_SAD_HI_styletts,data\synthetic\track1_fakes\videos\FAKE_T1_1040_IEO_NEU_XX__AUDIO_1040_IEO_SAD_HI_styletts.mp4,1,done,styletts,1040,IEO,neutral,sad,yes
FAKE_T1_1040_IEO_SAD_HI__AUDIO_1040_IEO_ANG_HI_styletts,data\synthetic\track1_fakes\videos\FAKE_T1_1040_IEO_SAD_HI__AUDIO_1040_IEO_ANG_HI_styletts.mp4,1,done,styletts,1040,IEO,sad,angry,yes
FAKE_T1_1040_IOM_DIS_XX__AUDIO_1040_IOM_FEA_XX_styletts,data\synthetic\track1_fakes\videos\FAKE_T1_1040_IOM_DIS_XX__AUDIO_1040_IOM_FEA_XX_styletts.mp4,1,done,styletts,1040,IOM,disgust,fear,yes
FAKE_T1_1040_ITH_SAD_XX__AUDIO_1040_ITH_ANG_XX_styletts,data\synthetic\track1_fakes\videos\FAKE_T1_1040_ITH_SAD_XX__AUDIO_1040_ITH_ANG_XX_styletts.mp4,1,done,styletts,1040,ITH,sad,angry,yes
FAKE_T1_1040_IWL_FEA_XX__AUDIO_1040_IWL_HAP_XX_styletts,data\synthetic\track1_fakes\videos\FAKE_T1_1040_IWL_FEA_XX__AUDIO_1040_IWL_HAP_XX_styletts.mp4,1,done,styletts,1040,IWL,fear,happy,yes
FAKE_T1_1040_IWL_NEU_XX__AUDIO_1040_IWL_SAD_XX_styletts,data\synthetic\track1_fakes\videos\FAKE_T1_1040_IWL_NEU_XX__AUDIO_1040_IWL_SAD_XX_styletts.mp4,1,done,styletts,1040,IWL,neutral,sad,yes
FAKE_T1_1040_IWW_DIS_XX__AUDIO_1040_IWW_FEA_XX_styletts,data\synthetic\track1_fakes\videos\FAKE_T1_1040_IWW_DIS_XX__AUDIO_1040_IWW_FEA_XX_styletts.mp4,1,done,styletts,1040,IWW,disgust,fear,yes
FAKE_T1_1040_MTI_SAD_XX__AUDIO_1040_MTI_ANG_XX_styletts,data\synthetic\track1_fakes\videos\FAKE_T1_1040_MTI_SAD_XX__AUDIO_1040_MTI_ANG_XX_styletts.mp4,1,done,styletts,1040,MTI,sad,angry,yes
FAKE_T1_1040_TAI_SAD_XX__AUDIO_1040_TAI_ANG_XX_styletts,data\synthetic\track1_fakes\videos\FAKE_T1_1040_TAI_SAD_XX__AUDIO_1040_TAI_ANG_XX_styletts.mp4,1,done,styletts,1040,TAI,sad,angry,yes
FAKE_T1_1040_TIE_DIS_XX__AUDIO_1040_TIE_FEA_XX_styletts,data\synthetic\track1_fakes\videos\FAKE_T1_1040_TIE_DIS_XX__AUDIO_1040_TIE_FEA_XX_styletts.mp4,1,done,styletts,1040,TIE,disgust,fear,yes
FAKE_T1_1040_TSI_DIS_XX__AUDIO_1040_TSI_FEA_XX_styletts,data\synthetic\track1_fakes\videos\FAKE_T1_1040_TSI_DIS_XX__AUDIO_1040_TSI_FEA_XX_styletts.mp4,1,done,styletts,1040,TSI,disgust,fear,yes
FAKE_T1_1040_TSI_HAP_XX__AUDIO_1040_TSI_NEU_XX_styletts,data\synthetic\track1_fakes\videos\FAKE_T1_1040_TSI_HAP_XX__AUDIO_1040_TSI_NEU_XX_styletts.mp4,1,done,styletts,1040,TSI,happy,neutral,yes
FAKE_T1_1041_DFA_HAP_XX__AUDIO_1041_DFA_NEU_XX_styletts,data\synthetic\track1_fakes\videos\FAKE_T1_1041_DFA_HAP_XX__AUDIO_1041_DFA_NEU_XX_styletts.mp4,1,done,styletts,1041,DFA,happy,neutral,yes
FAKE_T1_1041_IEO_ANG_LO__AUDIO_1041_IEO_DIS_LO_styletts,data\synthetic\track1_fakes\videos\FAKE_T1_1041_IEO_ANG_LO__AUDIO_1041_IEO_DIS_LO_styletts.mp4,1,done,styletts,1041,IEO,angry,disgust,yes
FAKE_T1_1041_IEO_FEA_MD__AUDIO_1041_IEO_HAP_MD_styletts,data\synthetic\track1_fakes\videos\FAKE_T1_1041_IEO_FEA_MD__AUDIO_1041_IEO_HAP_MD_styletts.mp4,1,done,styletts,1041,IEO,fear,happy,yes
FAKE_T1_1041_IEO_HAP_HI__AUDIO_1041_IEO_NEU_XX_styletts,data\synthetic\track1_fakes\videos\FAKE_T1_1041_IEO_HAP_HI__AUDIO_1041_IEO_NEU_XX_styletts.mp4,1,done,styletts,1041,IEO,happy,neutral,yes
FAKE_T1_1041_IEO_HAP_MD__AUDIO_1041_IEO_NEU_XX_styletts,data\synthetic\track1_fakes\videos\FAKE_T1_1041_IEO_HAP_MD__AUDIO_1041_IEO_NEU_XX_styletts.mp4,1,done,styletts,1041,IEO,happy,neutral,yes
FAKE_T1_1041_IEO_SAD_LO__AUDIO_1041_IEO_ANG_LO_styletts,data\synthetic\track1_fakes\videos\FAKE_T1_1041_IEO_SAD_LO__AUDIO_1041_IEO_ANG_LO_styletts.mp4,1,done,styletts,1041,IEO,sad,angry,yes
FAKE_T1_1041_IOM_HAP_XX__AUDIO_1041_IOM_NEU_XX_styletts,data\synthetic\track1_fakes\videos\FAKE_T1_1041_IOM_HAP_XX__AUDIO_1041_IOM_NEU_XX_styletts.mp4,1,done,styletts,1041,IOM,happy,neutral,yes
FAKE_T1_1041_IOM_NEU_XX__AUDIO_1041_IOM_SAD_XX_styletts,data\synthetic\track1_fakes\videos\FAKE_T1_1041_IOM_NEU_XX__AUDIO_1041_IOM_SAD_XX_styletts.mp4,1,done,styletts,1041,IOM,neutral,sad,yes
FAKE_T1_1041_ITH_ANG_XX__AUDIO_1041_ITH_DIS_XX_styletts,data\synthetic\track1_fakes\videos\FAKE_T1_1041_ITH_ANG_XX__AUDIO_1041_ITH_DIS_XX_styletts.mp4,1,done,styletts,1041,ITH,angry,disgust,yes
FAKE_T1_1041_ITS_NEU_XX__AUDIO_1041_ITS_SAD_XX_styletts,data\synthetic\track1_fakes\videos\FAKE_T1_1041_ITS_NEU_XX__AUDIO_1041_ITS_SAD_XX_styletts.mp4,1,done,styletts,1041,ITS,neutral,sad,yes
FAKE_T1_1041_IWL_SAD_XX__AUDIO_1041_IWL_ANG_XX_styletts,data\synthetic\track1_fakes\videos\FAKE_T1_1041_IWL_SAD_XX__AUDIO_1041_IWL_ANG_XX_styletts.mp4,1,done,styletts,1041,IWL,sad,angry,yes
FAKE_T1_1041_TIE_FEA_XX__AUDIO_1041_TIE_HAP_XX_styletts,data\synthetic\track1_fakes\videos\FAKE_T1_1041_TIE_FEA_XX__AUDIO_1041_TIE_HAP_XX_styletts.mp4,1,done,styletts,1041,TIE,fear,happy,yes
FAKE_T1_1041_TIE_HAP_XX__AUDIO_1041_TIE_NEU_XX_styletts,data\synthetic\track1_fakes\videos\FAKE_T1_1041_TIE_HAP_XX__AUDIO_1041_TIE_NEU_XX_styletts.mp4,1,done,styletts,1041,TIE,happy,neutral,yes
FAKE_T1_1041_TIE_NEU_XX__AUDIO_1041_TIE_SAD_XX_styletts,data\synthetic\track1_fakes\videos\FAKE_T1_1041_TIE_NEU_XX__AUDIO_1041_TIE_SAD_XX_styletts.mp4,1,done,styletts,1041,TIE,neutral,sad,yes
FAKE_T1_1041_TSI_SAD_XX__AUDIO_1041_TSI_ANG_XX_styletts,data\synthetic\track1_fakes\videos\FAKE_T1_1041_TSI_SAD_XX__AUDIO_1041_TSI_ANG_XX_styletts.mp4,1,done,styletts,1041,TSI,sad,angry,yes
FAKE_T1_1041_WSI_ANG_XX__AUDIO_1041_WSI_DIS_XX_styletts,data\synthetic\track1_fakes\videos\FAKE_T1_1041_WSI_ANG_XX__AUDIO_1041_WSI_DIS_XX_styletts.mp4,1,done,styletts,1041,WSI,angry,disgust,yes
FAKE_T1_1042_IEO_DIS_HI__AUDIO_1042_IEO_FEA_HI_styletts,data\synthetic\track1_fakes\videos\FAKE_T1_1042_IEO_DIS_HI__AUDIO_1042_IEO_FEA_HI_styletts.mp4,1,done,styletts,1042,IEO,disgust,fear,yes
FAKE_T1_1042_IEO_FEA_HI__AUDIO_1042_IEO_HAP_HI_styletts,data\synthetic\track1_fakes\videos\FAKE_T1_1042_IEO_FEA_HI__AUDIO_1042_IEO_HAP_HI_styletts.mp4,1,done,styletts,1042,IEO,fear,happy,yes
FAKE_T1_1042_ITH_ANG_XX__AUDIO_1042_ITH_DIS_XX_styletts,data\synthetic\track1_fakes\videos\FAKE_T1_1042_ITH_ANG_XX__AUDIO_1042_ITH_DIS_XX_styletts.mp4,1,done,styletts,1042,ITH,angry,disgust,yes
FAKE_T1_1042_ITH_FEA_XX__AUDIO_1042_ITH_HAP_XX_styletts,data\synthetic\track1_fakes\videos\FAKE_T1_1042_ITH_FEA_XX__AUDIO_1042_ITH_HAP_XX_styletts.mp4,1,done,styletts,1042,ITH,fear,happy,yes
FAKE_T1_1042_IWL_HAP_XX__AUDIO_1042_IWL_NEU_XX_styletts,data\synthetic\track1_fakes\videos\FAKE_T1_1042_IWL_HAP_XX__AUDIO_1042_IWL_NEU_XX_styletts.mp4,1,done,styletts,1042,IWL,happy,neutral,yes
FAKE_T1_1042_IWW_ANG_XX__AUDIO_1042_IWW_DIS_XX_styletts,data\synthetic\track1_fakes\videos\FAKE_T1_1042_IWW_ANG_XX__AUDIO_1042_IWW_DIS_XX_styletts.mp4,1,done,styletts,1042,IWW,angry,disgust,yes
FAKE_T1_1042_IWW_FEA_XX__AUDIO_1042_IWW_HAP_XX_styletts,data\synthetic\track1_fakes\videos\FAKE_T1_1042_IWW_FEA_XX__AUDIO_1042_IWW_HAP_XX_styletts.mp4,1,done,styletts,1042,IWW,fear,happy,yes
FAKE_T1_1042_TAI_DIS_XX__AUDIO_1042_TAI_FEA_XX_styletts,data\synthetic\track1_fakes\videos\FAKE_T1_1042_TAI_DIS_XX__AUDIO_1042_TAI_FEA_XX_styletts.mp4,1,done,styletts,1042,TAI,disgust,fear,yes
FAKE_T1_1042_TAI_FEA_XX__AUDIO_1042_TAI_HAP_XX_styletts,data\synthetic\track1_fakes\videos\FAKE_T1_1042_TAI_FEA_XX__AUDIO_1042_TAI_HAP_XX_styletts.mp4,1,done,styletts,1042,TAI,fear,happy,yes
FAKE_T1_1042_TAI_NEU_XX__AUDIO_1042_TAI_SAD_XX_styletts,data\synthetic\track1_fakes\videos\FAKE_T1_1042_TAI_NEU_XX__AUDIO_1042_TAI_SAD_XX_styletts.mp4,1,done,styletts,1042,TAI,neutral,sad,yes
FAKE_T1_1042_TIE_DIS_XX__AUDIO_1042_TIE_FEA_XX_styletts,data\synthetic\track1_fakes\videos\FAKE_T1_1042_TIE_DIS_XX__AUDIO_1042_TIE_FEA_XX_styletts.mp4,1,done,styletts,1042,TIE,disgust,fear,yes
FAKE_T1_1042_TIE_HAP_XX__AUDIO_1042_TIE_NEU_XX_styletts,data\synthetic\track1_fakes\videos\FAKE_T1_1042_TIE_HAP_XX__AUDIO_1042_TIE_NEU_XX_styletts.mp4,1,done,styletts,1042,TIE,happy,neutral,yes
FAKE_T1_1042_TIE_SAD_XX__AUDIO_1042_TIE_ANG_XX_styletts,data\synthetic\track1_fakes\videos\FAKE_T1_1042_TIE_SAD_XX__AUDIO_1042_TIE_ANG_XX_styletts.mp4,1,done,styletts,1042,TIE,sad,angry,yes
FAKE_T1_1042_TSI_NEU_XX__AUDIO_1042_TSI_SAD_XX_styletts,data\synthetic\track1_fakes\videos\FAKE_T1_1042_TSI_NEU_XX__AUDIO_1042_TSI_SAD_XX_styletts.mp4,1,done,styletts,1042,TSI,neutral,sad,yes
FAKE_T1_1042_WSI_FEA_XX__AUDIO_1042_WSI_HAP_XX_styletts,data\synthetic\track1_fakes\videos\FAKE_T1_1042_WSI_FEA_XX__AUDIO_1042_WSI_HAP_XX_styletts.mp4,1,done,styletts,1042,WSI,fear,happy,yes
FAKE_T1_1042_WSI_HAP_XX__AUDIO_1042_WSI_NEU_XX_styletts,data\synthetic\track1_fakes\videos\FAKE_T1_1042_WSI_HAP_XX__AUDIO_1042_WSI_NEU_XX_styletts.mp4,1,done,styletts,1042,WSI,happy,neutral,yes
FAKE_T1_1043_DFA_HAP_XX__AUDIO_1043_DFA_NEU_XX_styletts,data\synthetic\track1_fakes\videos\FAKE_T1_1043_DFA_HAP_XX__AUDIO_1043_DFA_NEU_XX_styletts.mp4,1,done,styletts,1043,DFA,happy,neutral,yes
FAKE_T1_1043_IEO_FEA_LO__AUDIO_1043_IEO_HAP_LO_styletts,data\synthetic\track1_fakes\videos\FAKE_T1_1043_IEO_FEA_LO__AUDIO_1043_IEO_HAP_LO_styletts.mp4,1,done,styletts,1043,IEO,fear,happy,yes
FAKE_T1_1043_IEO_HAP_LO__AUDIO_1043_IEO_NEU_XX_styletts,data\synthetic\track1_fakes\videos\FAKE_T1_1043_IEO_HAP_LO__AUDIO_1043_IEO_NEU_XX_styletts.mp4,1,done,styletts,1043,IEO,happy,neutral,yes
FAKE_T1_1043_IOM_HAP_XX__AUDIO_1043_IOM_NEU_XX_styletts,data\synthetic\track1_fakes\videos\FAKE_T1_1043_IOM_HAP_XX__AUDIO_1043_IOM_NEU_XX_styletts.mp4,1,done,styletts,1043,IOM,happy,neutral,yes
FAKE_T1_1043_IOM_NEU_XX__AUDIO_1043_IOM_SAD_XX_styletts,data\synthetic\track1_fakes\videos\FAKE_T1_1043_IOM_NEU_XX__AUDIO_1043_IOM_SAD_XX_styletts.mp4,1,done,styletts,1043,IOM,neutral,sad,yes
FAKE_T1_1043_ITH_FEA_XX__AUDIO_1043_ITH_HAP_XX_styletts,data\synthetic\track1_fakes\videos\FAKE_T1_1043_ITH_FEA_XX__AUDIO_1043_ITH_HAP_XX_styletts.mp4,1,done,styletts,1043,ITH,fear,happy,yes
FAKE_T1_1043_ITH_NEU_XX__AUDIO_1043_ITH_SAD_XX_styletts,data\synthetic\track1_fakes\videos\FAKE_T1_1043_ITH_NEU_XX__AUDIO_1043_ITH_SAD_XX_styletts.mp4,1,done,styletts,1043,ITH,neutral,sad,yes
FAKE_T1_1043_IWL_ANG_XX__AUDIO_1043_IWL_DIS_XX_styletts,data\synthetic\track1_fakes\videos\FAKE_T1_1043_IWL_ANG_XX__AUDIO_1043_IWL_DIS_XX_styletts.mp4,1,done,styletts,1043,IWL,angry,disgust,yes
FAKE_T1_1043_IWL_DIS_XX__AUDIO_1043_IWL_FEA_XX_styletts,data\synthetic\track1_fakes\videos\FAKE_T1_1043_IWL_DIS_XX__AUDIO_1043_IWL_FEA_XX_styletts.mp4,1,done,styletts,1043,IWL,disgust,fear,yes
FAKE_T1_1043_TAI_FEA_XX__AUDIO_1043_TAI_HAP_XX_styletts,data\synthetic\track1_fakes\videos\FAKE_T1_1043_TAI_FEA_XX__AUDIO_1043_TAI_HAP_XX_styletts.mp4,1,done,styletts,1043,TAI,fear,happy,yes
FAKE_T1_1043_TIE_FEA_XX__AUDIO_1043_TIE_HAP_XX_styletts,data\synthetic\track1_fakes\videos\FAKE_T1_1043_TIE_FEA_XX__AUDIO_1043_TIE_HAP_XX_styletts.mp4,1,done,styletts,1043,TIE,fear,happy,yes
FAKE_T1_1043_TSI_ANG_XX__AUDIO_1043_TSI_DIS_XX_styletts,data\synthetic\track1_fakes\videos\FAKE_T1_1043_TSI_ANG_XX__AUDIO_1043_TSI_DIS_XX_styletts.mp4,1,done,styletts,1043,TSI,angry,disgust,yes
FAKE_T1_1043_TSI_FEA_XX__AUDIO_1043_TSI_HAP_XX_styletts,data\synthetic\track1_fakes\videos\FAKE_T1_1043_TSI_FEA_XX__AUDIO_1043_TSI_HAP_XX_styletts.mp4,1,done,styletts,1043,TSI,fear,happy,yes
FAKE_T1_1043_TSI_HAP_XX__AUDIO_1043_TSI_NEU_XX_styletts,data\synthetic\track1_fakes\videos\FAKE_T1_1043_TSI_HAP_XX__AUDIO_1043_TSI_NEU_XX_styletts.mp4,1,done,styletts,1043,TSI,happy,neutral,yes
FAKE_T1_1043_WSI_HAP_XX__AUDIO_1043_WSI_NEU_XX_styletts,data\synthetic\track1_fakes\videos\FAKE_T1_1043_WSI_HAP_XX__AUDIO_1043_WSI_NEU_XX_styletts.mp4,1,done,styletts,1043,WSI,happy,neutral,yes
FAKE_T1_1043_WSI_NEU_XX__AUDIO_1043_WSI_SAD_XX_styletts,data\synthetic\track1_fakes\videos\FAKE_T1_1043_WSI_NEU_XX__AUDIO_1043_WSI_SAD_XX_styletts.mp4,1,done,styletts,1043,WSI,neutral,sad,yes
FAKE_T1_1044_DFA_DIS_XX__AUDIO_1044_DFA_FEA_XX_styletts,data\synthetic\track1_fakes\videos\FAKE_T1_1044_DFA_DIS_XX__AUDIO_1044_DFA_FEA_XX_styletts.mp4,1,done,styletts,1044,DFA,disgust,fear,yes
FAKE_T1_1044_DFA_SAD_XX__AUDIO_1044_DFA_ANG_XX_styletts,data\synthetic\track1_fakes\videos\FAKE_T1_1044_DFA_SAD_XX__AUDIO_1044_DFA_ANG_XX_styletts.mp4,1,done,styletts,1044,DFA,sad,angry,yes
FAKE_T1_1044_IEO_FEA_MD__AUDIO_1044_IEO_HAP_MD_styletts,data\synthetic\track1_fakes\videos\FAKE_T1_1044_IEO_FEA_MD__AUDIO_1044_IEO_HAP_MD_styletts.mp4,1,done,styletts,1044,IEO,fear,happy,yes
FAKE_T1_1044_IOM_FEA_XX__AUDIO_1044_IOM_HAP_XX_styletts,data\synthetic\track1_fakes\videos\FAKE_T1_1044_IOM_FEA_XX__AUDIO_1044_IOM_HAP_XX_styletts.mp4,1,done,styletts,1044,IOM,fear,happy,yes
FAKE_T1_1044_IOM_HAP_XX__AUDIO_1044_IOM_NEU_XX_styletts,data\synthetic\track1_fakes\videos\FAKE_T1_1044_IOM_HAP_XX__AUDIO_1044_IOM_NEU_XX_styletts.mp4,1,done,styletts,1044,IOM,happy,neutral,yes
FAKE_T1_1044_IOM_NEU_XX__AUDIO_1044_IOM_SAD_XX_styletts,data\synthetic\track1_fakes\videos\FAKE_T1_1044_IOM_NEU_XX__AUDIO_1044_IOM_SAD_XX_styletts.mp4,1,done,styletts,1044,IOM,neutral,sad,yes
FAKE_T1_1044_IOM_SAD_XX__AUDIO_1044_IOM_ANG_XX_styletts,data\synthetic\track1_fakes\videos\FAKE_T1_1044_IOM_SAD_XX__AUDIO_1044_IOM_ANG_XX_styletts.mp4,1,done,styletts,1044,IOM,sad,angry,yes
FAKE_T1_1044_ITH_FEA_XX__AUDIO_1044_ITH_HAP_XX_styletts,data\synthetic\track1_fakes\videos\FAKE_T1_1044_ITH_FEA_XX__AUDIO_1044_ITH_HAP_XX_styletts.mp4,1,done,styletts,1044,ITH,fear,happy,yes
FAKE_T1_1044_ITH_NEU_XX__AUDIO_1044_ITH_SAD_XX_styletts,data\synthetic\track1_fakes\videos\FAKE_T1_1044_ITH_NEU_XX__AUDIO_1044_ITH_SAD_XX_styletts.mp4,1,done,styletts,1044,ITH,neutral,sad,yes
FAKE_T1_1044_ITS_SAD_XX__AUDIO_1044_ITS_ANG_XX_styletts,data\synthetic\track1_fakes\videos\FAKE_T1_1044_ITS_SAD_XX__AUDIO_1044_ITS_ANG_XX_styletts.mp4,1,done,styletts,1044,ITS,sad,angry,yes
FAKE_T1_1044_IWL_ANG_XX__AUDIO_1044_IWL_DIS_XX_styletts,data\synthetic\track1_fakes\videos\FAKE_T1_1044_IWL_ANG_XX__AUDIO_1044_IWL_DIS_XX_styletts.mp4,1,done,styletts,1044,IWL,angry,disgust,yes
FAKE_T1_1044_IWW_ANG_XX__AUDIO_1044_IWW_DIS_XX_styletts,data\synthetic\track1_fakes\videos\FAKE_T1_1044_IWW_ANG_XX__AUDIO_1044_IWW_DIS_XX_styletts.mp4,1,done,styletts,1044,IWW,angry,disgust,yes
FAKE_T1_1044_IWW_FEA_XX__AUDIO_1044_IWW_HAP_XX_styletts,data\synthetic\track1_fakes\videos\FAKE_T1_1044_IWW_FEA_XX__AUDIO_1044_IWW_HAP_XX_styletts.mp4,1,done,styletts,1044,IWW,fear,happy,yes
FAKE_T1_1044_TIE_ANG_XX__AUDIO_1044_TIE_DIS_XX_styletts,data\synthetic\track1_fakes\videos\FAKE_T1_1044_TIE_ANG_XX__AUDIO_1044_TIE_DIS_XX_styletts.mp4,1,done,styletts,1044,TIE,angry,disgust,yes
FAKE_T1_1044_TSI_DIS_XX__AUDIO_1044_TSI_FEA_XX_styletts,data\synthetic\track1_fakes\videos\FAKE_T1_1044_TSI_DIS_XX__AUDIO_1044_TSI_FEA_XX_styletts.mp4,1,done,styletts,1044,TSI,disgust,fear,yes
FAKE_T1_1044_WSI_FEA_XX__AUDIO_1044_WSI_HAP_XX_styletts,data\synthetic\track1_fakes\videos\FAKE_T1_1044_WSI_FEA_XX__AUDIO_1044_WSI_HAP_XX_styletts.mp4,1,done,styletts,1044,WSI,fear,happy,yes
FAKE_T1_1045_IEO_ANG_HI__AUDIO_1045_IEO_DIS_HI_styletts,data\synthetic\track1_fakes\videos\FAKE_T1_1045_IEO_ANG_HI__AUDIO_1045_IEO_DIS_HI_styletts.mp4,1,done,styletts,1045,IEO,angry,disgust,yes
FAKE_T1_1045_IEO_ANG_LO__AUDIO_1045_IEO_DIS_LO_styletts,data\synthetic\track1_fakes\videos\FAKE_T1_1045_IEO_ANG_LO__AUDIO_1045_IEO_DIS_LO_styletts.mp4,1,done,styletts,1045,IEO,angry,disgust,yes
FAKE_T1_1045_IEO_ANG_MD__AUDIO_1045_IEO_DIS_MD_styletts,data\synthetic\track1_fakes\videos\FAKE_T1_1045_IEO_ANG_MD__AUDIO_1045_IEO_DIS_MD_styletts.mp4,1,done,styletts,1045,IEO,angry,disgust,yes
FAKE_T1_1045_ITH_FEA_XX__AUDIO_1045_ITH_HAP_XX_styletts,data\synthetic\track1_fakes\videos\FAKE_T1_1045_ITH_FEA_XX__AUDIO_1045_ITH_HAP_XX_styletts.mp4,1,done,styletts,1045,ITH,fear,happy,yes
FAKE_T1_1045_ITH_NEU_XX__AUDIO_1045_ITH_SAD_XX_styletts,data\synthetic\track1_fakes\videos\FAKE_T1_1045_ITH_NEU_XX__AUDIO_1045_ITH_SAD_XX_styletts.mp4,1,done,styletts,1045,ITH,neutral,sad,yes
FAKE_T1_1045_ITS_SAD_XX__AUDIO_1045_ITS_ANG_XX_styletts,data\synthetic\track1_fakes\videos\FAKE_T1_1045_ITS_SAD_XX__AUDIO_1045_ITS_ANG_XX_styletts.mp4,1,done,styletts,1045,ITS,sad,angry,yes
FAKE_T1_1045_IWL_SAD_XX__AUDIO_1045_IWL_ANG_XX_styletts,data\synthetic\track1_fakes\videos\FAKE_T1_1045_IWL_SAD_XX__AUDIO_1045_IWL_ANG_XX_styletts.mp4,1,done,styletts,1045,IWL,sad,angry,yes
FAKE_T1_1045_IWW_ANG_XX__AUDIO_1045_IWW_DIS_XX_styletts,data\synthetic\track1_fakes\videos\FAKE_T1_1045_IWW_ANG_XX__AUDIO_1045_IWW_DIS_XX_styletts.mp4,1,done,styletts,1045,IWW,angry,disgust,yes
FAKE_T1_1045_IWW_DIS_XX__AUDIO_1045_IWW_FEA_XX_styletts,data\synthetic\track1_fakes\videos\FAKE_T1_1045_IWW_DIS_XX__AUDIO_1045_IWW_FEA_XX_styletts.mp4,1,done,styletts,1045,IWW,disgust,fear,yes
FAKE_T1_1045_IWW_FEA_XX__AUDIO_1045_IWW_HAP_XX_styletts,data\synthetic\track1_fakes\videos\FAKE_T1_1045_IWW_FEA_XX__AUDIO_1045_IWW_HAP_XX_styletts.mp4,1,done,styletts,1045,IWW,fear,happy,yes
FAKE_T1_1045_IWW_SAD_XX__AUDIO_1045_IWW_ANG_XX_styletts,data\synthetic\track1_fakes\videos\FAKE_T1_1045_IWW_SAD_XX__AUDIO_1045_IWW_ANG_XX_styletts.mp4,1,done,styletts,1045,IWW,sad,angry,yes
FAKE_T1_1045_MTI_ANG_XX__AUDIO_1045_MTI_DIS_XX_styletts,data\synthetic\track1_fakes\videos\FAKE_T1_1045_MTI_ANG_XX__AUDIO_1045_MTI_DIS_XX_styletts.mp4,1,done,styletts,1045,MTI,angry,disgust,yes
FAKE_T1_1045_MTI_FEA_XX__AUDIO_1045_MTI_HAP_XX_styletts,data\synthetic\track1_fakes\videos\FAKE_T1_1045_MTI_FEA_XX__AUDIO_1045_MTI_HAP_XX_styletts.mp4,1,done,styletts,1045,MTI,fear,happy,yes
FAKE_T1_1045_TAI_HAP_XX__AUDIO_1045_TAI_NEU_XX_styletts,data\synthetic\track1_fakes\videos\FAKE_T1_1045_TAI_HAP_XX__AUDIO_1045_TAI_NEU_XX_styletts.mp4,1,done,styletts,1045,TAI,happy,neutral,yes
FAKE_T1_1045_TSI_SAD_XX__AUDIO_1045_TSI_ANG_XX_styletts,data\synthetic\track1_fakes\videos\FAKE_T1_1045_TSI_SAD_XX__AUDIO_1045_TSI_ANG_XX_styletts.mp4,1,done,styletts,1045,TSI,sad,angry,yes
FAKE_T1_1045_WSI_HAP_XX__AUDIO_1045_WSI_NEU_XX_styletts,data\synthetic\track1_fakes\videos\FAKE_T1_1045_WSI_HAP_XX__AUDIO_1045_WSI_NEU_XX_styletts.mp4,1,done,styletts,1045,WSI,happy,neutral,yes
FAKE_T1_1046_DFA_DIS_XX__AUDIO_1046_DFA_FEA_XX_styletts,data\synthetic\track1_fakes\videos\FAKE_T1_1046_DFA_DIS_XX__AUDIO_1046_DFA_FEA_XX_styletts.mp4,1,done,styletts,1046,DFA,disgust,fear,yes
FAKE_T1_1046_DFA_FEA_XX__AUDIO_1046_DFA_HAP_XX_styletts,data\synthetic\track1_fakes\videos\FAKE_T1_1046_DFA_FEA_XX__AUDIO_1046_DFA_HAP_XX_styletts.mp4,1,done,styletts,1046,DFA,fear,happy,yes
FAKE_T1_1046_DFA_SAD_XX__AUDIO_1046_DFA_ANG_XX_styletts,data\synthetic\track1_fakes\videos\FAKE_T1_1046_DFA_SAD_XX__AUDIO_1046_DFA_ANG_XX_styletts.mp4,1,done,styletts,1046,DFA,sad,angry,yes
FAKE_T1_1046_IEO_ANG_HI__AUDIO_1046_IEO_DIS_HI_styletts,data\synthetic\track1_fakes\videos\FAKE_T1_1046_IEO_ANG_HI__AUDIO_1046_IEO_DIS_HI_styletts.mp4,1,done,styletts,1046,IEO,angry,disgust,yes
FAKE_T1_1046_IEO_ANG_MD__AUDIO_1046_IEO_DIS_MD_styletts,data\synthetic\track1_fakes\videos\FAKE_T1_1046_IEO_ANG_MD__AUDIO_1046_IEO_DIS_MD_styletts.mp4,1,done,styletts,1046,IEO,angry,disgust,yes
FAKE_T1_1046_IEO_FEA_LO__AUDIO_1046_IEO_HAP_LO_styletts,data\synthetic\track1_fakes\videos\FAKE_T1_1046_IEO_FEA_LO__AUDIO_1046_IEO_HAP_LO_styletts.mp4,1,done,styletts,1046,IEO,fear,happy,yes
FAKE_T1_1046_IEO_HAP_LO__AUDIO_1046_IEO_NEU_XX_styletts,data\synthetic\track1_fakes\videos\FAKE_T1_1046_IEO_HAP_LO__AUDIO_1046_IEO_NEU_XX_styletts.mp4,1,done,styletts,1046,IEO,happy,neutral,yes
FAKE_T1_1046_IOM_HAP_XX__AUDIO_1046_IOM_NEU_XX_styletts,data\synthetic\track1_fakes\videos\FAKE_T1_1046_IOM_HAP_XX__AUDIO_1046_IOM_NEU_XX_styletts.mp4,1,done,styletts,1046,IOM,happy,neutral,yes
FAKE_T1_1046_IOM_NEU_XX__AUDIO_1046_IOM_SAD_XX_styletts,data\synthetic\track1_fakes\videos\FAKE_T1_1046_IOM_NEU_XX__AUDIO_1046_IOM_SAD_XX_styletts.mp4,1,done,styletts,1046,IOM,neutral,sad,yes
FAKE_T1_1046_ITH_ANG_XX__AUDIO_1046_ITH_DIS_XX_styletts,data\synthetic\track1_fakes\videos\FAKE_T1_1046_ITH_ANG_XX__AUDIO_1046_ITH_DIS_XX_styletts.mp4,1,done,styletts,1046,ITH,angry,disgust,yes
FAKE_T1_1046_IWL_ANG_XX__AUDIO_1046_IWL_DIS_XX_styletts,data\synthetic\track1_fakes\videos\FAKE_T1_1046_IWL_ANG_XX__AUDIO_1046_IWL_DIS_XX_styletts.mp4,1,done,styletts,1046,IWL,angry,disgust,yes
FAKE_T1_1046_MTI_ANG_XX__AUDIO_1046_MTI_DIS_XX_styletts,data\synthetic\track1_fakes\videos\FAKE_T1_1046_MTI_ANG_XX__AUDIO_1046_MTI_DIS_XX_styletts.mp4,1,done,styletts,1046,MTI,angry,disgust,yes
FAKE_T1_1046_TAI_SAD_XX__AUDIO_1046_TAI_ANG_XX_styletts,data\synthetic\track1_fakes\videos\FAKE_T1_1046_TAI_SAD_XX__AUDIO_1046_TAI_ANG_XX_styletts.mp4,1,done,styletts,1046,TAI,sad,angry,yes
FAKE_T1_1046_TIE_ANG_XX__AUDIO_1046_TIE_DIS_XX_styletts,data\synthetic\track1_fakes\videos\FAKE_T1_1046_TIE_ANG_XX__AUDIO_1046_TIE_DIS_XX_styletts.mp4,1,done,styletts,1046,TIE,angry,disgust,yes
FAKE_T1_1046_TIE_NEU_XX__AUDIO_1046_TIE_SAD_XX_styletts,data\synthetic\track1_fakes\videos\FAKE_T1_1046_TIE_NEU_XX__AUDIO_1046_TIE_SAD_XX_styletts.mp4,1,done,styletts,1046,TIE,neutral,sad,yes
FAKE_T1_1046_WSI_SAD_XX__AUDIO_1046_WSI_ANG_XX_styletts,data\synthetic\track1_fakes\videos\FAKE_T1_1046_WSI_SAD_XX__AUDIO_1046_WSI_ANG_XX_styletts.mp4,1,done,styletts,1046,WSI,sad,angry,yes
FAKE_T1_1047_DFA_NEU_XX__AUDIO_1047_DFA_SAD_XX_styletts,data\synthetic\track1_fakes\videos\FAKE_T1_1047_DFA_NEU_XX__AUDIO_1047_DFA_SAD_XX_styletts.mp4,1,done,styletts,1047,DFA,neutral,sad,yes
FAKE_T1_1047_IEO_DIS_LO__AUDIO_1047_IEO_FEA_LO_styletts,data\synthetic\track1_fakes\videos\FAKE_T1_1047_IEO_DIS_LO__AUDIO_1047_IEO_FEA_LO_styletts.mp4,1,done,styletts,1047,IEO,disgust,fear,yes
FAKE_T1_1047_IEO_HAP_HI__AUDIO_1047_IEO_NEU_XX_styletts,data\synthetic\track1_fakes\videos\FAKE_T1_1047_IEO_HAP_HI__AUDIO_1047_IEO_NEU_XX_styletts.mp4,1,done,styletts,1047,IEO,happy,neutral,yes
FAKE_T1_1047_IOM_DIS_XX__AUDIO_1047_IOM_FEA_XX_styletts,data\synthetic\track1_fakes\videos\FAKE_T1_1047_IOM_DIS_XX__AUDIO_1047_IOM_FEA_XX_styletts.mp4,1,done,styletts,1047,IOM,disgust,fear,yes
FAKE_T1_1047_ITH_DIS_XX__AUDIO_1047_ITH_FEA_XX_styletts,data\synthetic\track1_fakes\videos\FAKE_T1_1047_ITH_DIS_XX__AUDIO_1047_ITH_FEA_XX_styletts.mp4,1,done,styletts,1047,ITH,disgust,fear,yes
FAKE_T1_1047_ITH_FEA_XX__AUDIO_1047_ITH_HAP_XX_styletts,data\synthetic\track1_fakes\videos\FAKE_T1_1047_ITH_FEA_XX__AUDIO_1047_ITH_HAP_XX_styletts.mp4,1,done,styletts,1047,ITH,fear,happy,yes
FAKE_T1_1047_ITH_HAP_XX__AUDIO_1047_ITH_NEU_XX_styletts,data\synthetic\track1_fakes\videos\FAKE_T1_1047_ITH_HAP_XX__AUDIO_1047_ITH_NEU_XX_styletts.mp4,1,done,styletts,1047,ITH,happy,neutral,yes
FAKE_T1_1047_ITH_NEU_XX__AUDIO_1047_ITH_SAD_XX_styletts,data\synthetic\track1_fakes\videos\FAKE_T1_1047_ITH_NEU_XX__AUDIO_1047_ITH_SAD_XX_styletts.mp4,1,done,styletts,1047,ITH,neutral,sad,yes
FAKE_T1_1047_ITS_NEU_XX__AUDIO_1047_ITS_SAD_XX_styletts,data\synthetic\track1_fakes\videos\FAKE_T1_1047_ITS_NEU_XX__AUDIO_1047_ITS_SAD_XX_styletts.mp4,1,done,styletts,1047,ITS,neutral,sad,yes
FAKE_T1_1047_IWL_SAD_XX__AUDIO_1047_IWL_ANG_XX_styletts,data\synthetic\track1_fakes\videos\FAKE_T1_1047_IWL_SAD_XX__AUDIO_1047_IWL_ANG_XX_styletts.mp4,1,done,styletts,1047,IWL,sad,angry,yes
FAKE_T1_1047_MTI_DIS_XX__AUDIO_1047_MTI_FEA_XX_styletts,data\synthetic\track1_fakes\videos\FAKE_T1_1047_MTI_DIS_XX__AUDIO_1047_MTI_FEA_XX_styletts.mp4,1,done,styletts,1047,MTI,disgust,fear,yes
FAKE_T1_1047_MTI_HAP_XX__AUDIO_1047_MTI_NEU_XX_styletts,data\synthetic\track1_fakes\videos\FAKE_T1_1047_MTI_HAP_XX__AUDIO_1047_MTI_NEU_XX_styletts.mp4,1,done,styletts,1047,MTI,happy,neutral,yes
FAKE_T1_1047_TAI_ANG_XX__AUDIO_1047_TAI_DIS_XX_styletts,data\synthetic\track1_fakes\videos\FAKE_T1_1047_TAI_ANG_XX__AUDIO_1047_TAI_DIS_XX_styletts.mp4,1,done,styletts,1047,TAI,angry,disgust,yes
FAKE_T1_1047_TSI_DIS_XX__AUDIO_1047_TSI_FEA_XX_styletts,data\synthetic\track1_fakes\videos\FAKE_T1_1047_TSI_DIS_XX__AUDIO_1047_TSI_FEA_XX_styletts.mp4,1,done,styletts,1047,TSI,disgust,fear,yes
FAKE_T1_1047_WSI_ANG_XX__AUDIO_1047_WSI_DIS_XX_styletts,data\synthetic\track1_fakes\videos\FAKE_T1_1047_WSI_ANG_XX__AUDIO_1047_WSI_DIS_XX_styletts.mp4,1,done,styletts,1047,WSI,angry,disgust,yes
FAKE_T1_1047_WSI_DIS_XX__AUDIO_1047_WSI_FEA_XX_styletts,data\synthetic\track1_fakes\videos\FAKE_T1_1047_WSI_DIS_XX__AUDIO_1047_WSI_FEA_XX_styletts.mp4,1,done,styletts,1047,WSI,disgust,fear,yes
FAKE_T1_1048_IEO_ANG_MD__AUDIO_1048_IEO_DIS_MD_styletts,data\synthetic\track1_fakes\videos\FAKE_T1_1048_IEO_ANG_MD__AUDIO_1048_IEO_DIS_MD_styletts.mp4,1,done,styletts,1048,IEO,angry,disgust,yes
FAKE_T1_1048_IEO_FEA_HI__AUDIO_1048_IEO_HAP_HI_styletts,data\synthetic\track1_fakes\videos\FAKE_T1_1048_IEO_FEA_HI__AUDIO_1048_IEO_HAP_HI_styletts.mp4,1,done,styletts,1048,IEO,fear,happy,yes
FAKE_T1_1048_IEO_HAP_LO__AUDIO_1048_IEO_NEU_XX_styletts,data\synthetic\track1_fakes\videos\FAKE_T1_1048_IEO_HAP_LO__AUDIO_1048_IEO_NEU_XX_styletts.mp4,1,done,styletts,1048,IEO,happy,neutral,yes
FAKE_T1_1048_IEO_SAD_HI__AUDIO_1048_IEO_ANG_HI_styletts,data\synthetic\track1_fakes\videos\FAKE_T1_1048_IEO_SAD_HI__AUDIO_1048_IEO_ANG_HI_styletts.mp4,1,done,styletts,1048,IEO,sad,angry,yes
FAKE_T1_1048_ITS_DIS_XX__AUDIO_1048_ITS_FEA_XX_styletts,data\synthetic\track1_fakes\videos\FAKE_T1_1048_ITS_DIS_XX__AUDIO_1048_ITS_FEA_XX_styletts.mp4,1,done,styletts,1048,ITS,disgust,fear,yes
FAKE_T1_1048_ITS_FEA_XX__AUDIO_1048_ITS_HAP_XX_styletts,data\synthetic\track1_fakes\videos\FAKE_T1_1048_ITS_FEA_XX__AUDIO_1048_ITS_HAP_XX_styletts.mp4,1,done,styletts,1048,ITS,fear,happy,yes
FAKE_T1_1048_ITS_NEU_XX__AUDIO_1048_ITS_SAD_XX_styletts,data\synthetic\track1_fakes\videos\FAKE_T1_1048_ITS_NEU_XX__AUDIO_1048_ITS_SAD_XX_styletts.mp4,1,done,styletts,1048,ITS,neutral,sad,yes
FAKE_T1_1048_IWL_HAP_XX__AUDIO_1048_IWL_NEU_XX_styletts,data\synthetic\track1_fakes\videos\FAKE_T1_1048_IWL_HAP_XX__AUDIO_1048_IWL_NEU_XX_styletts.mp4,1,done,styletts,1048,IWL,happy,neutral,yes
FAKE_T1_1048_IWW_SAD_XX__AUDIO_1048_IWW_ANG_XX_styletts,data\synthetic\track1_fakes\videos\FAKE_T1_1048_IWW_SAD_XX__AUDIO_1048_IWW_ANG_XX_styletts.mp4,1,done,styletts,1048,IWW,sad,angry,yes
FAKE_T1_1048_TAI_HAP_XX__AUDIO_1048_TAI_NEU_XX_styletts,data\synthetic\track1_fakes\videos\FAKE_T1_1048_TAI_HAP_XX__AUDIO_1048_TAI_NEU_XX_styletts.mp4,1,done,styletts,1048,TAI,happy,neutral,yes
FAKE_T1_1048_TIE_FEA_XX__AUDIO_1048_TIE_HAP_XX_styletts,data\synthetic\track1_fakes\videos\FAKE_T1_1048_TIE_FEA_XX__AUDIO_1048_TIE_HAP_XX_styletts.mp4,1,done,styletts,1048,TIE,fear,happy,yes
FAKE_T1_1048_TSI_DIS_XX__AUDIO_1048_TSI_FEA_XX_styletts,data\synthetic\track1_fakes\videos\FAKE_T1_1048_TSI_DIS_XX__AUDIO_1048_TSI_FEA_XX_styletts.mp4,1,done,styletts,1048,TSI,disgust,fear,yes
FAKE_T1_1048_TSI_FEA_XX__AUDIO_1048_TSI_HAP_XX_styletts,data\synthetic\track1_fakes\videos\FAKE_T1_1048_TSI_FEA_XX__AUDIO_1048_TSI_HAP_XX_styletts.mp4,1,done,styletts,1048,TSI,fear,happy,yes
FAKE_T1_1048_WSI_DIS_XX__AUDIO_1048_WSI_FEA_XX_styletts,data\synthetic\track1_fakes\videos\FAKE_T1_1048_WSI_DIS_XX__AUDIO_1048_WSI_FEA_XX_styletts.mp4,1,done,styletts,1048,WSI,disgust,fear,yes
FAKE_T1_1048_WSI_HAP_XX__AUDIO_1048_WSI_NEU_XX_styletts,data\synthetic\track1_fakes\videos\FAKE_T1_1048_WSI_HAP_XX__AUDIO_1048_WSI_NEU_XX_styletts.mp4,1,done,styletts,1048,WSI,happy,neutral,yes
FAKE_T1_1048_WSI_SAD_XX__AUDIO_1048_WSI_ANG_XX_styletts,data\synthetic\track1_fakes\videos\FAKE_T1_1048_WSI_SAD_XX__AUDIO_1048_WSI_ANG_XX_styletts.mp4,1,done,styletts,1048,WSI,sad,angry,yes
FAKE_T1_1049_DFA_NEU_XX__AUDIO_1049_DFA_SAD_XX_styletts,data\synthetic\track1_fakes\videos\FAKE_T1_1049_DFA_NEU_XX__AUDIO_1049_DFA_SAD_XX_styletts.mp4,1,done,styletts,1049,DFA,neutral,sad,yes
FAKE_T1_1049_IEO_DIS_HI__AUDIO_1049_IEO_FEA_HI_styletts,data\synthetic\track1_fakes\videos\FAKE_T1_1049_IEO_DIS_HI__AUDIO_1049_IEO_FEA_HI_styletts.mp4,1,done,styletts,1049,IEO,disgust,fear,yes
FAKE_T1_1049_IOM_HAP_XX__AUDIO_1049_IOM_NEU_XX_styletts,data\synthetic\track1_fakes\videos\FAKE_T1_1049_IOM_HAP_XX__AUDIO_1049_IOM_NEU_XX_styletts.mp4,1,done,styletts,1049,IOM,happy,neutral,yes
FAKE_T1_1049_ITH_ANG_XX__AUDIO_1049_ITH_DIS_XX_styletts,data\synthetic\track1_fakes\videos\FAKE_T1_1049_ITH_ANG_XX__AUDIO_1049_ITH_DIS_XX_styletts.mp4,1,done,styletts,1049,ITH,angry,disgust,yes
FAKE_T1_1049_ITH_NEU_XX__AUDIO_1049_ITH_SAD_XX_styletts,data\synthetic\track1_fakes\videos\FAKE_T1_1049_ITH_NEU_XX__AUDIO_1049_ITH_SAD_XX_styletts.mp4,1,done,styletts,1049,ITH,neutral,sad,yes
FAKE_T1_1049_ITH_SAD_XX__AUDIO_1049_ITH_ANG_XX_styletts,data\synthetic\track1_fakes\videos\FAKE_T1_1049_ITH_SAD_XX__AUDIO_1049_ITH_ANG_XX_styletts.mp4,1,done,styletts,1049,ITH,sad,angry,yes
FAKE_T1_1049_IWL_HAP_XX__AUDIO_1049_IWL_NEU_XX_styletts,data\synthetic\track1_fakes\videos\FAKE_T1_1049_IWL_HAP_XX__AUDIO_1049_IWL_NEU_XX_styletts.mp4,1,done,styletts,1049,IWL,happy,neutral,yes
FAKE_T1_1049_IWW_ANG_XX__AUDIO_1049_IWW_DIS_XX_styletts,data\synthetic\track1_fakes\videos\FAKE_T1_1049_IWW_ANG_XX__AUDIO_1049_IWW_DIS_XX_styletts.mp4,1,done,styletts,1049,IWW,angry,disgust,yes
FAKE_T1_1049_MTI_NEU_XX__AUDIO_1049_MTI_SAD_XX_styletts,data\synthetic\track1_fakes\videos\FAKE_T1_1049_MTI_NEU_XX__AUDIO_1049_MTI_SAD_XX_styletts.mp4,1,done,styletts,1049,MTI,neutral,sad,yes
FAKE_T1_1049_MTI_SAD_XX__AUDIO_1049_MTI_ANG_XX_styletts,data\synthetic\track1_fakes\videos\FAKE_T1_1049_MTI_SAD_XX__AUDIO_1049_MTI_ANG_XX_styletts.mp4,1,done,styletts,1049,MTI,sad,angry,yes
FAKE_T1_1049_TAI_FEA_XX__AUDIO_1049_TAI_HAP_XX_styletts,data\synthetic\track1_fakes\videos\FAKE_T1_1049_TAI_FEA_XX__AUDIO_1049_TAI_HAP_XX_styletts.mp4,1,done,styletts,1049,TAI,fear,happy,yes
FAKE_T1_1049_TSI_ANG_XX__AUDIO_1049_TSI_DIS_XX_styletts,data\synthetic\track1_fakes\videos\FAKE_T1_1049_TSI_ANG_XX__AUDIO_1049_TSI_DIS_XX_styletts.mp4,1,done,styletts,1049,TSI,angry,disgust,yes
FAKE_T1_1049_TSI_FEA_XX__AUDIO_1049_TSI_HAP_XX_styletts,data\synthetic\track1_fakes\videos\FAKE_T1_1049_TSI_FEA_XX__AUDIO_1049_TSI_HAP_XX_styletts.mp4,1,done,styletts,1049,TSI,fear,happy,yes
FAKE_T1_1049_TSI_SAD_XX__AUDIO_1049_TSI_ANG_XX_styletts,data\synthetic\track1_fakes\videos\FAKE_T1_1049_TSI_SAD_XX__AUDIO_1049_TSI_ANG_XX_styletts.mp4,1,done,styletts,1049,TSI,sad,angry,yes
FAKE_T1_1049_WSI_ANG_XX__AUDIO_1049_WSI_DIS_XX_styletts,data\synthetic\track1_fakes\videos\FAKE_T1_1049_WSI_ANG_XX__AUDIO_1049_WSI_DIS_XX_styletts.mp4,1,done,styletts,1049,WSI,angry,disgust,yes
FAKE_T1_1049_WSI_SAD_XX__AUDIO_1049_WSI_ANG_XX_styletts,data\synthetic\track1_fakes\videos\FAKE_T1_1049_WSI_SAD_XX__AUDIO_1049_WSI_ANG_XX_styletts.mp4,1,done,styletts,1049,WSI,sad,angry,yes
FAKE_T1_1050_DFA_FEA_XX__AUDIO_1050_DFA_HAP_XX_styletts,data\synthetic\track1_fakes\videos\FAKE_T1_1050_DFA_FEA_XX__AUDIO_1050_DFA_HAP_XX_styletts.mp4,1,done,styletts,1050,DFA,fear,happy,yes
FAKE_T1_1050_DFA_HAP_XX__AUDIO_1050_DFA_NEU_XX_styletts,data\synthetic\track1_fakes\videos\FAKE_T1_1050_DFA_HAP_XX__AUDIO_1050_DFA_NEU_XX_styletts.mp4,1,done,styletts,1050,DFA,happy,neutral,yes
FAKE_T1_1050_IEO_DIS_LO__AUDIO_1050_IEO_FEA_LO_styletts,data\synthetic\track1_fakes\videos\FAKE_T1_1050_IEO_DIS_LO__AUDIO_1050_IEO_FEA_LO_styletts.mp4,1,done,styletts,1050,IEO,disgust,fear,yes
FAKE_T1_1050_IEO_HAP_LO__AUDIO_1050_IEO_NEU_XX_styletts,data\synthetic\track1_fakes\videos\FAKE_T1_1050_IEO_HAP_LO__AUDIO_1050_IEO_NEU_XX_styletts.mp4,1,done,styletts,1050,IEO,happy,neutral,yes
FAKE_T1_1050_IEO_HAP_MD__AUDIO_1050_IEO_NEU_XX_styletts,data\synthetic\track1_fakes\videos\FAKE_T1_1050_IEO_HAP_MD__AUDIO_1050_IEO_NEU_XX_styletts.mp4,1,done,styletts,1050,IEO,happy,neutral,yes
FAKE_T1_1050_ITH_DIS_XX__AUDIO_1050_ITH_FEA_XX_styletts,data\synthetic\track1_fakes\videos\FAKE_T1_1050_ITH_DIS_XX__AUDIO_1050_ITH_FEA_XX_styletts.mp4,1,done,styletts,1050,ITH,disgust,fear,yes
FAKE_T1_1050_ITH_NEU_XX__AUDIO_1050_ITH_SAD_XX_styletts,data\synthetic\track1_fakes\videos\FAKE_T1_1050_ITH_NEU_XX__AUDIO_1050_ITH_SAD_XX_styletts.mp4,1,done,styletts,1050,ITH,neutral,sad,yes
FAKE_T1_1050_ITH_SAD_XX__AUDIO_1050_ITH_ANG_XX_styletts,data\synthetic\track1_fakes\videos\FAKE_T1_1050_ITH_SAD_XX__AUDIO_1050_ITH_ANG_XX_styletts.mp4,1,done,styletts,1050,ITH,sad,angry,yes
FAKE_T1_1050_ITS_DIS_XX__AUDIO_1050_ITS_FEA_XX_styletts,data\synthetic\track1_fakes\videos\FAKE_T1_1050_ITS_DIS_XX__AUDIO_1050_ITS_FEA_XX_styletts.mp4,1,done,styletts,1050,ITS,disgust,fear,yes
FAKE_T1_1050_ITS_NEU_XX__AUDIO_1050_ITS_SAD_XX_styletts,data\synthetic\track1_fakes\videos\FAKE_T1_1050_ITS_NEU_XX__AUDIO_1050_ITS_SAD_XX_styletts.mp4,1,done,styletts,1050,ITS,neutral,sad,yes
FAKE_T1_1050_IWL_ANG_XX__AUDIO_1050_IWL_DIS_XX_styletts,data\synthetic\track1_fakes\videos\FAKE_T1_1050_IWL_ANG_XX__AUDIO_1050_IWL_DIS_XX_styletts.mp4,1,done,styletts,1050,IWL,angry,disgust,yes
FAKE_T1_1050_IWL_DIS_XX__AUDIO_1050_IWL_FEA_XX_styletts,data\synthetic\track1_fakes\videos\FAKE_T1_1050_IWL_DIS_XX__AUDIO_1050_IWL_FEA_XX_styletts.mp4,1,done,styletts,1050,IWL,disgust,fear,yes
FAKE_T1_1050_IWW_DIS_XX__AUDIO_1050_IWW_FEA_XX_styletts,data\synthetic\track1_fakes\videos\FAKE_T1_1050_IWW_DIS_XX__AUDIO_1050_IWW_FEA_XX_styletts.mp4,1,done,styletts,1050,IWW,disgust,fear,yes
FAKE_T1_1050_MTI_FEA_XX__AUDIO_1050_MTI_HAP_XX_styletts,data\synthetic\track1_fakes\videos\FAKE_T1_1050_MTI_FEA_XX__AUDIO_1050_MTI_HAP_XX_styletts.mp4,1,done,styletts,1050,MTI,fear,happy,yes
FAKE_T1_1050_TSI_DIS_XX__AUDIO_1050_TSI_FEA_XX_styletts,data\synthetic\track1_fakes\videos\FAKE_T1_1050_TSI_DIS_XX__AUDIO_1050_TSI_FEA_XX_styletts.mp4,1,done,styletts,1050,TSI,disgust,fear,yes
FAKE_T1_1050_TSI_FEA_XX__AUDIO_1050_TSI_HAP_XX_styletts,data\synthetic\track1_fakes\videos\FAKE_T1_1050_TSI_FEA_XX__AUDIO_1050_TSI_HAP_XX_styletts.mp4,1,done,styletts,1050,TSI,fear,happy,yes
FAKE_T1_1051_DFA_HAP_XX__AUDIO_1051_DFA_NEU_XX_styletts,data\synthetic\track1_fakes\videos\FAKE_T1_1051_DFA_HAP_XX__AUDIO_1051_DFA_NEU_XX_styletts.mp4,1,done,styletts,1051,DFA,happy,neutral,yes
FAKE_T1_1051_DFA_SAD_XX__AUDIO_1051_DFA_ANG_XX_styletts,data\synthetic\track1_fakes\videos\FAKE_T1_1051_DFA_SAD_XX__AUDIO_1051_DFA_ANG_XX_styletts.mp4,1,done,styletts,1051,DFA,sad,angry,yes
FAKE_T1_1051_IEO_ANG_MD__AUDIO_1051_IEO_DIS_MD_styletts,data\synthetic\track1_fakes\videos\FAKE_T1_1051_IEO_ANG_MD__AUDIO_1051_IEO_DIS_MD_styletts.mp4,1,done,styletts,1051,IEO,angry,disgust,yes
FAKE_T1_1051_IEO_DIS_HI__AUDIO_1051_IEO_FEA_HI_styletts,data\synthetic\track1_fakes\videos\FAKE_T1_1051_IEO_DIS_HI__AUDIO_1051_IEO_FEA_HI_styletts.mp4,1,done,styletts,1051,IEO,disgust,fear,yes
FAKE_T1_1051_IOM_FEA_XX__AUDIO_1051_IOM_HAP_XX_styletts,data\synthetic\track1_fakes\videos\FAKE_T1_1051_IOM_FEA_XX__AUDIO_1051_IOM_HAP_XX_styletts.mp4,1,done,styletts,1051,IOM,fear,happy,yes
FAKE_T1_1051_IOM_NEU_XX__AUDIO_1051_IOM_SAD_XX_styletts,data\synthetic\track1_fakes\videos\FAKE_T1_1051_IOM_NEU_XX__AUDIO_1051_IOM_SAD_XX_styletts.mp4,1,done,styletts,1051,IOM,neutral,sad,yes
FAKE_T1_1051_ITH_DIS_XX__AUDIO_1051_ITH_FEA_XX_styletts,data\synthetic\track1_fakes\videos\FAKE_T1_1051_ITH_DIS_XX__AUDIO_1051_ITH_FEA_XX_styletts.mp4,1,done,styletts,1051,ITH,disgust,fear,yes
FAKE_T1_1051_ITS_ANG_XX__AUDIO_1051_ITS_DIS_XX_styletts,data\synthetic\track1_fakes\videos\FAKE_T1_1051_ITS_ANG_XX__AUDIO_1051_ITS_DIS_XX_styletts.mp4,1,done,styletts,1051,ITS,angry,disgust,yes
FAKE_T1_1051_ITS_HAP_XX__AUDIO_1051_ITS_NEU_XX_styletts,data\synthetic\track1_fakes\videos\FAKE_T1_1051_ITS_HAP_XX__AUDIO_1051_ITS_NEU_XX_styletts.mp4,1,done,styletts,1051,ITS,happy,neutral,yes
FAKE_T1_1051_IWW_ANG_XX__AUDIO_1051_IWW_DIS_XX_styletts,data\synthetic\track1_fakes\videos\FAKE_T1_1051_IWW_ANG_XX__AUDIO_1051_IWW_DIS_XX_styletts.mp4,1,done,styletts,1051,IWW,angry,disgust,yes
FAKE_T1_1051_MTI_NEU_XX__AUDIO_1051_MTI_SAD_XX_styletts,data\synthetic\track1_fakes\videos\FAKE_T1_1051_MTI_NEU_XX__AUDIO_1051_MTI_SAD_XX_styletts.mp4,1,done,styletts,1051,MTI,neutral,sad,yes
FAKE_T1_1051_MTI_SAD_XX__AUDIO_1051_MTI_ANG_XX_styletts,data\synthetic\track1_fakes\videos\FAKE_T1_1051_MTI_SAD_XX__AUDIO_1051_MTI_ANG_XX_styletts.mp4,1,done,styletts,1051,MTI,sad,angry,yes
FAKE_T1_1051_TIE_NEU_XX__AUDIO_1051_TIE_SAD_XX_styletts,data\synthetic\track1_fakes\videos\FAKE_T1_1051_TIE_NEU_XX__AUDIO_1051_TIE_SAD_XX_styletts.mp4,1,done,styletts,1051,TIE,neutral,sad,yes
FAKE_T1_1051_TSI_DIS_XX__AUDIO_1051_TSI_FEA_XX_styletts,data\synthetic\track1_fakes\videos\FAKE_T1_1051_TSI_DIS_XX__AUDIO_1051_TSI_FEA_XX_styletts.mp4,1,done,styletts,1051,TSI,disgust,fear,yes
FAKE_T1_1051_TSI_SAD_XX__AUDIO_1051_TSI_ANG_XX_styletts,data\synthetic\track1_fakes\videos\FAKE_T1_1051_TSI_SAD_XX__AUDIO_1051_TSI_ANG_XX_styletts.mp4,1,done,styletts,1051,TSI,sad,angry,yes
FAKE_T1_1051_WSI_SAD_XX__AUDIO_1051_WSI_ANG_XX_styletts,data\synthetic\track1_fakes\videos\FAKE_T1_1051_WSI_SAD_XX__AUDIO_1051_WSI_ANG_XX_styletts.mp4,1,done,styletts,1051,WSI,sad,angry,yes
FAKE_T1_1052_IEO_DIS_LO__AUDIO_1052_IEO_FEA_LO_styletts,data\synthetic\track1_fakes\videos\FAKE_T1_1052_IEO_DIS_LO__AUDIO_1052_IEO_FEA_LO_styletts.mp4,1,done,styletts,1052,IEO,disgust,fear,yes
FAKE_T1_1052_IEO_HAP_HI__AUDIO_1052_IEO_NEU_XX_styletts,data\synthetic\track1_fakes\videos\FAKE_T1_1052_IEO_HAP_HI__AUDIO_1052_IEO_NEU_XX_styletts.mp4,1,done,styletts,1052,IEO,happy,neutral,yes
FAKE_T1_1052_IEO_HAP_LO__AUDIO_1052_IEO_NEU_XX_styletts,data\synthetic\track1_fakes\videos\FAKE_T1_1052_IEO_HAP_LO__AUDIO_1052_IEO_NEU_XX_styletts.mp4,1,done,styletts,1052,IEO,happy,neutral,yes
FAKE_T1_1052_ITH_FEA_XX__AUDIO_1052_ITH_HAP_XX_styletts,data\synthetic\track1_fakes\videos\FAKE_T1_1052_ITH_FEA_XX__AUDIO_1052_ITH_HAP_XX_styletts.mp4,1,done,styletts,1052,ITH,fear,happy,yes
FAKE_T1_1052_ITS_HAP_XX__AUDIO_1052_ITS_NEU_XX_styletts,data\synthetic\track1_fakes\videos\FAKE_T1_1052_ITS_HAP_XX__AUDIO_1052_ITS_NEU_XX_styletts.mp4,1,done,styletts,1052,ITS,happy,neutral,yes
FAKE_T1_1052_IWL_FEA_XX__AUDIO_1052_IWL_HAP_XX_styletts,data\synthetic\track1_fakes\videos\FAKE_T1_1052_IWL_FEA_XX__AUDIO_1052_IWL_HAP_XX_styletts.mp4,1,done,styletts,1052,IWL,fear,happy,yes
FAKE_T1_1052_IWW_ANG_XX__AUDIO_1052_IWW_DIS_XX_styletts,data\synthetic\track1_fakes\videos\FAKE_T1_1052_IWW_ANG_XX__AUDIO_1052_IWW_DIS_XX_styletts.mp4,1,done,styletts,1052,IWW,angry,disgust,yes
FAKE_T1_1052_IWW_NEU_XX__AUDIO_1052_IWW_SAD_XX_styletts,data\synthetic\track1_fakes\videos\FAKE_T1_1052_IWW_NEU_XX__AUDIO_1052_IWW_SAD_XX_styletts.mp4,1,done,styletts,1052,IWW,neutral,sad,yes
FAKE_T1_1052_MTI_FEA_XX__AUDIO_1052_MTI_HAP_XX_styletts,data\synthetic\track1_fakes\videos\FAKE_T1_1052_MTI_FEA_XX__AUDIO_1052_MTI_HAP_XX_styletts.mp4,1,done,styletts,1052,MTI,fear,happy,yes
FAKE_T1_1052_MTI_NEU_XX__AUDIO_1052_MTI_SAD_XX_styletts,data\synthetic\track1_fakes\videos\FAKE_T1_1052_MTI_NEU_XX__AUDIO_1052_MTI_SAD_XX_styletts.mp4,1,done,styletts,1052,MTI,neutral,sad,yes
FAKE_T1_1052_TAI_ANG_XX__AUDIO_1052_TAI_DIS_XX_styletts,data\synthetic\track1_fakes\videos\FAKE_T1_1052_TAI_ANG_XX__AUDIO_1052_TAI_DIS_XX_styletts.mp4,1,done,styletts,1052,TAI,angry,disgust,yes
FAKE_T1_1052_TIE_ANG_XX__AUDIO_1052_TIE_DIS_XX_styletts,data\synthetic\track1_fakes\videos\FAKE_T1_1052_TIE_ANG_XX__AUDIO_1052_TIE_DIS_XX_styletts.mp4,1,done,styletts,1052,TIE,angry,disgust,yes
FAKE_T1_1052_TIE_DIS_XX__AUDIO_1052_TIE_FEA_XX_styletts,data\synthetic\track1_fakes\videos\FAKE_T1_1052_TIE_DIS_XX__AUDIO_1052_TIE_FEA_XX_styletts.mp4,1,done,styletts,1052,TIE,disgust,fear,yes
FAKE_T1_1052_TIE_FEA_XX__AUDIO_1052_TIE_HAP_XX_styletts,data\synthetic\track1_fakes\videos\FAKE_T1_1052_TIE_FEA_XX__AUDIO_1052_TIE_HAP_XX_styletts.mp4,1,done,styletts,1052,TIE,fear,happy,yes
FAKE_T1_1052_TIE_NEU_XX__AUDIO_1052_TIE_SAD_XX_styletts,data\synthetic\track1_fakes\videos\FAKE_T1_1052_TIE_NEU_XX__AUDIO_1052_TIE_SAD_XX_styletts.mp4,1,done,styletts,1052,TIE,neutral,sad,yes
FAKE_T1_1052_TSI_FEA_XX__AUDIO_1052_TSI_HAP_XX_styletts,data\synthetic\track1_fakes\videos\FAKE_T1_1052_TSI_FEA_XX__AUDIO_1052_TSI_HAP_XX_styletts.mp4,1,done,styletts,1052,TSI,fear,happy,yes
FAKE_T1_1053_DFA_ANG_XX__AUDIO_1053_DFA_DIS_XX_styletts,data\synthetic\track1_fakes\videos\FAKE_T1_1053_DFA_ANG_XX__AUDIO_1053_DFA_DIS_XX_styletts.mp4,1,done,styletts,1053,DFA,angry,disgust,yes
FAKE_T1_1053_IEO_ANG_MD__AUDIO_1053_IEO_DIS_MD_styletts,data\synthetic\track1_fakes\videos\FAKE_T1_1053_IEO_ANG_MD__AUDIO_1053_IEO_DIS_MD_styletts.mp4,1,done,styletts,1053,IEO,angry,disgust,yes
FAKE_T1_1053_IEO_DIS_LO__AUDIO_1053_IEO_FEA_LO_styletts,data\synthetic\track1_fakes\videos\FAKE_T1_1053_IEO_DIS_LO__AUDIO_1053_IEO_FEA_LO_styletts.mp4,1,done,styletts,1053,IEO,disgust,fear,yes
FAKE_T1_1053_IEO_HAP_HI__AUDIO_1053_IEO_NEU_XX_styletts,data\synthetic\track1_fakes\videos\FAKE_T1_1053_IEO_HAP_HI__AUDIO_1053_IEO_NEU_XX_styletts.mp4,1,done,styletts,1053,IEO,happy,neutral,yes
FAKE_T1_1053_IEO_SAD_HI__AUDIO_1053_IEO_ANG_HI_styletts,data\synthetic\track1_fakes\videos\FAKE_T1_1053_IEO_SAD_HI__AUDIO_1053_IEO_ANG_HI_styletts.mp4,1,done,styletts,1053,IEO,sad,angry,yes
FAKE_T1_1053_IEO_SAD_MD__AUDIO_1053_IEO_ANG_MD_styletts,data\synthetic\track1_fakes\videos\FAKE_T1_1053_IEO_SAD_MD__AUDIO_1053_IEO_ANG_MD_styletts.mp4,1,done,styletts,1053,IEO,sad,angry,yes
FAKE_T1_1053_ITS_ANG_XX__AUDIO_1053_ITS_DIS_XX_styletts,data\synthetic\track1_fakes\videos\FAKE_T1_1053_ITS_ANG_XX__AUDIO_1053_ITS_DIS_XX_styletts.mp4,1,done,styletts,1053,ITS,angry,disgust,yes
FAKE_T1_1053_ITS_NEU_XX__AUDIO_1053_ITS_SAD_XX_styletts,data\synthetic\track1_fakes\videos\FAKE_T1_1053_ITS_NEU_XX__AUDIO_1053_ITS_SAD_XX_styletts.mp4,1,done,styletts,1053,ITS,neutral,sad,yes
FAKE_T1_1053_IWL_HAP_XX__AUDIO_1053_IWL_NEU_XX_styletts,data\synthetic\track1_fakes\videos\FAKE_T1_1053_IWL_HAP_XX__AUDIO_1053_IWL_NEU_XX_styletts.mp4,1,done,styletts,1053,IWL,happy,neutral,yes
FAKE_T1_1053_IWW_SAD_XX__AUDIO_1053_IWW_ANG_XX_styletts,data\synthetic\track1_fakes\videos\FAKE_T1_1053_IWW_SAD_XX__AUDIO_1053_IWW_ANG_XX_styletts.mp4,1,done,styletts,1053,IWW,sad,angry,yes
FAKE_T1_1053_MTI_ANG_XX__AUDIO_1053_MTI_DIS_XX_styletts,data\synthetic\track1_fakes\videos\FAKE_T1_1053_MTI_ANG_XX__AUDIO_1053_MTI_DIS_XX_styletts.mp4,1,done,styletts,1053,MTI,angry,disgust,yes
FAKE_T1_1053_TAI_HAP_XX__AUDIO_1053_TAI_NEU_XX_styletts,data\synthetic\track1_fakes\videos\FAKE_T1_1053_TAI_HAP_XX__AUDIO_1053_TAI_NEU_XX_styletts.mp4,1,done,styletts,1053,TAI,happy,neutral,yes
FAKE_T1_1053_TAI_NEU_XX__AUDIO_1053_TAI_SAD_XX_styletts,data\synthetic\track1_fakes\videos\FAKE_T1_1053_TAI_NEU_XX__AUDIO_1053_TAI_SAD_XX_styletts.mp4,1,done,styletts,1053,TAI,neutral,sad,yes
FAKE_T1_1053_TIE_FEA_XX__AUDIO_1053_TIE_HAP_XX_styletts,data\synthetic\track1_fakes\videos\FAKE_T1_1053_TIE_FEA_XX__AUDIO_1053_TIE_HAP_XX_styletts.mp4,1,done,styletts,1053,TIE,fear,happy,yes
FAKE_T1_1053_TIE_SAD_XX__AUDIO_1053_TIE_ANG_XX_styletts,data\synthetic\track1_fakes\videos\FAKE_T1_1053_TIE_SAD_XX__AUDIO_1053_TIE_ANG_XX_styletts.mp4,1,done,styletts,1053,TIE,sad,angry,yes
FAKE_T1_1053_WSI_ANG_XX__AUDIO_1053_WSI_DIS_XX_styletts,data\synthetic\track1_fakes\videos\FAKE_T1_1053_WSI_ANG_XX__AUDIO_1053_WSI_DIS_XX_styletts.mp4,1,done,styletts,1053,WSI,angry,disgust,yes
FAKE_T1_1054_IEO_DIS_HI__AUDIO_1054_IEO_FEA_HI_styletts,data\synthetic\track1_fakes\videos\FAKE_T1_1054_IEO_DIS_HI__AUDIO_1054_IEO_FEA_HI_styletts.mp4,1,done,styletts,1054,IEO,disgust,fear,yes
FAKE_T1_1054_IEO_DIS_LO__AUDIO_1054_IEO_FEA_LO_styletts,data\synthetic\track1_fakes\videos\FAKE_T1_1054_IEO_DIS_LO__AUDIO_1054_IEO_FEA_LO_styletts.mp4,1,done,styletts,1054,IEO,disgust,fear,yes
FAKE_T1_1054_IEO_SAD_LO__AUDIO_1054_IEO_ANG_LO_styletts,data\synthetic\track1_fakes\videos\FAKE_T1_1054_IEO_SAD_LO__AUDIO_1054_IEO_ANG_LO_styletts.mp4,1,done,styletts,1054,IEO,sad,angry,yes
FAKE_T1_1054_ITH_NEU_XX__AUDIO_1054_ITH_SAD_XX_styletts,data\synthetic\track1_fakes\videos\FAKE_T1_1054_ITH_NEU_XX__AUDIO_1054_ITH_SAD_XX_styletts.mp4,1,done,styletts,1054,ITH,neutral,sad,yes
FAKE_T1_1054_ITS_ANG_XX__AUDIO_1054_ITS_DIS_XX_styletts,data\synthetic\track1_fakes\videos\FAKE_T1_1054_ITS_ANG_XX__AUDIO_1054_ITS_DIS_XX_styletts.mp4,1,done,styletts,1054,ITS,angry,disgust,yes
FAKE_T1_1054_ITS_FEA_XX__AUDIO_1054_ITS_HAP_XX_styletts,data\synthetic\track1_fakes\videos\FAKE_T1_1054_ITS_FEA_XX__AUDIO_1054_ITS_HAP_XX_styletts.mp4,1,done,styletts,1054,ITS,fear,happy,yes
FAKE_T1_1054_IWL_ANG_XX__AUDIO_1054_IWL_DIS_XX_styletts,data\synthetic\track1_fakes\videos\FAKE_T1_1054_IWL_ANG_XX__AUDIO_1054_IWL_DIS_XX_styletts.mp4,1,done,styletts,1054,IWL,angry,disgust,yes
FAKE_T1_1054_IWL_NEU_XX__AUDIO_1054_IWL_SAD_XX_styletts,data\synthetic\track1_fakes\videos\FAKE_T1_1054_IWL_NEU_XX__AUDIO_1054_IWL_SAD_XX_styletts.mp4,1,done,styletts,1054,IWL,neutral,sad,yes
FAKE_T1_1054_MTI_SAD_XX__AUDIO_1054_MTI_ANG_XX_styletts,data\synthetic\track1_fakes\videos\FAKE_T1_1054_MTI_SAD_XX__AUDIO_1054_MTI_ANG_XX_styletts.mp4,1,done,styletts,1054,MTI,sad,angry,yes
FAKE_T1_1054_TAI_ANG_XX__AUDIO_1054_TAI_DIS_XX_styletts,data\synthetic\track1_fakes\videos\FAKE_T1_1054_TAI_ANG_XX__AUDIO_1054_TAI_DIS_XX_styletts.mp4,1,done,styletts,1054,TAI,angry,disgust,yes
FAKE_T1_1054_TAI_DIS_XX__AUDIO_1054_TAI_FEA_XX_styletts,data\synthetic\track1_fakes\videos\FAKE_T1_1054_TAI_DIS_XX__AUDIO_1054_TAI_FEA_XX_styletts.mp4,1,done,styletts,1054,TAI,disgust,fear,yes
FAKE_T1_1054_TIE_FEA_XX__AUDIO_1054_TIE_HAP_XX_styletts,data\synthetic\track1_fakes\videos\FAKE_T1_1054_TIE_FEA_XX__AUDIO_1054_TIE_HAP_XX_styletts.mp4,1,done,styletts,1054,TIE,fear,happy,yes
FAKE_T1_1054_TIE_SAD_XX__AUDIO_1054_TIE_ANG_XX_styletts,data\synthetic\track1_fakes\videos\FAKE_T1_1054_TIE_SAD_XX__AUDIO_1054_TIE_ANG_XX_styletts.mp4,1,done,styletts,1054,TIE,sad,angry,yes
FAKE_T1_1054_TSI_ANG_XX__AUDIO_1054_TSI_DIS_XX_styletts,data\synthetic\track1_fakes\videos\FAKE_T1_1054_TSI_ANG_XX__AUDIO_1054_TSI_DIS_XX_styletts.mp4,1,done,styletts,1054,TSI,angry,disgust,yes
FAKE_T1_1054_TSI_HAP_XX__AUDIO_1054_TSI_NEU_XX_styletts,data\synthetic\track1_fakes\videos\FAKE_T1_1054_TSI_HAP_XX__AUDIO_1054_TSI_NEU_XX_styletts.mp4,1,done,styletts,1054,TSI,happy,neutral,yes
FAKE_T1_1054_WSI_ANG_XX__AUDIO_1054_WSI_DIS_XX_styletts,data\synthetic\track1_fakes\videos\FAKE_T1_1054_WSI_ANG_XX__AUDIO_1054_WSI_DIS_XX_styletts.mp4,1,done,styletts,1054,WSI,angry,disgust,yes
FAKE_T1_1055_DFA_FEA_XX__AUDIO_1055_DFA_HAP_XX_styletts,data\synthetic\track1_fakes\videos\FAKE_T1_1055_DFA_FEA_XX__AUDIO_1055_DFA_HAP_XX_styletts.mp4,1,done,styletts,1055,DFA,fear,happy,yes
FAKE_T1_1055_IEO_ANG_MD__AUDIO_1055_IEO_DIS_MD_styletts,data\synthetic\track1_fakes\videos\FAKE_T1_1055_IEO_ANG_MD__AUDIO_1055_IEO_DIS_MD_styletts.mp4,1,done,styletts,1055,IEO,angry,disgust,yes
FAKE_T1_1055_IEO_HAP_HI__AUDIO_1055_IEO_NEU_XX_styletts,data\synthetic\track1_fakes\videos\FAKE_T1_1055_IEO_HAP_HI__AUDIO_1055_IEO_NEU_XX_styletts.mp4,1,done,styletts,1055,IEO,happy,neutral,yes
FAKE_T1_1055_IEO_SAD_LO__AUDIO_1055_IEO_ANG_LO_styletts,data\synthetic\track1_fakes\videos\FAKE_T1_1055_IEO_SAD_LO__AUDIO_1055_IEO_ANG_LO_styletts.mp4,1,done,styletts,1055,IEO,sad,angry,yes
FAKE_T1_1055_IOM_SAD_XX__AUDIO_1055_IOM_ANG_XX_styletts,data\synthetic\track1_fakes\videos\FAKE_T1_1055_IOM_SAD_XX__AUDIO_1055_IOM_ANG_XX_styletts.mp4,1,done,styletts,1055,IOM,sad,angry,yes
FAKE_T1_1055_ITH_ANG_XX__AUDIO_1055_ITH_DIS_XX_styletts,data\synthetic\track1_fakes\videos\FAKE_T1_1055_ITH_ANG_XX__AUDIO_1055_ITH_DIS_XX_styletts.mp4,1,done,styletts,1055,ITH,angry,disgust,yes
FAKE_T1_1055_ITS_ANG_XX__AUDIO_1055_ITS_DIS_XX_styletts,data\synthetic\track1_fakes\videos\FAKE_T1_1055_ITS_ANG_XX__AUDIO_1055_ITS_DIS_XX_styletts.mp4,1,done,styletts,1055,ITS,angry,disgust,yes
FAKE_T1_1055_IWL_FEA_XX__AUDIO_1055_IWL_HAP_XX_styletts,data\synthetic\track1_fakes\videos\FAKE_T1_1055_IWL_FEA_XX__AUDIO_1055_IWL_HAP_XX_styletts.mp4,1,done,styletts,1055,IWL,fear,happy,yes
FAKE_T1_1055_IWL_NEU_XX__AUDIO_1055_IWL_SAD_XX_styletts,data\synthetic\track1_fakes\videos\FAKE_T1_1055_IWL_NEU_XX__AUDIO_1055_IWL_SAD_XX_styletts.mp4,1,done,styletts,1055,IWL,neutral,sad,yes
FAKE_T1_1055_MTI_FEA_XX__AUDIO_1055_MTI_HAP_XX_styletts,data\synthetic\track1_fakes\videos\FAKE_T1_1055_MTI_FEA_XX__AUDIO_1055_MTI_HAP_XX_styletts.mp4,1,done,styletts,1055,MTI,fear,happy,yes
FAKE_T1_1055_MTI_SAD_XX__AUDIO_1055_MTI_ANG_XX_styletts,data\synthetic\track1_fakes\videos\FAKE_T1_1055_MTI_SAD_XX__AUDIO_1055_MTI_ANG_XX_styletts.mp4,1,done,styletts,1055,MTI,sad,angry,yes
FAKE_T1_1055_TIE_ANG_XX__AUDIO_1055_TIE_DIS_XX_styletts,data\synthetic\track1_fakes\videos\FAKE_T1_1055_TIE_ANG_XX__AUDIO_1055_TIE_DIS_XX_styletts.mp4,1,done,styletts,1055,TIE,angry,disgust,yes
FAKE_T1_1055_WSI_ANG_XX__AUDIO_1055_WSI_DIS_XX_styletts,data\synthetic\track1_fakes\videos\FAKE_T1_1055_WSI_ANG_XX__AUDIO_1055_WSI_DIS_XX_styletts.mp4,1,done,styletts,1055,WSI,angry,disgust,yes
FAKE_T1_1055_WSI_FEA_XX__AUDIO_1055_WSI_HAP_XX_styletts,data\synthetic\track1_fakes\videos\FAKE_T1_1055_WSI_FEA_XX__AUDIO_1055_WSI_HAP_XX_styletts.mp4,1,done,styletts,1055,WSI,fear,happy,yes
FAKE_T1_1055_WSI_NEU_XX__AUDIO_1055_WSI_SAD_XX_styletts,data\synthetic\track1_fakes\videos\FAKE_T1_1055_WSI_NEU_XX__AUDIO_1055_WSI_SAD_XX_styletts.mp4,1,done,styletts,1055,WSI,neutral,sad,yes
FAKE_T1_1055_WSI_SAD_XX__AUDIO_1055_WSI_ANG_XX_styletts,data\synthetic\track1_fakes\videos\FAKE_T1_1055_WSI_SAD_XX__AUDIO_1055_WSI_ANG_XX_styletts.mp4,1,done,styletts,1055,WSI,sad,angry,yes
FAKE_T1_1056_DFA_ANG_XX__AUDIO_1056_DFA_DIS_XX_styletts,data\synthetic\track1_fakes\videos\FAKE_T1_1056_DFA_ANG_XX__AUDIO_1056_DFA_DIS_XX_styletts.mp4,1,done,styletts,1056,DFA,angry,disgust,yes
FAKE_T1_1056_DFA_FEA_XX__AUDIO_1056_DFA_HAP_XX_styletts,data\synthetic\track1_fakes\videos\FAKE_T1_1056_DFA_FEA_XX__AUDIO_1056_DFA_HAP_XX_styletts.mp4,1,done,styletts,1056,DFA,fear,happy,yes
FAKE_T1_1056_IEO_ANG_HI__AUDIO_1056_IEO_DIS_HI_styletts,data\synthetic\track1_fakes\videos\FAKE_T1_1056_IEO_ANG_HI__AUDIO_1056_IEO_DIS_HI_styletts.mp4,1,done,styletts,1056,IEO,angry,disgust,yes
FAKE_T1_1056_IEO_DIS_HI__AUDIO_1056_IEO_FEA_HI_styletts,data\synthetic\track1_fakes\videos\FAKE_T1_1056_IEO_DIS_HI__AUDIO_1056_IEO_FEA_HI_styletts.mp4,1,done,styletts,1056,IEO,disgust,fear,yes
FAKE_T1_1056_IEO_FEA_HI__AUDIO_1056_IEO_HAP_HI_styletts,data\synthetic\track1_fakes\videos\FAKE_T1_1056_IEO_FEA_HI__AUDIO_1056_IEO_HAP_HI_styletts.mp4,1,done,styletts,1056,IEO,fear,happy,yes
FAKE_T1_1056_IEO_NEU_XX__AUDIO_1056_IEO_SAD_HI_styletts,data\synthetic\track1_fakes\videos\FAKE_T1_1056_IEO_NEU_XX__AUDIO_1056_IEO_SAD_HI_styletts.mp4,1,done,styletts,1056,IEO,neutral,sad,yes
FAKE_T1_1056_ITH_SAD_XX__AUDIO_1056_ITH_ANG_XX_styletts,data\synthetic\track1_fakes\videos\FAKE_T1_1056_ITH_SAD_XX__AUDIO_1056_ITH_ANG_XX_styletts.mp4,1,done,styletts,1056,ITH,sad,angry,yes
FAKE_T1_1056_ITS_DIS_XX__AUDIO_1056_ITS_FEA_XX_styletts,data\synthetic\track1_fakes\videos\FAKE_T1_1056_ITS_DIS_XX__AUDIO_1056_ITS_FEA_XX_styletts.mp4,1,done,styletts,1056,ITS,disgust,fear,yes
FAKE_T1_1056_ITS_HAP_XX__AUDIO_1056_ITS_NEU_XX_styletts,data\synthetic\track1_fakes\videos\FAKE_T1_1056_ITS_HAP_XX__AUDIO_1056_ITS_NEU_XX_styletts.mp4,1,done,styletts,1056,ITS,happy,neutral,yes
FAKE_T1_1056_IWL_DIS_XX__AUDIO_1056_IWL_FEA_XX_styletts,data\synthetic\track1_fakes\videos\FAKE_T1_1056_IWL_DIS_XX__AUDIO_1056_IWL_FEA_XX_styletts.mp4,1,done,styletts,1056,IWL,disgust,fear,yes
FAKE_T1_1056_IWL_FEA_XX__AUDIO_1056_IWL_HAP_XX_styletts,data\synthetic\track1_fakes\videos\FAKE_T1_1056_IWL_FEA_XX__AUDIO_1056_IWL_HAP_XX_styletts.mp4,1,done,styletts,1056,IWL,fear,happy,yes
FAKE_T1_1056_IWL_HAP_XX__AUDIO_1056_IWL_NEU_XX_styletts,data\synthetic\track1_fakes\videos\FAKE_T1_1056_IWL_HAP_XX__AUDIO_1056_IWL_NEU_XX_styletts.mp4,1,done,styletts,1056,IWL,happy,neutral,yes
FAKE_T1_1056_IWW_SAD_XX__AUDIO_1056_IWW_ANG_XX_styletts,data\synthetic\track1_fakes\videos\FAKE_T1_1056_IWW_SAD_XX__AUDIO_1056_IWW_ANG_XX_styletts.mp4,1,done,styletts,1056,IWW,sad,angry,yes
FAKE_T1_1056_TSI_FEA_XX__AUDIO_1056_TSI_HAP_XX_styletts,data\synthetic\track1_fakes\videos\FAKE_T1_1056_TSI_FEA_XX__AUDIO_1056_TSI_HAP_XX_styletts.mp4,1,done,styletts,1056,TSI,fear,happy,yes
FAKE_T1_1056_WSI_FEA_XX__AUDIO_1056_WSI_HAP_XX_styletts,data\synthetic\track1_fakes\videos\FAKE_T1_1056_WSI_FEA_XX__AUDIO_1056_WSI_HAP_XX_styletts.mp4,1,done,styletts,1056,WSI,fear,happy,yes
FAKE_T1_1056_WSI_SAD_XX__AUDIO_1056_WSI_ANG_XX_styletts,data\synthetic\track1_fakes\videos\FAKE_T1_1056_WSI_SAD_XX__AUDIO_1056_WSI_ANG_XX_styletts.mp4,1,done,styletts,1056,WSI,sad,angry,yes
FAKE_T1_1057_DFA_DIS_XX__AUDIO_1057_DFA_FEA_XX_styletts,data\synthetic\track1_fakes\videos\FAKE_T1_1057_DFA_DIS_XX__AUDIO_1057_DFA_FEA_XX_styletts.mp4,1,done,styletts,1057,DFA,disgust,fear,yes
FAKE_T1_1057_DFA_SAD_XX__AUDIO_1057_DFA_ANG_XX_styletts,data\synthetic\track1_fakes\videos\FAKE_T1_1057_DFA_SAD_XX__AUDIO_1057_DFA_ANG_XX_styletts.mp4,1,done,styletts,1057,DFA,sad,angry,yes
FAKE_T1_1057_IEO_ANG_MD__AUDIO_1057_IEO_DIS_MD_styletts,data\synthetic\track1_fakes\videos\FAKE_T1_1057_IEO_ANG_MD__AUDIO_1057_IEO_DIS_MD_styletts.mp4,1,done,styletts,1057,IEO,angry,disgust,yes
FAKE_T1_1057_IEO_FEA_LO__AUDIO_1057_IEO_HAP_LO_styletts,data\synthetic\track1_fakes\videos\FAKE_T1_1057_IEO_FEA_LO__AUDIO_1057_IEO_HAP_LO_styletts.mp4,1,done,styletts,1057,IEO,fear,happy,yes
FAKE_T1_1057_IOM_ANG_XX__AUDIO_1057_IOM_DIS_XX_styletts,data\synthetic\track1_fakes\videos\FAKE_T1_1057_IOM_ANG_XX__AUDIO_1057_IOM_DIS_XX_styletts.mp4,1,done,styletts,1057,IOM,angry,disgust,yes
FAKE_T1_1057_ITH_DIS_XX__AUDIO_1057_ITH_FEA_XX_styletts,data\synthetic\track1_fakes\videos\FAKE_T1_1057_ITH_DIS_XX__AUDIO_1057_ITH_FEA_XX_styletts.mp4,1,done,styletts,1057,ITH,disgust,fear,yes
FAKE_T1_1057_IWL_NEU_XX__AUDIO_1057_IWL_SAD_XX_styletts,data\synthetic\track1_fakes\videos\FAKE_T1_1057_IWL_NEU_XX__AUDIO_1057_IWL_SAD_XX_styletts.mp4,1,done,styletts,1057,IWL,neutral,sad,yes
FAKE_T1_1057_IWL_SAD_XX__AUDIO_1057_IWL_ANG_XX_styletts,data\synthetic\track1_fakes\videos\FAKE_T1_1057_IWL_SAD_XX__AUDIO_1057_IWL_ANG_XX_styletts.mp4,1,done,styletts,1057,IWL,sad,angry,yes
FAKE_T1_1057_IWW_HAP_XX__AUDIO_1057_IWW_NEU_XX_styletts,data\synthetic\track1_fakes\videos\FAKE_T1_1057_IWW_HAP_XX__AUDIO_1057_IWW_NEU_XX_styletts.mp4,1,done,styletts,1057,IWW,happy,neutral,yes
FAKE_T1_1057_IWW_NEU_XX__AUDIO_1057_IWW_SAD_XX_styletts,data\synthetic\track1_fakes\videos\FAKE_T1_1057_IWW_NEU_XX__AUDIO_1057_IWW_SAD_XX_styletts.mp4,1,done,styletts,1057,IWW,neutral,sad,yes
FAKE_T1_1057_MTI_HAP_XX__AUDIO_1057_MTI_NEU_XX_styletts,data\synthetic\track1_fakes\videos\FAKE_T1_1057_MTI_HAP_XX__AUDIO_1057_MTI_NEU_XX_styletts.mp4,1,done,styletts,1057,MTI,happy,neutral,yes
FAKE_T1_1057_MTI_NEU_XX__AUDIO_1057_MTI_SAD_XX_styletts,data\synthetic\track1_fakes\videos\FAKE_T1_1057_MTI_NEU_XX__AUDIO_1057_MTI_SAD_XX_styletts.mp4,1,done,styletts,1057,MTI,neutral,sad,yes
FAKE_T1_1057_TIE_NEU_XX__AUDIO_1057_TIE_SAD_XX_styletts,data\synthetic\track1_fakes\videos\FAKE_T1_1057_TIE_NEU_XX__AUDIO_1057_TIE_SAD_XX_styletts.mp4,1,done,styletts,1057,TIE,neutral,sad,yes
FAKE_T1_1057_TSI_ANG_XX__AUDIO_1057_TSI_DIS_XX_styletts,data\synthetic\track1_fakes\videos\FAKE_T1_1057_TSI_ANG_XX__AUDIO_1057_TSI_DIS_XX_styletts.mp4,1,done,styletts,1057,TSI,angry,disgust,yes
FAKE_T1_1057_TSI_HAP_XX__AUDIO_1057_TSI_NEU_XX_styletts,data\synthetic\track1_fakes\videos\FAKE_T1_1057_TSI_HAP_XX__AUDIO_1057_TSI_NEU_XX_styletts.mp4,1,done,styletts,1057,TSI,happy,neutral,yes
FAKE_T1_1057_WSI_FEA_XX__AUDIO_1057_WSI_HAP_XX_styletts,data\synthetic\track1_fakes\videos\FAKE_T1_1057_WSI_FEA_XX__AUDIO_1057_WSI_HAP_XX_styletts.mp4,1,done,styletts,1057,WSI,fear,happy,yes
FAKE_T1_1058_DFA_DIS_XX__AUDIO_1058_DFA_FEA_XX_styletts,data\synthetic\track1_fakes\videos\FAKE_T1_1058_DFA_DIS_XX__AUDIO_1058_DFA_FEA_XX_styletts.mp4,1,done,styletts,1058,DFA,disgust,fear,yes
FAKE_T1_1058_DFA_SAD_XX__AUDIO_1058_DFA_ANG_XX_styletts,data\synthetic\track1_fakes\videos\FAKE_T1_1058_DFA_SAD_XX__AUDIO_1058_DFA_ANG_XX_styletts.mp4,1,done,styletts,1058,DFA,sad,angry,yes
FAKE_T1_1058_IEO_HAP_HI__AUDIO_1058_IEO_NEU_XX_styletts,data\synthetic\track1_fakes\videos\FAKE_T1_1058_IEO_HAP_HI__AUDIO_1058_IEO_NEU_XX_styletts.mp4,1,done,styletts,1058,IEO,happy,neutral,yes
FAKE_T1_1058_IEO_NEU_XX__AUDIO_1058_IEO_SAD_HI_styletts,data\synthetic\track1_fakes\videos\FAKE_T1_1058_IEO_NEU_XX__AUDIO_1058_IEO_SAD_HI_styletts.mp4,1,done,styletts,1058,IEO,neutral,sad,yes
FAKE_T1_1058_IEO_SAD_HI__AUDIO_1058_IEO_ANG_HI_styletts,data\synthetic\track1_fakes\videos\FAKE_T1_1058_IEO_SAD_HI__AUDIO_1058_IEO_ANG_HI_styletts.mp4,1,done,styletts,1058,IEO,sad,angry,yes
FAKE_T1_1058_IOM_DIS_XX__AUDIO_1058_IOM_FEA_XX_styletts,data\synthetic\track1_fakes\videos\FAKE_T1_1058_IOM_DIS_XX__AUDIO_1058_IOM_FEA_XX_styletts.mp4,1,done,styletts,1058,IOM,disgust,fear,yes
FAKE_T1_1058_ITH_HAP_XX__AUDIO_1058_ITH_NEU_XX_styletts,data\synthetic\track1_fakes\videos\FAKE_T1_1058_ITH_HAP_XX__AUDIO_1058_ITH_NEU_XX_styletts.mp4,1,done,styletts,1058,ITH,happy,neutral,yes
FAKE_T1_1058_IWW_HAP_XX__AUDIO_1058_IWW_NEU_XX_styletts,data\synthetic\track1_fakes\videos\FAKE_T1_1058_IWW_HAP_XX__AUDIO_1058_IWW_NEU_XX_styletts.mp4,1,done,styletts,1058,IWW,happy,neutral,yes
FAKE_T1_1058_IWW_NEU_XX__AUDIO_1058_IWW_SAD_XX_styletts,data\synthetic\track1_fakes\videos\FAKE_T1_1058_IWW_NEU_XX__AUDIO_1058_IWW_SAD_XX_styletts.mp4,1,done,styletts,1058,IWW,neutral,sad,yes
FAKE_T1_1058_MTI_DIS_XX__AUDIO_1058_MTI_FEA_XX_styletts,data\synthetic\track1_fakes\videos\FAKE_T1_1058_MTI_DIS_XX__AUDIO_1058_MTI_FEA_XX_styletts.mp4,1,done,styletts,1058,MTI,disgust,fear,yes
FAKE_T1_1058_MTI_SAD_XX__AUDIO_1058_MTI_ANG_XX_styletts,data\synthetic\track1_fakes\videos\FAKE_T1_1058_MTI_SAD_XX__AUDIO_1058_MTI_ANG_XX_styletts.mp4,1,done,styletts,1058,MTI,sad,angry,yes
FAKE_T1_1058_TAI_SAD_XX__AUDIO_1058_TAI_ANG_XX_styletts,data\synthetic\track1_fakes\videos\FAKE_T1_1058_TAI_SAD_XX__AUDIO_1058_TAI_ANG_XX_styletts.mp4,1,done,styletts,1058,TAI,sad,angry,yes
FAKE_T1_1058_TIE_DIS_XX__AUDIO_1058_TIE_FEA_XX_styletts,data\synthetic\track1_fakes\videos\FAKE_T1_1058_TIE_DIS_XX__AUDIO_1058_TIE_FEA_XX_styletts.mp4,1,done,styletts,1058,TIE,disgust,fear,yes
FAKE_T1_1058_TIE_FEA_XX__AUDIO_1058_TIE_HAP_XX_styletts,data\synthetic\track1_fakes\videos\FAKE_T1_1058_TIE_FEA_XX__AUDIO_1058_TIE_HAP_XX_styletts.mp4,1,done,styletts,1058,TIE,fear,happy,yes
FAKE_T1_1058_TIE_SAD_XX__AUDIO_1058_TIE_ANG_XX_styletts,data\synthetic\track1_fakes\videos\FAKE_T1_1058_TIE_SAD_XX__AUDIO_1058_TIE_ANG_XX_styletts.mp4,1,done,styletts,1058,TIE,sad,angry,yes
FAKE_T1_1058_WSI_DIS_XX__AUDIO_1058_WSI_FEA_XX_styletts,data\synthetic\track1_fakes\videos\FAKE_T1_1058_WSI_DIS_XX__AUDIO_1058_WSI_FEA_XX_styletts.mp4,1,done,styletts,1058,WSI,disgust,fear,yes
FAKE_T1_1059_DFA_DIS_XX__AUDIO_1059_DFA_FEA_XX_styletts,data\synthetic\track1_fakes\videos\FAKE_T1_1059_DFA_DIS_XX__AUDIO_1059_DFA_FEA_XX_styletts.mp4,1,done,styletts,1059,DFA,disgust,fear,yes
FAKE_T1_1059_IEO_ANG_MD__AUDIO_1059_IEO_DIS_MD_styletts,data\synthetic\track1_fakes\videos\FAKE_T1_1059_IEO_ANG_MD__AUDIO_1059_IEO_DIS_MD_styletts.mp4,1,done,styletts,1059,IEO,angry,disgust,yes
FAKE_T1_1059_IEO_HAP_LO__AUDIO_1059_IEO_NEU_XX_styletts,data\synthetic\track1_fakes\videos\FAKE_T1_1059_IEO_HAP_LO__AUDIO_1059_IEO_NEU_XX_styletts.mp4,1,done,styletts,1059,IEO,happy,neutral,yes
FAKE_T1_1059_IEO_NEU_XX__AUDIO_1059_IEO_SAD_HI_styletts,data\synthetic\track1_fakes\videos\FAKE_T1_1059_IEO_NEU_XX__AUDIO_1059_IEO_SAD_HI_styletts.mp4,1,done,styletts,1059,IEO,neutral,sad,yes
FAKE_T1_1059_IOM_NEU_XX__AUDIO_1059_IOM_SAD_XX_styletts,data\synthetic\track1_fakes\videos\FAKE_T1_1059_IOM_NEU_XX__AUDIO_1059_IOM_SAD_XX_styletts.mp4,1,done,styletts,1059,IOM,neutral,sad,yes
FAKE_T1_1059_ITH_HAP_XX__AUDIO_1059_ITH_NEU_XX_styletts,data\synthetic\track1_fakes\videos\FAKE_T1_1059_ITH_HAP_XX__AUDIO_1059_ITH_NEU_XX_styletts.mp4,1,done,styletts,1059,ITH,happy,neutral,yes
FAKE_T1_1059_ITH_SAD_XX__AUDIO_1059_ITH_ANG_XX_styletts,data\synthetic\track1_fakes\videos\FAKE_T1_1059_ITH_SAD_XX__AUDIO_1059_ITH_ANG_XX_styletts.mp4,1,done,styletts,1059,ITH,sad,angry,yes
FAKE_T1_1059_ITS_HAP_XX__AUDIO_1059_ITS_NEU_XX_styletts,data\synthetic\track1_fakes\videos\FAKE_T1_1059_ITS_HAP_XX__AUDIO_1059_ITS_NEU_XX_styletts.mp4,1,done,styletts,1059,ITS,happy,neutral,yes
FAKE_T1_1059_IWW_NEU_XX__AUDIO_1059_IWW_SAD_XX_styletts,data\synthetic\track1_fakes\videos\FAKE_T1_1059_IWW_NEU_XX__AUDIO_1059_IWW_SAD_XX_styletts.mp4,1,done,styletts,1059,IWW,neutral,sad,yes
FAKE_T1_1059_IWW_SAD_XX__AUDIO_1059_IWW_ANG_XX_styletts,data\synthetic\track1_fakes\videos\FAKE_T1_1059_IWW_SAD_XX__AUDIO_1059_IWW_ANG_XX_styletts.mp4,1,done,styletts,1059,IWW,sad,angry,yes
FAKE_T1_1059_MTI_ANG_XX__AUDIO_1059_MTI_DIS_XX_styletts,data\synthetic\track1_fakes\videos\FAKE_T1_1059_MTI_ANG_XX__AUDIO_1059_MTI_DIS_XX_styletts.mp4,1,done,styletts,1059,MTI,angry,disgust,yes
FAKE_T1_1059_MTI_FEA_XX__AUDIO_1059_MTI_HAP_XX_styletts,data\synthetic\track1_fakes\videos\FAKE_T1_1059_MTI_FEA_XX__AUDIO_1059_MTI_HAP_XX_styletts.mp4,1,done,styletts,1059,MTI,fear,happy,yes
FAKE_T1_1059_TAI_DIS_XX__AUDIO_1059_TAI_FEA_XX_styletts,data\synthetic\track1_fakes\videos\FAKE_T1_1059_TAI_DIS_XX__AUDIO_1059_TAI_FEA_XX_styletts.mp4,1,done,styletts,1059,TAI,disgust,fear,yes
FAKE_T1_1059_TIE_FEA_XX__AUDIO_1059_TIE_HAP_XX_styletts,data\synthetic\track1_fakes\videos\FAKE_T1_1059_TIE_FEA_XX__AUDIO_1059_TIE_HAP_XX_styletts.mp4,1,done,styletts,1059,TIE,fear,happy,yes
FAKE_T1_1059_WSI_ANG_XX__AUDIO_1059_WSI_DIS_XX_styletts,data\synthetic\track1_fakes\videos\FAKE_T1_1059_WSI_ANG_XX__AUDIO_1059_WSI_DIS_XX_styletts.mp4,1,done,styletts,1059,WSI,angry,disgust,yes
FAKE_T1_1059_WSI_SAD_XX__AUDIO_1059_WSI_ANG_XX_styletts,data\synthetic\track1_fakes\videos\FAKE_T1_1059_WSI_SAD_XX__AUDIO_1059_WSI_ANG_XX_styletts.mp4,1,done,styletts,1059,WSI,sad,angry,yes
FAKE_T1_1060_DFA_ANG_XX__AUDIO_1060_DFA_DIS_XX_styletts,data\synthetic\track1_fakes\videos\FAKE_T1_1060_DFA_ANG_XX__AUDIO_1060_DFA_DIS_XX_styletts.mp4,1,done,styletts,1060,DFA,angry,disgust,yes
FAKE_T1_1060_DFA_HAP_XX__AUDIO_1060_DFA_NEU_XX_styletts,data\synthetic\track1_fakes\videos\FAKE_T1_1060_DFA_HAP_XX__AUDIO_1060_DFA_NEU_XX_styletts.mp4,1,done,styletts,1060,DFA,happy,neutral,yes
FAKE_T1_1060_IEO_ANG_HI__AUDIO_1060_IEO_DIS_HI_styletts,data\synthetic\track1_fakes\videos\FAKE_T1_1060_IEO_ANG_HI__AUDIO_1060_IEO_DIS_HI_styletts.mp4,1,done,styletts,1060,IEO,angry,disgust,yes
FAKE_T1_1060_IEO_DIS_LO__AUDIO_1060_IEO_FEA_LO_styletts,data\synthetic\track1_fakes\videos\FAKE_T1_1060_IEO_DIS_LO__AUDIO_1060_IEO_FEA_LO_styletts.mp4,1,done,styletts,1060,IEO,disgust,fear,yes
FAKE_T1_1060_IOM_ANG_XX__AUDIO_1060_IOM_DIS_XX_styletts,data\synthetic\track1_fakes\videos\FAKE_T1_1060_IOM_ANG_XX__AUDIO_1060_IOM_DIS_XX_styletts.mp4,1,done,styletts,1060,IOM,angry,disgust,yes
FAKE_T1_1060_IOM_DIS_XX__AUDIO_1060_IOM_FEA_XX_styletts,data\synthetic\track1_fakes\videos\FAKE_T1_1060_IOM_DIS_XX__AUDIO_1060_IOM_FEA_XX_styletts.mp4,1,done,styletts,1060,IOM,disgust,fear,yes
FAKE_T1_1060_IOM_NEU_XX__AUDIO_1060_IOM_SAD_XX_styletts,data\synthetic\track1_fakes\videos\FAKE_T1_1060_IOM_NEU_XX__AUDIO_1060_IOM_SAD_XX_styletts.mp4,1,done,styletts,1060,IOM,neutral,sad,yes
FAKE_T1_1060_ITH_NEU_XX__AUDIO_1060_ITH_SAD_XX_styletts,data\synthetic\track1_fakes\videos\FAKE_T1_1060_ITH_NEU_XX__AUDIO_1060_ITH_SAD_XX_styletts.mp4,1,done,styletts,1060,ITH,neutral,sad,yes
FAKE_T1_1060_ITS_FEA_XX__AUDIO_1060_ITS_HAP_XX_styletts,data\synthetic\track1_fakes\videos\FAKE_T1_1060_ITS_FEA_XX__AUDIO_1060_ITS_HAP_XX_styletts.mp4,1,done,styletts,1060,ITS,fear,happy,yes
FAKE_T1_1060_ITS_NEU_XX__AUDIO_1060_ITS_SAD_XX_styletts,data\synthetic\track1_fakes\videos\FAKE_T1_1060_ITS_NEU_XX__AUDIO_1060_ITS_SAD_XX_styletts.mp4,1,done,styletts,1060,ITS,neutral,sad,yes
FAKE_T1_1060_IWW_ANG_XX__AUDIO_1060_IWW_DIS_XX_styletts,data\synthetic\track1_fakes\videos\FAKE_T1_1060_IWW_ANG_XX__AUDIO_1060_IWW_DIS_XX_styletts.mp4,1,done,styletts,1060,IWW,angry,disgust,yes
FAKE_T1_1060_TAI_ANG_XX__AUDIO_1060_TAI_DIS_XX_styletts,data\synthetic\track1_fakes\videos\FAKE_T1_1060_TAI_ANG_XX__AUDIO_1060_TAI_DIS_XX_styletts.mp4,1,done,styletts,1060,TAI,angry,disgust,yes
FAKE_T1_1060_TAI_FEA_XX__AUDIO_1060_TAI_HAP_XX_styletts,data\synthetic\track1_fakes\videos\FAKE_T1_1060_TAI_FEA_XX__AUDIO_1060_TAI_HAP_XX_styletts.mp4,1,done,styletts,1060,TAI,fear,happy,yes
FAKE_T1_1060_TIE_FEA_XX__AUDIO_1060_TIE_HAP_XX_styletts,data\synthetic\track1_fakes\videos\FAKE_T1_1060_TIE_FEA_XX__AUDIO_1060_TIE_HAP_XX_styletts.mp4,1,done,styletts,1060,TIE,fear,happy,yes
FAKE_T1_1060_TSI_FEA_XX__AUDIO_1060_TSI_HAP_XX_styletts,data\synthetic\track1_fakes\videos\FAKE_T1_1060_TSI_FEA_XX__AUDIO_1060_TSI_HAP_XX_styletts.mp4,1,done,styletts,1060,TSI,fear,happy,yes
FAKE_T1_1060_WSI_DIS_XX__AUDIO_1060_WSI_FEA_XX_styletts,data\synthetic\track1_fakes\videos\FAKE_T1_1060_WSI_DIS_XX__AUDIO_1060_WSI_FEA_XX_styletts.mp4,1,done,styletts,1060,WSI,disgust,fear,yes
FAKE_T1_1061_DFA_NEU_XX__AUDIO_1061_DFA_SAD_XX_styletts,data\synthetic\track1_fakes\videos\FAKE_T1_1061_DFA_NEU_XX__AUDIO_1061_DFA_SAD_XX_styletts.mp4,1,done,styletts,1061,DFA,neutral,sad,yes
FAKE_T1_1061_IEO_ANG_MD__AUDIO_1061_IEO_DIS_MD_styletts,data\synthetic\track1_fakes\videos\FAKE_T1_1061_IEO_ANG_MD__AUDIO_1061_IEO_DIS_MD_styletts.mp4,1,done,styletts,1061,IEO,angry,disgust,yes
FAKE_T1_1061_IEO_DIS_LO__AUDIO_1061_IEO_FEA_LO_styletts,data\synthetic\track1_fakes\videos\FAKE_T1_1061_IEO_DIS_LO__AUDIO_1061_IEO_FEA_LO_styletts.mp4,1,done,styletts,1061,IEO,disgust,fear,yes
FAKE_T1_1061_IEO_DIS_MD__AUDIO_1061_IEO_FEA_MD_styletts,data\synthetic\track1_fakes\videos\FAKE_T1_1061_IEO_DIS_MD__AUDIO_1061_IEO_FEA_MD_styletts.mp4,1,done,styletts,1061,IEO,disgust,fear,yes
FAKE_T1_1061_IEO_FEA_HI__AUDIO_1061_IEO_HAP_HI_styletts,data\synthetic\track1_fakes\videos\FAKE_T1_1061_IEO_FEA_HI__AUDIO_1061_IEO_HAP_HI_styletts.mp4,1,done,styletts,1061,IEO,fear,happy,yes
FAKE_T1_1061_IEO_SAD_MD__AUDIO_1061_IEO_ANG_MD_styletts,data\synthetic\track1_fakes\videos\FAKE_T1_1061_IEO_SAD_MD__AUDIO_1061_IEO_ANG_MD_styletts.mp4,1,done,styletts,1061,IEO,sad,angry,yes
FAKE_T1_1061_IOM_NEU_XX__AUDIO_1061_IOM_SAD_XX_styletts,data\synthetic\track1_fakes\videos\FAKE_T1_1061_IOM_NEU_XX__AUDIO_1061_IOM_SAD_XX_styletts.mp4,1,done,styletts,1061,IOM,neutral,sad,yes
FAKE_T1_1061_ITH_FEA_XX__AUDIO_1061_ITH_HAP_XX_styletts,data\synthetic\track1_fakes\videos\FAKE_T1_1061_ITH_FEA_XX__AUDIO_1061_ITH_HAP_XX_styletts.mp4,1,done,styletts,1061,ITH,fear,happy,yes
FAKE_T1_1061_IWW_DIS_XX__AUDIO_1061_IWW_FEA_XX_styletts,data\synthetic\track1_fakes\videos\FAKE_T1_1061_IWW_DIS_XX__AUDIO_1061_IWW_FEA_XX_styletts.mp4,1,done,styletts,1061,IWW,disgust,fear,yes
FAKE_T1_1061_IWW_HAP_XX__AUDIO_1061_IWW_NEU_XX_styletts,data\synthetic\track1_fakes\videos\FAKE_T1_1061_IWW_HAP_XX__AUDIO_1061_IWW_NEU_XX_styletts.mp4,1,done,styletts,1061,IWW,happy,neutral,yes
FAKE_T1_1061_TAI_NEU_XX__AUDIO_1061_TAI_SAD_XX_styletts,data\synthetic\track1_fakes\videos\FAKE_T1_1061_TAI_NEU_XX__AUDIO_1061_TAI_SAD_XX_styletts.mp4,1,done,styletts,1061,TAI,neutral,sad,yes
FAKE_T1_1061_TIE_ANG_XX__AUDIO_1061_TIE_DIS_XX_styletts,data\synthetic\track1_fakes\videos\FAKE_T1_1061_TIE_ANG_XX__AUDIO_1061_TIE_DIS_XX_styletts.mp4,1,done,styletts,1061,TIE,angry,disgust,yes
FAKE_T1_1061_TIE_NEU_XX__AUDIO_1061_TIE_SAD_XX_styletts,data\synthetic\track1_fakes\videos\FAKE_T1_1061_TIE_NEU_XX__AUDIO_1061_TIE_SAD_XX_styletts.mp4,1,done,styletts,1061,TIE,neutral,sad,yes
FAKE_T1_1061_TSI_DIS_XX__AUDIO_1061_TSI_FEA_XX_styletts,data\synthetic\track1_fakes\videos\FAKE_T1_1061_TSI_DIS_XX__AUDIO_1061_TSI_FEA_XX_styletts.mp4,1,done,styletts,1061,TSI,disgust,fear,yes
FAKE_T1_1061_TSI_NEU_XX__AUDIO_1061_TSI_SAD_XX_styletts,data\synthetic\track1_fakes\videos\FAKE_T1_1061_TSI_NEU_XX__AUDIO_1061_TSI_SAD_XX_styletts.mp4,1,done,styletts,1061,TSI,neutral,sad,yes
FAKE_T1_1061_WSI_FEA_XX__AUDIO_1061_WSI_HAP_XX_styletts,data\synthetic\track1_fakes\videos\FAKE_T1_1061_WSI_FEA_XX__AUDIO_1061_WSI_HAP_XX_styletts.mp4,1,done,styletts,1061,WSI,fear,happy,yes
FAKE_T1_1062_IEO_SAD_HI__AUDIO_1062_IEO_ANG_HI_styletts,data\synthetic\track1_fakes\videos\FAKE_T1_1062_IEO_SAD_HI__AUDIO_1062_IEO_ANG_HI_styletts.mp4,1,done,styletts,1062,IEO,sad,angry,yes
FAKE_T1_1062_IEO_SAD_MD__AUDIO_1062_IEO_ANG_MD_styletts,data\synthetic\track1_fakes\videos\FAKE_T1_1062_IEO_SAD_MD__AUDIO_1062_IEO_ANG_MD_styletts.mp4,1,done,styletts,1062,IEO,sad,angry,yes
FAKE_T1_1062_IOM_FEA_XX__AUDIO_1062_IOM_HAP_XX_styletts,data\synthetic\track1_fakes\videos\FAKE_T1_1062_IOM_FEA_XX__AUDIO_1062_IOM_HAP_XX_styletts.mp4,1,done,styletts,1062,IOM,fear,happy,yes
FAKE_T1_1062_ITH_DIS_XX__AUDIO_1062_ITH_FEA_XX_styletts,data\synthetic\track1_fakes\videos\FAKE_T1_1062_ITH_DIS_XX__AUDIO_1062_ITH_FEA_XX_styletts.mp4,1,done,styletts,1062,ITH,disgust,fear,yes
FAKE_T1_1062_ITS_NEU_XX__AUDIO_1062_ITS_SAD_XX_styletts,data\synthetic\track1_fakes\videos\FAKE_T1_1062_ITS_NEU_XX__AUDIO_1062_ITS_SAD_XX_styletts.mp4,1,done,styletts,1062,ITS,neutral,sad,yes
FAKE_T1_1062_ITS_SAD_XX__AUDIO_1062_ITS_ANG_XX_styletts,data\synthetic\track1_fakes\videos\FAKE_T1_1062_ITS_SAD_XX__AUDIO_1062_ITS_ANG_XX_styletts.mp4,1,done,styletts,1062,ITS,sad,angry,yes
FAKE_T1_1062_IWL_HAP_XX__AUDIO_1062_IWL_NEU_XX_styletts,data\synthetic\track1_fakes\videos\FAKE_T1_1062_IWL_HAP_XX__AUDIO_1062_IWL_NEU_XX_styletts.mp4,1,done,styletts,1062,IWL,happy,neutral,yes
FAKE_T1_1062_IWW_FEA_XX__AUDIO_1062_IWW_HAP_XX_styletts,data\synthetic\track1_fakes\videos\FAKE_T1_1062_IWW_FEA_XX__AUDIO_1062_IWW_HAP_XX_styletts.mp4,1,done,styletts,1062,IWW,fear,happy,yes
FAKE_T1_1062_IWW_NEU_XX__AUDIO_1062_IWW_SAD_XX_styletts,data\synthetic\track1_fakes\videos\FAKE_T1_1062_IWW_NEU_XX__AUDIO_1062_IWW_SAD_XX_styletts.mp4,1,done,styletts,1062,IWW,neutral,sad,yes
FAKE_T1_1062_MTI_DIS_XX__AUDIO_1062_MTI_FEA_XX_styletts,data\synthetic\track1_fakes\videos\FAKE_T1_1062_MTI_DIS_XX__AUDIO_1062_MTI_FEA_XX_styletts.mp4,1,done,styletts,1062,MTI,disgust,fear,yes
FAKE_T1_1062_MTI_FEA_XX__AUDIO_1062_MTI_HAP_XX_styletts,data\synthetic\track1_fakes\videos\FAKE_T1_1062_MTI_FEA_XX__AUDIO_1062_MTI_HAP_XX_styletts.mp4,1,done,styletts,1062,MTI,fear,happy,yes
FAKE_T1_1062_TAI_SAD_XX__AUDIO_1062_TAI_ANG_XX_styletts,data\synthetic\track1_fakes\videos\FAKE_T1_1062_TAI_SAD_XX__AUDIO_1062_TAI_ANG_XX_styletts.mp4,1,done,styletts,1062,TAI,sad,angry,yes
FAKE_T1_1062_TIE_FEA_XX__AUDIO_1062_TIE_HAP_XX_styletts,data\synthetic\track1_fakes\videos\FAKE_T1_1062_TIE_FEA_XX__AUDIO_1062_TIE_HAP_XX_styletts.mp4,1,done,styletts,1062,TIE,fear,happy,yes
FAKE_T1_1062_TSI_ANG_XX__AUDIO_1062_TSI_DIS_XX_styletts,data\synthetic\track1_fakes\videos\FAKE_T1_1062_TSI_ANG_XX__AUDIO_1062_TSI_DIS_XX_styletts.mp4,1,done,styletts,1062,TSI,angry,disgust,yes
FAKE_T1_1062_WSI_HAP_XX__AUDIO_1062_WSI_NEU_XX_styletts,data\synthetic\track1_fakes\videos\FAKE_T1_1062_WSI_HAP_XX__AUDIO_1062_WSI_NEU_XX_styletts.mp4,1,done,styletts,1062,WSI,happy,neutral,yes
FAKE_T1_1062_WSI_SAD_XX__AUDIO_1062_WSI_ANG_XX_styletts,data\synthetic\track1_fakes\videos\FAKE_T1_1062_WSI_SAD_XX__AUDIO_1062_WSI_ANG_XX_styletts.mp4,1,done,styletts,1062,WSI,sad,angry,yes
FAKE_T1_1063_IEO_HAP_LO__AUDIO_1063_IEO_NEU_XX_styletts,data\synthetic\track1_fakes\videos\FAKE_T1_1063_IEO_HAP_LO__AUDIO_1063_IEO_NEU_XX_styletts.mp4,1,done,styletts,1063,IEO,happy,neutral,yes
FAKE_T1_1063_IEO_NEU_XX__AUDIO_1063_IEO_SAD_HI_styletts,data\synthetic\track1_fakes\videos\FAKE_T1_1063_IEO_NEU_XX__AUDIO_1063_IEO_SAD_HI_styletts.mp4,1,done,styletts,1063,IEO,neutral,sad,yes
FAKE_T1_1063_IOM_FEA_XX__AUDIO_1063_IOM_HAP_XX_styletts,data\synthetic\track1_fakes\videos\FAKE_T1_1063_IOM_FEA_XX__AUDIO_1063_IOM_HAP_XX_styletts.mp4,1,done,styletts,1063,IOM,fear,happy,yes
FAKE_T1_1063_ITH_DIS_XX__AUDIO_1063_ITH_FEA_XX_styletts,data\synthetic\track1_fakes\videos\FAKE_T1_1063_ITH_DIS_XX__AUDIO_1063_ITH_FEA_XX_styletts.mp4,1,done,styletts,1063,ITH,disgust,fear,yes
FAKE_T1_1063_ITS_DIS_XX__AUDIO_1063_ITS_FEA_XX_styletts,data\synthetic\track1_fakes\videos\FAKE_T1_1063_ITS_DIS_XX__AUDIO_1063_ITS_FEA_XX_styletts.mp4,1,done,styletts,1063,ITS,disgust,fear,yes
FAKE_T1_1063_ITS_HAP_XX__AUDIO_1063_ITS_NEU_XX_styletts,data\synthetic\track1_fakes\videos\FAKE_T1_1063_ITS_HAP_XX__AUDIO_1063_ITS_NEU_XX_styletts.mp4,1,done,styletts,1063,ITS,happy,neutral,yes
FAKE_T1_1063_ITS_SAD_XX__AUDIO_1063_ITS_ANG_XX_styletts,data\synthetic\track1_fakes\videos\FAKE_T1_1063_ITS_SAD_XX__AUDIO_1063_ITS_ANG_XX_styletts.mp4,1,done,styletts,1063,ITS,sad,angry,yes
FAKE_T1_1063_IWL_DIS_XX__AUDIO_1063_IWL_FEA_XX_styletts,data\synthetic\track1_fakes\videos\FAKE_T1_1063_IWL_DIS_XX__AUDIO_1063_IWL_FEA_XX_styletts.mp4,1,done,styletts,1063,IWL,disgust,fear,yes
FAKE_T1_1063_IWL_NEU_XX__AUDIO_1063_IWL_SAD_XX_styletts,data\synthetic\track1_fakes\videos\FAKE_T1_1063_IWL_NEU_XX__AUDIO_1063_IWL_SAD_XX_styletts.mp4,1,done,styletts,1063,IWL,neutral,sad,yes
FAKE_T1_1063_MTI_ANG_XX__AUDIO_1063_MTI_DIS_XX_styletts,data\synthetic\track1_fakes\videos\FAKE_T1_1063_MTI_ANG_XX__AUDIO_1063_MTI_DIS_XX_styletts.mp4,1,done,styletts,1063,MTI,angry,disgust,yes
FAKE_T1_1063_MTI_FEA_XX__AUDIO_1063_MTI_HAP_XX_styletts,data\synthetic\track1_fakes\videos\FAKE_T1_1063_MTI_FEA_XX__AUDIO_1063_MTI_HAP_XX_styletts.mp4,1,done,styletts,1063,MTI,fear,happy,yes
FAKE_T1_1063_TAI_DIS_XX__AUDIO_1063_TAI_FEA_XX_styletts,data\synthetic\track1_fakes\videos\FAKE_T1_1063_TAI_DIS_XX__AUDIO_1063_TAI_FEA_XX_styletts.mp4,1,done,styletts,1063,TAI,disgust,fear,yes
FAKE_T1_1063_TIE_SAD_XX__AUDIO_1063_TIE_ANG_XX_styletts,data\synthetic\track1_fakes\videos\FAKE_T1_1063_TIE_SAD_XX__AUDIO_1063_TIE_ANG_XX_styletts.mp4,1,done,styletts,1063,TIE,sad,angry,yes
FAKE_T1_1063_WSI_ANG_XX__AUDIO_1063_WSI_DIS_XX_styletts,data\synthetic\track1_fakes\videos\FAKE_T1_1063_WSI_ANG_XX__AUDIO_1063_WSI_DIS_XX_styletts.mp4,1,done,styletts,1063,WSI,angry,disgust,yes
FAKE_T1_1063_WSI_DIS_XX__AUDIO_1063_WSI_FEA_XX_styletts,data\synthetic\track1_fakes\videos\FAKE_T1_1063_WSI_DIS_XX__AUDIO_1063_WSI_FEA_XX_styletts.mp4,1,done,styletts,1063,WSI,disgust,fear,yes
FAKE_T1_1063_WSI_HAP_XX__AUDIO_1063_WSI_NEU_XX_styletts,data\synthetic\track1_fakes\videos\FAKE_T1_1063_WSI_HAP_XX__AUDIO_1063_WSI_NEU_XX_styletts.mp4,1,done,styletts,1063,WSI,happy,neutral,yes
FAKE_T1_1064_IEO_FEA_HI__AUDIO_1064_IEO_HAP_HI_styletts,data\synthetic\track1_fakes\videos\FAKE_T1_1064_IEO_FEA_HI__AUDIO_1064_IEO_HAP_HI_styletts.mp4,1,done,styletts,1064,IEO,fear,happy,yes
FAKE_T1_1064_IEO_FEA_MD__AUDIO_1064_IEO_HAP_MD_styletts,data\synthetic\track1_fakes\videos\FAKE_T1_1064_IEO_FEA_MD__AUDIO_1064_IEO_HAP_MD_styletts.mp4,1,done,styletts,1064,IEO,fear,happy,yes
FAKE_T1_1064_IEO_HAP_LO__AUDIO_1064_IEO_NEU_XX_styletts,data\synthetic\track1_fakes\videos\FAKE_T1_1064_IEO_HAP_LO__AUDIO_1064_IEO_NEU_XX_styletts.mp4,1,done,styletts,1064,IEO,happy,neutral,yes
FAKE_T1_1064_IOM_ANG_XX__AUDIO_1064_IOM_DIS_XX_styletts,data\synthetic\track1_fakes\videos\FAKE_T1_1064_IOM_ANG_XX__AUDIO_1064_IOM_DIS_XX_styletts.mp4,1,done,styletts,1064,IOM,angry,disgust,yes
FAKE_T1_1064_IOM_FEA_XX__AUDIO_1064_IOM_HAP_XX_styletts,data\synthetic\track1_fakes\videos\FAKE_T1_1064_IOM_FEA_XX__AUDIO_1064_IOM_HAP_XX_styletts.mp4,1,done,styletts,1064,IOM,fear,happy,yes
FAKE_T1_1064_IOM_SAD_XX__AUDIO_1064_IOM_ANG_XX_styletts,data\synthetic\track1_fakes\videos\FAKE_T1_1064_IOM_SAD_XX__AUDIO_1064_IOM_ANG_XX_styletts.mp4,1,done,styletts,1064,IOM,sad,angry,yes
FAKE_T1_1064_ITH_HAP_XX__AUDIO_1064_ITH_NEU_XX_styletts,data\synthetic\track1_fakes\videos\FAKE_T1_1064_ITH_HAP_XX__AUDIO_1064_ITH_NEU_XX_styletts.mp4,1,done,styletts,1064,ITH,happy,neutral,yes
FAKE_T1_1064_ITS_DIS_XX__AUDIO_1064_ITS_FEA_XX_styletts,data\synthetic\track1_fakes\videos\FAKE_T1_1064_ITS_DIS_XX__AUDIO_1064_ITS_FEA_XX_styletts.mp4,1,done,styletts,1064,ITS,disgust,fear,yes
FAKE_T1_1064_IWL_ANG_XX__AUDIO_1064_IWL_DIS_XX_styletts,data\synthetic\track1_fakes\videos\FAKE_T1_1064_IWL_ANG_XX__AUDIO_1064_IWL_DIS_XX_styletts.mp4,1,done,styletts,1064,IWL,angry,disgust,yes
FAKE_T1_1064_MTI_DIS_XX__AUDIO_1064_MTI_FEA_XX_styletts,data\synthetic\track1_fakes\videos\FAKE_T1_1064_MTI_DIS_XX__AUDIO_1064_MTI_FEA_XX_styletts.mp4,1,done,styletts,1064,MTI,disgust,fear,yes
FAKE_T1_1064_MTI_HAP_XX__AUDIO_1064_MTI_NEU_XX_styletts,data\synthetic\track1_fakes\videos\FAKE_T1_1064_MTI_HAP_XX__AUDIO_1064_MTI_NEU_XX_styletts.mp4,1,done,styletts,1064,MTI,happy,neutral,yes
FAKE_T1_1064_TAI_ANG_XX__AUDIO_1064_TAI_DIS_XX_styletts,data\synthetic\track1_fakes\videos\FAKE_T1_1064_TAI_ANG_XX__AUDIO_1064_TAI_DIS_XX_styletts.mp4,1,done,styletts,1064,TAI,angry,disgust,yes
FAKE_T1_1064_TAI_DIS_XX__AUDIO_1064_TAI_FEA_XX_styletts,data\synthetic\track1_fakes\videos\FAKE_T1_1064_TAI_DIS_XX__AUDIO_1064_TAI_FEA_XX_styletts.mp4,1,done,styletts,1064,TAI,disgust,fear,yes
FAKE_T1_1064_TSI_HAP_XX__AUDIO_1064_TSI_NEU_XX_styletts,data\synthetic\track1_fakes\videos\FAKE_T1_1064_TSI_HAP_XX__AUDIO_1064_TSI_NEU_XX_styletts.mp4,1,done,styletts,1064,TSI,happy,neutral,yes
FAKE_T1_1064_WSI_FEA_XX__AUDIO_1064_WSI_HAP_XX_styletts,data\synthetic\track1_fakes\videos\FAKE_T1_1064_WSI_FEA_XX__AUDIO_1064_WSI_HAP_XX_styletts.mp4,1,done,styletts,1064,WSI,fear,happy,yes
FAKE_T1_1064_WSI_HAP_XX__AUDIO_1064_WSI_NEU_XX_styletts,data\synthetic\track1_fakes\videos\FAKE_T1_1064_WSI_HAP_XX__AUDIO_1064_WSI_NEU_XX_styletts.mp4,1,done,styletts,1064,WSI,happy,neutral,yes
FAKE_T1_1065_DFA_HAP_XX__AUDIO_1065_DFA_NEU_XX_styletts,data\synthetic\track1_fakes\videos\FAKE_T1_1065_DFA_HAP_XX__AUDIO_1065_DFA_NEU_XX_styletts.mp4,1,done,styletts,1065,DFA,happy,neutral,yes
FAKE_T1_1065_DFA_NEU_XX__AUDIO_1065_DFA_SAD_XX_styletts,data\synthetic\track1_fakes\videos\FAKE_T1_1065_DFA_NEU_XX__AUDIO_1065_DFA_SAD_XX_styletts.mp4,1,done,styletts,1065,DFA,neutral,sad,yes
FAKE_T1_1065_IEO_HAP_HI__AUDIO_1065_IEO_NEU_XX_styletts,data\synthetic\track1_fakes\videos\FAKE_T1_1065_IEO_HAP_HI__AUDIO_1065_IEO_NEU_XX_styletts.mp4,1,done,styletts,1065,IEO,happy,neutral,yes
FAKE_T1_1065_ITH_ANG_XX__AUDIO_1065_ITH_DIS_XX_styletts,data\synthetic\track1_fakes\videos\FAKE_T1_1065_ITH_ANG_XX__AUDIO_1065_ITH_DIS_XX_styletts.mp4,1,done,styletts,1065,ITH,angry,disgust,yes
FAKE_T1_1065_ITH_DIS_XX__AUDIO_1065_ITH_FEA_XX_styletts,data\synthetic\track1_fakes\videos\FAKE_T1_1065_ITH_DIS_XX__AUDIO_1065_ITH_FEA_XX_styletts.mp4,1,done,styletts,1065,ITH,disgust,fear,yes
FAKE_T1_1065_ITH_NEU_XX__AUDIO_1065_ITH_SAD_XX_styletts,data\synthetic\track1_fakes\videos\FAKE_T1_1065_ITH_NEU_XX__AUDIO_1065_ITH_SAD_XX_styletts.mp4,1,done,styletts,1065,ITH,neutral,sad,yes
FAKE_T1_1065_ITH_SAD_XX__AUDIO_1065_ITH_ANG_XX_styletts,data\synthetic\track1_fakes\videos\FAKE_T1_1065_ITH_SAD_XX__AUDIO_1065_ITH_ANG_XX_styletts.mp4,1,done,styletts,1065,ITH,sad,angry,yes
FAKE_T1_1065_ITS_DIS_XX__AUDIO_1065_ITS_FEA_XX_styletts,data\synthetic\track1_fakes\videos\FAKE_T1_1065_ITS_DIS_XX__AUDIO_1065_ITS_FEA_XX_styletts.mp4,1,done,styletts,1065,ITS,disgust,fear,yes
FAKE_T1_1065_IWW_NEU_XX__AUDIO_1065_IWW_SAD_XX_styletts,data\synthetic\track1_fakes\videos\FAKE_T1_1065_IWW_NEU_XX__AUDIO_1065_IWW_SAD_XX_styletts.mp4,1,done,styletts,1065,IWW,neutral,sad,yes
FAKE_T1_1065_IWW_SAD_XX__AUDIO_1065_IWW_ANG_XX_styletts,data\synthetic\track1_fakes\videos\FAKE_T1_1065_IWW_SAD_XX__AUDIO_1065_IWW_ANG_XX_styletts.mp4,1,done,styletts,1065,IWW,sad,angry,yes
FAKE_T1_1065_TAI_NEU_XX__AUDIO_1065_TAI_SAD_XX_styletts,data\synthetic\track1_fakes\videos\FAKE_T1_1065_TAI_NEU_XX__AUDIO_1065_TAI_SAD_XX_styletts.mp4,1,done,styletts,1065,TAI,neutral,sad,yes
FAKE_T1_1065_TAI_SAD_XX__AUDIO_1065_TAI_ANG_XX_styletts,data\synthetic\track1_fakes\videos\FAKE_T1_1065_TAI_SAD_XX__AUDIO_1065_TAI_ANG_XX_styletts.mp4,1,done,styletts,1065,TAI,sad,angry,yes
FAKE_T1_1065_TIE_NEU_XX__AUDIO_1065_TIE_SAD_XX_styletts,data\synthetic\track1_fakes\videos\FAKE_T1_1065_TIE_NEU_XX__AUDIO_1065_TIE_SAD_XX_styletts.mp4,1,done,styletts,1065,TIE,neutral,sad,yes
FAKE_T1_1065_TSI_ANG_XX__AUDIO_1065_TSI_DIS_XX_styletts,data\synthetic\track1_fakes\videos\FAKE_T1_1065_TSI_ANG_XX__AUDIO_1065_TSI_DIS_XX_styletts.mp4,1,done,styletts,1065,TSI,angry,disgust,yes
FAKE_T1_1065_WSI_ANG_XX__AUDIO_1065_WSI_DIS_XX_styletts,data\synthetic\track1_fakes\videos\FAKE_T1_1065_WSI_ANG_XX__AUDIO_1065_WSI_DIS_XX_styletts.mp4,1,done,styletts,1065,WSI,angry,disgust,yes
FAKE_T1_1065_WSI_DIS_XX__AUDIO_1065_WSI_FEA_XX_styletts,data\synthetic\track1_fakes\videos\FAKE_T1_1065_WSI_DIS_XX__AUDIO_1065_WSI_FEA_XX_styletts.mp4,1,done,styletts,1065,WSI,disgust,fear,yes
FAKE_T1_1066_DFA_FEA_XX__AUDIO_1066_DFA_HAP_XX_styletts,data\synthetic\track1_fakes\videos\FAKE_T1_1066_DFA_FEA_XX__AUDIO_1066_DFA_HAP_XX_styletts.mp4,1,done,styletts,1066,DFA,fear,happy,yes
FAKE_T1_1066_DFA_HAP_XX__AUDIO_1066_DFA_NEU_XX_styletts,data\synthetic\track1_fakes\videos\FAKE_T1_1066_DFA_HAP_XX__AUDIO_1066_DFA_NEU_XX_styletts.mp4,1,done,styletts,1066,DFA,happy,neutral,yes
FAKE_T1_1066_IEO_DIS_MD__AUDIO_1066_IEO_FEA_MD_styletts,data\synthetic\track1_fakes\videos\FAKE_T1_1066_IEO_DIS_MD__AUDIO_1066_IEO_FEA_MD_styletts.mp4,1,done,styletts,1066,IEO,disgust,fear,yes
FAKE_T1_1066_IEO_FEA_HI__AUDIO_1066_IEO_HAP_HI_styletts,data\synthetic\track1_fakes\videos\FAKE_T1_1066_IEO_FEA_HI__AUDIO_1066_IEO_HAP_HI_styletts.mp4,1,done,styletts,1066,IEO,fear,happy,yes
FAKE_T1_1066_IOM_HAP_XX__AUDIO_1066_IOM_NEU_XX_styletts,data\synthetic\track1_fakes\videos\FAKE_T1_1066_IOM_HAP_XX__AUDIO_1066_IOM_NEU_XX_styletts.mp4,1,done,styletts,1066,IOM,happy,neutral,yes
FAKE_T1_1066_IWL_DIS_XX__AUDIO_1066_IWL_FEA_XX_styletts,data\synthetic\track1_fakes\videos\FAKE_T1_1066_IWL_DIS_XX__AUDIO_1066_IWL_FEA_XX_styletts.mp4,1,done,styletts,1066,IWL,disgust,fear,yes
FAKE_T1_1066_IWL_FEA_XX__AUDIO_1066_IWL_HAP_XX_styletts,data\synthetic\track1_fakes\videos\FAKE_T1_1066_IWL_FEA_XX__AUDIO_1066_IWL_HAP_XX_styletts.mp4,1,done,styletts,1066,IWL,fear,happy,yes
FAKE_T1_1066_IWW_DIS_XX__AUDIO_1066_IWW_FEA_XX_styletts,data\synthetic\track1_fakes\videos\FAKE_T1_1066_IWW_DIS_XX__AUDIO_1066_IWW_FEA_XX_styletts.mp4,1,done,styletts,1066,IWW,disgust,fear,yes
FAKE_T1_1066_IWW_FEA_XX__AUDIO_1066_IWW_HAP_XX_styletts,data\synthetic\track1_fakes\videos\FAKE_T1_1066_IWW_FEA_XX__AUDIO_1066_IWW_HAP_XX_styletts.mp4,1,done,styletts,1066,IWW,fear,happy,yes
FAKE_T1_1066_IWW_NEU_XX__AUDIO_1066_IWW_SAD_XX_styletts,data\synthetic\track1_fakes\videos\FAKE_T1_1066_IWW_NEU_XX__AUDIO_1066_IWW_SAD_XX_styletts.mp4,1,done,styletts,1066,IWW,neutral,sad,yes
FAKE_T1_1066_TAI_DIS_XX__AUDIO_1066_TAI_FEA_XX_styletts,data\synthetic\track1_fakes\videos\FAKE_T1_1066_TAI_DIS_XX__AUDIO_1066_TAI_FEA_XX_styletts.mp4,1,done,styletts,1066,TAI,disgust,fear,yes
FAKE_T1_1066_TIE_SAD_XX__AUDIO_1066_TIE_ANG_XX_styletts,data\synthetic\track1_fakes\videos\FAKE_T1_1066_TIE_SAD_XX__AUDIO_1066_TIE_ANG_XX_styletts.mp4,1,done,styletts,1066,TIE,sad,angry,yes
FAKE_T1_1066_TSI_NEU_XX__AUDIO_1066_TSI_SAD_XX_styletts,data\synthetic\track1_fakes\videos\FAKE_T1_1066_TSI_NEU_XX__AUDIO_1066_TSI_SAD_XX_styletts.mp4,1,done,styletts,1066,TSI,neutral,sad,yes
FAKE_T1_1066_TSI_SAD_XX__AUDIO_1066_TSI_ANG_XX_styletts,data\synthetic\track1_fakes\videos\FAKE_T1_1066_TSI_SAD_XX__AUDIO_1066_TSI_ANG_XX_styletts.mp4,1,done,styletts,1066,TSI,sad,angry,yes
FAKE_T1_1066_WSI_DIS_XX__AUDIO_1066_WSI_FEA_XX_styletts,data\synthetic\track1_fakes\videos\FAKE_T1_1066_WSI_DIS_XX__AUDIO_1066_WSI_FEA_XX_styletts.mp4,1,done,styletts,1066,WSI,disgust,fear,yes
FAKE_T1_1066_WSI_FEA_XX__AUDIO_1066_WSI_HAP_XX_styletts,data\synthetic\track1_fakes\videos\FAKE_T1_1066_WSI_FEA_XX__AUDIO_1066_WSI_HAP_XX_styletts.mp4,1,done,styletts,1066,WSI,fear,happy,yes
FAKE_T1_1067_DFA_NEU_XX__AUDIO_1067_DFA_SAD_XX_styletts,data\synthetic\track1_fakes\videos\FAKE_T1_1067_DFA_NEU_XX__AUDIO_1067_DFA_SAD_XX_styletts.mp4,1,done,styletts,1067,DFA,neutral,sad,yes
FAKE_T1_1067_IEO_DIS_LO__AUDIO_1067_IEO_FEA_LO_styletts,data\synthetic\track1_fakes\videos\FAKE_T1_1067_IEO_DIS_LO__AUDIO_1067_IEO_FEA_LO_styletts.mp4,1,done,styletts,1067,IEO,disgust,fear,yes
FAKE_T1_1067_IEO_SAD_LO__AUDIO_1067_IEO_ANG_LO_styletts,data\synthetic\track1_fakes\videos\FAKE_T1_1067_IEO_SAD_LO__AUDIO_1067_IEO_ANG_LO_styletts.mp4,1,done,styletts,1067,IEO,sad,angry,yes
FAKE_T1_1067_IOM_ANG_XX__AUDIO_1067_IOM_DIS_XX_styletts,data\synthetic\track1_fakes\videos\FAKE_T1_1067_IOM_ANG_XX__AUDIO_1067_IOM_DIS_XX_styletts.mp4,1,done,styletts,1067,IOM,angry,disgust,yes
FAKE_T1_1067_IOM_SAD_XX__AUDIO_1067_IOM_ANG_XX_styletts,data\synthetic\track1_fakes\videos\FAKE_T1_1067_IOM_SAD_XX__AUDIO_1067_IOM_ANG_XX_styletts.mp4,1,done,styletts,1067,IOM,sad,angry,yes
FAKE_T1_1067_ITH_FEA_XX__AUDIO_1067_ITH_HAP_XX_styletts,data\synthetic\track1_fakes\videos\FAKE_T1_1067_ITH_FEA_XX__AUDIO_1067_ITH_HAP_XX_styletts.mp4,1,done,styletts,1067,ITH,fear,happy,yes
FAKE_T1_1067_ITS_HAP_XX__AUDIO_1067_ITS_NEU_XX_styletts,data\synthetic\track1_fakes\videos\FAKE_T1_1067_ITS_HAP_XX__AUDIO_1067_ITS_NEU_XX_styletts.mp4,1,done,styletts,1067,ITS,happy,neutral,yes
FAKE_T1_1067_ITS_SAD_XX__AUDIO_1067_ITS_ANG_XX_styletts,data\synthetic\track1_fakes\videos\FAKE_T1_1067_ITS_SAD_XX__AUDIO_1067_ITS_ANG_XX_styletts.mp4,1,done,styletts,1067,ITS,sad,angry,yes
FAKE_T1_1067_IWL_HAP_XX__AUDIO_1067_IWL_NEU_XX_styletts,data\synthetic\track1_fakes\videos\FAKE_T1_1067_IWL_HAP_XX__AUDIO_1067_IWL_NEU_XX_styletts.mp4,1,done,styletts,1067,IWL,happy,neutral,yes
FAKE_T1_1067_IWW_FEA_XX__AUDIO_1067_IWW_HAP_XX_styletts,data\synthetic\track1_fakes\videos\FAKE_T1_1067_IWW_FEA_XX__AUDIO_1067_IWW_HAP_XX_styletts.mp4,1,done,styletts,1067,IWW,fear,happy,yes
FAKE_T1_1067_IWW_NEU_XX__AUDIO_1067_IWW_SAD_XX_styletts,data\synthetic\track1_fakes\videos\FAKE_T1_1067_IWW_NEU_XX__AUDIO_1067_IWW_SAD_XX_styletts.mp4,1,done,styletts,1067,IWW,neutral,sad,yes
FAKE_T1_1067_MTI_NEU_XX__AUDIO_1067_MTI_SAD_XX_styletts,data\synthetic\track1_fakes\videos\FAKE_T1_1067_MTI_NEU_XX__AUDIO_1067_MTI_SAD_XX_styletts.mp4,1,done,styletts,1067,MTI,neutral,sad,yes
FAKE_T1_1067_TAI_ANG_XX__AUDIO_1067_TAI_DIS_XX_styletts,data\synthetic\track1_fakes\videos\FAKE_T1_1067_TAI_ANG_XX__AUDIO_1067_TAI_DIS_XX_styletts.mp4,1,done,styletts,1067,TAI,angry,disgust,yes
FAKE_T1_1067_TAI_FEA_XX__AUDIO_1067_TAI_HAP_XX_styletts,data\synthetic\track1_fakes\videos\FAKE_T1_1067_TAI_FEA_XX__AUDIO_1067_TAI_HAP_XX_styletts.mp4,1,done,styletts,1067,TAI,fear,happy,yes
FAKE_T1_1067_TAI_HAP_XX__AUDIO_1067_TAI_NEU_XX_styletts,data\synthetic\track1_fakes\videos\FAKE_T1_1067_TAI_HAP_XX__AUDIO_1067_TAI_NEU_XX_styletts.mp4,1,done,styletts,1067,TAI,happy,neutral,yes
FAKE_T1_1067_TIE_SAD_XX__AUDIO_1067_TIE_ANG_XX_styletts,data\synthetic\track1_fakes\videos\FAKE_T1_1067_TIE_SAD_XX__AUDIO_1067_TIE_ANG_XX_styletts.mp4,1,done,styletts,1067,TIE,sad,angry,yes
FAKE_T1_1068_DFA_HAP_XX__AUDIO_1068_DFA_NEU_XX_styletts,data\synthetic\track1_fakes\videos\FAKE_T1_1068_DFA_HAP_XX__AUDIO_1068_DFA_NEU_XX_styletts.mp4,1,done,styletts,1068,DFA,happy,neutral,yes
FAKE_T1_1068_DFA_SAD_XX__AUDIO_1068_DFA_ANG_XX_styletts,data\synthetic\track1_fakes\videos\FAKE_T1_1068_DFA_SAD_XX__AUDIO_1068_DFA_ANG_XX_styletts.mp4,1,done,styletts,1068,DFA,sad,angry,yes
FAKE_T1_1068_IEO_FEA_LO__AUDIO_1068_IEO_HAP_LO_styletts,data\synthetic\track1_fakes\videos\FAKE_T1_1068_IEO_FEA_LO__AUDIO_1068_IEO_HAP_LO_styletts.mp4,1,done,styletts,1068,IEO,fear,happy,yes
FAKE_T1_1068_IEO_SAD_LO__AUDIO_1068_IEO_ANG_LO_styletts,data\synthetic\track1_fakes\videos\FAKE_T1_1068_IEO_SAD_LO__AUDIO_1068_IEO_ANG_LO_styletts.mp4,1,done,styletts,1068,IEO,sad,angry,yes
FAKE_T1_1068_ITS_ANG_XX__AUDIO_1068_ITS_DIS_XX_styletts,data\synthetic\track1_fakes\videos\FAKE_T1_1068_ITS_ANG_XX__AUDIO_1068_ITS_DIS_XX_styletts.mp4,1,done,styletts,1068,ITS,angry,disgust,yes
FAKE_T1_1068_ITS_DIS_XX__AUDIO_1068_ITS_FEA_XX_styletts,data\synthetic\track1_fakes\videos\FAKE_T1_1068_ITS_DIS_XX__AUDIO_1068_ITS_FEA_XX_styletts.mp4,1,done,styletts,1068,ITS,disgust,fear,yes
FAKE_T1_1068_ITS_HAP_XX__AUDIO_1068_ITS_NEU_XX_styletts,data\synthetic\track1_fakes\videos\FAKE_T1_1068_ITS_HAP_XX__AUDIO_1068_ITS_NEU_XX_styletts.mp4,1,done,styletts,1068,ITS,happy,neutral,yes
FAKE_T1_1068_IWL_DIS_XX__AUDIO_1068_IWL_FEA_XX_styletts,data\synthetic\track1_fakes\videos\FAKE_T1_1068_IWL_DIS_XX__AUDIO_1068_IWL_FEA_XX_styletts.mp4,1,done,styletts,1068,IWL,disgust,fear,yes
FAKE_T1_1068_IWW_NEU_XX__AUDIO_1068_IWW_SAD_XX_styletts,data\synthetic\track1_fakes\videos\FAKE_T1_1068_IWW_NEU_XX__AUDIO_1068_IWW_SAD_XX_styletts.mp4,1,done,styletts,1068,IWW,neutral,sad,yes
FAKE_T1_1068_MTI_SAD_XX__AUDIO_1068_MTI_ANG_XX_styletts,data\synthetic\track1_fakes\videos\FAKE_T1_1068_MTI_SAD_XX__AUDIO_1068_MTI_ANG_XX_styletts.mp4,1,done,styletts,1068,MTI,sad,angry,yes
FAKE_T1_1068_TAI_SAD_XX__AUDIO_1068_TAI_ANG_XX_styletts,data\synthetic\track1_fakes\videos\FAKE_T1_1068_TAI_SAD_XX__AUDIO_1068_TAI_ANG_XX_styletts.mp4,1,done,styletts,1068,TAI,sad,angry,yes
FAKE_T1_1068_TIE_ANG_XX__AUDIO_1068_TIE_DIS_XX_styletts,data\synthetic\track1_fakes\videos\FAKE_T1_1068_TIE_ANG_XX__AUDIO_1068_TIE_DIS_XX_styletts.mp4,1,done,styletts,1068,TIE,angry,disgust,yes
FAKE_T1_1068_TIE_DIS_XX__AUDIO_1068_TIE_FEA_XX_styletts,data\synthetic\track1_fakes\videos\FAKE_T1_1068_TIE_DIS_XX__AUDIO_1068_TIE_FEA_XX_styletts.mp4,1,done,styletts,1068,TIE,disgust,fear,yes
FAKE_T1_1068_WSI_ANG_XX__AUDIO_1068_WSI_DIS_XX_styletts,data\synthetic\track1_fakes\videos\FAKE_T1_1068_WSI_ANG_XX__AUDIO_1068_WSI_DIS_XX_styletts.mp4,1,done,styletts,1068,WSI,angry,disgust,yes
FAKE_T1_1068_WSI_DIS_XX__AUDIO_1068_WSI_FEA_XX_styletts,data\synthetic\track1_fakes\videos\FAKE_T1_1068_WSI_DIS_XX__AUDIO_1068_WSI_FEA_XX_styletts.mp4,1,done,styletts,1068,WSI,disgust,fear,yes
FAKE_T1_1068_WSI_SAD_XX__AUDIO_1068_WSI_ANG_XX_styletts,data\synthetic\track1_fakes\videos\FAKE_T1_1068_WSI_SAD_XX__AUDIO_1068_WSI_ANG_XX_styletts.mp4,1,done,styletts,1068,WSI,sad,angry,yes
FAKE_T1_1069_IEO_ANG_HI__AUDIO_1069_IEO_DIS_HI_styletts,data\synthetic\track1_fakes\videos\FAKE_T1_1069_IEO_ANG_HI__AUDIO_1069_IEO_DIS_HI_styletts.mp4,1,done,styletts,1069,IEO,angry,disgust,yes
FAKE_T1_1069_IEO_DIS_HI__AUDIO_1069_IEO_FEA_HI_styletts,data\synthetic\track1_fakes\videos\FAKE_T1_1069_IEO_DIS_HI__AUDIO_1069_IEO_FEA_HI_styletts.mp4,1,done,styletts,1069,IEO,disgust,fear,yes
FAKE_T1_1069_IEO_FEA_MD__AUDIO_1069_IEO_HAP_MD_styletts,data\synthetic\track1_fakes\videos\FAKE_T1_1069_IEO_FEA_MD__AUDIO_1069_IEO_HAP_MD_styletts.mp4,1,done,styletts,1069,IEO,fear,happy,yes
FAKE_T1_1069_IEO_HAP_MD__AUDIO_1069_IEO_NEU_XX_styletts,data\synthetic\track1_fakes\videos\FAKE_T1_1069_IEO_HAP_MD__AUDIO_1069_IEO_NEU_XX_styletts.mp4,1,done,styletts,1069,IEO,happy,neutral,yes
FAKE_T1_1069_IEO_SAD_LO__AUDIO_1069_IEO_ANG_LO_styletts,data\synthetic\track1_fakes\videos\FAKE_T1_1069_IEO_SAD_LO__AUDIO_1069_IEO_ANG_LO_styletts.mp4,1,done,styletts,1069,IEO,sad,angry,yes
FAKE_T1_1069_IOM_DIS_XX__AUDIO_1069_IOM_FEA_XX_styletts,data\synthetic\track1_fakes\videos\FAKE_T1_1069_IOM_DIS_XX__AUDIO_1069_IOM_FEA_XX_styletts.mp4,1,done,styletts,1069,IOM,disgust,fear,yes
FAKE_T1_1069_ITH_ANG_XX__AUDIO_1069_ITH_DIS_XX_styletts,data\synthetic\track1_fakes\videos\FAKE_T1_1069_ITH_ANG_XX__AUDIO_1069_ITH_DIS_XX_styletts.mp4,1,done,styletts,1069,ITH,angry,disgust,yes
FAKE_T1_1069_ITS_HAP_XX__AUDIO_1069_ITS_NEU_XX_styletts,data\synthetic\track1_fakes\videos\FAKE_T1_1069_ITS_HAP_XX__AUDIO_1069_ITS_NEU_XX_styletts.mp4,1,done,styletts,1069,ITS,happy,neutral,yes
FAKE_T1_1069_IWL_SAD_XX__AUDIO_1069_IWL_ANG_XX_styletts,data\synthetic\track1_fakes\videos\FAKE_T1_1069_IWL_SAD_XX__AUDIO_1069_IWL_ANG_XX_styletts.mp4,1,done,styletts,1069,IWL,sad,angry,yes
FAKE_T1_1069_IWW_DIS_XX__AUDIO_1069_IWW_FEA_XX_styletts,data\synthetic\track1_fakes\videos\FAKE_T1_1069_IWW_DIS_XX__AUDIO_1069_IWW_FEA_XX_styletts.mp4,1,done,styletts,1069,IWW,disgust,fear,yes
FAKE_T1_1069_IWW_FEA_XX__AUDIO_1069_IWW_HAP_XX_styletts,data\synthetic\track1_fakes\videos\FAKE_T1_1069_IWW_FEA_XX__AUDIO_1069_IWW_HAP_XX_styletts.mp4,1,done,styletts,1069,IWW,fear,happy,yes
FAKE_T1_1069_IWW_NEU_XX__AUDIO_1069_IWW_SAD_XX_styletts,data\synthetic\track1_fakes\videos\FAKE_T1_1069_IWW_NEU_XX__AUDIO_1069_IWW_SAD_XX_styletts.mp4,1,done,styletts,1069,IWW,neutral,sad,yes
FAKE_T1_1069_TAI_SAD_XX__AUDIO_1069_TAI_ANG_XX_styletts,data\synthetic\track1_fakes\videos\FAKE_T1_1069_TAI_SAD_XX__AUDIO_1069_TAI_ANG_XX_styletts.mp4,1,done,styletts,1069,TAI,sad,angry,yes
FAKE_T1_1069_TIE_HAP_XX__AUDIO_1069_TIE_NEU_XX_styletts,data\synthetic\track1_fakes\videos\FAKE_T1_1069_TIE_HAP_XX__AUDIO_1069_TIE_NEU_XX_styletts.mp4,1,done,styletts,1069,TIE,happy,neutral,yes
FAKE_T1_1069_TIE_SAD_XX__AUDIO_1069_TIE_ANG_XX_styletts,data\synthetic\track1_fakes\videos\FAKE_T1_1069_TIE_SAD_XX__AUDIO_1069_TIE_ANG_XX_styletts.mp4,1,done,styletts,1069,TIE,sad,angry,yes
FAKE_T1_1069_WSI_HAP_XX__AUDIO_1069_WSI_NEU_XX_styletts,data\synthetic\track1_fakes\videos\FAKE_T1_1069_WSI_HAP_XX__AUDIO_1069_WSI_NEU_XX_styletts.mp4,1,done,styletts,1069,WSI,happy,neutral,yes
FAKE_T1_1070_DFA_FEA_XX__AUDIO_1070_DFA_HAP_XX_styletts,data\synthetic\track1_fakes\videos\FAKE_T1_1070_DFA_FEA_XX__AUDIO_1070_DFA_HAP_XX_styletts.mp4,1,done,styletts,1070,DFA,fear,happy,yes
FAKE_T1_1070_DFA_HAP_XX__AUDIO_1070_DFA_NEU_XX_styletts,data\synthetic\track1_fakes\videos\FAKE_T1_1070_DFA_HAP_XX__AUDIO_1070_DFA_NEU_XX_styletts.mp4,1,done,styletts,1070,DFA,happy,neutral,yes
FAKE_T1_1070_DFA_NEU_XX__AUDIO_1070_DFA_SAD_XX_styletts,data\synthetic\track1_fakes\videos\FAKE_T1_1070_DFA_NEU_XX__AUDIO_1070_DFA_SAD_XX_styletts.mp4,1,done,styletts,1070,DFA,neutral,sad,yes
FAKE_T1_1070_ITH_FEA_XX__AUDIO_1070_ITH_HAP_XX_styletts,data\synthetic\track1_fakes\videos\FAKE_T1_1070_ITH_FEA_XX__AUDIO_1070_ITH_HAP_XX_styletts.mp4,1,done,styletts,1070,ITH,fear,happy,yes
FAKE_T1_1070_ITS_DIS_XX__AUDIO_1070_ITS_FEA_XX_styletts,data\synthetic\track1_fakes\videos\FAKE_T1_1070_ITS_DIS_XX__AUDIO_1070_ITS_FEA_XX_styletts.mp4,1,done,styletts,1070,ITS,disgust,fear,yes
FAKE_T1_1070_ITS_FEA_XX__AUDIO_1070_ITS_HAP_XX_styletts,data\synthetic\track1_fakes\videos\FAKE_T1_1070_ITS_FEA_XX__AUDIO_1070_ITS_HAP_XX_styletts.mp4,1,done,styletts,1070,ITS,fear,happy,yes
FAKE_T1_1070_ITS_NEU_XX__AUDIO_1070_ITS_SAD_XX_styletts,data\synthetic\track1_fakes\videos\FAKE_T1_1070_ITS_NEU_XX__AUDIO_1070_ITS_SAD_XX_styletts.mp4,1,done,styletts,1070,ITS,neutral,sad,yes
FAKE_T1_1070_IWW_ANG_XX__AUDIO_1070_IWW_DIS_XX_styletts,data\synthetic\track1_fakes\videos\FAKE_T1_1070_IWW_ANG_XX__AUDIO_1070_IWW_DIS_XX_styletts.mp4,1,done,styletts,1070,IWW,angry,disgust,yes
FAKE_T1_1070_IWW_DIS_XX__AUDIO_1070_IWW_FEA_XX_styletts,data\synthetic\track1_fakes\videos\FAKE_T1_1070_IWW_DIS_XX__AUDIO_1070_IWW_FEA_XX_styletts.mp4,1,done,styletts,1070,IWW,disgust,fear,yes
FAKE_T1_1070_IWW_FEA_XX__AUDIO_1070_IWW_HAP_XX_styletts,data\synthetic\track1_fakes\videos\FAKE_T1_1070_IWW_FEA_XX__AUDIO_1070_IWW_HAP_XX_styletts.mp4,1,done,styletts,1070,IWW,fear,happy,yes
FAKE_T1_1070_IWW_HAP_XX__AUDIO_1070_IWW_NEU_XX_styletts,data\synthetic\track1_fakes\videos\FAKE_T1_1070_IWW_HAP_XX__AUDIO_1070_IWW_NEU_XX_styletts.mp4,1,done,styletts,1070,IWW,happy,neutral,yes
FAKE_T1_1070_MTI_DIS_XX__AUDIO_1070_MTI_FEA_XX_styletts,data\synthetic\track1_fakes\videos\FAKE_T1_1070_MTI_DIS_XX__AUDIO_1070_MTI_FEA_XX_styletts.mp4,1,done,styletts,1070,MTI,disgust,fear,yes
FAKE_T1_1070_TAI_HAP_XX__AUDIO_1070_TAI_NEU_XX_styletts,data\synthetic\track1_fakes\videos\FAKE_T1_1070_TAI_HAP_XX__AUDIO_1070_TAI_NEU_XX_styletts.mp4,1,done,styletts,1070,TAI,happy,neutral,yes
FAKE_T1_1070_TIE_FEA_XX__AUDIO_1070_TIE_HAP_XX_styletts,data\synthetic\track1_fakes\videos\FAKE_T1_1070_TIE_FEA_XX__AUDIO_1070_TIE_HAP_XX_styletts.mp4,1,done,styletts,1070,TIE,fear,happy,yes
FAKE_T1_1070_TIE_NEU_XX__AUDIO_1070_TIE_SAD_XX_styletts,data\synthetic\track1_fakes\videos\FAKE_T1_1070_TIE_NEU_XX__AUDIO_1070_TIE_SAD_XX_styletts.mp4,1,done,styletts,1070,TIE,neutral,sad,yes
FAKE_T1_1070_TSI_NEU_XX__AUDIO_1070_TSI_SAD_XX_styletts,data\synthetic\track1_fakes\videos\FAKE_T1_1070_TSI_NEU_XX__AUDIO_1070_TSI_SAD_XX_styletts.mp4,1,done,styletts,1070,TSI,neutral,sad,yes
FAKE_T1_1071_DFA_SAD_XX__AUDIO_1071_DFA_ANG_XX_styletts,data\synthetic\track1_fakes\videos\FAKE_T1_1071_DFA_SAD_XX__AUDIO_1071_DFA_ANG_XX_styletts.mp4,1,done,styletts,1071,DFA,sad,angry,yes
FAKE_T1_1071_IEO_ANG_HI__AUDIO_1071_IEO_DIS_HI_styletts,data\synthetic\track1_fakes\videos\FAKE_T1_1071_IEO_ANG_HI__AUDIO_1071_IEO_DIS_HI_styletts.mp4,1,done,styletts,1071,IEO,angry,disgust,yes
FAKE_T1_1071_IEO_DIS_MD__AUDIO_1071_IEO_FEA_MD_styletts,data\synthetic\track1_fakes\videos\FAKE_T1_1071_IEO_DIS_MD__AUDIO_1071_IEO_FEA_MD_styletts.mp4,1,done,styletts,1071,IEO,disgust,fear,yes
FAKE_T1_1071_IEO_HAP_HI__AUDIO_1071_IEO_NEU_XX_styletts,data\synthetic\track1_fakes\videos\FAKE_T1_1071_IEO_HAP_HI__AUDIO_1071_IEO_NEU_XX_styletts.mp4,1,done,styletts,1071,IEO,happy,neutral,yes
FAKE_T1_1071_IEO_HAP_LO__AUDIO_1071_IEO_NEU_XX_styletts,data\synthetic\track1_fakes\videos\FAKE_T1_1071_IEO_HAP_LO__AUDIO_1071_IEO_NEU_XX_styletts.mp4,1,done,styletts,1071,IEO,happy,neutral,yes
FAKE_T1_1071_IEO_NEU_XX__AUDIO_1071_IEO_SAD_HI_styletts,data\synthetic\track1_fakes\videos\FAKE_T1_1071_IEO_NEU_XX__AUDIO_1071_IEO_SAD_HI_styletts.mp4,1,done,styletts,1071,IEO,neutral,sad,yes
FAKE_T1_1071_IOM_SAD_XX__AUDIO_1071_IOM_ANG_XX_styletts,data\synthetic\track1_fakes\videos\FAKE_T1_1071_IOM_SAD_XX__AUDIO_1071_IOM_ANG_XX_styletts.mp4,1,done,styletts,1071,IOM,sad,angry,yes
FAKE_T1_1071_ITH_FEA_XX__AUDIO_1071_ITH_HAP_XX_styletts,data\synthetic\track1_fakes\videos\FAKE_T1_1071_ITH_FEA_XX__AUDIO_1071_ITH_HAP_XX_styletts.mp4,1,done,styletts,1071,ITH,fear,happy,yes
FAKE_T1_1071_ITH_SAD_XX__AUDIO_1071_ITH_ANG_XX_styletts,data\synthetic\track1_fakes\videos\FAKE_T1_1071_ITH_SAD_XX__AUDIO_1071_ITH_ANG_XX_styletts.mp4,1,done,styletts,1071,ITH,sad,angry,yes
FAKE_T1_1071_ITS_ANG_XX__AUDIO_1071_ITS_DIS_XX_styletts,data\synthetic\track1_fakes\videos\FAKE_T1_1071_ITS_ANG_XX__AUDIO_1071_ITS_DIS_XX_styletts.mp4,1,done,styletts,1071,ITS,angry,disgust,yes
FAKE_T1_1071_ITS_SAD_XX__AUDIO_1071_ITS_ANG_XX_styletts,data\synthetic\track1_fakes\videos\FAKE_T1_1071_ITS_SAD_XX__AUDIO_1071_ITS_ANG_XX_styletts.mp4,1,done,styletts,1071,ITS,sad,angry,yes
FAKE_T1_1071_IWW_SAD_XX__AUDIO_1071_IWW_ANG_XX_styletts,data\synthetic\track1_fakes\videos\FAKE_T1_1071_IWW_SAD_XX__AUDIO_1071_IWW_ANG_XX_styletts.mp4,1,done,styletts,1071,IWW,sad,angry,yes
FAKE_T1_1071_TSI_DIS_XX__AUDIO_1071_TSI_FEA_XX_styletts,data\synthetic\track1_fakes\videos\FAKE_T1_1071_TSI_DIS_XX__AUDIO_1071_TSI_FEA_XX_styletts.mp4,1,done,styletts,1071,TSI,disgust,fear,yes
FAKE_T1_1071_TSI_HAP_XX__AUDIO_1071_TSI_NEU_XX_styletts,data\synthetic\track1_fakes\videos\FAKE_T1_1071_TSI_HAP_XX__AUDIO_1071_TSI_NEU_XX_styletts.mp4,1,done,styletts,1071,TSI,happy,neutral,yes
FAKE_T1_1071_TSI_NEU_XX__AUDIO_1071_TSI_SAD_XX_styletts,data\synthetic\track1_fakes\videos\FAKE_T1_1071_TSI_NEU_XX__AUDIO_1071_TSI_SAD_XX_styletts.mp4,1,done,styletts,1071,TSI,neutral,sad,yes
FAKE_T1_1071_WSI_DIS_XX__AUDIO_1071_WSI_FEA_XX_styletts,data\synthetic\track1_fakes\videos\FAKE_T1_1071_WSI_DIS_XX__AUDIO_1071_WSI_FEA_XX_styletts.mp4,1,done,styletts,1071,WSI,disgust,fear,yes
FAKE_T1_1072_DFA_ANG_XX__AUDIO_1072_DFA_DIS_XX_styletts,data\synthetic\track1_fakes\videos\FAKE_T1_1072_DFA_ANG_XX__AUDIO_1072_DFA_DIS_XX_styletts.mp4,1,done,styletts,1072,DFA,angry,disgust,yes
FAKE_T1_1072_IEO_DIS_LO__AUDIO_1072_IEO_FEA_LO_styletts,data\synthetic\track1_fakes\videos\FAKE_T1_1072_IEO_DIS_LO__AUDIO_1072_IEO_FEA_LO_styletts.mp4,1,done,styletts,1072,IEO,disgust,fear,yes
FAKE_T1_1072_IOM_ANG_XX__AUDIO_1072_IOM_DIS_XX_styletts,data\synthetic\track1_fakes\videos\FAKE_T1_1072_IOM_ANG_XX__AUDIO_1072_IOM_DIS_XX_styletts.mp4,1,done,styletts,1072,IOM,angry,disgust,yes
FAKE_T1_1072_IOM_HAP_XX__AUDIO_1072_IOM_NEU_XX_styletts,data\synthetic\track1_fakes\videos\FAKE_T1_1072_IOM_HAP_XX__AUDIO_1072_IOM_NEU_XX_styletts.mp4,1,done,styletts,1072,IOM,happy,neutral,yes
FAKE_T1_1072_IOM_SAD_XX__AUDIO_1072_IOM_ANG_XX_styletts,data\synthetic\track1_fakes\videos\FAKE_T1_1072_IOM_SAD_XX__AUDIO_1072_IOM_ANG_XX_styletts.mp4,1,done,styletts,1072,IOM,sad,angry,yes
FAKE_T1_1072_ITH_HAP_XX__AUDIO_1072_ITH_NEU_XX_styletts,data\synthetic\track1_fakes\videos\FAKE_T1_1072_ITH_HAP_XX__AUDIO_1072_ITH_NEU_XX_styletts.mp4,1,done,styletts,1072,ITH,happy,neutral,yes
FAKE_T1_1072_ITS_HAP_XX__AUDIO_1072_ITS_NEU_XX_styletts,data\synthetic\track1_fakes\videos\FAKE_T1_1072_ITS_HAP_XX__AUDIO_1072_ITS_NEU_XX_styletts.mp4,1,done,styletts,1072,ITS,happy,neutral,yes
FAKE_T1_1072_ITS_NEU_XX__AUDIO_1072_ITS_SAD_XX_styletts,data\synthetic\track1_fakes\videos\FAKE_T1_1072_ITS_NEU_XX__AUDIO_1072_ITS_SAD_XX_styletts.mp4,1,done,styletts,1072,ITS,neutral,sad,yes
FAKE_T1_1072_IWL_SAD_XX__AUDIO_1072_IWL_ANG_XX_styletts,data\synthetic\track1_fakes\videos\FAKE_T1_1072_IWL_SAD_XX__AUDIO_1072_IWL_ANG_XX_styletts.mp4,1,done,styletts,1072,IWL,sad,angry,yes
FAKE_T1_1072_MTI_HAP_XX__AUDIO_1072_MTI_NEU_XX_styletts,data\synthetic\track1_fakes\videos\FAKE_T1_1072_MTI_HAP_XX__AUDIO_1072_MTI_NEU_XX_styletts.mp4,1,done,styletts,1072,MTI,happy,neutral,yes
FAKE_T1_1072_MTI_SAD_XX__AUDIO_1072_MTI_ANG_XX_styletts,data\synthetic\track1_fakes\videos\FAKE_T1_1072_MTI_SAD_XX__AUDIO_1072_MTI_ANG_XX_styletts.mp4,1,done,styletts,1072,MTI,sad,angry,yes
FAKE_T1_1072_TAI_FEA_XX__AUDIO_1072_TAI_HAP_XX_styletts,data\synthetic\track1_fakes\videos\FAKE_T1_1072_TAI_FEA_XX__AUDIO_1072_TAI_HAP_XX_styletts.mp4,1,done,styletts,1072,TAI,fear,happy,yes
FAKE_T1_1072_TIE_FEA_XX__AUDIO_1072_TIE_HAP_XX_styletts,data\synthetic\track1_fakes\videos\FAKE_T1_1072_TIE_FEA_XX__AUDIO_1072_TIE_HAP_XX_styletts.mp4,1,done,styletts,1072,TIE,fear,happy,yes
FAKE_T1_1072_TIE_NEU_XX__AUDIO_1072_TIE_SAD_XX_styletts,data\synthetic\track1_fakes\videos\FAKE_T1_1072_TIE_NEU_XX__AUDIO_1072_TIE_SAD_XX_styletts.mp4,1,done,styletts,1072,TIE,neutral,sad,yes
FAKE_T1_1072_TSI_NEU_XX__AUDIO_1072_TSI_SAD_XX_styletts,data\synthetic\track1_fakes\videos\FAKE_T1_1072_TSI_NEU_XX__AUDIO_1072_TSI_SAD_XX_styletts.mp4,1,done,styletts,1072,TSI,neutral,sad,yes
FAKE_T1_1072_TSI_SAD_XX__AUDIO_1072_TSI_ANG_XX_styletts,data\synthetic\track1_fakes\videos\FAKE_T1_1072_TSI_SAD_XX__AUDIO_1072_TSI_ANG_XX_styletts.mp4,1,done,styletts,1072,TSI,sad,angry,yes
FAKE_T1_1073_DFA_HAP_XX__AUDIO_1073_DFA_NEU_XX_styletts,data\synthetic\track1_fakes\videos\FAKE_T1_1073_DFA_HAP_XX__AUDIO_1073_DFA_NEU_XX_styletts.mp4,1,done,styletts,1073,DFA,happy,neutral,yes
FAKE_T1_1073_IEO_ANG_HI__AUDIO_1073_IEO_DIS_HI_styletts,data\synthetic\track1_fakes\videos\FAKE_T1_1073_IEO_ANG_HI__AUDIO_1073_IEO_DIS_HI_styletts.mp4,1,done,styletts,1073,IEO,angry,disgust,yes
FAKE_T1_1073_IEO_ANG_LO__AUDIO_1073_IEO_DIS_LO_styletts,data\synthetic\track1_fakes\videos\FAKE_T1_1073_IEO_ANG_LO__AUDIO_1073_IEO_DIS_LO_styletts.mp4,1,done,styletts,1073,IEO,angry,disgust,yes
FAKE_T1_1073_IEO_DIS_HI__AUDIO_1073_IEO_FEA_HI_styletts,data\synthetic\track1_fakes\videos\FAKE_T1_1073_IEO_DIS_HI__AUDIO_1073_IEO_FEA_HI_styletts.mp4,1,done,styletts,1073,IEO,disgust,fear,yes
FAKE_T1_1073_IEO_DIS_LO__AUDIO_1073_IEO_FEA_LO_styletts,data\synthetic\track1_fakes\videos\FAKE_T1_1073_IEO_DIS_LO__AUDIO_1073_IEO_FEA_LO_styletts.mp4,1,done,styletts,1073,IEO,disgust,fear,yes
FAKE_T1_1073_IOM_NEU_XX__AUDIO_1073_IOM_SAD_XX_styletts,data\synthetic\track1_fakes\videos\FAKE_T1_1073_IOM_NEU_XX__AUDIO_1073_IOM_SAD_XX_styletts.mp4,1,done,styletts,1073,IOM,neutral,sad,yes
FAKE_T1_1073_ITH_NEU_XX__AUDIO_1073_ITH_SAD_XX_styletts,data\synthetic\track1_fakes\videos\FAKE_T1_1073_ITH_NEU_XX__AUDIO_1073_ITH_SAD_XX_styletts.mp4,1,done,styletts,1073,ITH,neutral,sad,yes
FAKE_T1_1073_ITS_ANG_XX__AUDIO_1073_ITS_DIS_XX_styletts,data\synthetic\track1_fakes\videos\FAKE_T1_1073_ITS_ANG_XX__AUDIO_1073_ITS_DIS_XX_styletts.mp4,1,done,styletts,1073,ITS,angry,disgust,yes
FAKE_T1_1073_IWL_HAP_XX__AUDIO_1073_IWL_NEU_XX_styletts,data\synthetic\track1_fakes\videos\FAKE_T1_1073_IWL_HAP_XX__AUDIO_1073_IWL_NEU_XX_styletts.mp4,1,done,styletts,1073,IWL,happy,neutral,yes
FAKE_T1_1073_IWL_SAD_XX__AUDIO_1073_IWL_ANG_XX_styletts,data\synthetic\track1_fakes\videos\FAKE_T1_1073_IWL_SAD_XX__AUDIO_1073_IWL_ANG_XX_styletts.mp4,1,done,styletts,1073,IWL,sad,angry,yes
FAKE_T1_1073_TAI_FEA_XX__AUDIO_1073_TAI_HAP_XX_styletts,data\synthetic\track1_fakes\videos\FAKE_T1_1073_TAI_FEA_XX__AUDIO_1073_TAI_HAP_XX_styletts.mp4,1,done,styletts,1073,TAI,fear,happy,yes
FAKE_T1_1073_TIE_FEA_XX__AUDIO_1073_TIE_HAP_XX_styletts,data\synthetic\track1_fakes\videos\FAKE_T1_1073_TIE_FEA_XX__AUDIO_1073_TIE_HAP_XX_styletts.mp4,1,done,styletts,1073,TIE,fear,happy,yes
FAKE_T1_1073_TIE_NEU_XX__AUDIO_1073_TIE_SAD_XX_styletts,data\synthetic\track1_fakes\videos\FAKE_T1_1073_TIE_NEU_XX__AUDIO_1073_TIE_SAD_XX_styletts.mp4,1,done,styletts,1073,TIE,neutral,sad,yes
FAKE_T1_1073_TSI_HAP_XX__AUDIO_1073_TSI_NEU_XX_styletts,data\synthetic\track1_fakes\videos\FAKE_T1_1073_TSI_HAP_XX__AUDIO_1073_TSI_NEU_XX_styletts.mp4,1,done,styletts,1073,TSI,happy,neutral,yes
FAKE_T1_1073_WSI_NEU_XX__AUDIO_1073_WSI_SAD_XX_styletts,data\synthetic\track1_fakes\videos\FAKE_T1_1073_WSI_NEU_XX__AUDIO_1073_WSI_SAD_XX_styletts.mp4,1,done,styletts,1073,WSI,neutral,sad,yes
FAKE_T1_1073_WSI_SAD_XX__AUDIO_1073_WSI_ANG_XX_styletts,data\synthetic\track1_fakes\videos\FAKE_T1_1073_WSI_SAD_XX__AUDIO_1073_WSI_ANG_XX_styletts.mp4,1,done,styletts,1073,WSI,sad,angry,yes
FAKE_T1_1074_DFA_ANG_XX__AUDIO_1074_DFA_DIS_XX_styletts,data\synthetic\track1_fakes\videos\FAKE_T1_1074_DFA_ANG_XX__AUDIO_1074_DFA_DIS_XX_styletts.mp4,1,done,styletts,1074,DFA,angry,disgust,yes
FAKE_T1_1074_IEO_ANG_HI__AUDIO_1074_IEO_DIS_HI_styletts,data\synthetic\track1_fakes\videos\FAKE_T1_1074_IEO_ANG_HI__AUDIO_1074_IEO_DIS_HI_styletts.mp4,1,done,styletts,1074,IEO,angry,disgust,yes
FAKE_T1_1074_IEO_ANG_LO__AUDIO_1074_IEO_DIS_LO_styletts,data\synthetic\track1_fakes\videos\FAKE_T1_1074_IEO_ANG_LO__AUDIO_1074_IEO_DIS_LO_styletts.mp4,1,done,styletts,1074,IEO,angry,disgust,yes
FAKE_T1_1074_IEO_FEA_HI__AUDIO_1074_IEO_HAP_HI_styletts,data\synthetic\track1_fakes\videos\FAKE_T1_1074_IEO_FEA_HI__AUDIO_1074_IEO_HAP_HI_styletts.mp4,1,done,styletts,1074,IEO,fear,happy,yes
FAKE_T1_1074_IEO_NEU_XX__AUDIO_1074_IEO_SAD_HI_styletts,data\synthetic\track1_fakes\videos\FAKE_T1_1074_IEO_NEU_XX__AUDIO_1074_IEO_SAD_HI_styletts.mp4,1,done,styletts,1074,IEO,neutral,sad,yes
FAKE_T1_1074_IOM_DIS_XX__AUDIO_1074_IOM_FEA_XX_styletts,data\synthetic\track1_fakes\videos\FAKE_T1_1074_IOM_DIS_XX__AUDIO_1074_IOM_FEA_XX_styletts.mp4,1,done,styletts,1074,IOM,disgust,fear,yes
FAKE_T1_1074_IOM_HAP_XX__AUDIO_1074_IOM_NEU_XX_styletts,data\synthetic\track1_fakes\videos\FAKE_T1_1074_IOM_HAP_XX__AUDIO_1074_IOM_NEU_XX_styletts.mp4,1,done,styletts,1074,IOM,happy,neutral,yes
FAKE_T1_1074_ITS_NEU_XX__AUDIO_1074_ITS_SAD_XX_styletts,data\synthetic\track1_fakes\videos\FAKE_T1_1074_ITS_NEU_XX__AUDIO_1074_ITS_SAD_XX_styletts.mp4,1,done,styletts,1074,ITS,neutral,sad,yes
FAKE_T1_1074_IWL_NEU_XX__AUDIO_1074_IWL_SAD_XX_styletts,data\synthetic\track1_fakes\videos\FAKE_T1_1074_IWL_NEU_XX__AUDIO_1074_IWL_SAD_XX_styletts.mp4,1,done,styletts,1074,IWL,neutral,sad,yes
FAKE_T1_1074_IWW_DIS_XX__AUDIO_1074_IWW_FEA_XX_styletts,data\synthetic\track1_fakes\videos\FAKE_T1_1074_IWW_DIS_XX__AUDIO_1074_IWW_FEA_XX_styletts.mp4,1,done,styletts,1074,IWW,disgust,fear,yes
FAKE_T1_1074_MTI_FEA_XX__AUDIO_1074_MTI_HAP_XX_styletts,data\synthetic\track1_fakes\videos\FAKE_T1_1074_MTI_FEA_XX__AUDIO_1074_MTI_HAP_XX_styletts.mp4,1,done,styletts,1074,MTI,fear,happy,yes
FAKE_T1_1074_MTI_SAD_XX__AUDIO_1074_MTI_ANG_XX_styletts,data\synthetic\track1_fakes\videos\FAKE_T1_1074_MTI_SAD_XX__AUDIO_1074_MTI_ANG_XX_styletts.mp4,1,done,styletts,1074,MTI,sad,angry,yes
FAKE_T1_1074_TAI_ANG_XX__AUDIO_1074_TAI_DIS_XX_styletts,data\synthetic\track1_fakes\videos\FAKE_T1_1074_TAI_ANG_XX__AUDIO_1074_TAI_DIS_XX_styletts.mp4,1,done,styletts,1074,TAI,angry,disgust,yes
FAKE_T1_1074_TIE_NEU_XX__AUDIO_1074_TIE_SAD_XX_styletts,data\synthetic\track1_fakes\videos\FAKE_T1_1074_TIE_NEU_XX__AUDIO_1074_TIE_SAD_XX_styletts.mp4,1,done,styletts,1074,TIE,neutral,sad,yes
FAKE_T1_1074_WSI_DIS_XX__AUDIO_1074_WSI_FEA_XX_styletts,data\synthetic\track1_fakes\videos\FAKE_T1_1074_WSI_DIS_XX__AUDIO_1074_WSI_FEA_XX_styletts.mp4,1,done,styletts,1074,WSI,disgust,fear,yes
FAKE_T1_1074_WSI_FEA_XX__AUDIO_1074_WSI_HAP_XX_styletts,data\synthetic\track1_fakes\videos\FAKE_T1_1074_WSI_FEA_XX__AUDIO_1074_WSI_HAP_XX_styletts.mp4,1,done,styletts,1074,WSI,fear,happy,yes
FAKE_T1_1075_IEO_DIS_HI__AUDIO_1075_IEO_FEA_HI_styletts,data\synthetic\track1_fakes\videos\FAKE_T1_1075_IEO_DIS_HI__AUDIO_1075_IEO_FEA_HI_styletts.mp4,1,done,styletts,1075,IEO,disgust,fear,yes
FAKE_T1_1075_IEO_HAP_LO__AUDIO_1075_IEO_NEU_XX_styletts,data\synthetic\track1_fakes\videos\FAKE_T1_1075_IEO_HAP_LO__AUDIO_1075_IEO_NEU_XX_styletts.mp4,1,done,styletts,1075,IEO,happy,neutral,yes
FAKE_T1_1075_IEO_NEU_XX__AUDIO_1075_IEO_SAD_HI_styletts,data\synthetic\track1_fakes\videos\FAKE_T1_1075_IEO_NEU_XX__AUDIO_1075_IEO_SAD_HI_styletts.mp4,1,done,styletts,1075,IEO,neutral,sad,yes
FAKE_T1_1075_IEO_SAD_HI__AUDIO_1075_IEO_ANG_HI_styletts,data\synthetic\track1_fakes\videos\FAKE_T1_1075_IEO_SAD_HI__AUDIO_1075_IEO_ANG_HI_styletts.mp4,1,done,styletts,1075,IEO,sad,angry,yes
FAKE_T1_1075_IOM_HAP_XX__AUDIO_1075_IOM_NEU_XX_styletts,data\synthetic\track1_fakes\videos\FAKE_T1_1075_IOM_HAP_XX__AUDIO_1075_IOM_NEU_XX_styletts.mp4,1,done,styletts,1075,IOM,happy,neutral,yes
FAKE_T1_1075_IOM_NEU_XX__AUDIO_1075_IOM_SAD_XX_styletts,data\synthetic\track1_fakes\videos\FAKE_T1_1075_IOM_NEU_XX__AUDIO_1075_IOM_SAD_XX_styletts.mp4,1,done,styletts,1075,IOM,neutral,sad,yes
FAKE_T1_1075_IOM_SAD_XX__AUDIO_1075_IOM_ANG_XX_styletts,data\synthetic\track1_fakes\videos\FAKE_T1_1075_IOM_SAD_XX__AUDIO_1075_IOM_ANG_XX_styletts.mp4,1,done,styletts,1075,IOM,sad,angry,yes
FAKE_T1_1075_ITH_NEU_XX__AUDIO_1075_ITH_SAD_XX_styletts,data\synthetic\track1_fakes\videos\FAKE_T1_1075_ITH_NEU_XX__AUDIO_1075_ITH_SAD_XX_styletts.mp4,1,done,styletts,1075,ITH,neutral,sad,yes
FAKE_T1_1075_IWL_FEA_XX__AUDIO_1075_IWL_HAP_XX_styletts,data\synthetic\track1_fakes\videos\FAKE_T1_1075_IWL_FEA_XX__AUDIO_1075_IWL_HAP_XX_styletts.mp4,1,done,styletts,1075,IWL,fear,happy,yes
FAKE_T1_1075_IWW_HAP_XX__AUDIO_1075_IWW_NEU_XX_styletts,data\synthetic\track1_fakes\videos\FAKE_T1_1075_IWW_HAP_XX__AUDIO_1075_IWW_NEU_XX_styletts.mp4,1,done,styletts,1075,IWW,happy,neutral,yes
FAKE_T1_1075_IWW_NEU_XX__AUDIO_1075_IWW_SAD_XX_styletts,data\synthetic\track1_fakes\videos\FAKE_T1_1075_IWW_NEU_XX__AUDIO_1075_IWW_SAD_XX_styletts.mp4,1,done,styletts,1075,IWW,neutral,sad,yes
FAKE_T1_1075_TSI_DIS_XX__AUDIO_1075_TSI_FEA_XX_styletts,data\synthetic\track1_fakes\videos\FAKE_T1_1075_TSI_DIS_XX__AUDIO_1075_TSI_FEA_XX_styletts.mp4,1,done,styletts,1075,TSI,disgust,fear,yes
FAKE_T1_1075_TSI_HAP_XX__AUDIO_1075_TSI_NEU_XX_styletts,data\synthetic\track1_fakes\videos\FAKE_T1_1075_TSI_HAP_XX__AUDIO_1075_TSI_NEU_XX_styletts.mp4,1,done,styletts,1075,TSI,happy,neutral,yes
FAKE_T1_1075_WSI_FEA_XX__AUDIO_1075_WSI_HAP_XX_styletts,data\synthetic\track1_fakes\videos\FAKE_T1_1075_WSI_FEA_XX__AUDIO_1075_WSI_HAP_XX_styletts.mp4,1,done,styletts,1075,WSI,fear,happy,yes
FAKE_T1_1075_WSI_HAP_XX__AUDIO_1075_WSI_NEU_XX_styletts,data\synthetic\track1_fakes\videos\FAKE_T1_1075_WSI_HAP_XX__AUDIO_1075_WSI_NEU_XX_styletts.mp4,1,done,styletts,1075,WSI,happy,neutral,yes
FAKE_T1_1075_WSI_NEU_XX__AUDIO_1075_WSI_SAD_XX_styletts,data\synthetic\track1_fakes\videos\FAKE_T1_1075_WSI_NEU_XX__AUDIO_1075_WSI_SAD_XX_styletts.mp4,1,done,styletts,1075,WSI,neutral,sad,yes
FAKE_T1_1076_DFA_NEU_XX__AUDIO_1076_DFA_SAD_XX_styletts,data\synthetic\track1_fakes\videos\FAKE_T1_1076_DFA_NEU_XX__AUDIO_1076_DFA_SAD_XX_styletts.mp4,1,done,styletts,1076,DFA,neutral,sad,yes
FAKE_T1_1076_DFA_SAD_XX__AUDIO_1076_DFA_ANG_XX_styletts,data\synthetic\track1_fakes\videos\FAKE_T1_1076_DFA_SAD_XX__AUDIO_1076_DFA_ANG_XX_styletts.mp4,1,done,styletts,1076,DFA,sad,angry,yes
FAKE_T1_1076_IEO_FEA_HI__AUDIO_1076_IEO_HAP_HI_styletts,data\synthetic\track1_fakes\videos\FAKE_T1_1076_IEO_FEA_HI__AUDIO_1076_IEO_HAP_HI_styletts.mp4,1,done,styletts,1076,IEO,fear,happy,yes
FAKE_T1_1076_IEO_FEA_MD__AUDIO_1076_IEO_HAP_MD_styletts,data\synthetic\track1_fakes\videos\FAKE_T1_1076_IEO_FEA_MD__AUDIO_1076_IEO_HAP_MD_styletts.mp4,1,done,styletts,1076,IEO,fear,happy,yes
FAKE_T1_1076_IOM_HAP_XX__AUDIO_1076_IOM_NEU_XX_styletts,data\synthetic\track1_fakes\videos\FAKE_T1_1076_IOM_HAP_XX__AUDIO_1076_IOM_NEU_XX_styletts.mp4,1,done,styletts,1076,IOM,happy,neutral,yes
FAKE_T1_1076_ITH_ANG_XX__AUDIO_1076_ITH_DIS_XX_styletts,data\synthetic\track1_fakes\videos\FAKE_T1_1076_ITH_ANG_XX__AUDIO_1076_ITH_DIS_XX_styletts.mp4,1,done,styletts,1076,ITH,angry,disgust,yes
FAKE_T1_1076_ITH_DIS_XX__AUDIO_1076_ITH_FEA_XX_styletts,data\synthetic\track1_fakes\videos\FAKE_T1_1076_ITH_DIS_XX__AUDIO_1076_ITH_FEA_XX_styletts.mp4,1,done,styletts,1076,ITH,disgust,fear,yes
FAKE_T1_1076_ITS_FEA_XX__AUDIO_1076_ITS_HAP_XX_styletts,data\synthetic\track1_fakes\videos\FAKE_T1_1076_ITS_FEA_XX__AUDIO_1076_ITS_HAP_XX_styletts.mp4,1,done,styletts,1076,ITS,fear,happy,yes
FAKE_T1_1076_IWL_HAP_XX__AUDIO_1076_IWL_NEU_XX_styletts,data\synthetic\track1_fakes\videos\FAKE_T1_1076_IWL_HAP_XX__AUDIO_1076_IWL_NEU_XX_styletts.mp4,1,done,styletts,1076,IWL,happy,neutral,yes
FAKE_T1_1076_IWW_DIS_XX__AUDIO_1076_IWW_FEA_XX_styletts,data\synthetic\track1_fakes\videos\FAKE_T1_1076_IWW_DIS_XX__AUDIO_1076_IWW_FEA_XX_styletts.mp4,1,done,styletts,1076,IWW,disgust,fear,yes
FAKE_T1_1076_TAI_DIS_XX__AUDIO_1076_TAI_FEA_XX_styletts,data\synthetic\track1_fakes\videos\FAKE_T1_1076_TAI_DIS_XX__AUDIO_1076_TAI_FEA_XX_styletts.mp4,1,done,styletts,1076,TAI,disgust,fear,yes
FAKE_T1_1076_TAI_SAD_XX__AUDIO_1076_TAI_ANG_XX_styletts,data\synthetic\track1_fakes\videos\FAKE_T1_1076_TAI_SAD_XX__AUDIO_1076_TAI_ANG_XX_styletts.mp4,1,done,styletts,1076,TAI,sad,angry,yes
FAKE_T1_1076_TIE_DIS_XX__AUDIO_1076_TIE_FEA_XX_styletts,data\synthetic\track1_fakes\videos\FAKE_T1_1076_TIE_DIS_XX__AUDIO_1076_TIE_FEA_XX_styletts.mp4,1,done,styletts,1076,TIE,disgust,fear,yes
FAKE_T1_1076_TSI_NEU_XX__AUDIO_1076_TSI_SAD_XX_styletts,data\synthetic\track1_fakes\videos\FAKE_T1_1076_TSI_NEU_XX__AUDIO_1076_TSI_SAD_XX_styletts.mp4,1,done,styletts,1076,TSI,neutral,sad,yes
FAKE_T1_1076_WSI_DIS_XX__AUDIO_1076_WSI_FEA_XX_styletts,data\synthetic\track1_fakes\videos\FAKE_T1_1076_WSI_DIS_XX__AUDIO_1076_WSI_FEA_XX_styletts.mp4,1,done,styletts,1076,WSI,disgust,fear,yes
FAKE_T1_1077_DFA_NEU_XX__AUDIO_1077_DFA_SAD_XX_styletts,data\synthetic\track1_fakes\videos\FAKE_T1_1077_DFA_NEU_XX__AUDIO_1077_DFA_SAD_XX_styletts.mp4,1,done,styletts,1077,DFA,neutral,sad,yes
FAKE_T1_1077_DFA_SAD_XX__AUDIO_1077_DFA_ANG_XX_styletts,data\synthetic\track1_fakes\videos\FAKE_T1_1077_DFA_SAD_XX__AUDIO_1077_DFA_ANG_XX_styletts.mp4,1,done,styletts,1077,DFA,sad,angry,yes
FAKE_T1_1077_IEO_FEA_HI__AUDIO_1077_IEO_HAP_HI_styletts,data\synthetic\track1_fakes\videos\FAKE_T1_1077_IEO_FEA_HI__AUDIO_1077_IEO_HAP_HI_styletts.mp4,1,done,styletts,1077,IEO,fear,happy,yes
FAKE_T1_1077_IEO_FEA_LO__AUDIO_1077_IEO_HAP_LO_styletts,data\synthetic\track1_fakes\videos\FAKE_T1_1077_IEO_FEA_LO__AUDIO_1077_IEO_HAP_LO_styletts.mp4,1,done,styletts,1077,IEO,fear,happy,yes
FAKE_T1_1077_IEO_FEA_MD__AUDIO_1077_IEO_HAP_MD_styletts,data\synthetic\track1_fakes\videos\FAKE_T1_1077_IEO_FEA_MD__AUDIO_1077_IEO_HAP_MD_styletts.mp4,1,done,styletts,1077,IEO,fear,happy,yes
FAKE_T1_1077_IEO_SAD_LO__AUDIO_1077_IEO_ANG_LO_styletts,data\synthetic\track1_fakes\videos\FAKE_T1_1077_IEO_SAD_LO__AUDIO_1077_IEO_ANG_LO_styletts.mp4,1,done,styletts,1077,IEO,sad,angry,yes
FAKE_T1_1077_ITH_NEU_XX__AUDIO_1077_ITH_SAD_XX_styletts,data\synthetic\track1_fakes\videos\FAKE_T1_1077_ITH_NEU_XX__AUDIO_1077_ITH_SAD_XX_styletts.mp4,1,done,styletts,1077,ITH,neutral,sad,yes
FAKE_T1_1077_ITH_SAD_XX__AUDIO_1077_ITH_ANG_XX_styletts,data\synthetic\track1_fakes\videos\FAKE_T1_1077_ITH_SAD_XX__AUDIO_1077_ITH_ANG_XX_styletts.mp4,1,done,styletts,1077,ITH,sad,angry,yes
FAKE_T1_1077_IWL_NEU_XX__AUDIO_1077_IWL_SAD_XX_styletts,data\synthetic\track1_fakes\videos\FAKE_T1_1077_IWL_NEU_XX__AUDIO_1077_IWL_SAD_XX_styletts.mp4,1,done,styletts,1077,IWL,neutral,sad,yes
FAKE_T1_1077_IWW_DIS_XX__AUDIO_1077_IWW_FEA_XX_styletts,data\synthetic\track1_fakes\videos\FAKE_T1_1077_IWW_DIS_XX__AUDIO_1077_IWW_FEA_XX_styletts.mp4,1,done,styletts,1077,IWW,disgust,fear,yes
FAKE_T1_1077_IWW_FEA_XX__AUDIO_1077_IWW_HAP_XX_styletts,data\synthetic\track1_fakes\videos\FAKE_T1_1077_IWW_FEA_XX__AUDIO_1077_IWW_HAP_XX_styletts.mp4,1,done,styletts,1077,IWW,fear,happy,yes
FAKE_T1_1077_MTI_ANG_XX__AUDIO_1077_MTI_DIS_XX_styletts,data\synthetic\track1_fakes\videos\FAKE_T1_1077_MTI_ANG_XX__AUDIO_1077_MTI_DIS_XX_styletts.mp4,1,done,styletts,1077,MTI,angry,disgust,yes
FAKE_T1_1077_TAI_ANG_XX__AUDIO_1077_TAI_DIS_XX_styletts,data\synthetic\track1_fakes\videos\FAKE_T1_1077_TAI_ANG_XX__AUDIO_1077_TAI_DIS_XX_styletts.mp4,1,done,styletts,1077,TAI,angry,disgust,yes
FAKE_T1_1077_TAI_NEU_XX__AUDIO_1077_TAI_SAD_XX_styletts,data\synthetic\track1_fakes\videos\FAKE_T1_1077_TAI_NEU_XX__AUDIO_1077_TAI_SAD_XX_styletts.mp4,1,done,styletts,1077,TAI,neutral,sad,yes
FAKE_T1_1077_TAI_SAD_XX__AUDIO_1077_TAI_ANG_XX_styletts,data\synthetic\track1_fakes\videos\FAKE_T1_1077_TAI_SAD_XX__AUDIO_1077_TAI_ANG_XX_styletts.mp4,1,done,styletts,1077,TAI,sad,angry,yes
FAKE_T1_1077_WSI_ANG_XX__AUDIO_1077_WSI_DIS_XX_styletts,data\synthetic\track1_fakes\videos\FAKE_T1_1077_WSI_ANG_XX__AUDIO_1077_WSI_DIS_XX_styletts.mp4,1,done,styletts,1077,WSI,angry,disgust,yes
FAKE_T1_1078_DFA_ANG_XX__AUDIO_1078_DFA_DIS_XX_styletts,data\synthetic\track1_fakes\videos\FAKE_T1_1078_DFA_ANG_XX__AUDIO_1078_DFA_DIS_XX_styletts.mp4,1,done,styletts,1078,DFA,angry,disgust,yes
FAKE_T1_1078_DFA_FEA_XX__AUDIO_1078_DFA_HAP_XX_styletts,data\synthetic\track1_fakes\videos\FAKE_T1_1078_DFA_FEA_XX__AUDIO_1078_DFA_HAP_XX_styletts.mp4,1,done,styletts,1078,DFA,fear,happy,yes
FAKE_T1_1078_IEO_FEA_HI__AUDIO_1078_IEO_HAP_HI_styletts,data\synthetic\track1_fakes\videos\FAKE_T1_1078_IEO_FEA_HI__AUDIO_1078_IEO_HAP_HI_styletts.mp4,1,done,styletts,1078,IEO,fear,happy,yes
FAKE_T1_1078_IEO_FEA_LO__AUDIO_1078_IEO_HAP_LO_styletts,data\synthetic\track1_fakes\videos\FAKE_T1_1078_IEO_FEA_LO__AUDIO_1078_IEO_HAP_LO_styletts.mp4,1,done,styletts,1078,IEO,fear,happy,yes
FAKE_T1_1078_IEO_HAP_LO__AUDIO_1078_IEO_NEU_XX_styletts,data\synthetic\track1_fakes\videos\FAKE_T1_1078_IEO_HAP_LO__AUDIO_1078_IEO_NEU_XX_styletts.mp4,1,done,styletts,1078,IEO,happy,neutral,yes
FAKE_T1_1078_IEO_SAD_LO__AUDIO_1078_IEO_ANG_LO_styletts,data\synthetic\track1_fakes\videos\FAKE_T1_1078_IEO_SAD_LO__AUDIO_1078_IEO_ANG_LO_styletts.mp4,1,done,styletts,1078,IEO,sad,angry,yes
FAKE_T1_1078_ITS_DIS_XX__AUDIO_1078_ITS_FEA_XX_styletts,data\synthetic\track1_fakes\videos\FAKE_T1_1078_ITS_DIS_XX__AUDIO_1078_ITS_FEA_XX_styletts.mp4,1,done,styletts,1078,ITS,disgust,fear,yes
FAKE_T1_1078_ITS_HAP_XX__AUDIO_1078_ITS_NEU_XX_styletts,data\synthetic\track1_fakes\videos\FAKE_T1_1078_ITS_HAP_XX__AUDIO_1078_ITS_NEU_XX_styletts.mp4,1,done,styletts,1078,ITS,happy,neutral,yes
FAKE_T1_1078_ITS_SAD_XX__AUDIO_1078_ITS_ANG_XX_styletts,data\synthetic\track1_fakes\videos\FAKE_T1_1078_ITS_SAD_XX__AUDIO_1078_ITS_ANG_XX_styletts.mp4,1,done,styletts,1078,ITS,sad,angry,yes
FAKE_T1_1078_IWW_NEU_XX__AUDIO_1078_IWW_SAD_XX_styletts,data\synthetic\track1_fakes\videos\FAKE_T1_1078_IWW_NEU_XX__AUDIO_1078_IWW_SAD_XX_styletts.mp4,1,done,styletts,1078,IWW,neutral,sad,yes
FAKE_T1_1078_MTI_FEA_XX__AUDIO_1078_MTI_HAP_XX_styletts,data\synthetic\track1_fakes\videos\FAKE_T1_1078_MTI_FEA_XX__AUDIO_1078_MTI_HAP_XX_styletts.mp4,1,done,styletts,1078,MTI,fear,happy,yes
FAKE_T1_1078_MTI_NEU_XX__AUDIO_1078_MTI_SAD_XX_styletts,data\synthetic\track1_fakes\videos\FAKE_T1_1078_MTI_NEU_XX__AUDIO_1078_MTI_SAD_XX_styletts.mp4,1,done,styletts,1078,MTI,neutral,sad,yes
FAKE_T1_1078_TSI_NEU_XX__AUDIO_1078_TSI_SAD_XX_styletts,data\synthetic\track1_fakes\videos\FAKE_T1_1078_TSI_NEU_XX__AUDIO_1078_TSI_SAD_XX_styletts.mp4,1,done,styletts,1078,TSI,neutral,sad,yes
FAKE_T1_1078_WSI_ANG_XX__AUDIO_1078_WSI_DIS_XX_styletts,data\synthetic\track1_fakes\videos\FAKE_T1_1078_WSI_ANG_XX__AUDIO_1078_WSI_DIS_XX_styletts.mp4,1,done,styletts,1078,WSI,angry,disgust,yes
FAKE_T1_1078_WSI_FEA_XX__AUDIO_1078_WSI_HAP_XX_styletts,data\synthetic\track1_fakes\videos\FAKE_T1_1078_WSI_FEA_XX__AUDIO_1078_WSI_HAP_XX_styletts.mp4,1,done,styletts,1078,WSI,fear,happy,yes
FAKE_T1_1078_WSI_NEU_XX__AUDIO_1078_WSI_SAD_XX_styletts,data\synthetic\track1_fakes\videos\FAKE_T1_1078_WSI_NEU_XX__AUDIO_1078_WSI_SAD_XX_styletts.mp4,1,done,styletts,1078,WSI,neutral,sad,yes
FAKE_T1_1079_DFA_DIS_XX__AUDIO_1079_DFA_FEA_XX_styletts,data\synthetic\track1_fakes\videos\FAKE_T1_1079_DFA_DIS_XX__AUDIO_1079_DFA_FEA_XX_styletts.mp4,1,done,styletts,1079,DFA,disgust,fear,yes
FAKE_T1_1079_IEO_DIS_HI__AUDIO_1079_IEO_FEA_HI_styletts,data\synthetic\track1_fakes\videos\FAKE_T1_1079_IEO_DIS_HI__AUDIO_1079_IEO_FEA_HI_styletts.mp4,1,done,styletts,1079,IEO,disgust,fear,yes
FAKE_T1_1079_IEO_SAD_HI__AUDIO_1079_IEO_ANG_HI_styletts,data\synthetic\track1_fakes\videos\FAKE_T1_1079_IEO_SAD_HI__AUDIO_1079_IEO_ANG_HI_styletts.mp4,1,done,styletts,1079,IEO,sad,angry,yes
FAKE_T1_1079_IOM_NEU_XX__AUDIO_1079_IOM_SAD_XX_styletts,data\synthetic\track1_fakes\videos\FAKE_T1_1079_IOM_NEU_XX__AUDIO_1079_IOM_SAD_XX_styletts.mp4,1,done,styletts,1079,IOM,neutral,sad,yes
FAKE_T1_1079_IOM_SAD_XX__AUDIO_1079_IOM_ANG_XX_styletts,data\synthetic\track1_fakes\videos\FAKE_T1_1079_IOM_SAD_XX__AUDIO_1079_IOM_ANG_XX_styletts.mp4,1,done,styletts,1079,IOM,sad,angry,yes
FAKE_T1_1079_ITH_ANG_XX__AUDIO_1079_ITH_DIS_XX_styletts,data\synthetic\track1_fakes\videos\FAKE_T1_1079_ITH_ANG_XX__AUDIO_1079_ITH_DIS_XX_styletts.mp4,1,done,styletts,1079,ITH,angry,disgust,yes
FAKE_T1_1079_ITS_NEU_XX__AUDIO_1079_ITS_SAD_XX_styletts,data\synthetic\track1_fakes\videos\FAKE_T1_1079_ITS_NEU_XX__AUDIO_1079_ITS_SAD_XX_styletts.mp4,1,done,styletts,1079,ITS,neutral,sad,yes
FAKE_T1_1079_IWW_DIS_XX__AUDIO_1079_IWW_FEA_XX_styletts,data\synthetic\track1_fakes\videos\FAKE_T1_1079_IWW_DIS_XX__AUDIO_1079_IWW_FEA_XX_styletts.mp4,1,done,styletts,1079,IWW,disgust,fear,yes
FAKE_T1_1079_IWW_FEA_XX__AUDIO_1079_IWW_HAP_XX_styletts,data\synthetic\track1_fakes\videos\FAKE_T1_1079_IWW_FEA_XX__AUDIO_1079_IWW_HAP_XX_styletts.mp4,1,done,styletts,1079,IWW,fear,happy,yes
FAKE_T1_1079_IWW_NEU_XX__AUDIO_1079_IWW_SAD_XX_styletts,data\synthetic\track1_fakes\videos\FAKE_T1_1079_IWW_NEU_XX__AUDIO_1079_IWW_SAD_XX_styletts.mp4,1,done,styletts,1079,IWW,neutral,sad,yes
FAKE_T1_1079_MTI_ANG_XX__AUDIO_1079_MTI_DIS_XX_styletts,data\synthetic\track1_fakes\videos\FAKE_T1_1079_MTI_ANG_XX__AUDIO_1079_MTI_DIS_XX_styletts.mp4,1,done,styletts,1079,MTI,angry,disgust,yes
FAKE_T1_1079_TAI_ANG_XX__AUDIO_1079_TAI_DIS_XX_styletts,data\synthetic\track1_fakes\videos\FAKE_T1_1079_TAI_ANG_XX__AUDIO_1079_TAI_DIS_XX_styletts.mp4,1,done,styletts,1079,TAI,angry,disgust,yes
FAKE_T1_1079_TIE_ANG_XX__AUDIO_1079_TIE_DIS_XX_styletts,data\synthetic\track1_fakes\videos\FAKE_T1_1079_TIE_ANG_XX__AUDIO_1079_TIE_DIS_XX_styletts.mp4,1,done,styletts,1079,TIE,angry,disgust,yes
FAKE_T1_1079_TIE_HAP_XX__AUDIO_1079_TIE_NEU_XX_styletts,data\synthetic\track1_fakes\videos\FAKE_T1_1079_TIE_HAP_XX__AUDIO_1079_TIE_NEU_XX_styletts.mp4,1,done,styletts,1079,TIE,happy,neutral,yes
FAKE_T1_1079_TSI_SAD_XX__AUDIO_1079_TSI_ANG_XX_styletts,data\synthetic\track1_fakes\videos\FAKE_T1_1079_TSI_SAD_XX__AUDIO_1079_TSI_ANG_XX_styletts.mp4,1,done,styletts,1079,TSI,sad,angry,yes
FAKE_T1_1079_WSI_ANG_XX__AUDIO_1079_WSI_DIS_XX_styletts,data\synthetic\track1_fakes\videos\FAKE_T1_1079_WSI_ANG_XX__AUDIO_1079_WSI_DIS_XX_styletts.mp4,1,done,styletts,1079,WSI,angry,disgust,yes
FAKE_T1_1080_DFA_ANG_XX__AUDIO_1080_DFA_DIS_XX_styletts,data\synthetic\track1_fakes\videos\FAKE_T1_1080_DFA_ANG_XX__AUDIO_1080_DFA_DIS_XX_styletts.mp4,1,done,styletts,1080,DFA,angry,disgust,yes
FAKE_T1_1080_DFA_NEU_XX__AUDIO_1080_DFA_SAD_XX_styletts,data\synthetic\track1_fakes\videos\FAKE_T1_1080_DFA_NEU_XX__AUDIO_1080_DFA_SAD_XX_styletts.mp4,1,done,styletts,1080,DFA,neutral,sad,yes
FAKE_T1_1080_IEO_SAD_HI__AUDIO_1080_IEO_ANG_HI_styletts,data\synthetic\track1_fakes\videos\FAKE_T1_1080_IEO_SAD_HI__AUDIO_1080_IEO_ANG_HI_styletts.mp4,1,done,styletts,1080,IEO,sad,angry,yes
FAKE_T1_1080_IOM_FEA_XX__AUDIO_1080_IOM_HAP_XX_styletts,data\synthetic\track1_fakes\videos\FAKE_T1_1080_IOM_FEA_XX__AUDIO_1080_IOM_HAP_XX_styletts.mp4,1,done,styletts,1080,IOM,fear,happy,yes
FAKE_T1_1080_IOM_SAD_XX__AUDIO_1080_IOM_ANG_XX_styletts,data\synthetic\track1_fakes\videos\FAKE_T1_1080_IOM_SAD_XX__AUDIO_1080_IOM_ANG_XX_styletts.mp4,1,done,styletts,1080,IOM,sad,angry,yes
FAKE_T1_1080_ITH_DIS_XX__AUDIO_1080_ITH_FEA_XX_styletts,data\synthetic\track1_fakes\videos\FAKE_T1_1080_ITH_DIS_XX__AUDIO_1080_ITH_FEA_XX_styletts.mp4,1,done,styletts,1080,ITH,disgust,fear,yes
FAKE_T1_1080_ITH_NEU_XX__AUDIO_1080_ITH_SAD_XX_styletts,data\synthetic\track1_fakes\videos\FAKE_T1_1080_ITH_NEU_XX__AUDIO_1080_ITH_SAD_XX_styletts.mp4,1,done,styletts,1080,ITH,neutral,sad,yes
FAKE_T1_1080_ITS_DIS_XX__AUDIO_1080_ITS_FEA_XX_styletts,data\synthetic\track1_fakes\videos\FAKE_T1_1080_ITS_DIS_XX__AUDIO_1080_ITS_FEA_XX_styletts.mp4,1,done,styletts,1080,ITS,disgust,fear,yes
FAKE_T1_1080_ITS_FEA_XX__AUDIO_1080_ITS_HAP_XX_styletts,data\synthetic\track1_fakes\videos\FAKE_T1_1080_ITS_FEA_XX__AUDIO_1080_ITS_HAP_XX_styletts.mp4,1,done,styletts,1080,ITS,fear,happy,yes
FAKE_T1_1080_IWW_DIS_XX__AUDIO_1080_IWW_FEA_XX_styletts,data\synthetic\track1_fakes\videos\FAKE_T1_1080_IWW_DIS_XX__AUDIO_1080_IWW_FEA_XX_styletts.mp4,1,done,styletts,1080,IWW,disgust,fear,yes
FAKE_T1_1080_MTI_SAD_XX__AUDIO_1080_MTI_ANG_XX_styletts,data\synthetic\track1_fakes\videos\FAKE_T1_1080_MTI_SAD_XX__AUDIO_1080_MTI_ANG_XX_styletts.mp4,1,done,styletts,1080,MTI,sad,angry,yes
FAKE_T1_1080_TAI_DIS_XX__AUDIO_1080_TAI_FEA_XX_styletts,data\synthetic\track1_fakes\videos\FAKE_T1_1080_TAI_DIS_XX__AUDIO_1080_TAI_FEA_XX_styletts.mp4,1,done,styletts,1080,TAI,disgust,fear,yes
FAKE_T1_1080_TAI_NEU_XX__AUDIO_1080_TAI_SAD_XX_styletts,data\synthetic\track1_fakes\videos\FAKE_T1_1080_TAI_NEU_XX__AUDIO_1080_TAI_SAD_XX_styletts.mp4,1,done,styletts,1080,TAI,neutral,sad,yes
FAKE_T1_1080_TAI_SAD_XX__AUDIO_1080_TAI_ANG_XX_styletts,data\synthetic\track1_fakes\videos\FAKE_T1_1080_TAI_SAD_XX__AUDIO_1080_TAI_ANG_XX_styletts.mp4,1,done,styletts,1080,TAI,sad,angry,yes
FAKE_T1_1080_TSI_ANG_XX__AUDIO_1080_TSI_DIS_XX_styletts,data\synthetic\track1_fakes\videos\FAKE_T1_1080_TSI_ANG_XX__AUDIO_1080_TSI_DIS_XX_styletts.mp4,1,done,styletts,1080,TSI,angry,disgust,yes
FAKE_T1_1080_TSI_NEU_XX__AUDIO_1080_TSI_SAD_XX_styletts,data\synthetic\track1_fakes\videos\FAKE_T1_1080_TSI_NEU_XX__AUDIO_1080_TSI_SAD_XX_styletts.mp4,1,done,styletts,1080,TSI,neutral,sad,yes
FAKE_T1_1081_DFA_SAD_XX__AUDIO_1081_DFA_ANG_XX_styletts,data\synthetic\track1_fakes\videos\FAKE_T1_1081_DFA_SAD_XX__AUDIO_1081_DFA_ANG_XX_styletts.mp4,1,done,styletts,1081,DFA,sad,angry,yes
FAKE_T1_1081_IEO_DIS_LO__AUDIO_1081_IEO_FEA_LO_styletts,data\synthetic\track1_fakes\videos\FAKE_T1_1081_IEO_DIS_LO__AUDIO_1081_IEO_FEA_LO_styletts.mp4,1,done,styletts,1081,IEO,disgust,fear,yes
FAKE_T1_1081_IEO_DIS_MD__AUDIO_1081_IEO_FEA_MD_styletts,data\synthetic\track1_fakes\videos\FAKE_T1_1081_IEO_DIS_MD__AUDIO_1081_IEO_FEA_MD_styletts.mp4,1,done,styletts,1081,IEO,disgust,fear,yes
FAKE_T1_1081_IEO_HAP_MD__AUDIO_1081_IEO_NEU_XX_styletts,data\synthetic\track1_fakes\videos\FAKE_T1_1081_IEO_HAP_MD__AUDIO_1081_IEO_NEU_XX_styletts.mp4,1,done,styletts,1081,IEO,happy,neutral,yes
FAKE_T1_1081_IOM_ANG_XX__AUDIO_1081_IOM_DIS_XX_styletts,data\synthetic\track1_fakes\videos\FAKE_T1_1081_IOM_ANG_XX__AUDIO_1081_IOM_DIS_XX_styletts.mp4,1,done,styletts,1081,IOM,angry,disgust,yes
FAKE_T1_1081_ITH_ANG_XX__AUDIO_1081_ITH_DIS_XX_styletts,data\synthetic\track1_fakes\videos\FAKE_T1_1081_ITH_ANG_XX__AUDIO_1081_ITH_DIS_XX_styletts.mp4,1,done,styletts,1081,ITH,angry,disgust,yes
FAKE_T1_1081_ITH_FEA_XX__AUDIO_1081_ITH_HAP_XX_styletts,data\synthetic\track1_fakes\videos\FAKE_T1_1081_ITH_FEA_XX__AUDIO_1081_ITH_HAP_XX_styletts.mp4,1,done,styletts,1081,ITH,fear,happy,yes
FAKE_T1_1081_ITS_FEA_XX__AUDIO_1081_ITS_HAP_XX_styletts,data\synthetic\track1_fakes\videos\FAKE_T1_1081_ITS_FEA_XX__AUDIO_1081_ITS_HAP_XX_styletts.mp4,1,done,styletts,1081,ITS,fear,happy,yes
FAKE_T1_1081_ITS_SAD_XX__AUDIO_1081_ITS_ANG_XX_styletts,data\synthetic\track1_fakes\videos\FAKE_T1_1081_ITS_SAD_XX__AUDIO_1081_ITS_ANG_XX_styletts.mp4,1,done,styletts,1081,ITS,sad,angry,yes
FAKE_T1_1081_IWL_HAP_XX__AUDIO_1081_IWL_NEU_XX_styletts,data\synthetic\track1_fakes\videos\FAKE_T1_1081_IWL_HAP_XX__AUDIO_1081_IWL_NEU_XX_styletts.mp4,1,done,styletts,1081,IWL,happy,neutral,yes
FAKE_T1_1081_IWW_DIS_XX__AUDIO_1081_IWW_FEA_XX_styletts,data\synthetic\track1_fakes\videos\FAKE_T1_1081_IWW_DIS_XX__AUDIO_1081_IWW_FEA_XX_styletts.mp4,1,done,styletts,1081,IWW,disgust,fear,yes
FAKE_T1_1081_IWW_NEU_XX__AUDIO_1081_IWW_SAD_XX_styletts,data\synthetic\track1_fakes\videos\FAKE_T1_1081_IWW_NEU_XX__AUDIO_1081_IWW_SAD_XX_styletts.mp4,1,done,styletts,1081,IWW,neutral,sad,yes
FAKE_T1_1081_IWW_SAD_XX__AUDIO_1081_IWW_ANG_XX_styletts,data\synthetic\track1_fakes\videos\FAKE_T1_1081_IWW_SAD_XX__AUDIO_1081_IWW_ANG_XX_styletts.mp4,1,done,styletts,1081,IWW,sad,angry,yes
FAKE_T1_1081_MTI_FEA_XX__AUDIO_1081_MTI_HAP_XX_styletts,data\synthetic\track1_fakes\videos\FAKE_T1_1081_MTI_FEA_XX__AUDIO_1081_MTI_HAP_XX_styletts.mp4,1,done,styletts,1081,MTI,fear,happy,yes
FAKE_T1_1081_TSI_SAD_XX__AUDIO_1081_TSI_ANG_XX_styletts,data\synthetic\track1_fakes\videos\FAKE_T1_1081_TSI_SAD_XX__AUDIO_1081_TSI_ANG_XX_styletts.mp4,1,done,styletts,1081,TSI,sad,angry,yes
FAKE_T1_1081_WSI_SAD_XX__AUDIO_1081_WSI_ANG_XX_styletts,data\synthetic\track1_fakes\videos\FAKE_T1_1081_WSI_SAD_XX__AUDIO_1081_WSI_ANG_XX_styletts.mp4,1,done,styletts,1081,WSI,sad,angry,yes
FAKE_T1_1082_DFA_ANG_XX__AUDIO_1082_DFA_DIS_XX_styletts,data\synthetic\track1_fakes\videos\FAKE_T1_1082_DFA_ANG_XX__AUDIO_1082_DFA_DIS_XX_styletts.mp4,1,done,styletts,1082,DFA,angry,disgust,yes
FAKE_T1_1082_DFA_FEA_XX__AUDIO_1082_DFA_HAP_XX_styletts,data\synthetic\track1_fakes\videos\FAKE_T1_1082_DFA_FEA_XX__AUDIO_1082_DFA_HAP_XX_styletts.mp4,1,done,styletts,1082,DFA,fear,happy,yes
FAKE_T1_1082_IEO_ANG_HI__AUDIO_1082_IEO_DIS_HI_styletts,data\synthetic\track1_fakes\videos\FAKE_T1_1082_IEO_ANG_HI__AUDIO_1082_IEO_DIS_HI_styletts.mp4,1,done,styletts,1082,IEO,angry,disgust,yes
FAKE_T1_1082_IEO_FEA_MD__AUDIO_1082_IEO_HAP_MD_styletts,data\synthetic\track1_fakes\videos\FAKE_T1_1082_IEO_FEA_MD__AUDIO_1082_IEO_HAP_MD_styletts.mp4,1,done,styletts,1082,IEO,fear,happy,yes
FAKE_T1_1082_IEO_HAP_HI__AUDIO_1082_IEO_NEU_XX_styletts,data\synthetic\track1_fakes\videos\FAKE_T1_1082_IEO_HAP_HI__AUDIO_1082_IEO_NEU_XX_styletts.mp4,1,done,styletts,1082,IEO,happy,neutral,yes
FAKE_T1_1082_IOM_DIS_XX__AUDIO_1082_IOM_FEA_XX_styletts,data\synthetic\track1_fakes\videos\FAKE_T1_1082_IOM_DIS_XX__AUDIO_1082_IOM_FEA_XX_styletts.mp4,1,done,styletts,1082,IOM,disgust,fear,yes
FAKE_T1_1082_ITH_FEA_XX__AUDIO_1082_ITH_HAP_XX_styletts,data\synthetic\track1_fakes\videos\FAKE_T1_1082_ITH_FEA_XX__AUDIO_1082_ITH_HAP_XX_styletts.mp4,1,done,styletts,1082,ITH,fear,happy,yes
FAKE_T1_1082_ITS_DIS_XX__AUDIO_1082_ITS_FEA_XX_styletts,data\synthetic\track1_fakes\videos\FAKE_T1_1082_ITS_DIS_XX__AUDIO_1082_ITS_FEA_XX_styletts.mp4,1,done,styletts,1082,ITS,disgust,fear,yes
FAKE_T1_1082_ITS_SAD_XX__AUDIO_1082_ITS_ANG_XX_styletts,data\synthetic\track1_fakes\videos\FAKE_T1_1082_ITS_SAD_XX__AUDIO_1082_ITS_ANG_XX_styletts.mp4,1,done,styletts,1082,ITS,sad,angry,yes
FAKE_T1_1082_TAI_ANG_XX__AUDIO_1082_TAI_DIS_XX_styletts,data\synthetic\track1_fakes\videos\FAKE_T1_1082_TAI_ANG_XX__AUDIO_1082_TAI_DIS_XX_styletts.mp4,1,done,styletts,1082,TAI,angry,disgust,yes
FAKE_T1_1082_TAI_FEA_XX__AUDIO_1082_TAI_HAP_XX_styletts,data\synthetic\track1_fakes\videos\FAKE_T1_1082_TAI_FEA_XX__AUDIO_1082_TAI_HAP_XX_styletts.mp4,1,done,styletts,1082,TAI,fear,happy,yes
FAKE_T1_1082_TAI_HAP_XX__AUDIO_1082_TAI_NEU_XX_styletts,data\synthetic\track1_fakes\videos\FAKE_T1_1082_TAI_HAP_XX__AUDIO_1082_TAI_NEU_XX_styletts.mp4,1,done,styletts,1082,TAI,happy,neutral,yes
FAKE_T1_1082_TSI_DIS_XX__AUDIO_1082_TSI_FEA_XX_styletts,data\synthetic\track1_fakes\videos\FAKE_T1_1082_TSI_DIS_XX__AUDIO_1082_TSI_FEA_XX_styletts.mp4,1,done,styletts,1082,TSI,disgust,fear,yes
FAKE_T1_1082_TSI_FEA_XX__AUDIO_1082_TSI_HAP_XX_styletts,data\synthetic\track1_fakes\videos\FAKE_T1_1082_TSI_FEA_XX__AUDIO_1082_TSI_HAP_XX_styletts.mp4,1,done,styletts,1082,TSI,fear,happy,yes
FAKE_T1_1082_TSI_HAP_XX__AUDIO_1082_TSI_NEU_XX_styletts,data\synthetic\track1_fakes\videos\FAKE_T1_1082_TSI_HAP_XX__AUDIO_1082_TSI_NEU_XX_styletts.mp4,1,done,styletts,1082,TSI,happy,neutral,yes
FAKE_T1_1082_WSI_DIS_XX__AUDIO_1082_WSI_FEA_XX_styletts,data\synthetic\track1_fakes\videos\FAKE_T1_1082_WSI_DIS_XX__AUDIO_1082_WSI_FEA_XX_styletts.mp4,1,done,styletts,1082,WSI,disgust,fear,yes
FAKE_T1_1083_DFA_ANG_XX__AUDIO_1083_DFA_DIS_XX_styletts,data\synthetic\track1_fakes\videos\FAKE_T1_1083_DFA_ANG_XX__AUDIO_1083_DFA_DIS_XX_styletts.mp4,1,done,styletts,1083,DFA,angry,disgust,yes
FAKE_T1_1083_IEO_FEA_LO__AUDIO_1083_IEO_HAP_LO_styletts,data\synthetic\track1_fakes\videos\FAKE_T1_1083_IEO_FEA_LO__AUDIO_1083_IEO_HAP_LO_styletts.mp4,1,done,styletts,1083,IEO,fear,happy,yes
FAKE_T1_1083_IEO_HAP_MD__AUDIO_1083_IEO_NEU_XX_styletts,data\synthetic\track1_fakes\videos\FAKE_T1_1083_IEO_HAP_MD__AUDIO_1083_IEO_NEU_XX_styletts.mp4,1,done,styletts,1083,IEO,happy,neutral,yes
FAKE_T1_1083_IOM_HAP_XX__AUDIO_1083_IOM_NEU_XX_styletts,data\synthetic\track1_fakes\videos\FAKE_T1_1083_IOM_HAP_XX__AUDIO_1083_IOM_NEU_XX_styletts.mp4,1,done,styletts,1083,IOM,happy,neutral,yes
FAKE_T1_1083_IOM_NEU_XX__AUDIO_1083_IOM_SAD_XX_styletts,data\synthetic\track1_fakes\videos\FAKE_T1_1083_IOM_NEU_XX__AUDIO_1083_IOM_SAD_XX_styletts.mp4,1,done,styletts,1083,IOM,neutral,sad,yes
FAKE_T1_1083_ITH_DIS_XX__AUDIO_1083_ITH_FEA_XX_styletts,data\synthetic\track1_fakes\videos\FAKE_T1_1083_ITH_DIS_XX__AUDIO_1083_ITH_FEA_XX_styletts.mp4,1,done,styletts,1083,ITH,disgust,fear,yes
FAKE_T1_1083_ITS_ANG_XX__AUDIO_1083_ITS_DIS_XX_styletts,data\synthetic\track1_fakes\videos\FAKE_T1_1083_ITS_ANG_XX__AUDIO_1083_ITS_DIS_XX_styletts.mp4,1,done,styletts,1083,ITS,angry,disgust,yes
FAKE_T1_1083_ITS_SAD_XX__AUDIO_1083_ITS_ANG_XX_styletts,data\synthetic\track1_fakes\videos\FAKE_T1_1083_ITS_SAD_XX__AUDIO_1083_ITS_ANG_XX_styletts.mp4,1,done,styletts,1083,ITS,sad,angry,yes
FAKE_T1_1083_IWL_ANG_XX__AUDIO_1083_IWL_DIS_XX_styletts,data\synthetic\track1_fakes\videos\FAKE_T1_1083_IWL_ANG_XX__AUDIO_1083_IWL_DIS_XX_styletts.mp4,1,done,styletts,1083,IWL,angry,disgust,yes
FAKE_T1_1083_IWW_HAP_XX__AUDIO_1083_IWW_NEU_XX_styletts,data\synthetic\track1_fakes\videos\FAKE_T1_1083_IWW_HAP_XX__AUDIO_1083_IWW_NEU_XX_styletts.mp4,1,done,styletts,1083,IWW,happy,neutral,yes
FAKE_T1_1083_MTI_DIS_XX__AUDIO_1083_MTI_FEA_XX_styletts,data\synthetic\track1_fakes\videos\FAKE_T1_1083_MTI_DIS_XX__AUDIO_1083_MTI_FEA_XX_styletts.mp4,1,done,styletts,1083,MTI,disgust,fear,yes
FAKE_T1_1083_TAI_DIS_XX__AUDIO_1083_TAI_FEA_XX_styletts,data\synthetic\track1_fakes\videos\FAKE_T1_1083_TAI_DIS_XX__AUDIO_1083_TAI_FEA_XX_styletts.mp4,1,done,styletts,1083,TAI,disgust,fear,yes
FAKE_T1_1083_TAI_HAP_XX__AUDIO_1083_TAI_NEU_XX_styletts,data\synthetic\track1_fakes\videos\FAKE_T1_1083_TAI_HAP_XX__AUDIO_1083_TAI_NEU_XX_styletts.mp4,1,done,styletts,1083,TAI,happy,neutral,yes
FAKE_T1_1083_TAI_SAD_XX__AUDIO_1083_TAI_ANG_XX_styletts,data\synthetic\track1_fakes\videos\FAKE_T1_1083_TAI_SAD_XX__AUDIO_1083_TAI_ANG_XX_styletts.mp4,1,done,styletts,1083,TAI,sad,angry,yes
FAKE_T1_1083_TIE_FEA_XX__AUDIO_1083_TIE_HAP_XX_styletts,data\synthetic\track1_fakes\videos\FAKE_T1_1083_TIE_FEA_XX__AUDIO_1083_TIE_HAP_XX_styletts.mp4,1,done,styletts,1083,TIE,fear,happy,yes
FAKE_T1_1083_TSI_ANG_XX__AUDIO_1083_TSI_DIS_XX_styletts,data\synthetic\track1_fakes\videos\FAKE_T1_1083_TSI_ANG_XX__AUDIO_1083_TSI_DIS_XX_styletts.mp4,1,done,styletts,1083,TSI,angry,disgust,yes
FAKE_T1_1084_DFA_HAP_XX__AUDIO_1084_DFA_NEU_XX_styletts,data\synthetic\track1_fakes\videos\FAKE_T1_1084_DFA_HAP_XX__AUDIO_1084_DFA_NEU_XX_styletts.mp4,1,done,styletts,1084,DFA,happy,neutral,yes
FAKE_T1_1084_IEO_FEA_MD__AUDIO_1084_IEO_HAP_MD_styletts,data\synthetic\track1_fakes\videos\FAKE_T1_1084_IEO_FEA_MD__AUDIO_1084_IEO_HAP_MD_styletts.mp4,1,done,styletts,1084,IEO,fear,happy,yes
FAKE_T1_1084_IEO_HAP_LO__AUDIO_1084_IEO_NEU_XX_styletts,data\synthetic\track1_fakes\videos\FAKE_T1_1084_IEO_HAP_LO__AUDIO_1084_IEO_NEU_XX_styletts.mp4,1,done,styletts,1084,IEO,happy,neutral,yes
FAKE_T1_1084_ITH_FEA_XX__AUDIO_1084_ITH_HAP_XX_styletts,data\synthetic\track1_fakes\videos\FAKE_T1_1084_ITH_FEA_XX__AUDIO_1084_ITH_HAP_XX_styletts.mp4,1,done,styletts,1084,ITH,fear,happy,yes
FAKE_T1_1084_ITH_NEU_XX__AUDIO_1084_ITH_SAD_XX_styletts,data\synthetic\track1_fakes\videos\FAKE_T1_1084_ITH_NEU_XX__AUDIO_1084_ITH_SAD_XX_styletts.mp4,1,done,styletts,1084,ITH,neutral,sad,yes
FAKE_T1_1084_ITH_SAD_XX__AUDIO_1084_ITH_ANG_XX_styletts,data\synthetic\track1_fakes\videos\FAKE_T1_1084_ITH_SAD_XX__AUDIO_1084_ITH_ANG_XX_styletts.mp4,1,done,styletts,1084,ITH,sad,angry,yes
FAKE_T1_1084_ITS_DIS_XX__AUDIO_1084_ITS_FEA_XX_styletts,data\synthetic\track1_fakes\videos\FAKE_T1_1084_ITS_DIS_XX__AUDIO_1084_ITS_FEA_XX_styletts.mp4,1,done,styletts,1084,ITS,disgust,fear,yes
FAKE_T1_1084_IWL_FEA_XX__AUDIO_1084_IWL_HAP_XX_styletts,data\synthetic\track1_fakes\videos\FAKE_T1_1084_IWL_FEA_XX__AUDIO_1084_IWL_HAP_XX_styletts.mp4,1,done,styletts,1084,IWL,fear,happy,yes
FAKE_T1_1084_IWW_HAP_XX__AUDIO_1084_IWW_NEU_XX_styletts,data\synthetic\track1_fakes\videos\FAKE_T1_1084_IWW_HAP_XX__AUDIO_1084_IWW_NEU_XX_styletts.mp4,1,done,styletts,1084,IWW,happy,neutral,yes
FAKE_T1_1084_IWW_NEU_XX__AUDIO_1084_IWW_SAD_XX_styletts,data\synthetic\track1_fakes\videos\FAKE_T1_1084_IWW_NEU_XX__AUDIO_1084_IWW_SAD_XX_styletts.mp4,1,done,styletts,1084,IWW,neutral,sad,yes
FAKE_T1_1084_MTI_ANG_XX__AUDIO_1084_MTI_DIS_XX_styletts,data\synthetic\track1_fakes\videos\FAKE_T1_1084_MTI_ANG_XX__AUDIO_1084_MTI_DIS_XX_styletts.mp4,1,done,styletts,1084,MTI,angry,disgust,yes
FAKE_T1_1084_MTI_DIS_XX__AUDIO_1084_MTI_FEA_XX_styletts,data\synthetic\track1_fakes\videos\FAKE_T1_1084_MTI_DIS_XX__AUDIO_1084_MTI_FEA_XX_styletts.mp4,1,done,styletts,1084,MTI,disgust,fear,yes
FAKE_T1_1084_TAI_ANG_XX__AUDIO_1084_TAI_DIS_XX_styletts,data\synthetic\track1_fakes\videos\FAKE_T1_1084_TAI_ANG_XX__AUDIO_1084_TAI_DIS_XX_styletts.mp4,1,done,styletts,1084,TAI,angry,disgust,yes
FAKE_T1_1084_TIE_HAP_XX__AUDIO_1084_TIE_NEU_XX_styletts,data\synthetic\track1_fakes\videos\FAKE_T1_1084_TIE_HAP_XX__AUDIO_1084_TIE_NEU_XX_styletts.mp4,1,done,styletts,1084,TIE,happy,neutral,yes
FAKE_T1_1084_TSI_FEA_XX__AUDIO_1084_TSI_HAP_XX_styletts,data\synthetic\track1_fakes\videos\FAKE_T1_1084_TSI_FEA_XX__AUDIO_1084_TSI_HAP_XX_styletts.mp4,1,done,styletts,1084,TSI,fear,happy,yes
FAKE_T1_1084_WSI_DIS_XX__AUDIO_1084_WSI_FEA_XX_styletts,data\synthetic\track1_fakes\videos\FAKE_T1_1084_WSI_DIS_XX__AUDIO_1084_WSI_FEA_XX_styletts.mp4,1,done,styletts,1084,WSI,disgust,fear,yes
FAKE_T1_1085_IEO_FEA_MD__AUDIO_1085_IEO_HAP_MD_styletts,data\synthetic\track1_fakes\videos\FAKE_T1_1085_IEO_FEA_MD__AUDIO_1085_IEO_HAP_MD_styletts.mp4,1,done,styletts,1085,IEO,fear,happy,yes
FAKE_T1_1085_IEO_HAP_HI__AUDIO_1085_IEO_NEU_XX_styletts,data\synthetic\track1_fakes\videos\FAKE_T1_1085_IEO_HAP_HI__AUDIO_1085_IEO_NEU_XX_styletts.mp4,1,done,styletts,1085,IEO,happy,neutral,yes
FAKE_T1_1085_IEO_SAD_LO__AUDIO_1085_IEO_ANG_LO_styletts,data\synthetic\track1_fakes\videos\FAKE_T1_1085_IEO_SAD_LO__AUDIO_1085_IEO_ANG_LO_styletts.mp4,1,done,styletts,1085,IEO,sad,angry,yes
FAKE_T1_1085_IOM_SAD_XX__AUDIO_1085_IOM_ANG_XX_styletts,data\synthetic\track1_fakes\videos\FAKE_T1_1085_IOM_SAD_XX__AUDIO_1085_IOM_ANG_XX_styletts.mp4,1,done,styletts,1085,IOM,sad,angry,yes
FAKE_T1_1085_ITH_SAD_XX__AUDIO_1085_ITH_ANG_XX_styletts,data\synthetic\track1_fakes\videos\FAKE_T1_1085_ITH_SAD_XX__AUDIO_1085_ITH_ANG_XX_styletts.mp4,1,done,styletts,1085,ITH,sad,angry,yes
FAKE_T1_1085_ITS_FEA_XX__AUDIO_1085_ITS_HAP_XX_styletts,data\synthetic\track1_fakes\videos\FAKE_T1_1085_ITS_FEA_XX__AUDIO_1085_ITS_HAP_XX_styletts.mp4,1,done,styletts,1085,ITS,fear,happy,yes
FAKE_T1_1085_ITS_NEU_XX__AUDIO_1085_ITS_SAD_XX_styletts,data\synthetic\track1_fakes\videos\FAKE_T1_1085_ITS_NEU_XX__AUDIO_1085_ITS_SAD_XX_styletts.mp4,1,done,styletts,1085,ITS,neutral,sad,yes
FAKE_T1_1085_IWL_FEA_XX__AUDIO_1085_IWL_HAP_XX_styletts,data\synthetic\track1_fakes\videos\FAKE_T1_1085_IWL_FEA_XX__AUDIO_1085_IWL_HAP_XX_styletts.mp4,1,done,styletts,1085,IWL,fear,happy,yes
FAKE_T1_1085_IWW_NEU_XX__AUDIO_1085_IWW_SAD_XX_styletts,data\synthetic\track1_fakes\videos\FAKE_T1_1085_IWW_NEU_XX__AUDIO_1085_IWW_SAD_XX_styletts.mp4,1,done,styletts,1085,IWW,neutral,sad,yes
FAKE_T1_1085_MTI_FEA_XX__AUDIO_1085_MTI_HAP_XX_styletts,data\synthetic\track1_fakes\videos\FAKE_T1_1085_MTI_FEA_XX__AUDIO_1085_MTI_HAP_XX_styletts.mp4,1,done,styletts,1085,MTI,fear,happy,yes
FAKE_T1_1085_TAI_HAP_XX__AUDIO_1085_TAI_NEU_XX_styletts,data\synthetic\track1_fakes\videos\FAKE_T1_1085_TAI_HAP_XX__AUDIO_1085_TAI_NEU_XX_styletts.mp4,1,done,styletts,1085,TAI,happy,neutral,yes
FAKE_T1_1085_TAI_SAD_XX__AUDIO_1085_TAI_ANG_XX_styletts,data\synthetic\track1_fakes\videos\FAKE_T1_1085_TAI_SAD_XX__AUDIO_1085_TAI_ANG_XX_styletts.mp4,1,done,styletts,1085,TAI,sad,angry,yes
FAKE_T1_1085_TIE_ANG_XX__AUDIO_1085_TIE_DIS_XX_styletts,data\synthetic\track1_fakes\videos\FAKE_T1_1085_TIE_ANG_XX__AUDIO_1085_TIE_DIS_XX_styletts.mp4,1,done,styletts,1085,TIE,angry,disgust,yes
FAKE_T1_1085_TIE_DIS_XX__AUDIO_1085_TIE_FEA_XX_styletts,data\synthetic\track1_fakes\videos\FAKE_T1_1085_TIE_DIS_XX__AUDIO_1085_TIE_FEA_XX_styletts.mp4,1,done,styletts,1085,TIE,disgust,fear,yes
FAKE_T1_1085_TIE_HAP_XX__AUDIO_1085_TIE_NEU_XX_styletts,data\synthetic\track1_fakes\videos\FAKE_T1_1085_TIE_HAP_XX__AUDIO_1085_TIE_NEU_XX_styletts.mp4,1,done,styletts,1085,TIE,happy,neutral,yes
FAKE_T1_1085_TSI_DIS_XX__AUDIO_1085_TSI_FEA_XX_styletts,data\synthetic\track1_fakes\videos\FAKE_T1_1085_TSI_DIS_XX__AUDIO_1085_TSI_FEA_XX_styletts.mp4,1,done,styletts,1085,TSI,disgust,fear,yes
FAKE_T1_1086_DFA_DIS_XX__AUDIO_1086_DFA_FEA_XX_styletts,data\synthetic\track1_fakes\videos\FAKE_T1_1086_DFA_DIS_XX__AUDIO_1086_DFA_FEA_XX_styletts.mp4,1,done,styletts,1086,DFA,disgust,fear,yes
FAKE_T1_1086_DFA_HAP_XX__AUDIO_1086_DFA_NEU_XX_styletts,data\synthetic\track1_fakes\videos\FAKE_T1_1086_DFA_HAP_XX__AUDIO_1086_DFA_NEU_XX_styletts.mp4,1,done,styletts,1086,DFA,happy,neutral,yes
FAKE_T1_1086_IEO_ANG_LO__AUDIO_1086_IEO_DIS_LO_styletts,data\synthetic\track1_fakes\videos\FAKE_T1_1086_IEO_ANG_LO__AUDIO_1086_IEO_DIS_LO_styletts.mp4,1,done,styletts,1086,IEO,angry,disgust,yes
FAKE_T1_1086_IEO_DIS_HI__AUDIO_1086_IEO_FEA_HI_styletts,data\synthetic\track1_fakes\videos\FAKE_T1_1086_IEO_DIS_HI__AUDIO_1086_IEO_FEA_HI_styletts.mp4,1,done,styletts,1086,IEO,disgust,fear,yes
FAKE_T1_1086_IEO_DIS_MD__AUDIO_1086_IEO_FEA_MD_styletts,data\synthetic\track1_fakes\videos\FAKE_T1_1086_IEO_DIS_MD__AUDIO_1086_IEO_FEA_MD_styletts.mp4,1,done,styletts,1086,IEO,disgust,fear,yes
FAKE_T1_1086_IEO_HAP_LO__AUDIO_1086_IEO_NEU_XX_styletts,data\synthetic\track1_fakes\videos\FAKE_T1_1086_IEO_HAP_LO__AUDIO_1086_IEO_NEU_XX_styletts.mp4,1,done,styletts,1086,IEO,happy,neutral,yes
FAKE_T1_1086_ITH_NEU_XX__AUDIO_1086_ITH_SAD_XX_styletts,data\synthetic\track1_fakes\videos\FAKE_T1_1086_ITH_NEU_XX__AUDIO_1086_ITH_SAD_XX_styletts.mp4,1,done,styletts,1086,ITH,neutral,sad,yes
FAKE_T1_1086_ITS_DIS_XX__AUDIO_1086_ITS_FEA_XX_styletts,data\synthetic\track1_fakes\videos\FAKE_T1_1086_ITS_DIS_XX__AUDIO_1086_ITS_FEA_XX_styletts.mp4,1,done,styletts,1086,ITS,disgust,fear,yes
FAKE_T1_1086_ITS_FEA_XX__AUDIO_1086_ITS_HAP_XX_styletts,data\synthetic\track1_fakes\videos\FAKE_T1_1086_ITS_FEA_XX__AUDIO_1086_ITS_HAP_XX_styletts.mp4,1,done,styletts,1086,ITS,fear,happy,yes
FAKE_T1_1086_IWL_HAP_XX__AUDIO_1086_IWL_NEU_XX_styletts,data\synthetic\track1_fakes\videos\FAKE_T1_1086_IWL_HAP_XX__AUDIO_1086_IWL_NEU_XX_styletts.mp4,1,done,styletts,1086,IWL,happy,neutral,yes
FAKE_T1_1086_IWL_SAD_XX__AUDIO_1086_IWL_ANG_XX_styletts,data\synthetic\track1_fakes\videos\FAKE_T1_1086_IWL_SAD_XX__AUDIO_1086_IWL_ANG_XX_styletts.mp4,1,done,styletts,1086,IWL,sad,angry,yes
FAKE_T1_1086_MTI_SAD_XX__AUDIO_1086_MTI_ANG_XX_styletts,data\synthetic\track1_fakes\videos\FAKE_T1_1086_MTI_SAD_XX__AUDIO_1086_MTI_ANG_XX_styletts.mp4,1,done,styletts,1086,MTI,sad,angry,yes
FAKE_T1_1086_TAI_SAD_XX__AUDIO_1086_TAI_ANG_XX_styletts,data\synthetic\track1_fakes\videos\FAKE_T1_1086_TAI_SAD_XX__AUDIO_1086_TAI_ANG_XX_styletts.mp4,1,done,styletts,1086,TAI,sad,angry,yes
FAKE_T1_1086_TSI_ANG_XX__AUDIO_1086_TSI_DIS_XX_styletts,data\synthetic\track1_fakes\videos\FAKE_T1_1086_TSI_ANG_XX__AUDIO_1086_TSI_DIS_XX_styletts.mp4,1,done,styletts,1086,TSI,angry,disgust,yes
FAKE_T1_1086_TSI_NEU_XX__AUDIO_1086_TSI_SAD_XX_styletts,data\synthetic\track1_fakes\videos\FAKE_T1_1086_TSI_NEU_XX__AUDIO_1086_TSI_SAD_XX_styletts.mp4,1,done,styletts,1086,TSI,neutral,sad,yes
FAKE_T1_1086_WSI_SAD_XX__AUDIO_1086_WSI_ANG_XX_styletts,data\synthetic\track1_fakes\videos\FAKE_T1_1086_WSI_SAD_XX__AUDIO_1086_WSI_ANG_XX_styletts.mp4,1,done,styletts,1086,WSI,sad,angry,yes
FAKE_T1_1087_DFA_DIS_XX__AUDIO_1087_DFA_FEA_XX_styletts,data\synthetic\track1_fakes\videos\FAKE_T1_1087_DFA_DIS_XX__AUDIO_1087_DFA_FEA_XX_styletts.mp4,1,done,styletts,1087,DFA,disgust,fear,yes
FAKE_T1_1087_DFA_SAD_XX__AUDIO_1087_DFA_ANG_XX_styletts,data\synthetic\track1_fakes\videos\FAKE_T1_1087_DFA_SAD_XX__AUDIO_1087_DFA_ANG_XX_styletts.mp4,1,done,styletts,1087,DFA,sad,angry,yes
FAKE_T1_1087_IEO_ANG_LO__AUDIO_1087_IEO_DIS_LO_styletts,data\synthetic\track1_fakes\videos\FAKE_T1_1087_IEO_ANG_LO__AUDIO_1087_IEO_DIS_LO_styletts.mp4,1,done,styletts,1087,IEO,angry,disgust,yes
FAKE_T1_1087_IEO_DIS_LO__AUDIO_1087_IEO_FEA_LO_styletts,data\synthetic\track1_fakes\videos\FAKE_T1_1087_IEO_DIS_LO__AUDIO_1087_IEO_FEA_LO_styletts.mp4,1,done,styletts,1087,IEO,disgust,fear,yes
FAKE_T1_1087_IEO_DIS_MD__AUDIO_1087_IEO_FEA_MD_styletts,data\synthetic\track1_fakes\videos\FAKE_T1_1087_IEO_DIS_MD__AUDIO_1087_IEO_FEA_MD_styletts.mp4,1,done,styletts,1087,IEO,disgust,fear,yes
FAKE_T1_1087_IEO_FEA_MD__AUDIO_1087_IEO_HAP_MD_styletts,data\synthetic\track1_fakes\videos\FAKE_T1_1087_IEO_FEA_MD__AUDIO_1087_IEO_HAP_MD_styletts.mp4,1,done,styletts,1087,IEO,fear,happy,yes
FAKE_T1_1087_IEO_HAP_MD__AUDIO_1087_IEO_NEU_XX_styletts,data\synthetic\track1_fakes\videos\FAKE_T1_1087_IEO_HAP_MD__AUDIO_1087_IEO_NEU_XX_styletts.mp4,1,done,styletts,1087,IEO,happy,neutral,yes
FAKE_T1_1087_IEO_SAD_MD__AUDIO_1087_IEO_ANG_MD_styletts,data\synthetic\track1_fakes\videos\FAKE_T1_1087_IEO_SAD_MD__AUDIO_1087_IEO_ANG_MD_styletts.mp4,1,done,styletts,1087,IEO,sad,angry,yes
FAKE_T1_1087_ITH_ANG_XX__AUDIO_1087_ITH_DIS_XX_styletts,data\synthetic\track1_fakes\videos\FAKE_T1_1087_ITH_ANG_XX__AUDIO_1087_ITH_DIS_XX_styletts.mp4,1,done,styletts,1087,ITH,angry,disgust,yes
FAKE_T1_1087_ITH_DIS_XX__AUDIO_1087_ITH_FEA_XX_styletts,data\synthetic\track1_fakes\videos\FAKE_T1_1087_ITH_DIS_XX__AUDIO_1087_ITH_FEA_XX_styletts.mp4,1,done,styletts,1087,ITH,disgust,fear,yes
FAKE_T1_1087_ITH_NEU_XX__AUDIO_1087_ITH_SAD_XX_styletts,data\synthetic\track1_fakes\videos\FAKE_T1_1087_ITH_NEU_XX__AUDIO_1087_ITH_SAD_XX_styletts.mp4,1,done,styletts,1087,ITH,neutral,sad,yes
FAKE_T1_1087_ITS_ANG_XX__AUDIO_1087_ITS_DIS_XX_styletts,data\synthetic\track1_fakes\videos\FAKE_T1_1087_ITS_ANG_XX__AUDIO_1087_ITS_DIS_XX_styletts.mp4,1,done,styletts,1087,ITS,angry,disgust,yes
FAKE_T1_1087_IWL_NEU_XX__AUDIO_1087_IWL_SAD_XX_styletts,data\synthetic\track1_fakes\videos\FAKE_T1_1087_IWL_NEU_XX__AUDIO_1087_IWL_SAD_XX_styletts.mp4,1,done,styletts,1087,IWL,neutral,sad,yes
FAKE_T1_1087_IWW_NEU_XX__AUDIO_1087_IWW_SAD_XX_styletts,data\synthetic\track1_fakes\videos\FAKE_T1_1087_IWW_NEU_XX__AUDIO_1087_IWW_SAD_XX_styletts.mp4,1,done,styletts,1087,IWW,neutral,sad,yes
FAKE_T1_1087_MTI_HAP_XX__AUDIO_1087_MTI_NEU_XX_styletts,data\synthetic\track1_fakes\videos\FAKE_T1_1087_MTI_HAP_XX__AUDIO_1087_MTI_NEU_XX_styletts.mp4,1,done,styletts,1087,MTI,happy,neutral,yes
FAKE_T1_1087_TIE_HAP_XX__AUDIO_1087_TIE_NEU_XX_styletts,data\synthetic\track1_fakes\videos\FAKE_T1_1087_TIE_HAP_XX__AUDIO_1087_TIE_NEU_XX_styletts.mp4,1,done,styletts,1087,TIE,happy,neutral,yes
FAKE_T1_1088_DFA_DIS_XX__AUDIO_1088_DFA_FEA_XX_styletts,data\synthetic\track1_fakes\videos\FAKE_T1_1088_DFA_DIS_XX__AUDIO_1088_DFA_FEA_XX_styletts.mp4,1,done,styletts,1088,DFA,disgust,fear,yes
FAKE_T1_1088_IOM_NEU_XX__AUDIO_1088_IOM_SAD_XX_styletts,data\synthetic\track1_fakes\videos\FAKE_T1_1088_IOM_NEU_XX__AUDIO_1088_IOM_SAD_XX_styletts.mp4,1,done,styletts,1088,IOM,neutral,sad,yes
FAKE_T1_1088_IOM_SAD_XX__AUDIO_1088_IOM_ANG_XX_styletts,data\synthetic\track1_fakes\videos\FAKE_T1_1088_IOM_SAD_XX__AUDIO_1088_IOM_ANG_XX_styletts.mp4,1,done,styletts,1088,IOM,sad,angry,yes
FAKE_T1_1088_ITS_FEA_XX__AUDIO_1088_ITS_HAP_XX_styletts,data\synthetic\track1_fakes\videos\FAKE_T1_1088_ITS_FEA_XX__AUDIO_1088_ITS_HAP_XX_styletts.mp4,1,done,styletts,1088,ITS,fear,happy,yes
FAKE_T1_1088_IWL_DIS_XX__AUDIO_1088_IWL_FEA_XX_styletts,data\synthetic\track1_fakes\videos\FAKE_T1_1088_IWL_DIS_XX__AUDIO_1088_IWL_FEA_XX_styletts.mp4,1,done,styletts,1088,IWL,disgust,fear,yes
FAKE_T1_1088_IWL_HAP_XX__AUDIO_1088_IWL_NEU_XX_styletts,data\synthetic\track1_fakes\videos\FAKE_T1_1088_IWL_HAP_XX__AUDIO_1088_IWL_NEU_XX_styletts.mp4,1,done,styletts,1088,IWL,happy,neutral,yes
FAKE_T1_1088_IWW_NEU_XX__AUDIO_1088_IWW_SAD_XX_styletts,data\synthetic\track1_fakes\videos\FAKE_T1_1088_IWW_NEU_XX__AUDIO_1088_IWW_SAD_XX_styletts.mp4,1,done,styletts,1088,IWW,neutral,sad,yes
FAKE_T1_1088_MTI_DIS_XX__AUDIO_1088_MTI_FEA_XX_styletts,data\synthetic\track1_fakes\videos\FAKE_T1_1088_MTI_DIS_XX__AUDIO_1088_MTI_FEA_XX_styletts.mp4,1,done,styletts,1088,MTI,disgust,fear,yes
FAKE_T1_1088_MTI_HAP_XX__AUDIO_1088_MTI_NEU_XX_styletts,data\synthetic\track1_fakes\videos\FAKE_T1_1088_MTI_HAP_XX__AUDIO_1088_MTI_NEU_XX_styletts.mp4,1,done,styletts,1088,MTI,happy,neutral,yes
FAKE_T1_1088_TIE_ANG_XX__AUDIO_1088_TIE_DIS_XX_styletts,data\synthetic\track1_fakes\videos\FAKE_T1_1088_TIE_ANG_XX__AUDIO_1088_TIE_DIS_XX_styletts.mp4,1,done,styletts,1088,TIE,angry,disgust,yes
FAKE_T1_1088_TIE_DIS_XX__AUDIO_1088_TIE_FEA_XX_styletts,data\synthetic\track1_fakes\videos\FAKE_T1_1088_TIE_DIS_XX__AUDIO_1088_TIE_FEA_XX_styletts.mp4,1,done,styletts,1088,TIE,disgust,fear,yes
FAKE_T1_1088_TIE_FEA_XX__AUDIO_1088_TIE_HAP_XX_styletts,data\synthetic\track1_fakes\videos\FAKE_T1_1088_TIE_FEA_XX__AUDIO_1088_TIE_HAP_XX_styletts.mp4,1,done,styletts,1088,TIE,fear,happy,yes
FAKE_T1_1088_TSI_DIS_XX__AUDIO_1088_TSI_FEA_XX_styletts,data\synthetic\track1_fakes\videos\FAKE_T1_1088_TSI_DIS_XX__AUDIO_1088_TSI_FEA_XX_styletts.mp4,1,done,styletts,1088,TSI,disgust,fear,yes
FAKE_T1_1088_TSI_SAD_XX__AUDIO_1088_TSI_ANG_XX_styletts,data\synthetic\track1_fakes\videos\FAKE_T1_1088_TSI_SAD_XX__AUDIO_1088_TSI_ANG_XX_styletts.mp4,1,done,styletts,1088,TSI,sad,angry,yes
FAKE_T1_1088_WSI_DIS_XX__AUDIO_1088_WSI_FEA_XX_styletts,data\synthetic\track1_fakes\videos\FAKE_T1_1088_WSI_DIS_XX__AUDIO_1088_WSI_FEA_XX_styletts.mp4,1,done,styletts,1088,WSI,disgust,fear,yes
FAKE_T1_1088_WSI_HAP_XX__AUDIO_1088_WSI_NEU_XX_styletts,data\synthetic\track1_fakes\videos\FAKE_T1_1088_WSI_HAP_XX__AUDIO_1088_WSI_NEU_XX_styletts.mp4,1,done,styletts,1088,WSI,happy,neutral,yes
FAKE_T1_1089_DFA_NEU_XX__AUDIO_1089_DFA_SAD_XX_styletts,data\synthetic\track1_fakes\videos\FAKE_T1_1089_DFA_NEU_XX__AUDIO_1089_DFA_SAD_XX_styletts.mp4,1,done,styletts,1089,DFA,neutral,sad,yes
FAKE_T1_1089_DFA_SAD_XX__AUDIO_1089_DFA_ANG_XX_styletts,data\synthetic\track1_fakes\videos\FAKE_T1_1089_DFA_SAD_XX__AUDIO_1089_DFA_ANG_XX_styletts.mp4,1,done,styletts,1089,DFA,sad,angry,yes
FAKE_T1_1089_IEO_DIS_HI__AUDIO_1089_IEO_FEA_HI_styletts,data\synthetic\track1_fakes\videos\FAKE_T1_1089_IEO_DIS_HI__AUDIO_1089_IEO_FEA_HI_styletts.mp4,1,done,styletts,1089,IEO,disgust,fear,yes
FAKE_T1_1089_IEO_HAP_MD__AUDIO_1089_IEO_NEU_XX_styletts,data\synthetic\track1_fakes\videos\FAKE_T1_1089_IEO_HAP_MD__AUDIO_1089_IEO_NEU_XX_styletts.mp4,1,done,styletts,1089,IEO,happy,neutral,yes
FAKE_T1_1089_IEO_SAD_HI__AUDIO_1089_IEO_ANG_HI_styletts,data\synthetic\track1_fakes\videos\FAKE_T1_1089_IEO_SAD_HI__AUDIO_1089_IEO_ANG_HI_styletts.mp4,1,done,styletts,1089,IEO,sad,angry,yes
FAKE_T1_1089_IOM_DIS_XX__AUDIO_1089_IOM_FEA_XX_styletts,data\synthetic\track1_fakes\videos\FAKE_T1_1089_IOM_DIS_XX__AUDIO_1089_IOM_FEA_XX_styletts.mp4,1,done,styletts,1089,IOM,disgust,fear,yes
FAKE_T1_1089_IOM_FEA_XX__AUDIO_1089_IOM_HAP_XX_styletts,data\synthetic\track1_fakes\videos\FAKE_T1_1089_IOM_FEA_XX__AUDIO_1089_IOM_HAP_XX_styletts.mp4,1,done,styletts,1089,IOM,fear,happy,yes
FAKE_T1_1089_ITH_FEA_XX__AUDIO_1089_ITH_HAP_XX_styletts,data\synthetic\track1_fakes\videos\FAKE_T1_1089_ITH_FEA_XX__AUDIO_1089_ITH_HAP_XX_styletts.mp4,1,done,styletts,1089,ITH,fear,happy,yes
FAKE_T1_1089_ITH_NEU_XX__AUDIO_1089_ITH_SAD_XX_styletts,data\synthetic\track1_fakes\videos\FAKE_T1_1089_ITH_NEU_XX__AUDIO_1089_ITH_SAD_XX_styletts.mp4,1,done,styletts,1089,ITH,neutral,sad,yes
FAKE_T1_1089_ITS_HAP_XX__AUDIO_1089_ITS_NEU_XX_styletts,data\synthetic\track1_fakes\videos\FAKE_T1_1089_ITS_HAP_XX__AUDIO_1089_ITS_NEU_XX_styletts.mp4,1,done,styletts,1089,ITS,happy,neutral,yes
FAKE_T1_1089_TAI_ANG_XX__AUDIO_1089_TAI_DIS_XX_styletts,data\synthetic\track1_fakes\videos\FAKE_T1_1089_TAI_ANG_XX__AUDIO_1089_TAI_DIS_XX_styletts.mp4,1,done,styletts,1089,TAI,angry,disgust,yes
FAKE_T1_1089_TAI_NEU_XX__AUDIO_1089_TAI_SAD_XX_styletts,data\synthetic\track1_fakes\videos\FAKE_T1_1089_TAI_NEU_XX__AUDIO_1089_TAI_SAD_XX_styletts.mp4,1,done,styletts,1089,TAI,neutral,sad,yes
FAKE_T1_1089_TAI_SAD_XX__AUDIO_1089_TAI_ANG_XX_styletts,data\synthetic\track1_fakes\videos\FAKE_T1_1089_TAI_SAD_XX__AUDIO_1089_TAI_ANG_XX_styletts.mp4,1,done,styletts,1089,TAI,sad,angry,yes
FAKE_T1_1089_TIE_NEU_XX__AUDIO_1089_TIE_SAD_XX_styletts,data\synthetic\track1_fakes\videos\FAKE_T1_1089_TIE_NEU_XX__AUDIO_1089_TIE_SAD_XX_styletts.mp4,1,done,styletts,1089,TIE,neutral,sad,yes
FAKE_T1_1089_TSI_ANG_XX__AUDIO_1089_TSI_DIS_XX_styletts,data\synthetic\track1_fakes\videos\FAKE_T1_1089_TSI_ANG_XX__AUDIO_1089_TSI_DIS_XX_styletts.mp4,1,done,styletts,1089,TSI,angry,disgust,yes
FAKE_T1_1089_TSI_SAD_XX__AUDIO_1089_TSI_ANG_XX_styletts,data\synthetic\track1_fakes\videos\FAKE_T1_1089_TSI_SAD_XX__AUDIO_1089_TSI_ANG_XX_styletts.mp4,1,done,styletts,1089,TSI,sad,angry,yes
FAKE_T1_1090_DFA_FEA_XX__AUDIO_1090_DFA_HAP_XX_styletts,data\synthetic\track1_fakes\videos\FAKE_T1_1090_DFA_FEA_XX__AUDIO_1090_DFA_HAP_XX_styletts.mp4,1,done,styletts,1090,DFA,fear,happy,yes
FAKE_T1_1090_IEO_ANG_LO__AUDIO_1090_IEO_DIS_LO_styletts,data\synthetic\track1_fakes\videos\FAKE_T1_1090_IEO_ANG_LO__AUDIO_1090_IEO_DIS_LO_styletts.mp4,1,done,styletts,1090,IEO,angry,disgust,yes
FAKE_T1_1090_IEO_HAP_MD__AUDIO_1090_IEO_NEU_XX_styletts,data\synthetic\track1_fakes\videos\FAKE_T1_1090_IEO_HAP_MD__AUDIO_1090_IEO_NEU_XX_styletts.mp4,1,done,styletts,1090,IEO,happy,neutral,yes
FAKE_T1_1090_IEO_NEU_XX__AUDIO_1090_IEO_SAD_HI_styletts,data\synthetic\track1_fakes\videos\FAKE_T1_1090_IEO_NEU_XX__AUDIO_1090_IEO_SAD_HI_styletts.mp4,1,done,styletts,1090,IEO,neutral,sad,yes
FAKE_T1_1090_IOM_NEU_XX__AUDIO_1090_IOM_SAD_XX_styletts,data\synthetic\track1_fakes\videos\FAKE_T1_1090_IOM_NEU_XX__AUDIO_1090_IOM_SAD_XX_styletts.mp4,1,done,styletts,1090,IOM,neutral,sad,yes
FAKE_T1_1090_ITH_HAP_XX__AUDIO_1090_ITH_NEU_XX_styletts,data\synthetic\track1_fakes\videos\FAKE_T1_1090_ITH_HAP_XX__AUDIO_1090_ITH_NEU_XX_styletts.mp4,1,done,styletts,1090,ITH,happy,neutral,yes
FAKE_T1_1090_ITS_NEU_XX__AUDIO_1090_ITS_SAD_XX_styletts,data\synthetic\track1_fakes\videos\FAKE_T1_1090_ITS_NEU_XX__AUDIO_1090_ITS_SAD_XX_styletts.mp4,1,done,styletts,1090,ITS,neutral,sad,yes
FAKE_T1_1090_IWL_ANG_XX__AUDIO_1090_IWL_DIS_XX_styletts,data\synthetic\track1_fakes\videos\FAKE_T1_1090_IWL_ANG_XX__AUDIO_1090_IWL_DIS_XX_styletts.mp4,1,done,styletts,1090,IWL,angry,disgust,yes
FAKE_T1_1090_IWW_FEA_XX__AUDIO_1090_IWW_HAP_XX_styletts,data\synthetic\track1_fakes\videos\FAKE_T1_1090_IWW_FEA_XX__AUDIO_1090_IWW_HAP_XX_styletts.mp4,1,done,styletts,1090,IWW,fear,happy,yes
FAKE_T1_1090_MTI_ANG_XX__AUDIO_1090_MTI_DIS_XX_styletts,data\synthetic\track1_fakes\videos\FAKE_T1_1090_MTI_ANG_XX__AUDIO_1090_MTI_DIS_XX_styletts.mp4,1,done,styletts,1090,MTI,angry,disgust,yes
FAKE_T1_1090_TAI_DIS_XX__AUDIO_1090_TAI_FEA_XX_styletts,data\synthetic\track1_fakes\videos\FAKE_T1_1090_TAI_DIS_XX__AUDIO_1090_TAI_FEA_XX_styletts.mp4,1,done,styletts,1090,TAI,disgust,fear,yes
FAKE_T1_1090_TAI_NEU_XX__AUDIO_1090_TAI_SAD_XX_styletts,data\synthetic\track1_fakes\videos\FAKE_T1_1090_TAI_NEU_XX__AUDIO_1090_TAI_SAD_XX_styletts.mp4,1,done,styletts,1090,TAI,neutral,sad,yes
FAKE_T1_1090_TSI_DIS_XX__AUDIO_1090_TSI_FEA_XX_styletts,data\synthetic\track1_fakes\videos\FAKE_T1_1090_TSI_DIS_XX__AUDIO_1090_TSI_FEA_XX_styletts.mp4,1,done,styletts,1090,TSI,disgust,fear,yes
FAKE_T1_1090_TSI_HAP_XX__AUDIO_1090_TSI_NEU_XX_styletts,data\synthetic\track1_fakes\videos\FAKE_T1_1090_TSI_HAP_XX__AUDIO_1090_TSI_NEU_XX_styletts.mp4,1,done,styletts,1090,TSI,happy,neutral,yes
FAKE_T1_1090_TSI_NEU_XX__AUDIO_1090_TSI_SAD_XX_styletts,data\synthetic\track1_fakes\videos\FAKE_T1_1090_TSI_NEU_XX__AUDIO_1090_TSI_SAD_XX_styletts.mp4,1,done,styletts,1090,TSI,neutral,sad,yes
FAKE_T1_1090_WSI_NEU_XX__AUDIO_1090_WSI_SAD_XX_styletts,data\synthetic\track1_fakes\videos\FAKE_T1_1090_WSI_NEU_XX__AUDIO_1090_WSI_SAD_XX_styletts.mp4,1,done,styletts,1090,WSI,neutral,sad,yes
FAKE_T1_1091_DFA_ANG_XX__AUDIO_1091_DFA_DIS_XX_styletts,data\synthetic\track1_fakes\videos\FAKE_T1_1091_DFA_ANG_XX__AUDIO_1091_DFA_DIS_XX_styletts.mp4,1,done,styletts,1091,DFA,angry,disgust,yes
FAKE_T1_1091_DFA_NEU_XX__AUDIO_1091_DFA_SAD_XX_styletts,data\synthetic\track1_fakes\videos\FAKE_T1_1091_DFA_NEU_XX__AUDIO_1091_DFA_SAD_XX_styletts.mp4,1,done,styletts,1091,DFA,neutral,sad,yes
FAKE_T1_1091_IEO_FEA_LO__AUDIO_1091_IEO_HAP_LO_styletts,data\synthetic\track1_fakes\videos\FAKE_T1_1091_IEO_FEA_LO__AUDIO_1091_IEO_HAP_LO_styletts.mp4,1,done,styletts,1091,IEO,fear,happy,yes
FAKE_T1_1091_IEO_HAP_HI__AUDIO_1091_IEO_NEU_XX_styletts,data\synthetic\track1_fakes\videos\FAKE_T1_1091_IEO_HAP_HI__AUDIO_1091_IEO_NEU_XX_styletts.mp4,1,done,styletts,1091,IEO,happy,neutral,yes
FAKE_T1_1091_IOM_FEA_XX__AUDIO_1091_IOM_HAP_XX_styletts,data\synthetic\track1_fakes\videos\FAKE_T1_1091_IOM_FEA_XX__AUDIO_1091_IOM_HAP_XX_styletts.mp4,1,done,styletts,1091,IOM,fear,happy,yes
FAKE_T1_1091_ITH_DIS_XX__AUDIO_1091_ITH_FEA_XX_styletts,data\synthetic\track1_fakes\videos\FAKE_T1_1091_ITH_DIS_XX__AUDIO_1091_ITH_FEA_XX_styletts.mp4,1,done,styletts,1091,ITH,disgust,fear,yes
FAKE_T1_1091_ITS_ANG_XX__AUDIO_1091_ITS_DIS_XX_styletts,data\synthetic\track1_fakes\videos\FAKE_T1_1091_ITS_ANG_XX__AUDIO_1091_ITS_DIS_XX_styletts.mp4,1,done,styletts,1091,ITS,angry,disgust,yes
FAKE_T1_1091_IWW_ANG_XX__AUDIO_1091_IWW_DIS_XX_styletts,data\synthetic\track1_fakes\videos\FAKE_T1_1091_IWW_ANG_XX__AUDIO_1091_IWW_DIS_XX_styletts.mp4,1,done,styletts,1091,IWW,angry,disgust,yes
FAKE_T1_1091_MTI_NEU_XX__AUDIO_1091_MTI_SAD_XX_styletts,data\synthetic\track1_fakes\videos\FAKE_T1_1091_MTI_NEU_XX__AUDIO_1091_MTI_SAD_XX_styletts.mp4,1,done,styletts,1091,MTI,neutral,sad,yes
FAKE_T1_1091_TAI_DIS_XX__AUDIO_1091_TAI_FEA_XX_styletts,data\synthetic\track1_fakes\videos\FAKE_T1_1091_TAI_DIS_XX__AUDIO_1091_TAI_FEA_XX_styletts.mp4,1,done,styletts,1091,TAI,disgust,fear,yes
FAKE_T1_1091_TAI_HAP_XX__AUDIO_1091_TAI_NEU_XX_styletts,data\synthetic\track1_fakes\videos\FAKE_T1_1091_TAI_HAP_XX__AUDIO_1091_TAI_NEU_XX_styletts.mp4,1,done,styletts,1091,TAI,happy,neutral,yes
FAKE_T1_1091_TIE_ANG_XX__AUDIO_1091_TIE_DIS_XX_styletts,data\synthetic\track1_fakes\videos\FAKE_T1_1091_TIE_ANG_XX__AUDIO_1091_TIE_DIS_XX_styletts.mp4,1,done,styletts,1091,TIE,angry,disgust,yes
FAKE_T1_1091_TSI_HAP_XX__AUDIO_1091_TSI_NEU_XX_styletts,data\synthetic\track1_fakes\videos\FAKE_T1_1091_TSI_HAP_XX__AUDIO_1091_TSI_NEU_XX_styletts.mp4,1,done,styletts,1091,TSI,happy,neutral,yes
FAKE_T1_1091_TSI_NEU_XX__AUDIO_1091_TSI_SAD_XX_styletts,data\synthetic\track1_fakes\videos\FAKE_T1_1091_TSI_NEU_XX__AUDIO_1091_TSI_SAD_XX_styletts.mp4,1,done,styletts,1091,TSI,neutral,sad,yes
FAKE_T1_1091_WSI_FEA_XX__AUDIO_1091_WSI_HAP_XX_styletts,data\synthetic\track1_fakes\videos\FAKE_T1_1091_WSI_FEA_XX__AUDIO_1091_WSI_HAP_XX_styletts.mp4,1,done,styletts,1091,WSI,fear,happy,yes
FAKE_T1_1091_WSI_SAD_XX__AUDIO_1091_WSI_ANG_XX_styletts,data\synthetic\track1_fakes\videos\FAKE_T1_1091_WSI_SAD_XX__AUDIO_1091_WSI_ANG_XX_styletts.mp4,1,done,styletts,1091,WSI,sad,angry,yes
