output_stem,output_path,label,status,method,actor_id,sentence_key,video_emotion,audio_emotion,processed
FAKE_T2_1001_DFA_DIS_XX__AUDIO_1001_DFA_FEA_XX_wav2lip,data\synthetic\track2_fakes\videos\FAKE_T2_1001_DFA_DIS_XX__AUDIO_1001_DFA_FEA_XX_wav2lip.mp4,1,done,wav2lip,1001,DFA,disgust,fear,yes
FAKE_T2_1001_DFA_SAD_XX__AUDIO_1001_DFA_ANG_XX_wav2lip,data\synthetic\track2_fakes\videos\FAKE_T2_1001_DFA_SAD_XX__AUDIO_1001_DFA_ANG_XX_wav2lip.mp4,1,done,wav2lip,1001,DFA,sad,angry,yes
FAKE_T2_1001_IEO_ANG_LO__AUDIO_1001_IEO_DIS_LO_wav2lip,data\synthetic\track2_fakes\videos\FAKE_T2_1001_IEO_ANG_LO__AUDIO_1001_IEO_DIS_LO_wav2lip.mp4,1,done,wav2lip,1001,IEO,angry,disgust,yes
FAKE_T2_1001_IEO_HAP_MD__AUDIO_1001_IEO_NEU_XX_wav2lip,data\synthetic\track2_fakes\videos\FAKE_T2_1001_IEO_HAP_MD__AUDIO_1001_IEO_NEU_XX_wav2lip.mp4,1,done,wav2lip,1001,IEO,happy,neutral,yes
FAKE_T2_1001_IEO_SAD_LO__AUDIO_1001_IEO_ANG_LO_wav2lip,data\synthetic\track2_fakes\videos\FAKE_T2_1001_IEO_SAD_LO__AUDIO_1001_IEO_ANG_LO_wav2lip.mp4,1,done,wav2lip,1001,IEO,sad,angry,yes
FAKE_T2_1001_IEO_SAD_MD__AUDIO_1001_IEO_ANG_MD_wav2lip,data\synthetic\track2_fakes\videos\FAKE_T2_1001_IEO_SAD_MD__AUDIO_1001_IEO_ANG_MD_wav2lip.mp4,1,done,wav2lip,1001,IEO,sad,angry,yes
FAKE_T2_1001_IOM_HAP_XX__AUDIO_1001_IOM_NEU_XX_wav2lip,data\synthetic\track2_fakes\videos\FAKE_T2_1001_IOM_HAP_XX__AUDIO_1001_IOM_NEU_XX_wav2lip.mp4,1,done,wav2lip,1001,IOM,happy,neutral,yes
FAKE_T2_1001_ITH_ANG_XX__AUDIO_1001_ITH_DIS_XX_wav2lip,data\synthetic\track2_fakes\videos\FAKE_T2_1001_ITH_ANG_XX__AUDIO_1001_ITH_DIS_XX_wav2lip.mp4,1,done,wav2lip,1001,ITH,angry,disgust,yes
FAKE_T2_1001_ITH_NEU_XX__AUDIO_1001_ITH_SAD_XX_wav2lip,data\synthetic\track2_fakes\videos\FAKE_T2_1001_ITH_NEU_XX__AUDIO_1001_ITH_SAD_XX_wav2lip.mp4,1,done,wav2lip,1001,ITH,neutral,sad,yes
FAKE_T2_1001_ITS_HAP_XX__AUDIO_1001_ITS_NEU_XX_wav2lip,data\synthetic\track2_fakes\videos\FAKE_T2_1001_ITS_HAP_XX__AUDIO_1001_ITS_NEU_XX_wav2lip.mp4,1,done,wav2lip,1001,ITS,happy,neutral,yes
FAKE_T2_1001_ITS_SAD_XX__AUDIO_1001_ITS_ANG_XX_wav2lip,data\synthetic\track2_fakes\videos\FAKE_T2_1001_ITS_SAD_XX__AUDIO_1001_ITS_ANG_XX_wav2lip.mp4,1,done,wav2lip,1001,ITS,sad,angry,yes
FAKE_T2_1001_IWL_FEA_XX__AUDIO_1001_IWL_HAP_XX_wav2lip,data\synthetic\track2_fakes\videos\FAKE_T2_1001_IWL_FEA_XX__AUDIO_1001_IWL_HAP_XX_wav2lip.mp4,1,done,wav2lip,1001,IWL,fear,happy,yes
FAKE_T2_1001_IWL_HAP_XX__AUDIO_1001_IWL_NEU_XX_wav2lip,data\synthetic\track2_fakes\videos\FAKE_T2_1001_IWL_HAP_XX__AUDIO_1001_IWL_NEU_XX_wav2lip.mp4,1,done,wav2lip,1001,IWL,happy,neutral,yes
FAKE_T2_1001_IWL_SAD_XX__AUDIO_1001_IWL_ANG_XX_wav2lip,data\synthetic\track2_fakes\videos\FAKE_T2_1001_IWL_SAD_XX__AUDIO_1001_IWL_ANG_XX_wav2lip.mp4,1,done,wav2lip,1001,IWL,sad,angry,yes
FAKE_T2_1001_IWW_SAD_XX__AUDIO_1001_IWW_ANG_XX_wav2lip,data\synthetic\track2_fakes\videos\FAKE_T2_1001_IWW_SAD_XX__AUDIO_1001_IWW_ANG_XX_wav2lip.mp4,1,done,wav2lip,1001,IWW,sad,angry,yes
FAKE_T2_1001_MTI_HAP_XX__AUDIO_1001_MTI_NEU_XX_wav2lip,data\synthetic\track2_fakes\videos\FAKE_T2_1001_MTI_HAP_XX__AUDIO_1001_MTI_NEU_XX_wav2lip.mp4,1,done,wav2lip,1001,MTI,happy,neutral,yes
FAKE_T2_1001_MTI_SAD_XX__AUDIO_1001_MTI_ANG_XX_wav2lip,data\synthetic\track2_fakes\videos\FAKE_T2_1001_MTI_SAD_XX__AUDIO_1001_MTI_ANG_XX_wav2lip.mp4,1,done,wav2lip,1001,MTI,sad,angry,yes
FAKE_T2_1001_TIE_NEU_XX__AUDIO_1001_TIE_SAD_XX_wav2lip,data\synthetic\track2_fakes\videos\FAKE_T2_1001_TIE_NEU_XX__AUDIO_1001_TIE_SAD_XX_wav2lip.mp4,1,done,wav2lip,1001,TIE,neutral,sad,yes
FAKE_T2_1001_TIE_SAD_XX__AUDIO_1001_TIE_ANG_XX_wav2lip,data\synthetic\track2_fakes\videos\FAKE_T2_1001_TIE_SAD_XX__AUDIO_1001_TIE_ANG_XX_wav2lip.mp4,1,done,wav2lip,1001,TIE,sad,angry,yes
FAKE_T2_1001_TSI_HAP_XX__AUDIO_1001_TSI_NEU_XX_wav2lip,data\synthetic\track2_fakes\videos\FAKE_T2_1001_TSI_HAP_XX__AUDIO_1001_TSI_NEU_XX_wav2lip.mp4,1,done,wav2lip,1001,TSI,happy,neutral,yes
FAKE_T2_1001_TSI_NEU_XX__AUDIO_1001_TSI_SAD_XX_wav2lip,data\synthetic\track2_fakes\videos\FAKE_T2_1001_TSI_NEU_XX__AUDIO_1001_TSI_SAD_XX_wav2lip.mp4,1,done,wav2lip,1001,TSI,neutral,sad,yes
FAKE_T2_1001_TSI_SAD_XX__AUDIO_1001_TSI_ANG_XX_wav2lip,data\synthetic\track2_fakes\videos\FAKE_T2_1001_TSI_SAD_XX__AUDIO_1001_TSI_ANG_XX_wav2lip.mp4,1,done,wav2lip,1001,TSI,sad,angry,yes
FAKE_T2_1001_WSI_HAP_XX__AUDIO_1001_WSI_NEU_XX_wav2lip,data\synthetic\track2_fakes\videos\FAKE_T2_1001_WSI_HAP_XX__AUDIO_1001_WSI_NEU_XX_wav2lip.mp4,1,done,wav2lip,1001,WSI,happy,neutral,yes
FAKE_T2_1001_WSI_NEU_XX__AUDIO_1001_WSI_SAD_XX_wav2lip,data\synthetic\track2_fakes\videos\FAKE_T2_1001_WSI_NEU_XX__AUDIO_1001_WSI_SAD_XX_wav2lip.mp4,1,done,wav2lip,1001,WSI,neutral,sad,yes
FAKE_T2_1001_WSI_SAD_XX__AUDIO_1001_WSI_ANG_XX_wav2lip,data\synthetic\track2_fakes\videos\FAKE_T2_1001_WSI_SAD_XX__AUDIO_1001_WSI_ANG_XX_wav2lip.mp4,1,done,wav2lip,1001,WSI,sad,angry,yes
FAKE_T2_1002_DFA_FEA_XX__AUDIO_1002_DFA_HAP_XX_wav2lip,data\synthetic\track2_fakes\videos\FAKE_T2_1002_DFA_FEA_XX__AUDIO_1002_DFA_HAP_XX_wav2lip.mp4,1,done,wav2lip,1002,DFA,fear,happy,yes
FAKE_T2_1002_DFA_HAP_XX__AUDIO_1002_DFA_NEU_XX_wav2lip,data\synthetic\track2_fakes\videos\FAKE_T2_1002_DFA_HAP_XX__AUDIO_1002_DFA_NEU_XX_wav2lip.mp4,1,done,wav2lip,1002,DFA,happy,neutral,yes
FAKE_T2_1002_DFA_NEU_XX__AUDIO_1002_DFA_SAD_XX_wav2lip,data\synthetic\track2_fakes\videos\FAKE_T2_1002_DFA_NEU_XX__AUDIO_1002_DFA_SAD_XX_wav2lip.mp4,1,done,wav2lip,1002,DFA,neutral,sad,yes
FAKE_T2_1002_IEO_ANG_MD__AUDIO_1002_IEO_DIS_MD_wav2lip,data\synthetic\track2_fakes\videos\FAKE_T2_1002_IEO_ANG_MD__AUDIO_1002_IEO_DIS_MD_wav2lip.mp4,1,done,wav2lip,1002,IEO,angry,disgust,yes
FAKE_T2_1002_IEO_SAD_LO__AUDIO_1002_IEO_ANG_LO_wav2lip,data\synthetic\track2_fakes\videos\FAKE_T2_1002_IEO_SAD_LO__AUDIO_1002_IEO_ANG_LO_wav2lip.mp4,1,done,wav2lip,1002,IEO,sad,angry,yes
FAKE_T2_1002_IOM_FEA_XX__AUDIO_1002_IOM_HAP_XX_wav2lip,data\synthetic\track2_fakes\videos\FAKE_T2_1002_IOM_FEA_XX__AUDIO_1002_IOM_HAP_XX_wav2lip.mp4,1,done,wav2lip,1002,IOM,fear,happy,yes
FAKE_T2_1002_IOM_HAP_XX__AUDIO_1002_IOM_NEU_XX_wav2lip,data\synthetic\track2_fakes\videos\FAKE_T2_1002_IOM_HAP_XX__AUDIO_1002_IOM_NEU_XX_wav2lip.mp4,1,done,wav2lip,1002,IOM,happy,neutral,yes
FAKE_T2_1002_ITH_DIS_XX__AUDIO_1002_ITH_FEA_XX_wav2lip,data\synthetic\track2_fakes\videos\FAKE_T2_1002_ITH_DIS_XX__AUDIO_1002_ITH_FEA_XX_wav2lip.mp4,1,done,wav2lip,1002,ITH,disgust,fear,yes
FAKE_T2_1002_ITH_FEA_XX__AUDIO_1002_ITH_HAP_XX_wav2lip,data\synthetic\track2_fakes\videos\FAKE_T2_1002_ITH_FEA_XX__AUDIO_1002_ITH_HAP_XX_wav2lip.mp4,1,done,wav2lip,1002,ITH,fear,happy,yes
FAKE_T2_1002_ITH_NEU_XX__AUDIO_1002_ITH_SAD_XX_wav2lip,data\synthetic\track2_fakes\videos\FAKE_T2_1002_ITH_NEU_XX__AUDIO_1002_ITH_SAD_XX_wav2lip.mp4,1,done,wav2lip,1002,ITH,neutral,sad,yes
FAKE_T2_1002_ITH_SAD_XX__AUDIO_1002_ITH_ANG_XX_wav2lip,data\synthetic\track2_fakes\videos\FAKE_T2_1002_ITH_SAD_XX__AUDIO_1002_ITH_ANG_XX_wav2lip.mp4,1,done,wav2lip,1002,ITH,sad,angry,yes
FAKE_T2_1002_ITS_FEA_XX__AUDIO_1002_ITS_HAP_XX_wav2lip,data\synthetic\track2_fakes\videos\FAKE_T2_1002_ITS_FEA_XX__AUDIO_1002_ITS_HAP_XX_wav2lip.mp4,1,done,wav2lip,1002,ITS,fear,happy,yes
FAKE_T2_1002_ITS_NEU_XX__AUDIO_1002_ITS_SAD_XX_wav2lip,data\synthetic\track2_fakes\videos\FAKE_T2_1002_ITS_NEU_XX__AUDIO_1002_ITS_SAD_XX_wav2lip.mp4,1,done,wav2lip,1002,ITS,neutral,sad,yes
FAKE_T2_1002_IWW_ANG_XX__AUDIO_1002_IWW_DIS_XX_wav2lip,data\synthetic\track2_fakes\videos\FAKE_T2_1002_IWW_ANG_XX__AUDIO_1002_IWW_DIS_XX_wav2lip.mp4,1,done,wav2lip,1002,IWW,angry,disgust,yes
FAKE_T2_1002_IWW_DIS_XX__AUDIO_1002_IWW_FEA_XX_wav2lip,data\synthetic\track2_fakes\videos\FAKE_T2_1002_IWW_DIS_XX__AUDIO_1002_IWW_FEA_XX_wav2lip.mp4,1,done,wav2lip,1002,IWW,disgust,fear,yes
FAKE_T2_1002_IWW_SAD_XX__AUDIO_1002_IWW_ANG_XX_wav2lip,data\synthetic\track2_fakes\videos\FAKE_T2_1002_IWW_SAD_XX__AUDIO_1002_IWW_ANG_XX_wav2lip.mp4,1,done,wav2lip,1002,IWW,sad,angry,yes
FAKE_T2_1002_MTI_NEU_XX__AUDIO_1002_MTI_SAD_XX_wav2lip,data\synthetic\track2_fakes\videos\FAKE_T2_1002_MTI_NEU_XX__AUDIO_1002_MTI_SAD_XX_wav2lip.mp4,1,done,wav2lip,1002,MTI,neutral,sad,yes
FAKE_T2_1002_TAI_FEA_XX__AUDIO_1002_TAI_HAP_XX_wav2lip,data\synthetic\track2_fakes\videos\FAKE_T2_1002_TAI_FEA_XX__AUDIO_1002_TAI_HAP_XX_wav2lip.mp4,1,done,wav2lip,1002,TAI,fear,happy,yes
FAKE_T2_1002_TAI_HAP_XX__AUDIO_1002_TAI_NEU_XX_wav2lip,data\synthetic\track2_fakes\videos\FAKE_T2_1002_TAI_HAP_XX__AUDIO_1002_TAI_NEU_XX_wav2lip.mp4,1,done,wav2lip,1002,TAI,happy,neutral,yes
FAKE_T2_1002_TIE_ANG_XX__AUDIO_1002_TIE_DIS_XX_wav2lip,data\synthetic\track2_fakes\videos\FAKE_T2_1002_TIE_ANG_XX__AUDIO_1002_TIE_DIS_XX_wav2lip.mp4,1,done,wav2lip,1002,TIE,angry,disgust,yes
FAKE_T2_1002_TIE_FEA_XX__AUDIO_1002_TIE_HAP_XX_wav2lip,data\synthetic\track2_fakes\videos\FAKE_T2_1002_TIE_FEA_XX__AUDIO_1002_TIE_HAP_XX_wav2lip.mp4,1,done,wav2lip,1002,TIE,fear,happy,yes
FAKE_T2_1002_TIE_SAD_XX__AUDIO_1002_TIE_ANG_XX_wav2lip,data\synthetic\track2_fakes\videos\FAKE_T2_1002_TIE_SAD_XX__AUDIO_1002_TIE_ANG_XX_wav2lip.mp4,1,done,wav2lip,1002,TIE,sad,angry,yes
FAKE_T2_1002_TSI_DIS_XX__AUDIO_1002_TSI_FEA_XX_wav2lip,data\synthetic\track2_fakes\videos\FAKE_T2_1002_TSI_DIS_XX__AUDIO_1002_TSI_FEA_XX_wav2lip.mp4,1,done,wav2lip,1002,TSI,disgust,fear,yes
FAKE_T2_1002_TSI_SAD_XX__AUDIO_1002_TSI_ANG_XX_wav2lip,data\synthetic\track2_fakes\videos\FAKE_T2_1002_TSI_SAD_XX__AUDIO_1002_TSI_ANG_XX_wav2lip.mp4,1,done,wav2lip,1002,TSI,sad,angry,yes
FAKE_T2_1003_DFA_FEA_XX__AUDIO_1003_DFA_HAP_XX_wav2lip,data\synthetic\track2_fakes\videos\FAKE_T2_1003_DFA_FEA_XX__AUDIO_1003_DFA_HAP_XX_wav2lip.mp4,1,done,wav2lip,1003,DFA,fear,happy,yes
FAKE_T2_1003_DFA_SAD_XX__AUDIO_1003_DFA_ANG_XX_wav2lip,data\synthetic\track2_fakes\videos\FAKE_T2_1003_DFA_SAD_XX__AUDIO_1003_DFA_ANG_XX_wav2lip.mp4,1,done,wav2lip,1003,DFA,sad,angry,yes
FAKE_T2_1003_IEO_ANG_HI__AUDIO_1003_IEO_DIS_HI_wav2lip,data\synthetic\track2_fakes\videos\FAKE_T2_1003_IEO_ANG_HI__AUDIO_1003_IEO_DIS_HI_wav2lip.mp4,1,done,wav2lip,1003,IEO,angry,disgust,yes
FAKE_T2_1003_IEO_DIS_HI__AUDIO_1003_IEO_FEA_HI_wav2lip,data\synthetic\track2_fakes\videos\FAKE_T2_1003_IEO_DIS_HI__AUDIO_1003_IEO_FEA_HI_wav2lip.mp4,1,done,wav2lip,1003,IEO,disgust,fear,yes
FAKE_T2_1003_IEO_HAP_LO__AUDIO_1003_IEO_NEU_XX_wav2lip,data\synthetic\track2_fakes\videos\FAKE_T2_1003_IEO_HAP_LO__AUDIO_1003_IEO_NEU_XX_wav2lip.mp4,1,done,wav2lip,1003,IEO,happy,neutral,yes
FAKE_T2_1003_IOM_NEU_XX__AUDIO_1003_IOM_SAD_XX_wav2lip,data\synthetic\track2_fakes\videos\FAKE_T2_1003_IOM_NEU_XX__AUDIO_1003_IOM_SAD_XX_wav2lip.mp4,1,done,wav2lip,1003,IOM,neutral,sad,yes
FAKE_T2_1003_ITH_FEA_XX__AUDIO_1003_ITH_HAP_XX_wav2lip,data\synthetic\track2_fakes\videos\FAKE_T2_1003_ITH_FEA_XX__AUDIO_1003_ITH_HAP_XX_wav2lip.mp4,1,done,wav2lip,1003,ITH,fear,happy,yes
FAKE_T2_1003_ITS_NEU_XX__AUDIO_1003_ITS_SAD_XX_wav2lip,data\synthetic\track2_fakes\videos\FAKE_T2_1003_ITS_NEU_XX__AUDIO_1003_ITS_SAD_XX_wav2lip.mp4,1,done,wav2lip,1003,ITS,neutral,sad,yes
FAKE_T2_1003_IWL_ANG_XX__AUDIO_1003_IWL_DIS_XX_wav2lip,data\synthetic\track2_fakes\videos\FAKE_T2_1003_IWL_ANG_XX__AUDIO_1003_IWL_DIS_XX_wav2lip.mp4,1,done,wav2lip,1003,IWL,angry,disgust,yes
FAKE_T2_1003_IWL_DIS_XX__AUDIO_1003_IWL_FEA_XX_wav2lip,data\synthetic\track2_fakes\videos\FAKE_T2_1003_IWL_DIS_XX__AUDIO_1003_IWL_FEA_XX_wav2lip.mp4,1,done,wav2lip,1003,IWL,disgust,fear,yes
FAKE_T2_1003_IWL_FEA_XX__AUDIO_1003_IWL_HAP_XX_wav2lip,data\synthetic\track2_fakes\videos\FAKE_T2_1003_IWL_FEA_XX__AUDIO_1003_IWL_HAP_XX_wav2lip.mp4,1,done,wav2lip,1003,IWL,fear,happy,yes
FAKE_T2_1003_IWW_ANG_XX__AUDIO_1003_IWW_DIS_XX_wav2lip,data\synthetic\track2_fakes\videos\FAKE_T2_1003_IWW_ANG_XX__AUDIO_1003_IWW_DIS_XX_wav2lip.mp4,1,done,wav2lip,1003,IWW,angry,disgust,yes
FAKE_T2_1003_IWW_HAP_XX__AUDIO_1003_IWW_NEU_XX_wav2lip,data\synthetic\track2_fakes\videos\FAKE_T2_1003_IWW_HAP_XX__AUDIO_1003_IWW_NEU_XX_wav2lip.mp4,1,done,wav2lip,1003,IWW,happy,neutral,yes
FAKE_T2_1003_IWW_NEU_XX__AUDIO_1003_IWW_SAD_XX_wav2lip,data\synthetic\track2_fakes\videos\FAKE_T2_1003_IWW_NEU_XX__AUDIO_1003_IWW_SAD_XX_wav2lip.mp4,1,done,wav2lip,1003,IWW,neutral,sad,yes
FAKE_T2_1003_MTI_SAD_XX__AUDIO_1003_MTI_ANG_XX_wav2lip,data\synthetic\track2_fakes\videos\FAKE_T2_1003_MTI_SAD_XX__AUDIO_1003_MTI_ANG_XX_wav2lip.mp4,1,done,wav2lip,1003,MTI,sad,angry,yes
FAKE_T2_1003_TAI_ANG_XX__AUDIO_1003_TAI_DIS_XX_wav2lip,data\synthetic\track2_fakes\videos\FAKE_T2_1003_TAI_ANG_XX__AUDIO_1003_TAI_DIS_XX_wav2lip.mp4,1,done,wav2lip,1003,TAI,angry,disgust,yes
FAKE_T2_1003_TAI_DIS_XX__AUDIO_1003_TAI_FEA_XX_wav2lip,data\synthetic\track2_fakes\videos\FAKE_T2_1003_TAI_DIS_XX__AUDIO_1003_TAI_FEA_XX_wav2lip.mp4,1,done,wav2lip,1003,TAI,disgust,fear,yes
FAKE_T2_1003_TAI_NEU_XX__AUDIO_1003_TAI_SAD_XX_wav2lip,data\synthetic\track2_fakes\videos\FAKE_T2_1003_TAI_NEU_XX__AUDIO_1003_TAI_SAD_XX_wav2lip.mp4,1,done,wav2lip,1003,TAI,neutral,sad,yes
FAKE_T2_1003_TIE_FEA_XX__AUDIO_1003_TIE_HAP_XX_wav2lip,data\synthetic\track2_fakes\videos\FAKE_T2_1003_TIE_FEA_XX__AUDIO_1003_TIE_HAP_XX_wav2lip.mp4,1,done,wav2lip,1003,TIE,fear,happy,yes
FAKE_T2_1003_TIE_NEU_XX__AUDIO_1003_TIE_SAD_XX_wav2lip,data\synthetic\track2_fakes\videos\FAKE_T2_1003_TIE_NEU_XX__AUDIO_1003_TIE_SAD_XX_wav2lip.mp4,1,done,wav2lip,1003,TIE,neutral,sad,yes
FAKE_T2_1003_TSI_DIS_XX__AUDIO_1003_TSI_FEA_XX_wav2lip,data\synthetic\track2_fakes\videos\FAKE_T2_1003_TSI_DIS_XX__AUDIO_1003_TSI_FEA_XX_wav2lip.mp4,1,done,wav2lip,1003,TSI,disgust,fear,yes
FAKE_T2_1003_TSI_FEA_XX__AUDIO_1003_TSI_HAP_XX_wav2lip,data\synthetic\track2_fakes\videos\FAKE_T2_1003_TSI_FEA_XX__AUDIO_1003_TSI_HAP_XX_wav2lip.mp4,1,done,wav2lip,1003,TSI,fear,happy,yes
FAKE_T2_1003_TSI_HAP_XX__AUDIO_1003_TSI_NEU_XX_wav2lip,data\synthetic\track2_fakes\videos\FAKE_T2_1003_TSI_HAP_XX__AUDIO_1003_TSI_NEU_XX_wav2lip.mp4,1,done,wav2lip,1003,TSI,happy,neutral,yes
FAKE_T2_1003_TSI_SAD_XX__AUDIO_1003_TSI_ANG_XX_wav2lip,data\synthetic\track2_fakes\videos\FAKE_T2_1003_TSI_SAD_XX__AUDIO_1003_TSI_ANG_XX_wav2lip.mp4,1,done,wav2lip,1003,TSI,sad,angry,yes
FAKE_T2_1003_WSI_SAD_XX__AUDIO_1003_WSI_ANG_XX_wav2lip,data\synthetic\track2_fakes\videos\FAKE_T2_1003_WSI_SAD_XX__AUDIO_1003_WSI_ANG_XX_wav2lip.mp4,1,done,wav2lip,1003,WSI,sad,angry,yes
FAKE_T2_1004_DFA_DIS_XX__AUDIO_1004_DFA_FEA_XX_wav2lip,data\synthetic\track2_fakes\videos\FAKE_T2_1004_DFA_DIS_XX__AUDIO_1004_DFA_FEA_XX_wav2lip.mp4,1,done,wav2lip,1004,DFA,disgust,fear,yes
FAKE_T2_1004_DFA_NEU_XX__AUDIO_1004_DFA_SAD_XX_wav2lip,data\synthetic\track2_fakes\videos\FAKE_T2_1004_DFA_NEU_XX__AUDIO_1004_DFA_SAD_XX_wav2lip.mp4,1,done,wav2lip,1004,DFA,neutral,sad,yes
FAKE_T2_1004_DFA_SAD_XX__AUDIO_1004_DFA_ANG_XX_wav2lip,data\synthetic\track2_fakes\videos\FAKE_T2_1004_DFA_SAD_XX__AUDIO_1004_DFA_ANG_XX_wav2lip.mp4,1,done,wav2lip,1004,DFA,sad,angry,yes
FAKE_T2_1004_IEO_DIS_MD__AUDIO_1004_IEO_FEA_MD_wav2lip,data\synthetic\track2_fakes\videos\FAKE_T2_1004_IEO_DIS_MD__AUDIO_1004_IEO_FEA_MD_wav2lip.mp4,1,done,wav2lip,1004,IEO,disgust,fear,yes
FAKE_T2_1004_IEO_FEA_MD__AUDIO_1004_IEO_HAP_MD_wav2lip,data\synthetic\track2_fakes\videos\FAKE_T2_1004_IEO_FEA_MD__AUDIO_1004_IEO_HAP_MD_wav2lip.mp4,1,done,wav2lip,1004,IEO,fear,happy,yes
FAKE_T2_1004_IEO_HAP_LO__AUDIO_1004_IEO_NEU_XX_wav2lip,data\synthetic\track2_fakes\videos\FAKE_T2_1004_IEO_HAP_LO__AUDIO_1004_IEO_NEU_XX_wav2lip.mp4,1,done,wav2lip,1004,IEO,happy,neutral,yes
FAKE_T2_1004_IEO_SAD_HI__AUDIO_1004_IEO_ANG_HI_wav2lip,data\synthetic\track2_fakes\videos\FAKE_T2_1004_IEO_SAD_HI__AUDIO_1004_IEO_ANG_HI_wav2lip.mp4,1,done,wav2lip,1004,IEO,sad,angry,yes
FAKE_T2_1004_IOM_DIS_XX__AUDIO_1004_IOM_FEA_XX_wav2lip,data\synthetic\track2_fakes\videos\FAKE_T2_1004_IOM_DIS_XX__AUDIO_1004_IOM_FEA_XX_wav2lip.mp4,1,done,wav2lip,1004,IOM,disgust,fear,yes
FAKE_T2_1004_IOM_FEA_XX__AUDIO_1004_IOM_HAP_XX_wav2lip,data\synthetic\track2_fakes\videos\FAKE_T2_1004_IOM_FEA_XX__AUDIO_1004_IOM_HAP_XX_wav2lip.mp4,1,done,wav2lip,1004,IOM,fear,happy,yes
FAKE_T2_1004_ITH_HAP_XX__AUDIO_1004_ITH_NEU_XX_wav2lip,data\synthetic\track2_fakes\videos\FAKE_T2_1004_ITH_HAP_XX__AUDIO_1004_ITH_NEU_XX_wav2lip.mp4,1,done,wav2lip,1004,ITH,happy,neutral,yes
FAKE_T2_1004_ITS_ANG_XX__AUDIO_1004_ITS_DIS_XX_wav2lip,data\synthetic\track2_fakes\videos\FAKE_T2_1004_ITS_ANG_XX__AUDIO_1004_ITS_DIS_XX_wav2lip.mp4,1,done,wav2lip,1004,ITS,angry,disgust,yes
FAKE_T2_1004_ITS_SAD_XX__AUDIO_1004_ITS_ANG_XX_wav2lip,data\synthetic\track2_fakes\videos\FAKE_T2_1004_ITS_SAD_XX__AUDIO_1004_ITS_ANG_XX_wav2lip.mp4,1,done,wav2lip,1004,ITS,sad,angry,yes
FAKE_T2_1004_IWW_DIS_XX__AUDIO_1004_IWW_FEA_XX_wav2lip,data\synthetic\track2_fakes\videos\FAKE_T2_1004_IWW_DIS_XX__AUDIO_1004_IWW_FEA_XX_wav2lip.mp4,1,done,wav2lip,1004,IWW,disgust,fear,yes
FAKE_T2_1004_IWW_NEU_XX__AUDIO_1004_IWW_SAD_XX_wav2lip,data\synthetic\track2_fakes\videos\FAKE_T2_1004_IWW_NEU_XX__AUDIO_1004_IWW_SAD_XX_wav2lip.mp4,1,done,wav2lip,1004,IWW,neutral,sad,yes
FAKE_T2_1004_IWW_SAD_XX__AUDIO_1004_IWW_ANG_XX_wav2lip,data\synthetic\track2_fakes\videos\FAKE_T2_1004_IWW_SAD_XX__AUDIO_1004_IWW_ANG_XX_wav2lip.mp4,1,done,wav2lip,1004,IWW,sad,angry,yes
FAKE_T2_1004_MTI_SAD_XX__AUDIO_1004_MTI_ANG_XX_wav2lip,data\synthetic\track2_fakes\videos\FAKE_T2_1004_MTI_SAD_XX__AUDIO_1004_MTI_ANG_XX_wav2lip.mp4,1,done,wav2lip,1004,MTI,sad,angry,yes
FAKE_T2_1004_TAI_ANG_XX__AUDIO_1004_TAI_DIS_XX_wav2lip,data\synthetic\track2_fakes\videos\FAKE_T2_1004_TAI_ANG_XX__AUDIO_1004_TAI_DIS_XX_wav2lip.mp4,1,done,wav2lip,1004,TAI,angry,disgust,yes
FAKE_T2_1004_TAI_DIS_XX__AUDIO_1004_TAI_FEA_XX_wav2lip,data\synthetic\track2_fakes\videos\FAKE_T2_1004_TAI_DIS_XX__AUDIO_1004_TAI_FEA_XX_wav2lip.mp4,1,done,wav2lip,1004,TAI,disgust,fear,yes
FAKE_T2_1004_TAI_NEU_XX__AUDIO_1004_TAI_SAD_XX_wav2lip,data\synthetic\track2_fakes\videos\FAKE_T2_1004_TAI_NEU_XX__AUDIO_1004_TAI_SAD_XX_wav2lip.mp4,1,done,wav2lip,1004,TAI,neutral,sad,yes
FAKE_T2_1004_TIE_SAD_XX__AUDIO_1004_TIE_ANG_XX_wav2lip,data\synthetic\track2_fakes\videos\FAKE_T2_1004_TIE_SAD_XX__AUDIO_1004_TIE_ANG_XX_wav2lip.mp4,1,done,wav2lip,1004,TIE,sad,angry,yes
FAKE_T2_1004_TSI_ANG_XX__AUDIO_1004_TSI_DIS_XX_wav2lip,data\synthetic\track2_fakes\videos\FAKE_T2_1004_TSI_ANG_XX__AUDIO_1004_TSI_DIS_XX_wav2lip.mp4,1,done,wav2lip,1004,TSI,angry,disgust,yes
FAKE_T2_1004_TSI_DIS_XX__AUDIO_1004_TSI_FEA_XX_wav2lip,data\synthetic\track2_fakes\videos\FAKE_T2_1004_TSI_DIS_XX__AUDIO_1004_TSI_FEA_XX_wav2lip.mp4,1,done,wav2lip,1004,TSI,disgust,fear,yes
FAKE_T2_1004_TSI_SAD_XX__AUDIO_1004_TSI_ANG_XX_wav2lip,data\synthetic\track2_fakes\videos\FAKE_T2_1004_TSI_SAD_XX__AUDIO_1004_TSI_ANG_XX_wav2lip.mp4,1,done,wav2lip,1004,TSI,sad,angry,yes
FAKE_T2_1004_WSI_NEU_XX__AUDIO_1004_WSI_SAD_XX_wav2lip,data\synthetic\track2_fakes\videos\FAKE_T2_1004_WSI_NEU_XX__AUDIO_1004_WSI_SAD_XX_wav2lip.mp4,1,done,wav2lip,1004,WSI,neutral,sad,yes
FAKE_T2_1004_WSI_SAD_XX__AUDIO_1004_WSI_ANG_XX_wav2lip,data\synthetic\track2_fakes\videos\FAKE_T2_1004_WSI_SAD_XX__AUDIO_1004_WSI_ANG_XX_wav2lip.mp4,1,done,wav2lip,1004,WSI,sad,angry,yes
FAKE_T2_1005_DFA_DIS_XX__AUDIO_1005_DFA_FEA_XX_wav2lip,data\synthetic\track2_fakes\videos\FAKE_T2_1005_DFA_DIS_XX__AUDIO_1005_DFA_FEA_XX_wav2lip.mp4,1,done,wav2lip,1005,DFA,disgust,fear,yes
FAKE_T2_1005_IEO_DIS_LO__AUDIO_1005_IEO_FEA_LO_wav2lip,data\synthetic\track2_fakes\videos\FAKE_T2_1005_IEO_DIS_LO__AUDIO_1005_IEO_FEA_LO_wav2lip.mp4,1,done,wav2lip,1005,IEO,disgust,fear,yes
FAKE_T2_1005_IEO_HAP_HI__AUDIO_1005_IEO_NEU_XX_wav2lip,data\synthetic\track2_fakes\videos\FAKE_T2_1005_IEO_HAP_HI__AUDIO_1005_IEO_NEU_XX_wav2lip.mp4,1,done,wav2lip,1005,IEO,happy,neutral,yes
FAKE_T2_1005_IEO_HAP_LO__AUDIO_1005_IEO_NEU_XX_wav2lip,data\synthetic\track2_fakes\videos\FAKE_T2_1005_IEO_HAP_LO__AUDIO_1005_IEO_NEU_XX_wav2lip.mp4,1,done,wav2lip,1005,IEO,happy,neutral,yes
FAKE_T2_1005_IOM_HAP_XX__AUDIO_1005_IOM_NEU_XX_wav2lip,data\synthetic\track2_fakes\videos\FAKE_T2_1005_IOM_HAP_XX__AUDIO_1005_IOM_NEU_XX_wav2lip.mp4,1,done,wav2lip,1005,IOM,happy,neutral,yes
FAKE_T2_1005_IOM_NEU_XX__AUDIO_1005_IOM_SAD_XX_wav2lip,data\synthetic\track2_fakes\videos\FAKE_T2_1005_IOM_NEU_XX__AUDIO_1005_IOM_SAD_XX_wav2lip.mp4,1,done,wav2lip,1005,IOM,neutral,sad,yes
FAKE_T2_1005_ITH_DIS_XX__AUDIO_1005_ITH_FEA_XX_wav2lip,data\synthetic\track2_fakes\videos\FAKE_T2_1005_ITH_DIS_XX__AUDIO_1005_ITH_FEA_XX_wav2lip.mp4,1,done,wav2lip,1005,ITH,disgust,fear,yes
FAKE_T2_1005_ITS_SAD_XX__AUDIO_1005_ITS_ANG_XX_wav2lip,data\synthetic\track2_fakes\videos\FAKE_T2_1005_ITS_SAD_XX__AUDIO_1005_ITS_ANG_XX_wav2lip.mp4,1,done,wav2lip,1005,ITS,sad,angry,yes
FAKE_T2_1005_IWL_ANG_XX__AUDIO_1005_IWL_DIS_XX_wav2lip,data\synthetic\track2_fakes\videos\FAKE_T2_1005_IWL_ANG_XX__AUDIO_1005_IWL_DIS_XX_wav2lip.mp4,1,done,wav2lip,1005,IWL,angry,disgust,yes
FAKE_T2_1005_IWL_HAP_XX__AUDIO_1005_IWL_NEU_XX_wav2lip,data\synthetic\track2_fakes\videos\FAKE_T2_1005_IWL_HAP_XX__AUDIO_1005_IWL_NEU_XX_wav2lip.mp4,1,done,wav2lip,1005,IWL,happy,neutral,yes
FAKE_T2_1005_IWW_DIS_XX__AUDIO_1005_IWW_FEA_XX_wav2lip,data\synthetic\track2_fakes\videos\FAKE_T2_1005_IWW_DIS_XX__AUDIO_1005_IWW_FEA_XX_wav2lip.mp4,1,done,wav2lip,1005,IWW,disgust,fear,yes
FAKE_T2_1005_IWW_HAP_XX__AUDIO_1005_IWW_NEU_XX_wav2lip,data\synthetic\track2_fakes\videos\FAKE_T2_1005_IWW_HAP_XX__AUDIO_1005_IWW_NEU_XX_wav2lip.mp4,1,done,wav2lip,1005,IWW,happy,neutral,yes
FAKE_T2_1005_MTI_DIS_XX__AUDIO_1005_MTI_FEA_XX_wav2lip,data\synthetic\track2_fakes\videos\FAKE_T2_1005_MTI_DIS_XX__AUDIO_1005_MTI_FEA_XX_wav2lip.mp4,1,done,wav2lip,1005,MTI,disgust,fear,yes
FAKE_T2_1005_MTI_NEU_XX__AUDIO_1005_MTI_SAD_XX_wav2lip,data\synthetic\track2_fakes\videos\FAKE_T2_1005_MTI_NEU_XX__AUDIO_1005_MTI_SAD_XX_wav2lip.mp4,1,done,wav2lip,1005,MTI,neutral,sad,yes
FAKE_T2_1005_MTI_SAD_XX__AUDIO_1005_MTI_ANG_XX_wav2lip,data\synthetic\track2_fakes\videos\FAKE_T2_1005_MTI_SAD_XX__AUDIO_1005_MTI_ANG_XX_wav2lip.mp4,1,done,wav2lip,1005,MTI,sad,angry,yes
FAKE_T2_1005_TAI_ANG_XX__AUDIO_1005_TAI_DIS_XX_wav2lip,data\synthetic\track2_fakes\videos\FAKE_T2_1005_TAI_ANG_XX__AUDIO_1005_TAI_DIS_XX_wav2lip.mp4,1,done,wav2lip,1005,TAI,angry,disgust,yes
FAKE_T2_1005_TAI_FEA_XX__AUDIO_1005_TAI_HAP_XX_wav2lip,data\synthetic\track2_fakes\videos\FAKE_T2_1005_TAI_FEA_XX__AUDIO_1005_TAI_HAP_XX_wav2lip.mp4,1,done,wav2lip,1005,TAI,fear,happy,yes
FAKE_T2_1005_TAI_HAP_XX__AUDIO_1005_TAI_NEU_XX_wav2lip,data\synthetic\track2_fakes\videos\FAKE_T2_1005_TAI_HAP_XX__AUDIO_1005_TAI_NEU_XX_wav2lip.mp4,1,done,wav2lip,1005,TAI,happy,neutral,yes
FAKE_T2_1005_TAI_NEU_XX__AUDIO_1005_TAI_SAD_XX_wav2lip,data\synthetic\track2_fakes\videos\FAKE_T2_1005_TAI_NEU_XX__AUDIO_1005_TAI_SAD_XX_wav2lip.mp4,1,done,wav2lip,1005,TAI,neutral,sad,yes
FAKE_T2_1005_TIE_FEA_XX__AUDIO_1005_TIE_HAP_XX_wav2lip,data\synthetic\track2_fakes\videos\FAKE_T2_1005_TIE_FEA_XX__AUDIO_1005_TIE_HAP_XX_wav2lip.mp4,1,done,wav2lip,1005,TIE,fear,happy,yes
FAKE_T2_1005_TIE_HAP_XX__AUDIO_1005_TIE_NEU_XX_wav2lip,data\synthetic\track2_fakes\videos\FAKE_T2_1005_TIE_HAP_XX__AUDIO_1005_TIE_NEU_XX_wav2lip.mp4,1,done,wav2lip,1005,TIE,happy,neutral,yes
FAKE_T2_1005_TIE_NEU_XX__AUDIO_1005_TIE_SAD_XX_wav2lip,data\synthetic\track2_fakes\videos\FAKE_T2_1005_TIE_NEU_XX__AUDIO_1005_TIE_SAD_XX_wav2lip.mp4,1,done,wav2lip,1005,TIE,neutral,sad,yes
FAKE_T2_1005_TSI_SAD_XX__AUDIO_1005_TSI_ANG_XX_wav2lip,data\synthetic\track2_fakes\videos\FAKE_T2_1005_TSI_SAD_XX__AUDIO_1005_TSI_ANG_XX_wav2lip.mp4,1,done,wav2lip,1005,TSI,sad,angry,yes
FAKE_T2_1005_WSI_FEA_XX__AUDIO_1005_WSI_HAP_XX_wav2lip,data\synthetic\track2_fakes\videos\FAKE_T2_1005_WSI_FEA_XX__AUDIO_1005_WSI_HAP_XX_wav2lip.mp4,1,done,wav2lip,1005,WSI,fear,happy,yes
FAKE_T2_1005_WSI_HAP_XX__AUDIO_1005_WSI_NEU_XX_wav2lip,data\synthetic\track2_fakes\videos\FAKE_T2_1005_WSI_HAP_XX__AUDIO_1005_WSI_NEU_XX_wav2lip.mp4,1,done,wav2lip,1005,WSI,happy,neutral,yes
FAKE_T2_1006_DFA_ANG_XX__AUDIO_1006_DFA_DIS_XX_wav2lip,data\synthetic\track2_fakes\videos\FAKE_T2_1006_DFA_ANG_XX__AUDIO_1006_DFA_DIS_XX_wav2lip.mp4,1,done,wav2lip,1006,DFA,angry,disgust,yes
FAKE_T2_1006_DFA_DIS_XX__AUDIO_1006_DFA_FEA_XX_wav2lip,data\synthetic\track2_fakes\videos\FAKE_T2_1006_DFA_DIS_XX__AUDIO_1006_DFA_FEA_XX_wav2lip.mp4,1,done,wav2lip,1006,DFA,disgust,fear,yes
FAKE_T2_1006_DFA_HAP_XX__AUDIO_1006_DFA_NEU_XX_wav2lip,data\synthetic\track2_fakes\videos\FAKE_T2_1006_DFA_HAP_XX__AUDIO_1006_DFA_NEU_XX_wav2lip.mp4,1,done,wav2lip,1006,DFA,happy,neutral,yes
FAKE_T2_1006_IEO_ANG_MD__AUDIO_1006_IEO_DIS_MD_wav2lip,data\synthetic\track2_fakes\videos\FAKE_T2_1006_IEO_ANG_MD__AUDIO_1006_IEO_DIS_MD_wav2lip.mp4,1,done,wav2lip,1006,IEO,angry,disgust,yes
FAKE_T2_1006_IEO_DIS_MD__AUDIO_1006_IEO_FEA_MD_wav2lip,data\synthetic\track2_fakes\videos\FAKE_T2_1006_IEO_DIS_MD__AUDIO_1006_IEO_FEA_MD_wav2lip.mp4,1,done,wav2lip,1006,IEO,disgust,fear,yes
FAKE_T2_1006_IEO_HAP_LO__AUDIO_1006_IEO_NEU_XX_wav2lip,data\synthetic\track2_fakes\videos\FAKE_T2_1006_IEO_HAP_LO__AUDIO_1006_IEO_NEU_XX_wav2lip.mp4,1,done,wav2lip,1006,IEO,happy,neutral,yes
FAKE_T2_1006_IEO_SAD_HI__AUDIO_1006_IEO_ANG_HI_wav2lip,data\synthetic\track2_fakes\videos\FAKE_T2_1006_IEO_SAD_HI__AUDIO_1006_IEO_ANG_HI_wav2lip.mp4,1,done,wav2lip,1006,IEO,sad,angry,yes
FAKE_T2_1006_IEO_SAD_MD__AUDIO_1006_IEO_ANG_MD_wav2lip,data\synthetic\track2_fakes\videos\FAKE_T2_1006_IEO_SAD_MD__AUDIO_1006_IEO_ANG_MD_wav2lip.mp4,1,done,wav2lip,1006,IEO,sad,angry,yes
FAKE_T2_1006_IOM_ANG_XX__AUDIO_1006_IOM_DIS_XX_wav2lip,data\synthetic\track2_fakes\videos\FAKE_T2_1006_IOM_ANG_XX__AUDIO_1006_IOM_DIS_XX_wav2lip.mp4,1,done,wav2lip,1006,IOM,angry,disgust,yes
FAKE_T2_1006_ITH_DIS_XX__AUDIO_1006_ITH_FEA_XX_wav2lip,data\synthetic\track2_fakes\videos\FAKE_T2_1006_ITH_DIS_XX__AUDIO_1006_ITH_FEA_XX_wav2lip.mp4,1,done,wav2lip,1006,ITH,disgust,fear,yes
FAKE_T2_1006_ITH_FEA_XX__AUDIO_1006_ITH_HAP_XX_wav2lip,data\synthetic\track2_fakes\videos\FAKE_T2_1006_ITH_FEA_XX__AUDIO_1006_ITH_HAP_XX_wav2lip.mp4,1,done,wav2lip,1006,ITH,fear,happy,yes
FAKE_T2_1006_ITS_FEA_XX__AUDIO_1006_ITS_HAP_XX_wav2lip,data\synthetic\track2_fakes\videos\FAKE_T2_1006_ITS_FEA_XX__AUDIO_1006_ITS_HAP_XX_wav2lip.mp4,1,done,wav2lip,1006,ITS,fear,happy,yes
FAKE_T2_1006_IWL_DIS_XX__AUDIO_1006_IWL_FEA_XX_wav2lip,data\synthetic\track2_fakes\videos\FAKE_T2_1006_IWL_DIS_XX__AUDIO_1006_IWL_FEA_XX_wav2lip.mp4,1,done,wav2lip,1006,IWL,disgust,fear,yes
FAKE_T2_1006_IWL_NEU_XX__AUDIO_1006_IWL_SAD_XX_wav2lip,data\synthetic\track2_fakes\videos\FAKE_T2_1006_IWL_NEU_XX__AUDIO_1006_IWL_SAD_XX_wav2lip.mp4,1,done,wav2lip,1006,IWL,neutral,sad,yes
FAKE_T2_1006_IWL_SAD_XX__AUDIO_1006_IWL_ANG_XX_wav2lip,data\synthetic\track2_fakes\videos\FAKE_T2_1006_IWL_SAD_XX__AUDIO_1006_IWL_ANG_XX_wav2lip.mp4,1,done,wav2lip,1006,IWL,sad,angry,yes
FAKE_T2_1006_IWW_ANG_XX__AUDIO_1006_IWW_DIS_XX_wav2lip,data\synthetic\track2_fakes\videos\FAKE_T2_1006_IWW_ANG_XX__AUDIO_1006_IWW_DIS_XX_wav2lip.mp4,1,done,wav2lip,1006,IWW,angry,disgust,yes
FAKE_T2_1006_IWW_FEA_XX__AUDIO_1006_IWW_HAP_XX_wav2lip,data\synthetic\track2_fakes\videos\FAKE_T2_1006_IWW_FEA_XX__AUDIO_1006_IWW_HAP_XX_wav2lip.mp4,1,done,wav2lip,1006,IWW,fear,happy,yes
FAKE_T2_1006_IWW_SAD_XX__AUDIO_1006_IWW_ANG_XX_wav2lip,data\synthetic\track2_fakes\videos\FAKE_T2_1006_IWW_SAD_XX__AUDIO_1006_IWW_ANG_XX_wav2lip.mp4,1,done,wav2lip,1006,IWW,sad,angry,yes
FAKE_T2_1006_MTI_ANG_XX__AUDIO_1006_MTI_DIS_XX_wav2lip,data\synthetic\track2_fakes\videos\FAKE_T2_1006_MTI_ANG_XX__AUDIO_1006_MTI_DIS_XX_wav2lip.mp4,1,done,wav2lip,1006,MTI,angry,disgust,yes
FAKE_T2_1006_MTI_FEA_XX__AUDIO_1006_MTI_HAP_XX_wav2lip,data\synthetic\track2_fakes\videos\FAKE_T2_1006_MTI_FEA_XX__AUDIO_1006_MTI_HAP_XX_wav2lip.mp4,1,done,wav2lip,1006,MTI,fear,happy,yes
FAKE_T2_1006_TAI_DIS_XX__AUDIO_1006_TAI_FEA_XX_wav2lip,data\synthetic\track2_fakes\videos\FAKE_T2_1006_TAI_DIS_XX__AUDIO_1006_TAI_FEA_XX_wav2lip.mp4,1,done,wav2lip,1006,TAI,disgust,fear,yes
FAKE_T2_1006_TAI_HAP_XX__AUDIO_1006_TAI_NEU_XX_wav2lip,data\synthetic\track2_fakes\videos\FAKE_T2_1006_TAI_HAP_XX__AUDIO_1006_TAI_NEU_XX_wav2lip.mp4,1,done,wav2lip,1006,TAI,happy,neutral,yes
FAKE_T2_1006_TIE_ANG_XX__AUDIO_1006_TIE_DIS_XX_wav2lip,data\synthetic\track2_fakes\videos\FAKE_T2_1006_TIE_ANG_XX__AUDIO_1006_TIE_DIS_XX_wav2lip.mp4,1,done,wav2lip,1006,TIE,angry,disgust,yes
FAKE_T2_1006_TSI_HAP_XX__AUDIO_1006_TSI_NEU_XX_wav2lip,data\synthetic\track2_fakes\videos\FAKE_T2_1006_TSI_HAP_XX__AUDIO_1006_TSI_NEU_XX_wav2lip.mp4,1,done,wav2lip,1006,TSI,happy,neutral,yes
FAKE_T2_1006_WSI_DIS_XX__AUDIO_1006_WSI_FEA_XX_wav2lip,data\synthetic\track2_fakes\videos\FAKE_T2_1006_WSI_DIS_XX__AUDIO_1006_WSI_FEA_XX_wav2lip.mp4,1,done,wav2lip,1006,WSI,disgust,fear,yes
FAKE_T2_1007_DFA_DIS_XX__AUDIO_1007_DFA_FEA_XX_wav2lip,data\synthetic\track2_fakes\videos\FAKE_T2_1007_DFA_DIS_XX__AUDIO_1007_DFA_FEA_XX_wav2lip.mp4,1,done,wav2lip,1007,DFA,disgust,fear,yes
FAKE_T2_1007_IEO_ANG_HI__AUDIO_1007_IEO_DIS_HI_wav2lip,data\synthetic\track2_fakes\videos\FAKE_T2_1007_IEO_ANG_HI__AUDIO_1007_IEO_DIS_HI_wav2lip.mp4,1,done,wav2lip,1007,IEO,angry,disgust,yes
FAKE_T2_1007_IEO_ANG_LO__AUDIO_1007_IEO_DIS_LO_wav2lip,data\synthetic\track2_fakes\videos\FAKE_T2_1007_IEO_ANG_LO__AUDIO_1007_IEO_DIS_LO_wav2lip.mp4,1,done,wav2lip,1007,IEO,angry,disgust,yes
FAKE_T2_1007_IEO_FEA_HI__AUDIO_1007_IEO_HAP_HI_wav2lip,data\synthetic\track2_fakes\videos\FAKE_T2_1007_IEO_FEA_HI__AUDIO_1007_IEO_HAP_HI_wav2lip.mp4,1,done,wav2lip,1007,IEO,fear,happy,yes
FAKE_T2_1007_IEO_FEA_MD__AUDIO_1007_IEO_HAP_MD_wav2lip,data\synthetic\track2_fakes\videos\FAKE_T2_1007_IEO_FEA_MD__AUDIO_1007_IEO_HAP_MD_wav2lip.mp4,1,done,wav2lip,1007,IEO,fear,happy,yes
FAKE_T2_1007_IEO_HAP_MD__AUDIO_1007_IEO_NEU_XX_wav2lip,data\synthetic\track2_fakes\videos\FAKE_T2_1007_IEO_HAP_MD__AUDIO_1007_IEO_NEU_XX_wav2lip.mp4,1,done,wav2lip,1007,IEO,happy,neutral,yes
FAKE_T2_1007_IEO_SAD_LO__AUDIO_1007_IEO_ANG_LO_wav2lip,data\synthetic\track2_fakes\videos\FAKE_T2_1007_IEO_SAD_LO__AUDIO_1007_IEO_ANG_LO_wav2lip.mp4,1,done,wav2lip,1007,IEO,sad,angry,yes
FAKE_T2_1007_IOM_DIS_XX__AUDIO_1007_IOM_FEA_XX_wav2lip,data\synthetic\track2_fakes\videos\FAKE_T2_1007_IOM_DIS_XX__AUDIO_1007_IOM_FEA_XX_wav2lip.mp4,1,done,wav2lip,1007,IOM,disgust,fear,yes
FAKE_T2_1007_IOM_FEA_XX__AUDIO_1007_IOM_HAP_XX_wav2lip,data\synthetic\track2_fakes\videos\FAKE_T2_1007_IOM_FEA_XX__AUDIO_1007_IOM_HAP_XX_wav2lip.mp4,1,done,wav2lip,1007,IOM,fear,happy,yes
FAKE_T2_1007_ITH_DIS_XX__AUDIO_1007_ITH_FEA_XX_wav2lip,data\synthetic\track2_fakes\videos\FAKE_T2_1007_ITH_DIS_XX__AUDIO_1007_ITH_FEA_XX_wav2lip.mp4,1,done,wav2lip,1007,ITH,disgust,fear,yes
FAKE_T2_1007_IWL_FEA_XX__AUDIO_1007_IWL_HAP_XX_wav2lip,data\synthetic\track2_fakes\videos\FAKE_T2_1007_IWL_FEA_XX__AUDIO_1007_IWL_HAP_XX_wav2lip.mp4,1,done,wav2lip,1007,IWL,fear,happy,yes
FAKE_T2_1007_IWW_SAD_XX__AUDIO_1007_IWW_ANG_XX_wav2lip,data\synthetic\track2_fakes\videos\FAKE_T2_1007_IWW_SAD_XX__AUDIO_1007_IWW_ANG_XX_wav2lip.mp4,1,done,wav2lip,1007,IWW,sad,angry,yes
FAKE_T2_1007_MTI_ANG_XX__AUDIO_1007_MTI_DIS_XX_wav2lip,data\synthetic\track2_fakes\videos\FAKE_T2_1007_MTI_ANG_XX__AUDIO_1007_MTI_DIS_XX_wav2lip.mp4,1,done,wav2lip,1007,MTI,angry,disgust,yes
FAKE_T2_1007_MTI_DIS_XX__AUDIO_1007_MTI_FEA_XX_wav2lip,data\synthetic\track2_fakes\videos\FAKE_T2_1007_MTI_DIS_XX__AUDIO_1007_MTI_FEA_XX_wav2lip.mp4,1,done,wav2lip,1007,MTI,disgust,fear,yes
FAKE_T2_1007_MTI_SAD_XX__AUDIO_1007_MTI_ANG_XX_wav2lip,data\synthetic\track2_fakes\videos\FAKE_T2_1007_MTI_SAD_XX__AUDIO_1007_MTI_ANG_XX_wav2lip.mp4,1,done,wav2lip,1007,MTI,sad,angry,yes
FAKE_T2_1007_TAI_HAP_XX__AUDIO_1007_TAI_NEU_XX_wav2lip,data\synthetic\track2_fakes\videos\FAKE_T2_1007_TAI_HAP_XX__AUDIO_1007_TAI_NEU_XX_wav2lip.mp4,1,done,wav2lip,1007,TAI,happy,neutral,yes
FAKE_T2_1007_TAI_NEU_XX__AUDIO_1007_TAI_SAD_XX_wav2lip,data\synthetic\track2_fakes\videos\FAKE_T2_1007_TAI_NEU_XX__AUDIO_1007_TAI_SAD_XX_wav2lip.mp4,1,done,wav2lip,1007,TAI,neutral,sad,yes
FAKE_T2_1007_TIE_ANG_XX__AUDIO_1007_TIE_DIS_XX_wav2lip,data\synthetic\track2_fakes\videos\FAKE_T2_1007_TIE_ANG_XX__AUDIO_1007_TIE_DIS_XX_wav2lip.mp4,1,done,wav2lip,1007,TIE,angry,disgust,yes
FAKE_T2_1007_TIE_HAP_XX__AUDIO_1007_TIE_NEU_XX_wav2lip,data\synthetic\track2_fakes\videos\FAKE_T2_1007_TIE_HAP_XX__AUDIO_1007_TIE_NEU_XX_wav2lip.mp4,1,done,wav2lip,1007,TIE,happy,neutral,yes
FAKE_T2_1007_TIE_NEU_XX__AUDIO_1007_TIE_SAD_XX_wav2lip,data\synthetic\track2_fakes\videos\FAKE_T2_1007_TIE_NEU_XX__AUDIO_1007_TIE_SAD_XX_wav2lip.mp4,1,done,wav2lip,1007,TIE,neutral,sad,yes
FAKE_T2_1007_TIE_SAD_XX__AUDIO_1007_TIE_ANG_XX_wav2lip,data\synthetic\track2_fakes\videos\FAKE_T2_1007_TIE_SAD_XX__AUDIO_1007_TIE_ANG_XX_wav2lip.mp4,1,done,wav2lip,1007,TIE,sad,angry,yes
FAKE_T2_1007_TSI_DIS_XX__AUDIO_1007_TSI_FEA_XX_wav2lip,data\synthetic\track2_fakes\videos\FAKE_T2_1007_TSI_DIS_XX__AUDIO_1007_TSI_FEA_XX_wav2lip.mp4,1,done,wav2lip,1007,TSI,disgust,fear,yes
FAKE_T2_1007_TSI_HAP_XX__AUDIO_1007_TSI_NEU_XX_wav2lip,data\synthetic\track2_fakes\videos\FAKE_T2_1007_TSI_HAP_XX__AUDIO_1007_TSI_NEU_XX_wav2lip.mp4,1,done,wav2lip,1007,TSI,happy,neutral,yes
FAKE_T2_1007_WSI_FEA_XX__AUDIO_1007_WSI_HAP_XX_wav2lip,data\synthetic\track2_fakes\videos\FAKE_T2_1007_WSI_FEA_XX__AUDIO_1007_WSI_HAP_XX_wav2lip.mp4,1,done,wav2lip,1007,WSI,fear,happy,yes
FAKE_T2_1007_WSI_HAP_XX__AUDIO_1007_WSI_NEU_XX_wav2lip,data\synthetic\track2_fakes\videos\FAKE_T2_1007_WSI_HAP_XX__AUDIO_1007_WSI_NEU_XX_wav2lip.mp4,1,done,wav2lip,1007,WSI,happy,neutral,yes
FAKE_T2_1008_DFA_FEA_XX__AUDIO_1008_DFA_HAP_XX_wav2lip,data\synthetic\track2_fakes\videos\FAKE_T2_1008_DFA_FEA_XX__AUDIO_1008_DFA_HAP_XX_wav2lip.mp4,1,done,wav2lip,1008,DFA,fear,happy,yes
FAKE_T2_1008_DFA_NEU_XX__AUDIO_1008_DFA_SAD_XX_wav2lip,data\synthetic\track2_fakes\videos\FAKE_T2_1008_DFA_NEU_XX__AUDIO_1008_DFA_SAD_XX_wav2lip.mp4,1,done,wav2lip,1008,DFA,neutral,sad,yes
FAKE_T2_1008_IEO_DIS_LO__AUDIO_1008_IEO_FEA_LO_wav2lip,data\synthetic\track2_fakes\videos\FAKE_T2_1008_IEO_DIS_LO__AUDIO_1008_IEO_FEA_LO_wav2lip.mp4,1,done,wav2lip,1008,IEO,disgust,fear,yes
FAKE_T2_1008_IEO_DIS_MD__AUDIO_1008_IEO_FEA_MD_wav2lip,data\synthetic\track2_fakes\videos\FAKE_T2_1008_IEO_DIS_MD__AUDIO_1008_IEO_FEA_MD_wav2lip.mp4,1,done,wav2lip,1008,IEO,disgust,fear,yes
FAKE_T2_1008_IEO_HAP_LO__AUDIO_1008_IEO_NEU_XX_wav2lip,data\synthetic\track2_fakes\videos\FAKE_T2_1008_IEO_HAP_LO__AUDIO_1008_IEO_NEU_XX_wav2lip.mp4,1,done,wav2lip,1008,IEO,happy,neutral,yes
FAKE_T2_1008_IEO_NEU_XX__AUDIO_1008_IEO_SAD_HI_wav2lip,data\synthetic\track2_fakes\videos\FAKE_T2_1008_IEO_NEU_XX__AUDIO_1008_IEO_SAD_HI_wav2lip.mp4,1,done,wav2lip,1008,IEO,neutral,sad,yes
FAKE_T2_1008_ITH_DIS_XX__AUDIO_1008_ITH_FEA_XX_wav2lip,data\synthetic\track2_fakes\videos\FAKE_T2_1008_ITH_DIS_XX__AUDIO_1008_ITH_FEA_XX_wav2lip.mp4,1,done,wav2lip,1008,ITH,disgust,fear,yes
FAKE_T2_1008_ITH_FEA_XX__AUDIO_1008_ITH_HAP_XX_wav2lip,data\synthetic\track2_fakes\videos\FAKE_T2_1008_ITH_FEA_XX__AUDIO_1008_ITH_HAP_XX_wav2lip.mp4,1,done,wav2lip,1008,ITH,fear,happy,yes
FAKE_T2_1008_ITH_NEU_XX__AUDIO_1008_ITH_SAD_XX_wav2lip,data\synthetic\track2_fakes\videos\FAKE_T2_1008_ITH_NEU_XX__AUDIO_1008_ITH_SAD_XX_wav2lip.mp4,1,done,wav2lip,1008,ITH,neutral,sad,yes
FAKE_T2_1008_ITS_HAP_XX__AUDIO_1008_ITS_NEU_XX_wav2lip,data\synthetic\track2_fakes\videos\FAKE_T2_1008_ITS_HAP_XX__AUDIO_1008_ITS_NEU_XX_wav2lip.mp4,1,done,wav2lip,1008,ITS,happy,neutral,yes
FAKE_T2_1008_ITS_SAD_XX__AUDIO_1008_ITS_ANG_XX_wav2lip,data\synthetic\track2_fakes\videos\FAKE_T2_1008_ITS_SAD_XX__AUDIO_1008_ITS_ANG_XX_wav2lip.mp4,1,done,wav2lip,1008,ITS,sad,angry,yes
FAKE_T2_1008_IWL_ANG_XX__AUDIO_1008_IWL_DIS_XX_wav2lip,data\synthetic\track2_fakes\videos\FAKE_T2_1008_IWL_ANG_XX__AUDIO_1008_IWL_DIS_XX_wav2lip.mp4,1,done,wav2lip,1008,IWL,angry,disgust,yes
FAKE_T2_1008_IWL_DIS_XX__AUDIO_1008_IWL_FEA_XX_wav2lip,data\synthetic\track2_fakes\videos\FAKE_T2_1008_IWL_DIS_XX__AUDIO_1008_IWL_FEA_XX_wav2lip.mp4,1,done,wav2lip,1008,IWL,disgust,fear,yes
FAKE_T2_1008_IWL_NEU_XX__AUDIO_1008_IWL_SAD_XX_wav2lip,data\synthetic\track2_fakes\videos\FAKE_T2_1008_IWL_NEU_XX__AUDIO_1008_IWL_SAD_XX_wav2lip.mp4,1,done,wav2lip,1008,IWL,neutral,sad,yes
FAKE_T2_1008_IWW_HAP_XX__AUDIO_1008_IWW_NEU_XX_wav2lip,data\synthetic\track2_fakes\videos\FAKE_T2_1008_IWW_HAP_XX__AUDIO_1008_IWW_NEU_XX_wav2lip.mp4,1,done,wav2lip,1008,IWW,happy,neutral,yes
FAKE_T2_1008_IWW_SAD_XX__AUDIO_1008_IWW_ANG_XX_wav2lip,data\synthetic\track2_fakes\videos\FAKE_T2_1008_IWW_SAD_XX__AUDIO_1008_IWW_ANG_XX_wav2lip.mp4,1,done,wav2lip,1008,IWW,sad,angry,yes
FAKE_T2_1008_MTI_ANG_XX__AUDIO_1008_MTI_DIS_XX_wav2lip,data\synthetic\track2_fakes\videos\FAKE_T2_1008_MTI_ANG_XX__AUDIO_1008_MTI_DIS_XX_wav2lip.mp4,1,done,wav2lip,1008,MTI,angry,disgust,yes
FAKE_T2_1008_MTI_SAD_XX__AUDIO_1008_MTI_ANG_XX_wav2lip,data\synthetic\track2_fakes\videos\FAKE_T2_1008_MTI_SAD_XX__AUDIO_1008_MTI_ANG_XX_wav2lip.mp4,1,done,wav2lip,1008,MTI,sad,angry,yes
FAKE_T2_1008_TAI_SAD_XX__AUDIO_1008_TAI_ANG_XX_wav2lip,data\synthetic\track2_fakes\videos\FAKE_T2_1008_TAI_SAD_XX__AUDIO_1008_TAI_ANG_XX_wav2lip.mp4,1,done,wav2lip,1008,TAI,sad,angry,yes
FAKE_T2_1008_TIE_ANG_XX__AUDIO_1008_TIE_DIS_XX_wav2lip,data\synthetic\track2_fakes\videos\FAKE_T2_1008_TIE_ANG_XX__AUDIO_1008_TIE_DIS_XX_wav2lip.mp4,1,done,wav2lip,1008,TIE,angry,disgust,yes
FAKE_T2_1008_TIE_HAP_XX__AUDIO_1008_TIE_NEU_XX_wav2lip,data\synthetic\track2_fakes\videos\FAKE_T2_1008_TIE_HAP_XX__AUDIO_1008_TIE_NEU_XX_wav2lip.mp4,1,done,wav2lip,1008,TIE,happy,neutral,yes
FAKE_T2_1008_TIE_SAD_XX__AUDIO_1008_TIE_ANG_XX_wav2lip,data\synthetic\track2_fakes\videos\FAKE_T2_1008_TIE_SAD_XX__AUDIO_1008_TIE_ANG_XX_wav2lip.mp4,1,done,wav2lip,1008,TIE,sad,angry,yes
FAKE_T2_1008_TSI_FEA_XX__AUDIO_1008_TSI_HAP_XX_wav2lip,data\synthetic\track2_fakes\videos\FAKE_T2_1008_TSI_FEA_XX__AUDIO_1008_TSI_HAP_XX_wav2lip.mp4,1,done,wav2lip,1008,TSI,fear,happy,yes
FAKE_T2_1009_DFA_DIS_XX__AUDIO_1009_DFA_FEA_XX_wav2lip,data\synthetic\track2_fakes\videos\FAKE_T2_1009_DFA_DIS_XX__AUDIO_1009_DFA_FEA_XX_wav2lip.mp4,1,done,wav2lip,1009,DFA,disgust,fear,yes
FAKE_T2_1009_DFA_FEA_XX__AUDIO_1009_DFA_HAP_XX_wav2lip,data\synthetic\track2_fakes\videos\FAKE_T2_1009_DFA_FEA_XX__AUDIO_1009_DFA_HAP_XX_wav2lip.mp4,1,done,wav2lip,1009,DFA,fear,happy,yes
FAKE_T2_1009_DFA_SAD_XX__AUDIO_1009_DFA_ANG_XX_wav2lip,data\synthetic\track2_fakes\videos\FAKE_T2_1009_DFA_SAD_XX__AUDIO_1009_DFA_ANG_XX_wav2lip.mp4,1,done,wav2lip,1009,DFA,sad,angry,yes
FAKE_T2_1009_IEO_DIS_LO__AUDIO_1009_IEO_FEA_LO_wav2lip,data\synthetic\track2_fakes\videos\FAKE_T2_1009_IEO_DIS_LO__AUDIO_1009_IEO_FEA_LO_wav2lip.mp4,1,done,wav2lip,1009,IEO,disgust,fear,yes
FAKE_T2_1009_IEO_FEA_MD__AUDIO_1009_IEO_HAP_MD_wav2lip,data\synthetic\track2_fakes\videos\FAKE_T2_1009_IEO_FEA_MD__AUDIO_1009_IEO_HAP_MD_wav2lip.mp4,1,done,wav2lip,1009,IEO,fear,happy,yes
FAKE_T2_1009_IEO_HAP_LO__AUDIO_1009_IEO_NEU_XX_wav2lip,data\synthetic\track2_fakes\videos\FAKE_T2_1009_IEO_HAP_LO__AUDIO_1009_IEO_NEU_XX_wav2lip.mp4,1,done,wav2lip,1009,IEO,happy,neutral,yes
FAKE_T2_1009_IEO_HAP_MD__AUDIO_1009_IEO_NEU_XX_wav2lip,data\synthetic\track2_fakes\videos\FAKE_T2_1009_IEO_HAP_MD__AUDIO_1009_IEO_NEU_XX_wav2lip.mp4,1,done,wav2lip,1009,IEO,happy,neutral,yes
FAKE_T2_1009_IOM_DIS_XX__AUDIO_1009_IOM_FEA_XX_wav2lip,data\synthetic\track2_fakes\videos\FAKE_T2_1009_IOM_DIS_XX__AUDIO_1009_IOM_FEA_XX_wav2lip.mp4,1,done,wav2lip,1009,IOM,disgust,fear,yes
FAKE_T2_1009_IOM_SAD_XX__AUDIO_1009_IOM_ANG_XX_wav2lip,data\synthetic\track2_fakes\videos\FAKE_T2_1009_IOM_SAD_XX__AUDIO_1009_IOM_ANG_XX_wav2lip.mp4,1,done,wav2lip,1009,IOM,sad,angry,yes
FAKE_T2_1009_ITH_HAP_XX__AUDIO_1009_ITH_NEU_XX_wav2lip,data\synthetic\track2_fakes\videos\FAKE_T2_1009_ITH_HAP_XX__AUDIO_1009_ITH_NEU_XX_wav2lip.mp4,1,done,wav2lip,1009,ITH,happy,neutral,yes
FAKE_T2_1009_ITH_SAD_XX__AUDIO_1009_ITH_ANG_XX_wav2lip,data\synthetic\track2_fakes\videos\FAKE_T2_1009_ITH_SAD_XX__AUDIO_1009_ITH_ANG_XX_wav2lip.mp4,1,done,wav2lip,1009,ITH,sad,angry,yes
FAKE_T2_1009_ITS_NEU_XX__AUDIO_1009_ITS_SAD_XX_wav2lip,data\synthetic\track2_fakes\videos\FAKE_T2_1009_ITS_NEU_XX__AUDIO_1009_ITS_SAD_XX_wav2lip.mp4,1,done,wav2lip,1009,ITS,neutral,sad,yes
FAKE_T2_1009_ITS_SAD_XX__AUDIO_1009_ITS_ANG_XX_wav2lip,data\synthetic\track2_fakes\videos\FAKE_T2_1009_ITS_SAD_XX__AUDIO_1009_ITS_ANG_XX_wav2lip.mp4,1,done,wav2lip,1009,ITS,sad,angry,yes
FAKE_T2_1009_IWL_DIS_XX__AUDIO_1009_IWL_FEA_XX_wav2lip,data\synthetic\track2_fakes\videos\FAKE_T2_1009_IWL_DIS_XX__AUDIO_1009_IWL_FEA_XX_wav2lip.mp4,1,done,wav2lip,1009,IWL,disgust,fear,yes
FAKE_T2_1009_IWW_DIS_XX__AUDIO_1009_IWW_FEA_XX_wav2lip,data\synthetic\track2_fakes\videos\FAKE_T2_1009_IWW_DIS_XX__AUDIO_1009_IWW_FEA_XX_wav2lip.mp4,1,done,wav2lip,1009,IWW,disgust,fear,yes
FAKE_T2_1009_IWW_SAD_XX__AUDIO_1009_IWW_ANG_XX_wav2lip,data\synthetic\track2_fakes\videos\FAKE_T2_1009_IWW_SAD_XX__AUDIO_1009_IWW_ANG_XX_wav2lip.mp4,1,done,wav2lip,1009,IWW,sad,angry,yes
FAKE_T2_1009_TAI_FEA_XX__AUDIO_1009_TAI_HAP_XX_wav2lip,data\synthetic\track2_fakes\videos\FAKE_T2_1009_TAI_FEA_XX__AUDIO_1009_TAI_HAP_XX_wav2lip.mp4,1,done,wav2lip,1009,TAI,fear,happy,yes
FAKE_T2_1009_TIE_SAD_XX__AUDIO_1009_TIE_ANG_XX_wav2lip,data\synthetic\track2_fakes\videos\FAKE_T2_1009_TIE_SAD_XX__AUDIO_1009_TIE_ANG_XX_wav2lip.mp4,1,done,wav2lip,1009,TIE,sad,angry,yes
FAKE_T2_1009_TSI_ANG_XX__AUDIO_1009_TSI_DIS_XX_wav2lip,data\synthetic\track2_fakes\videos\FAKE_T2_1009_TSI_ANG_XX__AUDIO_1009_TSI_DIS_XX_wav2lip.mp4,1,done,wav2lip,1009,TSI,angry,disgust,yes
FAKE_T2_1009_TSI_DIS_XX__AUDIO_1009_TSI_FEA_XX_wav2lip,data\synthetic\track2_fakes\videos\FAKE_T2_1009_TSI_DIS_XX__AUDIO_1009_TSI_FEA_XX_wav2lip.mp4,1,done,wav2lip,1009,TSI,disgust,fear,yes
FAKE_T2_1009_TSI_NEU_XX__AUDIO_1009_TSI_SAD_XX_wav2lip,data\synthetic\track2_fakes\videos\FAKE_T2_1009_TSI_NEU_XX__AUDIO_1009_TSI_SAD_XX_wav2lip.mp4,1,done,wav2lip,1009,TSI,neutral,sad,yes
FAKE_T2_1009_WSI_ANG_XX__AUDIO_1009_WSI_DIS_XX_wav2lip,data\synthetic\track2_fakes\videos\FAKE_T2_1009_WSI_ANG_XX__AUDIO_1009_WSI_DIS_XX_wav2lip.mp4,1,done,wav2lip,1009,WSI,angry,disgust,yes
FAKE_T2_1009_WSI_DIS_XX__AUDIO_1009_WSI_FEA_XX_wav2lip,data\synthetic\track2_fakes\videos\FAKE_T2_1009_WSI_DIS_XX__AUDIO_1009_WSI_FEA_XX_wav2lip.mp4,1,done,wav2lip,1009,WSI,disgust,fear,yes
FAKE_T2_1010_DFA_DIS_XX__AUDIO_1010_DFA_FEA_XX_wav2lip,data\synthetic\track2_fakes\videos\FAKE_T2_1010_DFA_DIS_XX__AUDIO_1010_DFA_FEA_XX_wav2lip.mp4,1,done,wav2lip,1010,DFA,disgust,fear,yes
FAKE_T2_1010_DFA_FEA_XX__AUDIO_1010_DFA_HAP_XX_wav2lip,data\synthetic\track2_fakes\videos\FAKE_T2_1010_DFA_FEA_XX__AUDIO_1010_DFA_HAP_XX_wav2lip.mp4,1,done,wav2lip,1010,DFA,fear,happy,yes
FAKE_T2_1010_DFA_HAP_XX__AUDIO_1010_DFA_NEU_XX_wav2lip,data\synthetic\track2_fakes\videos\FAKE_T2_1010_DFA_HAP_XX__AUDIO_1010_DFA_NEU_XX_wav2lip.mp4,1,done,wav2lip,1010,DFA,happy,neutral,yes
FAKE_T2_1010_IEO_ANG_HI__AUDIO_1010_IEO_DIS_HI_wav2lip,data\synthetic\track2_fakes\videos\FAKE_T2_1010_IEO_ANG_HI__AUDIO_1010_IEO_DIS_HI_wav2lip.mp4,1,done,wav2lip,1010,IEO,angry,disgust,yes
FAKE_T2_1010_IEO_ANG_LO__AUDIO_1010_IEO_DIS_LO_wav2lip,data\synthetic\track2_fakes\videos\FAKE_T2_1010_IEO_ANG_LO__AUDIO_1010_IEO_DIS_LO_wav2lip.mp4,1,done,wav2lip,1010,IEO,angry,disgust,yes
FAKE_T2_1010_IEO_DIS_LO__AUDIO_1010_IEO_FEA_LO_wav2lip,data\synthetic\track2_fakes\videos\FAKE_T2_1010_IEO_DIS_LO__AUDIO_1010_IEO_FEA_LO_wav2lip.mp4,1,done,wav2lip,1010,IEO,disgust,fear,yes
FAKE_T2_1010_IEO_FEA_HI__AUDIO_1010_IEO_HAP_HI_wav2lip,data\synthetic\track2_fakes\videos\FAKE_T2_1010_IEO_FEA_HI__AUDIO_1010_IEO_HAP_HI_wav2lip.mp4,1,done,wav2lip,1010,IEO,fear,happy,yes
FAKE_T2_1010_IEO_NEU_XX__AUDIO_1010_IEO_SAD_HI_wav2lip,data\synthetic\track2_fakes\videos\FAKE_T2_1010_IEO_NEU_XX__AUDIO_1010_IEO_SAD_HI_wav2lip.mp4,1,done,wav2lip,1010,IEO,neutral,sad,yes
FAKE_T2_1010_IEO_SAD_LO__AUDIO_1010_IEO_ANG_LO_wav2lip,data\synthetic\track2_fakes\videos\FAKE_T2_1010_IEO_SAD_LO__AUDIO_1010_IEO_ANG_LO_wav2lip.mp4,1,done,wav2lip,1010,IEO,sad,angry,yes
FAKE_T2_1010_IOM_ANG_XX__AUDIO_1010_IOM_DIS_XX_wav2lip,data\synthetic\track2_fakes\videos\FAKE_T2_1010_IOM_ANG_XX__AUDIO_1010_IOM_DIS_XX_wav2lip.mp4,1,done,wav2lip,1010,IOM,angry,disgust,yes
FAKE_T2_1010_IOM_FEA_XX__AUDIO_1010_IOM_HAP_XX_wav2lip,data\synthetic\track2_fakes\videos\FAKE_T2_1010_IOM_FEA_XX__AUDIO_1010_IOM_HAP_XX_wav2lip.mp4,1,done,wav2lip,1010,IOM,fear,happy,yes
FAKE_T2_1010_ITH_SAD_XX__AUDIO_1010_ITH_ANG_XX_wav2lip,data\synthetic\track2_fakes\videos\FAKE_T2_1010_ITH_SAD_XX__AUDIO_1010_ITH_ANG_XX_wav2lip.mp4,1,done,wav2lip,1010,ITH,sad,angry,yes
FAKE_T2_1010_ITS_FEA_XX__AUDIO_1010_ITS_HAP_XX_wav2lip,data\synthetic\track2_fakes\videos\FAKE_T2_1010_ITS_FEA_XX__AUDIO_1010_ITS_HAP_XX_wav2lip.mp4,1,done,wav2lip,1010,ITS,fear,happy,yes
FAKE_T2_1010_ITS_HAP_XX__AUDIO_1010_ITS_NEU_XX_wav2lip,data\synthetic\track2_fakes\videos\FAKE_T2_1010_ITS_HAP_XX__AUDIO_1010_ITS_NEU_XX_wav2lip.mp4,1,done,wav2lip,1010,ITS,happy,neutral,yes
FAKE_T2_1010_ITS_NEU_XX__AUDIO_1010_ITS_SAD_XX_wav2lip,data\synthetic\track2_fakes\videos\FAKE_T2_1010_ITS_NEU_XX__AUDIO_1010_ITS_SAD_XX_wav2lip.mp4,1,done,wav2lip,1010,ITS,neutral,sad,yes
FAKE_T2_1010_IWL_SAD_XX__AUDIO_1010_IWL_ANG_XX_wav2lip,data\synthetic\track2_fakes\videos\FAKE_T2_1010_IWL_SAD_XX__AUDIO_1010_IWL_ANG_XX_wav2lip.mp4,1,done,wav2lip,1010,IWL,sad,angry,yes
FAKE_T2_1010_IWW_NEU_XX__AUDIO_1010_IWW_SAD_XX_wav2lip,data\synthetic\track2_fakes\videos\FAKE_T2_1010_IWW_NEU_XX__AUDIO_1010_IWW_SAD_XX_wav2lip.mp4,1,done,wav2lip,1010,IWW,neutral,sad,yes
FAKE_T2_1010_MTI_NEU_XX__AUDIO_1010_MTI_SAD_XX_wav2lip,data\synthetic\track2_fakes\videos\FAKE_T2_1010_MTI_NEU_XX__AUDIO_1010_MTI_SAD_XX_wav2lip.mp4,1,done,wav2lip,1010,MTI,neutral,sad,yes
FAKE_T2_1010_TAI_ANG_XX__AUDIO_1010_TAI_DIS_XX_wav2lip,data\synthetic\track2_fakes\videos\FAKE_T2_1010_TAI_ANG_XX__AUDIO_1010_TAI_DIS_XX_wav2lip.mp4,1,done,wav2lip,1010,TAI,angry,disgust,yes
FAKE_T2_1010_TAI_NEU_XX__AUDIO_1010_TAI_SAD_XX_wav2lip,data\synthetic\track2_fakes\videos\FAKE_T2_1010_TAI_NEU_XX__AUDIO_1010_TAI_SAD_XX_wav2lip.mp4,1,done,wav2lip,1010,TAI,neutral,sad,yes
FAKE_T2_1010_TIE_DIS_XX__AUDIO_1010_TIE_FEA_XX_wav2lip,data\synthetic\track2_fakes\videos\FAKE_T2_1010_TIE_DIS_XX__AUDIO_1010_TIE_FEA_XX_wav2lip.mp4,1,done,wav2lip,1010,TIE,disgust,fear,yes
FAKE_T2_1010_TIE_HAP_XX__AUDIO_1010_TIE_NEU_XX_wav2lip,data\synthetic\track2_fakes\videos\FAKE_T2_1010_TIE_HAP_XX__AUDIO_1010_TIE_NEU_XX_wav2lip.mp4,1,done,wav2lip,1010,TIE,happy,neutral,yes
FAKE_T2_1010_TSI_DIS_XX__AUDIO_1010_TSI_FEA_XX_wav2lip,data\synthetic\track2_fakes\videos\FAKE_T2_1010_TSI_DIS_XX__AUDIO_1010_TSI_FEA_XX_wav2lip.mp4,1,done,wav2lip,1010,TSI,disgust,fear,yes
FAKE_T2_1010_WSI_HAP_XX__AUDIO_1010_WSI_NEU_XX_wav2lip,data\synthetic\track2_fakes\videos\FAKE_T2_1010_WSI_HAP_XX__AUDIO_1010_WSI_NEU_XX_wav2lip.mp4,1,done,wav2lip,1010,WSI,happy,neutral,yes
FAKE_T2_1010_WSI_SAD_XX__AUDIO_1010_WSI_ANG_XX_wav2lip,data\synthetic\track2_fakes\videos\FAKE_T2_1010_WSI_SAD_XX__AUDIO_1010_WSI_ANG_XX_wav2lip.mp4,1,done,wav2lip,1010,WSI,sad,angry,yes
FAKE_T2_1011_IEO_ANG_LO__AUDIO_1011_IEO_DIS_LO_wav2lip,data\synthetic\track2_fakes\videos\FAKE_T2_1011_IEO_ANG_LO__AUDIO_1011_IEO_DIS_LO_wav2lip.mp4,1,done,wav2lip,1011,IEO,angry,disgust,yes
FAKE_T2_1011_IEO_ANG_MD__AUDIO_1011_IEO_DIS_MD_wav2lip,data\synthetic\track2_fakes\videos\FAKE_T2_1011_IEO_ANG_MD__AUDIO_1011_IEO_DIS_MD_wav2lip.mp4,1,done,wav2lip,1011,IEO,angry,disgust,yes
FAKE_T2_1011_IEO_FEA_HI__AUDIO_1011_IEO_HAP_HI_wav2lip,data\synthetic\track2_fakes\videos\FAKE_T2_1011_IEO_FEA_HI__AUDIO_1011_IEO_HAP_HI_wav2lip.mp4,1,done,wav2lip,1011,IEO,fear,happy,yes
FAKE_T2_1011_IEO_FEA_LO__AUDIO_1011_IEO_HAP_LO_wav2lip,data\synthetic\track2_fakes\videos\FAKE_T2_1011_IEO_FEA_LO__AUDIO_1011_IEO_HAP_LO_wav2lip.mp4,1,done,wav2lip,1011,IEO,fear,happy,yes
FAKE_T2_1011_IEO_FEA_MD__AUDIO_1011_IEO_HAP_MD_wav2lip,data\synthetic\track2_fakes\videos\FAKE_T2_1011_IEO_FEA_MD__AUDIO_1011_IEO_HAP_MD_wav2lip.mp4,1,done,wav2lip,1011,IEO,fear,happy,yes
FAKE_T2_1011_IOM_SAD_XX__AUDIO_1011_IOM_ANG_XX_wav2lip,data\synthetic\track2_fakes\videos\FAKE_T2_1011_IOM_SAD_XX__AUDIO_1011_IOM_ANG_XX_wav2lip.mp4,1,done,wav2lip,1011,IOM,sad,angry,yes
FAKE_T2_1011_ITH_ANG_XX__AUDIO_1011_ITH_DIS_XX_wav2lip,data\synthetic\track2_fakes\videos\FAKE_T2_1011_ITH_ANG_XX__AUDIO_1011_ITH_DIS_XX_wav2lip.mp4,1,done,wav2lip,1011,ITH,angry,disgust,yes
FAKE_T2_1011_ITH_HAP_XX__AUDIO_1011_ITH_NEU_XX_wav2lip,data\synthetic\track2_fakes\videos\FAKE_T2_1011_ITH_HAP_XX__AUDIO_1011_ITH_NEU_XX_wav2lip.mp4,1,done,wav2lip,1011,ITH,happy,neutral,yes
FAKE_T2_1011_ITS_ANG_XX__AUDIO_1011_ITS_DIS_XX_wav2lip,data\synthetic\track2_fakes\videos\FAKE_T2_1011_ITS_ANG_XX__AUDIO_1011_ITS_DIS_XX_wav2lip.mp4,1,done,wav2lip,1011,ITS,angry,disgust,yes
FAKE_T2_1011_ITS_DIS_XX__AUDIO_1011_ITS_FEA_XX_wav2lip,data\synthetic\track2_fakes\videos\FAKE_T2_1011_ITS_DIS_XX__AUDIO_1011_ITS_FEA_XX_wav2lip.mp4,1,done,wav2lip,1011,ITS,disgust,fear,yes
FAKE_T2_1011_ITS_FEA_XX__AUDIO_1011_ITS_HAP_XX_wav2lip,data\synthetic\track2_fakes\videos\FAKE_T2_1011_ITS_FEA_XX__AUDIO_1011_ITS_HAP_XX_wav2lip.mp4,1,done,wav2lip,1011,ITS,fear,happy,yes
FAKE_T2_1011_ITS_SAD_XX__AUDIO_1011_ITS_ANG_XX_wav2lip,data\synthetic\track2_fakes\videos\FAKE_T2_1011_ITS_SAD_XX__AUDIO_1011_ITS_ANG_XX_wav2lip.mp4,1,done,wav2lip,1011,ITS,sad,angry,yes
FAKE_T2_1011_IWL_DIS_XX__AUDIO_1011_IWL_FEA_XX_wav2lip,data\synthetic\track2_fakes\videos\FAKE_T2_1011_IWL_DIS_XX__AUDIO_1011_IWL_FEA_XX_wav2lip.mp4,1,done,wav2lip,1011,IWL,disgust,fear,yes
FAKE_T2_1011_IWL_HAP_XX__AUDIO_1011_IWL_NEU_XX_wav2lip,data\synthetic\track2_fakes\videos\FAKE_T2_1011_IWL_HAP_XX__AUDIO_1011_IWL_NEU_XX_wav2lip.mp4,1,done,wav2lip,1011,IWL,happy,neutral,yes
FAKE_T2_1011_IWL_SAD_XX__AUDIO_1011_IWL_ANG_XX_wav2lip,data\synthetic\track2_fakes\videos\FAKE_T2_1011_IWL_SAD_XX__AUDIO_1011_IWL_ANG_XX_wav2lip.mp4,1,done,wav2lip,1011,IWL,sad,angry,yes
FAKE_T2_1011_MTI_HAP_XX__AUDIO_1011_MTI_NEU_XX_wav2lip,data\synthetic\track2_fakes\videos\FAKE_T2_1011_MTI_HAP_XX__AUDIO_1011_MTI_NEU_XX_wav2lip.mp4,1,done,wav2lip,1011,MTI,happy,neutral,yes
FAKE_T2_1011_MTI_SAD_XX__AUDIO_1011_MTI_ANG_XX_wav2lip,data\synthetic\track2_fakes\videos\FAKE_T2_1011_MTI_SAD_XX__AUDIO_1011_MTI_ANG_XX_wav2lip.mp4,1,done,wav2lip,1011,MTI,sad,angry,yes
FAKE_T2_1011_TAI_HAP_XX__AUDIO_1011_TAI_NEU_XX_wav2lip,data\synthetic\track2_fakes\videos\FAKE_T2_1011_TAI_HAP_XX__AUDIO_1011_TAI_NEU_XX_wav2lip.mp4,1,done,wav2lip,1011,TAI,happy,neutral,yes
FAKE_T2_1011_TAI_SAD_XX__AUDIO_1011_TAI_ANG_XX_wav2lip,data\synthetic\track2_fakes\videos\FAKE_T2_1011_TAI_SAD_XX__AUDIO_1011_TAI_ANG_XX_wav2lip.mp4,1,done,wav2lip,1011,TAI,sad,angry,yes
FAKE_T2_1011_TIE_HAP_XX__AUDIO_1011_TIE_NEU_XX_wav2lip,data\synthetic\track2_fakes\videos\FAKE_T2_1011_TIE_HAP_XX__AUDIO_1011_TIE_NEU_XX_wav2lip.mp4,1,done,wav2lip,1011,TIE,happy,neutral,yes
FAKE_T2_1011_TIE_SAD_XX__AUDIO_1011_TIE_ANG_XX_wav2lip,data\synthetic\track2_fakes\videos\FAKE_T2_1011_TIE_SAD_XX__AUDIO_1011_TIE_ANG_XX_wav2lip.mp4,1,done,wav2lip,1011,TIE,sad,angry,yes
FAKE_T2_1011_TSI_FEA_XX__AUDIO_1011_TSI_HAP_XX_wav2lip,data\synthetic\track2_fakes\videos\FAKE_T2_1011_TSI_FEA_XX__AUDIO_1011_TSI_HAP_XX_wav2lip.mp4,1,done,wav2lip,1011,TSI,fear,happy,yes
FAKE_T2_1011_TSI_HAP_XX__AUDIO_1011_TSI_NEU_XX_wav2lip,data\synthetic\track2_fakes\videos\FAKE_T2_1011_TSI_HAP_XX__AUDIO_1011_TSI_NEU_XX_wav2lip.mp4,1,done,wav2lip,1011,TSI,happy,neutral,yes
FAKE_T2_1011_WSI_FEA_XX__AUDIO_1011_WSI_HAP_XX_wav2lip,data\synthetic\track2_fakes\videos\FAKE_T2_1011_WSI_FEA_XX__AUDIO_1011_WSI_HAP_XX_wav2lip.mp4,1,done,wav2lip,1011,WSI,fear,happy,yes
FAKE_T2_1011_WSI_NEU_XX__AUDIO_1011_WSI_SAD_XX_wav2lip,data\synthetic\track2_fakes\videos\FAKE_T2_1011_WSI_NEU_XX__AUDIO_1011_WSI_SAD_XX_wav2lip.mp4,1,done,wav2lip,1011,WSI,neutral,sad,yes
FAKE_T2_1012_DFA_SAD_XX__AUDIO_1012_DFA_ANG_XX_wav2lip,data\synthetic\track2_fakes\videos\FAKE_T2_1012_DFA_SAD_XX__AUDIO_1012_DFA_ANG_XX_wav2lip.mp4,1,done,wav2lip,1012,DFA,sad,angry,yes
FAKE_T2_1012_IEO_ANG_HI__AUDIO_1012_IEO_DIS_HI_wav2lip,data\synthetic\track2_fakes\videos\FAKE_T2_1012_IEO_ANG_HI__AUDIO_1012_IEO_DIS_HI_wav2lip.mp4,1,done,wav2lip,1012,IEO,angry,disgust,yes
FAKE_T2_1012_IEO_ANG_LO__AUDIO_1012_IEO_DIS_LO_wav2lip,data\synthetic\track2_fakes\videos\FAKE_T2_1012_IEO_ANG_LO__AUDIO_1012_IEO_DIS_LO_wav2lip.mp4,1,done,wav2lip,1012,IEO,angry,disgust,yes
FAKE_T2_1012_IEO_DIS_LO__AUDIO_1012_IEO_FEA_LO_wav2lip,data\synthetic\track2_fakes\videos\FAKE_T2_1012_IEO_DIS_LO__AUDIO_1012_IEO_FEA_LO_wav2lip.mp4,1,done,wav2lip,1012,IEO,disgust,fear,yes
FAKE_T2_1012_IEO_FEA_HI__AUDIO_1012_IEO_HAP_HI_wav2lip,data\synthetic\track2_fakes\videos\FAKE_T2_1012_IEO_FEA_HI__AUDIO_1012_IEO_HAP_HI_wav2lip.mp4,1,done,wav2lip,1012,IEO,fear,happy,yes
FAKE_T2_1012_IEO_FEA_MD__AUDIO_1012_IEO_HAP_MD_wav2lip,data\synthetic\track2_fakes\videos\FAKE_T2_1012_IEO_FEA_MD__AUDIO_1012_IEO_HAP_MD_wav2lip.mp4,1,done,wav2lip,1012,IEO,fear,happy,yes
FAKE_T2_1012_IEO_HAP_LO__AUDIO_1012_IEO_NEU_XX_wav2lip,data\synthetic\track2_fakes\videos\FAKE_T2_1012_IEO_HAP_LO__AUDIO_1012_IEO_NEU_XX_wav2lip.mp4,1,done,wav2lip,1012,IEO,happy,neutral,yes
FAKE_T2_1012_IOM_FEA_XX__AUDIO_1012_IOM_HAP_XX_wav2lip,data\synthetic\track2_fakes\videos\FAKE_T2_1012_IOM_FEA_XX__AUDIO_1012_IOM_HAP_XX_wav2lip.mp4,1,done,wav2lip,1012,IOM,fear,happy,yes
FAKE_T2_1012_IOM_HAP_XX__AUDIO_1012_IOM_NEU_XX_wav2lip,data\synthetic\track2_fakes\videos\FAKE_T2_1012_IOM_HAP_XX__AUDIO_1012_IOM_NEU_XX_wav2lip.mp4,1,done,wav2lip,1012,IOM,happy,neutral,yes
FAKE_T2_1012_ITH_NEU_XX__AUDIO_1012_ITH_SAD_XX_wav2lip,data\synthetic\track2_fakes\videos\FAKE_T2_1012_ITH_NEU_XX__AUDIO_1012_ITH_SAD_XX_wav2lip.mp4,1,done,wav2lip,1012,ITH,neutral,sad,yes
FAKE_T2_1012_IWL_HAP_XX__AUDIO_1012_IWL_NEU_XX_wav2lip,data\synthetic\track2_fakes\videos\FAKE_T2_1012_IWL_HAP_XX__AUDIO_1012_IWL_NEU_XX_wav2lip.mp4,1,done,wav2lip,1012,IWL,happy,neutral,yes
FAKE_T2_1012_IWL_NEU_XX__AUDIO_1012_IWL_SAD_XX_wav2lip,data\synthetic\track2_fakes\videos\FAKE_T2_1012_IWL_NEU_XX__AUDIO_1012_IWL_SAD_XX_wav2lip.mp4,1,done,wav2lip,1012,IWL,neutral,sad,yes
FAKE_T2_1012_IWL_SAD_XX__AUDIO_1012_IWL_ANG_XX_wav2lip,data\synthetic\track2_fakes\videos\FAKE_T2_1012_IWL_SAD_XX__AUDIO_1012_IWL_ANG_XX_wav2lip.mp4,1,done,wav2lip,1012,IWL,sad,angry,yes
FAKE_T2_1012_IWW_ANG_XX__AUDIO_1012_IWW_DIS_XX_wav2lip,data\synthetic\track2_fakes\videos\FAKE_T2_1012_IWW_ANG_XX__AUDIO_1012_IWW_DIS_XX_wav2lip.mp4,1,done,wav2lip,1012,IWW,angry,disgust,yes
FAKE_T2_1012_IWW_SAD_XX__AUDIO_1012_IWW_ANG_XX_wav2lip,data\synthetic\track2_fakes\videos\FAKE_T2_1012_IWW_SAD_XX__AUDIO_1012_IWW_ANG_XX_wav2lip.mp4,1,done,wav2lip,1012,IWW,sad,angry,yes
FAKE_T2_1012_MTI_NEU_XX__AUDIO_1012_MTI_SAD_XX_wav2lip,data\synthetic\track2_fakes\videos\FAKE_T2_1012_MTI_NEU_XX__AUDIO_1012_MTI_SAD_XX_wav2lip.mp4,1,done,wav2lip,1012,MTI,neutral,sad,yes
FAKE_T2_1012_TAI_ANG_XX__AUDIO_1012_TAI_DIS_XX_wav2lip,data\synthetic\track2_fakes\videos\FAKE_T2_1012_TAI_ANG_XX__AUDIO_1012_TAI_DIS_XX_wav2lip.mp4,1,done,wav2lip,1012,TAI,angry,disgust,yes
FAKE_T2_1012_TAI_DIS_XX__AUDIO_1012_TAI_FEA_XX_wav2lip,data\synthetic\track2_fakes\videos\FAKE_T2_1012_TAI_DIS_XX__AUDIO_1012_TAI_FEA_XX_wav2lip.mp4,1,done,wav2lip,1012,TAI,disgust,fear,yes
FAKE_T2_1012_TIE_FEA_XX__AUDIO_1012_TIE_HAP_XX_wav2lip,data\synthetic\track2_fakes\videos\FAKE_T2_1012_TIE_FEA_XX__AUDIO_1012_TIE_HAP_XX_wav2lip.mp4,1,done,wav2lip,1012,TIE,fear,happy,yes
FAKE_T2_1012_TIE_HAP_XX__AUDIO_1012_TIE_NEU_XX_wav2lip,data\synthetic\track2_fakes\videos\FAKE_T2_1012_TIE_HAP_XX__AUDIO_1012_TIE_NEU_XX_wav2lip.mp4,1,done,wav2lip,1012,TIE,happy,neutral,yes
FAKE_T2_1012_TIE_NEU_XX__AUDIO_1012_TIE_SAD_XX_wav2lip,data\synthetic\track2_fakes\videos\FAKE_T2_1012_TIE_NEU_XX__AUDIO_1012_TIE_SAD_XX_wav2lip.mp4,1,done,wav2lip,1012,TIE,neutral,sad,yes
FAKE_T2_1012_TIE_SAD_XX__AUDIO_1012_TIE_ANG_XX_wav2lip,data\synthetic\track2_fakes\videos\FAKE_T2_1012_TIE_SAD_XX__AUDIO_1012_TIE_ANG_XX_wav2lip.mp4,1,done,wav2lip,1012,TIE,sad,angry,yes
FAKE_T2_1012_TSI_SAD_XX__AUDIO_1012_TSI_ANG_XX_wav2lip,data\synthetic\track2_fakes\videos\FAKE_T2_1012_TSI_SAD_XX__AUDIO_1012_TSI_ANG_XX_wav2lip.mp4,1,done,wav2lip,1012,TSI,sad,angry,yes
FAKE_T2_1012_WSI_HAP_XX__AUDIO_1012_WSI_NEU_XX_wav2lip,data\synthetic\track2_fakes\videos\FAKE_T2_1012_WSI_HAP_XX__AUDIO_1012_WSI_NEU_XX_wav2lip.mp4,1,done,wav2lip,1012,WSI,happy,neutral,yes
FAKE_T2_1012_WSI_SAD_XX__AUDIO_1012_WSI_ANG_XX_wav2lip,data\synthetic\track2_fakes\videos\FAKE_T2_1012_WSI_SAD_XX__AUDIO_1012_WSI_ANG_XX_wav2lip.mp4,1,done,wav2lip,1012,WSI,sad,angry,yes
FAKE_T2_1013_DFA_ANG_XX__AUDIO_1013_DFA_DIS_XX_wav2lip,data\synthetic\track2_fakes\videos\FAKE_T2_1013_DFA_ANG_XX__AUDIO_1013_DFA_DIS_XX_wav2lip.mp4,1,done,wav2lip,1013,DFA,angry,disgust,yes
FAKE_T2_1013_DFA_NEU_XX__AUDIO_1013_DFA_SAD_XX_wav2lip,data\synthetic\track2_fakes\videos\FAKE_T2_1013_DFA_NEU_XX__AUDIO_1013_DFA_SAD_XX_wav2lip.mp4,1,done,wav2lip,1013,DFA,neutral,sad,yes
FAKE_T2_1013_IEO_ANG_HI__AUDIO_1013_IEO_DIS_HI_wav2lip,data\synthetic\track2_fakes\videos\FAKE_T2_1013_IEO_ANG_HI__AUDIO_1013_IEO_DIS_HI_wav2lip.mp4,1,done,wav2lip,1013,IEO,angry,disgust,yes
FAKE_T2_1013_IEO_FEA_MD__AUDIO_1013_IEO_HAP_MD_wav2lip,data\synthetic\track2_fakes\videos\FAKE_T2_1013_IEO_FEA_MD__AUDIO_1013_IEO_HAP_MD_wav2lip.mp4,1,done,wav2lip,1013,IEO,fear,happy,yes
FAKE_T2_1013_IOM_HAP_XX__AUDIO_1013_IOM_NEU_XX_wav2lip,data\synthetic\track2_fakes\videos\FAKE_T2_1013_IOM_HAP_XX__AUDIO_1013_IOM_NEU_XX_wav2lip.mp4,1,done,wav2lip,1013,IOM,happy,neutral,yes
FAKE_T2_1013_ITH_DIS_XX__AUDIO_1013_ITH_FEA_XX_wav2lip,data\synthetic\track2_fakes\videos\FAKE_T2_1013_ITH_DIS_XX__AUDIO_1013_ITH_FEA_XX_wav2lip.mp4,1,done,wav2lip,1013,ITH,disgust,fear,yes
FAKE_T2_1013_ITH_NEU_XX__AUDIO_1013_ITH_SAD_XX_wav2lip,data\synthetic\track2_fakes\videos\FAKE_T2_1013_ITH_NEU_XX__AUDIO_1013_ITH_SAD_XX_wav2lip.mp4,1,done,wav2lip,1013,ITH,neutral,sad,yes
FAKE_T2_1013_ITS_HAP_XX__AUDIO_1013_ITS_NEU_XX_wav2lip,data\synthetic\track2_fakes\videos\FAKE_T2_1013_ITS_HAP_XX__AUDIO_1013_ITS_NEU_XX_wav2lip.mp4,1,done,wav2lip,1013,ITS,happy,neutral,yes
FAKE_T2_1013_IWL_ANG_XX__AUDIO_1013_IWL_DIS_XX_wav2lip,data\synthetic\track2_fakes\videos\FAKE_T2_1013_IWL_ANG_XX__AUDIO_1013_IWL_DIS_XX_wav2lip.mp4,1,done,wav2lip,1013,IWL,angry,disgust,yes
FAKE_T2_1013_IWL_HAP_XX__AUDIO_1013_IWL_NEU_XX_wav2lip,data\synthetic\track2_fakes\videos\FAKE_T2_1013_IWL_HAP_XX__AUDIO_1013_IWL_NEU_XX_wav2lip.mp4,1,done,wav2lip,1013,IWL,happy,neutral,yes
FAKE_T2_1013_IWL_NEU_XX__AUDIO_1013_IWL_SAD_XX_wav2lip,data\synthetic\track2_fakes\videos\FAKE_T2_1013_IWL_NEU_XX__AUDIO_1013_IWL_SAD_XX_wav2lip.mp4,1,done,wav2lip,1013,IWL,neutral,sad,yes
FAKE_T2_1013_IWL_SAD_XX__AUDIO_1013_IWL_ANG_XX_wav2lip,data\synthetic\track2_fakes\videos\FAKE_T2_1013_IWL_SAD_XX__AUDIO_1013_IWL_ANG_XX_wav2lip.mp4,1,done,wav2lip,1013,IWL,sad,angry,yes
FAKE_T2_1013_IWW_DIS_XX__AUDIO_1013_IWW_FEA_XX_wav2lip,data\synthetic\track2_fakes\videos\FAKE_T2_1013_IWW_DIS_XX__AUDIO_1013_IWW_FEA_XX_wav2lip.mp4,1,done,wav2lip,1013,IWW,disgust,fear,yes
FAKE_T2_1013_IWW_FEA_XX__AUDIO_1013_IWW_HAP_XX_wav2lip,data\synthetic\track2_fakes\videos\FAKE_T2_1013_IWW_FEA_XX__AUDIO_1013_IWW_HAP_XX_wav2lip.mp4,1,done,wav2lip,1013,IWW,fear,happy,yes
FAKE_T2_1013_IWW_HAP_XX__AUDIO_1013_IWW_NEU_XX_wav2lip,data\synthetic\track2_fakes\videos\FAKE_T2_1013_IWW_HAP_XX__AUDIO_1013_IWW_NEU_XX_wav2lip.mp4,1,done,wav2lip,1013,IWW,happy,neutral,yes
FAKE_T2_1013_MTI_ANG_XX__AUDIO_1013_MTI_DIS_XX_wav2lip,data\synthetic\track2_fakes\videos\FAKE_T2_1013_MTI_ANG_XX__AUDIO_1013_MTI_DIS_XX_wav2lip.mp4,1,done,wav2lip,1013,MTI,angry,disgust,yes
FAKE_T2_1013_MTI_HAP_XX__AUDIO_1013_MTI_NEU_XX_wav2lip,data\synthetic\track2_fakes\videos\FAKE_T2_1013_MTI_HAP_XX__AUDIO_1013_MTI_NEU_XX_wav2lip.mp4,1,done,wav2lip,1013,MTI,happy,neutral,yes
FAKE_T2_1013_MTI_NEU_XX__AUDIO_1013_MTI_SAD_XX_wav2lip,data\synthetic\track2_fakes\videos\FAKE_T2_1013_MTI_NEU_XX__AUDIO_1013_MTI_SAD_XX_wav2lip.mp4,1,done,wav2lip,1013,MTI,neutral,sad,yes
FAKE_T2_1013_TAI_ANG_XX__AUDIO_1013_TAI_DIS_XX_wav2lip,data\synthetic\track2_fakes\videos\FAKE_T2_1013_TAI_ANG_XX__AUDIO_1013_TAI_DIS_XX_wav2lip.mp4,1,done,wav2lip,1013,TAI,angry,disgust,yes
FAKE_T2_1013_TIE_FEA_XX__AUDIO_1013_TIE_HAP_XX_wav2lip,data\synthetic\track2_fakes\videos\FAKE_T2_1013_TIE_FEA_XX__AUDIO_1013_TIE_HAP_XX_wav2lip.mp4,1,done,wav2lip,1013,TIE,fear,happy,yes
FAKE_T2_1013_TIE_SAD_XX__AUDIO_1013_TIE_ANG_XX_wav2lip,data\synthetic\track2_fakes\videos\FAKE_T2_1013_TIE_SAD_XX__AUDIO_1013_TIE_ANG_XX_wav2lip.mp4,1,done,wav2lip,1013,TIE,sad,angry,yes
FAKE_T2_1013_TSI_SAD_XX__AUDIO_1013_TSI_ANG_XX_wav2lip,data\synthetic\track2_fakes\videos\FAKE_T2_1013_TSI_SAD_XX__AUDIO_1013_TSI_ANG_XX_wav2lip.mp4,1,done,wav2lip,1013,TSI,sad,angry,yes
FAKE_T2_1013_WSI_FEA_XX__AUDIO_1013_WSI_HAP_XX_wav2lip,data\synthetic\track2_fakes\videos\FAKE_T2_1013_WSI_FEA_XX__AUDIO_1013_WSI_HAP_XX_wav2lip.mp4,1,done,wav2lip,1013,WSI,fear,happy,yes
FAKE_T2_1013_WSI_NEU_XX__AUDIO_1013_WSI_SAD_XX_wav2lip,data\synthetic\track2_fakes\videos\FAKE_T2_1013_WSI_NEU_XX__AUDIO_1013_WSI_SAD_XX_wav2lip.mp4,1,done,wav2lip,1013,WSI,neutral,sad,yes
FAKE_T2_1013_WSI_SAD_XX__AUDIO_1013_WSI_ANG_XX_wav2lip,data\synthetic\track2_fakes\videos\FAKE_T2_1013_WSI_SAD_XX__AUDIO_1013_WSI_ANG_XX_wav2lip.mp4,1,done,wav2lip,1013,WSI,sad,angry,yes
FAKE_T2_1014_DFA_DIS_XX__AUDIO_1014_DFA_FEA_XX_wav2lip,data\synthetic\track2_fakes\videos\FAKE_T2_1014_DFA_DIS_XX__AUDIO_1014_DFA_FEA_XX_wav2lip.mp4,1,done,wav2lip,1014,DFA,disgust,fear,yes
FAKE_T2_1014_IEO_ANG_LO__AUDIO_1014_IEO_DIS_LO_wav2lip,data\synthetic\track2_fakes\videos\FAKE_T2_1014_IEO_ANG_LO__AUDIO_1014_IEO_DIS_LO_wav2lip.mp4,1,done,wav2lip,1014,IEO,angry,disgust,yes
FAKE_T2_1014_IEO_DIS_HI__AUDIO_1014_IEO_FEA_HI_wav2lip,data\synthetic\track2_fakes\videos\FAKE_T2_1014_IEO_DIS_HI__AUDIO_1014_IEO_FEA_HI_wav2lip.mp4,1,done,wav2lip,1014,IEO,disgust,fear,yes
FAKE_T2_1014_IEO_DIS_MD__AUDIO_1014_IEO_FEA_MD_wav2lip,data\synthetic\track2_fakes\videos\FAKE_T2_1014_IEO_DIS_MD__AUDIO_1014_IEO_FEA_MD_wav2lip.mp4,1,done,wav2lip,1014,IEO,disgust,fear,yes
FAKE_T2_1014_IEO_FEA_LO__AUDIO_1014_IEO_HAP_LO_wav2lip,data\synthetic\track2_fakes\videos\FAKE_T2_1014_IEO_FEA_LO__AUDIO_1014_IEO_HAP_LO_wav2lip.mp4,1,done,wav2lip,1014,IEO,fear,happy,yes
FAKE_T2_1014_IEO_HAP_LO__AUDIO_1014_IEO_NEU_XX_wav2lip,data\synthetic\track2_fakes\videos\FAKE_T2_1014_IEO_HAP_LO__AUDIO_1014_IEO_NEU_XX_wav2lip.mp4,1,done,wav2lip,1014,IEO,happy,neutral,yes
FAKE_T2_1014_IEO_SAD_LO__AUDIO_1014_IEO_ANG_LO_wav2lip,data\synthetic\track2_fakes\videos\FAKE_T2_1014_IEO_SAD_LO__AUDIO_1014_IEO_ANG_LO_wav2lip.mp4,1,done,wav2lip,1014,IEO,sad,angry,yes
FAKE_T2_1014_IEO_SAD_MD__AUDIO_1014_IEO_ANG_MD_wav2lip,data\synthetic\track2_fakes\videos\FAKE_T2_1014_IEO_SAD_MD__AUDIO_1014_IEO_ANG_MD_wav2lip.mp4,1,done,wav2lip,1014,IEO,sad,angry,yes
FAKE_T2_1014_IOM_ANG_XX__AUDIO_1014_IOM_DIS_XX_wav2lip,data\synthetic\track2_fakes\videos\FAKE_T2_1014_IOM_ANG_XX__AUDIO_1014_IOM_DIS_XX_wav2lip.mp4,1,done,wav2lip,1014,IOM,angry,disgust,yes
FAKE_T2_1014_IOM_DIS_XX__AUDIO_1014_IOM_FEA_XX_wav2lip,data\synthetic\track2_fakes\videos\FAKE_T2_1014_IOM_DIS_XX__AUDIO_1014_IOM_FEA_XX_wav2lip.mp4,1,done,wav2lip,1014,IOM,disgust,fear,yes
FAKE_T2_1014_IOM_NEU_XX__AUDIO_1014_IOM_SAD_XX_wav2lip,data\synthetic\track2_fakes\videos\FAKE_T2_1014_IOM_NEU_XX__AUDIO_1014_IOM_SAD_XX_wav2lip.mp4,1,done,wav2lip,1014,IOM,neutral,sad,yes
FAKE_T2_1014_ITS_HAP_XX__AUDIO_1014_ITS_NEU_XX_wav2lip,data\synthetic\track2_fakes\videos\FAKE_T2_1014_ITS_HAP_XX__AUDIO_1014_ITS_NEU_XX_wav2lip.mp4,1,done,wav2lip,1014,ITS,happy,neutral,yes
FAKE_T2_1014_ITS_NEU_XX__AUDIO_1014_ITS_SAD_XX_wav2lip,data\synthetic\track2_fakes\videos\FAKE_T2_1014_ITS_NEU_XX__AUDIO_1014_ITS_SAD_XX_wav2lip.mp4,1,done,wav2lip,1014,ITS,neutral,sad,yes
FAKE_T2_1014_ITS_SAD_XX__AUDIO_1014_ITS_ANG_XX_wav2lip,data\synthetic\track2_fakes\videos\FAKE_T2_1014_ITS_SAD_XX__AUDIO_1014_ITS_ANG_XX_wav2lip.mp4,1,done,wav2lip,1014,ITS,sad,angry,yes
FAKE_T2_1014_IWL_SAD_XX__AUDIO_1014_IWL_ANG_XX_wav2lip,data\synthetic\track2_fakes\videos\FAKE_T2_1014_IWL_SAD_XX__AUDIO_1014_IWL_ANG_XX_wav2lip.mp4,1,done,wav2lip,1014,IWL,sad,angry,yes
FAKE_T2_1014_MTI_DIS_XX__AUDIO_1014_MTI_FEA_XX_wav2lip,data\synthetic\track2_fakes\videos\FAKE_T2_1014_MTI_DIS_XX__AUDIO_1014_MTI_FEA_XX_wav2lip.mp4,1,done,wav2lip,1014,MTI,disgust,fear,yes
FAKE_T2_1014_MTI_FEA_XX__AUDIO_1014_MTI_HAP_XX_wav2lip,data\synthetic\track2_fakes\videos\FAKE_T2_1014_MTI_FEA_XX__AUDIO_1014_MTI_HAP_XX_wav2lip.mp4,1,done,wav2lip,1014,MTI,fear,happy,yes
FAKE_T2_1014_MTI_NEU_XX__AUDIO_1014_MTI_SAD_XX_wav2lip,data\synthetic\track2_fakes\videos\FAKE_T2_1014_MTI_NEU_XX__AUDIO_1014_MTI_SAD_XX_wav2lip.mp4,1,done,wav2lip,1014,MTI,neutral,sad,yes
FAKE_T2_1014_TAI_NEU_XX__AUDIO_1014_TAI_SAD_XX_wav2lip,data\synthetic\track2_fakes\videos\FAKE_T2_1014_TAI_NEU_XX__AUDIO_1014_TAI_SAD_XX_wav2lip.mp4,1,done,wav2lip,1014,TAI,neutral,sad,yes
FAKE_T2_1014_TIE_DIS_XX__AUDIO_1014_TIE_FEA_XX_wav2lip,data\synthetic\track2_fakes\videos\FAKE_T2_1014_TIE_DIS_XX__AUDIO_1014_TIE_FEA_XX_wav2lip.mp4,1,done,wav2lip,1014,TIE,disgust,fear,yes
FAKE_T2_1014_TIE_FEA_XX__AUDIO_1014_TIE_HAP_XX_wav2lip,data\synthetic\track2_fakes\videos\FAKE_T2_1014_TIE_FEA_XX__AUDIO_1014_TIE_HAP_XX_wav2lip.mp4,1,done,wav2lip,1014,TIE,fear,happy,yes
FAKE_T2_1014_TIE_HAP_XX__AUDIO_1014_TIE_NEU_XX_wav2lip,data\synthetic\track2_fakes\videos\FAKE_T2_1014_TIE_HAP_XX__AUDIO_1014_TIE_NEU_XX_wav2lip.mp4,1,done,wav2lip,1014,TIE,happy,neutral,yes
FAKE_T2_1014_TIE_SAD_XX__AUDIO_1014_TIE_ANG_XX_wav2lip,data\synthetic\track2_fakes\videos\FAKE_T2_1014_TIE_SAD_XX__AUDIO_1014_TIE_ANG_XX_wav2lip.mp4,1,done,wav2lip,1014,TIE,sad,angry,yes
FAKE_T2_1014_WSI_ANG_XX__AUDIO_1014_WSI_DIS_XX_wav2lip,data\synthetic\track2_fakes\videos\FAKE_T2_1014_WSI_ANG_XX__AUDIO_1014_WSI_DIS_XX_wav2lip.mp4,1,done,wav2lip,1014,WSI,angry,disgust,yes
FAKE_T2_1014_WSI_NEU_XX__AUDIO_1014_WSI_SAD_XX_wav2lip,data\synthetic\track2_fakes\videos\FAKE_T2_1014_WSI_NEU_XX__AUDIO_1014_WSI_SAD_XX_wav2lip.mp4,1,done,wav2lip,1014,WSI,neutral,sad,yes
FAKE_T2_1015_DFA_NEU_XX__AUDIO_1015_DFA_SAD_XX_wav2lip,data\synthetic\track2_fakes\videos\FAKE_T2_1015_DFA_NEU_XX__AUDIO_1015_DFA_SAD_XX_wav2lip.mp4,1,done,wav2lip,1015,DFA,neutral,sad,yes
FAKE_T2_1015_IEO_ANG_MD__AUDIO_1015_IEO_DIS_MD_wav2lip,data\synthetic\track2_fakes\videos\FAKE_T2_1015_IEO_ANG_MD__AUDIO_1015_IEO_DIS_MD_wav2lip.mp4,1,done,wav2lip,1015,IEO,angry,disgust,yes
FAKE_T2_1015_IEO_DIS_LO__AUDIO_1015_IEO_FEA_LO_wav2lip,data\synthetic\track2_fakes\videos\FAKE_T2_1015_IEO_DIS_LO__AUDIO_1015_IEO_FEA_LO_wav2lip.mp4,1,done,wav2lip,1015,IEO,disgust,fear,yes
FAKE_T2_1015_IEO_FEA_HI__AUDIO_1015_IEO_HAP_HI_wav2lip,data\synthetic\track2_fakes\videos\FAKE_T2_1015_IEO_FEA_HI__AUDIO_1015_IEO_HAP_HI_wav2lip.mp4,1,done,wav2lip,1015,IEO,fear,happy,yes
FAKE_T2_1015_IEO_HAP_LO__AUDIO_1015_IEO_NEU_XX_wav2lip,data\synthetic\track2_fakes\videos\FAKE_T2_1015_IEO_HAP_LO__AUDIO_1015_IEO_NEU_XX_wav2lip.mp4,1,done,wav2lip,1015,IEO,happy,neutral,yes
FAKE_T2_1015_IEO_SAD_HI__AUDIO_1015_IEO_ANG_HI_wav2lip,data\synthetic\track2_fakes\videos\FAKE_T2_1015_IEO_SAD_HI__AUDIO_1015_IEO_ANG_HI_wav2lip.mp4,1,done,wav2lip,1015,IEO,sad,angry,yes
FAKE_T2_1015_IEO_SAD_LO__AUDIO_1015_IEO_ANG_LO_wav2lip,data\synthetic\track2_fakes\videos\FAKE_T2_1015_IEO_SAD_LO__AUDIO_1015_IEO_ANG_LO_wav2lip.mp4,1,done,wav2lip,1015,IEO,sad,angry,yes
FAKE_T2_1015_IOM_NEU_XX__AUDIO_1015_IOM_SAD_XX_wav2lip,data\synthetic\track2_fakes\videos\FAKE_T2_1015_IOM_NEU_XX__AUDIO_1015_IOM_SAD_XX_wav2lip.mp4,1,done,wav2lip,1015,IOM,neutral,sad,yes
FAKE_T2_1015_ITH_ANG_XX__AUDIO_1015_ITH_DIS_XX_wav2lip,data\synthetic\track2_fakes\videos\FAKE_T2_1015_ITH_ANG_XX__AUDIO_1015_ITH_DIS_XX_wav2lip.mp4,1,done,wav2lip,1015,ITH,angry,disgust,yes
FAKE_T2_1015_ITS_DIS_XX__AUDIO_1015_ITS_FEA_XX_wav2lip,data\synthetic\track2_fakes\videos\FAKE_T2_1015_ITS_DIS_XX__AUDIO_1015_ITS_FEA_XX_wav2lip.mp4,1,done,wav2lip,1015,ITS,disgust,fear,yes
FAKE_T2_1015_IWL_DIS_XX__AUDIO_1015_IWL_FEA_XX_wav2lip,data\synthetic\track2_fakes\videos\FAKE_T2_1015_IWL_DIS_XX__AUDIO_1015_IWL_FEA_XX_wav2lip.mp4,1,done,wav2lip,1015,IWL,disgust,fear,yes
FAKE_T2_1015_MTI_FEA_XX__AUDIO_1015_MTI_HAP_XX_wav2lip,data\synthetic\track2_fakes\videos\FAKE_T2_1015_MTI_FEA_XX__AUDIO_1015_MTI_HAP_XX_wav2lip.mp4,1,done,wav2lip,1015,MTI,fear,happy,yes
FAKE_T2_1015_MTI_NEU_XX__AUDIO_1015_MTI_SAD_XX_wav2lip,data\synthetic\track2_fakes\videos\FAKE_T2_1015_MTI_NEU_XX__AUDIO_1015_MTI_SAD_XX_wav2lip.mp4,1,done,wav2lip,1015,MTI,neutral,sad,yes
FAKE_T2_1015_MTI_SAD_XX__AUDIO_1015_MTI_ANG_XX_wav2lip,data\synthetic\track2_fakes\videos\FAKE_T2_1015_MTI_SAD_XX__AUDIO_1015_MTI_ANG_XX_wav2lip.mp4,1,done,wav2lip,1015,MTI,sad,angry,yes
FAKE_T2_1015_TAI_DIS_XX__AUDIO_1015_TAI_FEA_XX_wav2lip,data\synthetic\track2_fakes\videos\FAKE_T2_1015_TAI_DIS_XX__AUDIO_1015_TAI_FEA_XX_wav2lip.mp4,1,done,wav2lip,1015,TAI,disgust,fear,yes
FAKE_T2_1015_TAI_FEA_XX__AUDIO_1015_TAI_HAP_XX_wav2lip,data\synthetic\track2_fakes\videos\FAKE_T2_1015_TAI_FEA_XX__AUDIO_1015_TAI_HAP_XX_wav2lip.mp4,1,done,wav2lip,1015,TAI,fear,happy,yes
FAKE_T2_1015_TAI_HAP_XX__AUDIO_1015_TAI_NEU_XX_wav2lip,data\synthetic\track2_fakes\videos\FAKE_T2_1015_TAI_HAP_XX__AUDIO_1015_TAI_NEU_XX_wav2lip.mp4,1,done,wav2lip,1015,TAI,happy,neutral,yes
FAKE_T2_1015_TAI_NEU_XX__AUDIO_1015_TAI_SAD_XX_wav2lip,data\synthetic\track2_fakes\videos\FAKE_T2_1015_TAI_NEU_XX__AUDIO_1015_TAI_SAD_XX_wav2lip.mp4,1,done,wav2lip,1015,TAI,neutral,sad,yes
FAKE_T2_1015_TAI_SAD_XX__AUDIO_1015_TAI_ANG_XX_wav2lip,data\synthetic\track2_fakes\videos\FAKE_T2_1015_TAI_SAD_XX__AUDIO_1015_TAI_ANG_XX_wav2lip.mp4,1,done,wav2lip,1015,TAI,sad,angry,yes
FAKE_T2_1015_TIE_ANG_XX__AUDIO_1015_TIE_DIS_XX_wav2lip,data\synthetic\track2_fakes\videos\FAKE_T2_1015_TIE_ANG_XX__AUDIO_1015_TIE_DIS_XX_wav2lip.mp4,1,done,wav2lip,1015,TIE,angry,disgust,yes
FAKE_T2_1015_TIE_SAD_XX__AUDIO_1015_TIE_ANG_XX_wav2lip,data\synthetic\track2_fakes\videos\FAKE_T2_1015_TIE_SAD_XX__AUDIO_1015_TIE_ANG_XX_wav2lip.mp4,1,done,wav2lip,1015,TIE,sad,angry,yes
FAKE_T2_1015_TSI_SAD_XX__AUDIO_1015_TSI_ANG_XX_wav2lip,data\synthetic\track2_fakes\videos\FAKE_T2_1015_TSI_SAD_XX__AUDIO_1015_TSI_ANG_XX_wav2lip.mp4,1,done,wav2lip,1015,TSI,sad,angry,yes
FAKE_T2_1015_WSI_FEA_XX__AUDIO_1015_WSI_HAP_XX_wav2lip,data\synthetic\track2_fakes\videos\FAKE_T2_1015_WSI_FEA_XX__AUDIO_1015_WSI_HAP_XX_wav2lip.mp4,1,done,wav2lip,1015,WSI,fear,happy,yes
FAKE_T2_1015_WSI_NEU_XX__AUDIO_1015_WSI_SAD_XX_wav2lip,data\synthetic\track2_fakes\videos\FAKE_T2_1015_WSI_NEU_XX__AUDIO_1015_WSI_SAD_XX_wav2lip.mp4,1,done,wav2lip,1015,WSI,neutral,sad,yes
FAKE_T2_1015_WSI_SAD_XX__AUDIO_1015_WSI_ANG_XX_wav2lip,data\synthetic\track2_fakes\videos\FAKE_T2_1015_WSI_SAD_XX__AUDIO_1015_WSI_ANG_XX_wav2lip.mp4,1,done,wav2lip,1015,WSI,sad,angry,yes
FAKE_T2_1016_DFA_DIS_XX__AUDIO_1016_DFA_FEA_XX_wav2lip,data\synthetic\track2_fakes\videos\FAKE_T2_1016_DFA_DIS_XX__AUDIO_1016_DFA_FEA_XX_wav2lip.mp4,1,done,wav2lip,1016,DFA,disgust,fear,yes
FAKE_T2_1016_DFA_HAP_XX__AUDIO_1016_DFA_NEU_XX_wav2lip,data\synthetic\track2_fakes\videos\FAKE_T2_1016_DFA_HAP_XX__AUDIO_1016_DFA_NEU_XX_wav2lip.mp4,1,done,wav2lip,1016,DFA,happy,neutral,yes
FAKE_T2_1016_IEO_ANG_MD__AUDIO_1016_IEO_DIS_MD_wav2lip,data\synthetic\track2_fakes\videos\FAKE_T2_1016_IEO_ANG_MD__AUDIO_1016_IEO_DIS_MD_wav2lip.mp4,1,done,wav2lip,1016,IEO,angry,disgust,yes
FAKE_T2_1016_IEO_FEA_HI__AUDIO_1016_IEO_HAP_HI_wav2lip,data\synthetic\track2_fakes\videos\FAKE_T2_1016_IEO_FEA_HI__AUDIO_1016_IEO_HAP_HI_wav2lip.mp4,1,done,wav2lip,1016,IEO,fear,happy,yes
FAKE_T2_1016_IEO_SAD_HI__AUDIO_1016_IEO_ANG_HI_wav2lip,data\synthetic\track2_fakes\videos\FAKE_T2_1016_IEO_SAD_HI__AUDIO_1016_IEO_ANG_HI_wav2lip.mp4,1,done,wav2lip,1016,IEO,sad,angry,yes
FAKE_T2_1016_IEO_SAD_MD__AUDIO_1016_IEO_ANG_MD_wav2lip,data\synthetic\track2_fakes\videos\FAKE_T2_1016_IEO_SAD_MD__AUDIO_1016_IEO_ANG_MD_wav2lip.mp4,1,done,wav2lip,1016,IEO,sad,angry,yes
FAKE_T2_1016_IOM_SAD_XX__AUDIO_1016_IOM_ANG_XX_wav2lip,data\synthetic\track2_fakes\videos\FAKE_T2_1016_IOM_SAD_XX__AUDIO_1016_IOM_ANG_XX_wav2lip.mp4,1,done,wav2lip,1016,IOM,sad,angry,yes
FAKE_T2_1016_ITH_HAP_XX__AUDIO_1016_ITH_NEU_XX_wav2lip,data\synthetic\track2_fakes\videos\FAKE_T2_1016_ITH_HAP_XX__AUDIO_1016_ITH_NEU_XX_wav2lip.mp4,1,done,wav2lip,1016,ITH,happy,neutral,yes
FAKE_T2_1016_ITS_ANG_XX__AUDIO_1016_ITS_DIS_XX_wav2lip,data\synthetic\track2_fakes\videos\FAKE_T2_1016_ITS_ANG_XX__AUDIO_1016_ITS_DIS_XX_wav2lip.mp4,1,done,wav2lip,1016,ITS,angry,disgust,yes
FAKE_T2_1016_ITS_DIS_XX__AUDIO_1016_ITS_FEA_XX_wav2lip,data\synthetic\track2_fakes\videos\FAKE_T2_1016_ITS_DIS_XX__AUDIO_1016_ITS_FEA_XX_wav2lip.mp4,1,done,wav2lip,1016,ITS,disgust,fear,yes
FAKE_T2_1016_ITS_NEU_XX__AUDIO_1016_ITS_SAD_XX_wav2lip,data\synthetic\track2_fakes\videos\FAKE_T2_1016_ITS_NEU_XX__AUDIO_1016_ITS_SAD_XX_wav2lip.mp4,1,done,wav2lip,1016,ITS,neutral,sad,yes
FAKE_T2_1016_IWL_DIS_XX__AUDIO_1016_IWL_FEA_XX_wav2lip,data\synthetic\track2_fakes\videos\FAKE_T2_1016_IWL_DIS_XX__AUDIO_1016_IWL_FEA_XX_wav2lip.mp4,1,done,wav2lip,1016,IWL,disgust,fear,yes
FAKE_T2_1016_IWL_NEU_XX__AUDIO_1016_IWL_SAD_XX_wav2lip,data\synthetic\track2_fakes\videos\FAKE_T2_1016_IWL_NEU_XX__AUDIO_1016_IWL_SAD_XX_wav2lip.mp4,1,done,wav2lip,1016,IWL,neutral,sad,yes
FAKE_T2_1016_IWL_SAD_XX__AUDIO_1016_IWL_ANG_XX_wav2lip,data\synthetic\track2_fakes\videos\FAKE_T2_1016_IWL_SAD_XX__AUDIO_1016_IWL_ANG_XX_wav2lip.mp4,1,done,wav2lip,1016,IWL,sad,angry,yes
FAKE_T2_1016_IWW_DIS_XX__AUDIO_1016_IWW_FEA_XX_wav2lip,data\synthetic\track2_fakes\videos\FAKE_T2_1016_IWW_DIS_XX__AUDIO_1016_IWW_FEA_XX_wav2lip.mp4,1,done,wav2lip,1016,IWW,disgust,fear,yes
FAKE_T2_1016_MTI_DIS_XX__AUDIO_1016_MTI_FEA_XX_wav2lip,data\synthetic\track2_fakes\videos\FAKE_T2_1016_MTI_DIS_XX__AUDIO_1016_MTI_FEA_XX_wav2lip.mp4,1,done,wav2lip,1016,MTI,disgust,fear,yes
FAKE_T2_1016_TAI_FEA_XX__AUDIO_1016_TAI_HAP_XX_wav2lip,data\synthetic\track2_fakes\videos\FAKE_T2_1016_TAI_FEA_XX__AUDIO_1016_TAI_HAP_XX_wav2lip.mp4,1,done,wav2lip,1016,TAI,fear,happy,yes
FAKE_T2_1016_TIE_ANG_XX__AUDIO_1016_TIE_DIS_XX_wav2lip,data\synthetic\track2_fakes\videos\FAKE_T2_1016_TIE_ANG_XX__AUDIO_1016_TIE_DIS_XX_wav2lip.mp4,1,done,wav2lip,1016,TIE,angry,disgust,yes
FAKE_T2_1016_TIE_DIS_XX__AUDIO_1016_TIE_FEA_XX_wav2lip,data\synthetic\track2_fakes\videos\FAKE_T2_1016_TIE_DIS_XX__AUDIO_1016_TIE_FEA_XX_wav2lip.mp4,1,done,wav2lip,1016,TIE,disgust,fear,yes
FAKE_T2_1016_TIE_NEU_XX__AUDIO_1016_TIE_SAD_XX_wav2lip,data\synthetic\track2_fakes\videos\FAKE_T2_1016_TIE_NEU_XX__AUDIO_1016_TIE_SAD_XX_wav2lip.mp4,1,done,wav2lip,1016,TIE,neutral,sad,yes
FAKE_T2_1016_TSI_HAP_XX__AUDIO_1016_TSI_NEU_XX_wav2lip,data\synthetic\track2_fakes\videos\FAKE_T2_1016_TSI_HAP_XX__AUDIO_1016_TSI_NEU_XX_wav2lip.mp4,1,done,wav2lip,1016,TSI,happy,neutral,yes
FAKE_T2_1016_TSI_NEU_XX__AUDIO_1016_TSI_SAD_XX_wav2lip,data\synthetic\track2_fakes\videos\FAKE_T2_1016_TSI_NEU_XX__AUDIO_1016_TSI_SAD_XX_wav2lip.mp4,1,done,wav2lip,1016,TSI,neutral,sad,yes
FAKE_T2_1016_WSI_ANG_XX__AUDIO_1016_WSI_DIS_XX_wav2lip,data\synthetic\track2_fakes\videos\FAKE_T2_1016_WSI_ANG_XX__AUDIO_1016_WSI_DIS_XX_wav2lip.mp4,1,done,wav2lip,1016,WSI,angry,disgust,yes
FAKE_T2_1016_WSI_NEU_XX__AUDIO_1016_WSI_SAD_XX_wav2lip,data\synthetic\track2_fakes\videos\FAKE_T2_1016_WSI_NEU_XX__AUDIO_1016_WSI_SAD_XX_wav2lip.mp4,1,done,wav2lip,1016,WSI,neutral,sad,yes
FAKE_T2_1016_WSI_SAD_XX__AUDIO_1016_WSI_ANG_XX_wav2lip,data\synthetic\track2_fakes\videos\FAKE_T2_1016_WSI_SAD_XX__AUDIO_1016_WSI_ANG_XX_wav2lip.mp4,1,done,wav2lip,1016,WSI,sad,angry,yes
FAKE_T2_1017_DFA_DIS_XX__AUDIO_1017_DFA_FEA_XX_wav2lip,data\synthetic\track2_fakes\videos\FAKE_T2_1017_DFA_DIS_XX__AUDIO_1017_DFA_FEA_XX_wav2lip.mp4,1,done,wav2lip,1017,DFA,disgust,fear,yes
FAKE_T2_1017_DFA_FEA_XX__AUDIO_1017_DFA_HAP_XX_wav2lip,data\synthetic\track2_fakes\videos\FAKE_T2_1017_DFA_FEA_XX__AUDIO_1017_DFA_HAP_XX_wav2lip.mp4,1,done,wav2lip,1017,DFA,fear,happy,yes
FAKE_T2_1017_DFA_SAD_XX__AUDIO_1017_DFA_ANG_XX_wav2lip,data\synthetic\track2_fakes\videos\FAKE_T2_1017_DFA_SAD_XX__AUDIO_1017_DFA_ANG_XX_wav2lip.mp4,1,done,wav2lip,1017,DFA,sad,angry,yes
FAKE_T2_1017_IEO_ANG_HI__AUDIO_1017_IEO_DIS_HI_wav2lip,data\synthetic\track2_fakes\videos\FAKE_T2_1017_IEO_ANG_HI__AUDIO_1017_IEO_DIS_HI_wav2lip.mp4,1,done,wav2lip,1017,IEO,angry,disgust,yes
FAKE_T2_1017_IEO_DIS_HI__AUDIO_1017_IEO_FEA_HI_wav2lip,data\synthetic\track2_fakes\videos\FAKE_T2_1017_IEO_DIS_HI__AUDIO_1017_IEO_FEA_HI_wav2lip.mp4,1,done,wav2lip,1017,IEO,disgust,fear,yes
FAKE_T2_1017_IEO_DIS_LO__AUDIO_1017_IEO_FEA_LO_wav2lip,data\synthetic\track2_fakes\videos\FAKE_T2_1017_IEO_DIS_LO__AUDIO_1017_IEO_FEA_LO_wav2lip.mp4,1,done,wav2lip,1017,IEO,disgust,fear,yes
FAKE_T2_1017_IEO_DIS_MD__AUDIO_1017_IEO_FEA_MD_wav2lip,data\synthetic\track2_fakes\videos\FAKE_T2_1017_IEO_DIS_MD__AUDIO_1017_IEO_FEA_MD_wav2lip.mp4,1,done,wav2lip,1017,IEO,disgust,fear,yes
FAKE_T2_1017_IEO_HAP_LO__AUDIO_1017_IEO_NEU_XX_wav2lip,data\synthetic\track2_fakes\videos\FAKE_T2_1017_IEO_HAP_LO__AUDIO_1017_IEO_NEU_XX_wav2lip.mp4,1,done,wav2lip,1017,IEO,happy,neutral,yes
FAKE_T2_1017_IEO_SAD_LO__AUDIO_1017_IEO_ANG_LO_wav2lip,data\synthetic\track2_fakes\videos\FAKE_T2_1017_IEO_SAD_LO__AUDIO_1017_IEO_ANG_LO_wav2lip.mp4,1,done,wav2lip,1017,IEO,sad,angry,yes
FAKE_T2_1017_IOM_ANG_XX__AUDIO_1017_IOM_DIS_XX_wav2lip,data\synthetic\track2_fakes\videos\FAKE_T2_1017_IOM_ANG_XX__AUDIO_1017_IOM_DIS_XX_wav2lip.mp4,1,done,wav2lip,1017,IOM,angry,disgust,yes
FAKE_T2_1017_IOM_DIS_XX__AUDIO_1017_IOM_FEA_XX_wav2lip,data\synthetic\track2_fakes\videos\FAKE_T2_1017_IOM_DIS_XX__AUDIO_1017_IOM_FEA_XX_wav2lip.mp4,1,done,wav2lip,1017,IOM,disgust,fear,yes
FAKE_T2_1017_IOM_NEU_XX__AUDIO_1017_IOM_SAD_XX_wav2lip,data\synthetic\track2_fakes\videos\FAKE_T2_1017_IOM_NEU_XX__AUDIO_1017_IOM_SAD_XX_wav2lip.mp4,1,done,wav2lip,1017,IOM,neutral,sad,yes
FAKE_T2_1017_ITH_ANG_XX__AUDIO_1017_ITH_DIS_XX_wav2lip,data\synthetic\track2_fakes\videos\FAKE_T2_1017_ITH_ANG_XX__AUDIO_1017_ITH_DIS_XX_wav2lip.mp4,1,done,wav2lip,1017,ITH,angry,disgust,yes
FAKE_T2_1017_ITS_ANG_XX__AUDIO_1017_ITS_DIS_XX_wav2lip,data\synthetic\track2_fakes\videos\FAKE_T2_1017_ITS_ANG_XX__AUDIO_1017_ITS_DIS_XX_wav2lip.mp4,1,done,wav2lip,1017,ITS,angry,disgust,yes
FAKE_T2_1017_ITS_NEU_XX__AUDIO_1017_ITS_SAD_XX_wav2lip,data\synthetic\track2_fakes\videos\FAKE_T2_1017_ITS_NEU_XX__AUDIO_1017_ITS_SAD_XX_wav2lip.mp4,1,done,wav2lip,1017,ITS,neutral,sad,yes
FAKE_T2_1017_IWL_FEA_XX__AUDIO_1017_IWL_HAP_XX_wav2lip,data\synthetic\track2_fakes\videos\FAKE_T2_1017_IWL_FEA_XX__AUDIO_1017_IWL_HAP_XX_wav2lip.mp4,1,done,wav2lip,1017,IWL,fear,happy,yes
FAKE_T2_1017_IWL_SAD_XX__AUDIO_1017_IWL_ANG_XX_wav2lip,data\synthetic\track2_fakes\videos\FAKE_T2_1017_IWL_SAD_XX__AUDIO_1017_IWL_ANG_XX_wav2lip.mp4,1,done,wav2lip,1017,IWL,sad,angry,yes
FAKE_T2_1017_IWW_NEU_XX__AUDIO_1017_IWW_SAD_XX_wav2lip,data\synthetic\track2_fakes\videos\FAKE_T2_1017_IWW_NEU_XX__AUDIO_1017_IWW_SAD_XX_wav2lip.mp4,1,done,wav2lip,1017,IWW,neutral,sad,yes
FAKE_T2_1017_MTI_NEU_XX__AUDIO_1017_MTI_SAD_XX_wav2lip,data\synthetic\track2_fakes\videos\FAKE_T2_1017_MTI_NEU_XX__AUDIO_1017_MTI_SAD_XX_wav2lip.mp4,1,done,wav2lip,1017,MTI,neutral,sad,yes
FAKE_T2_1017_TAI_ANG_XX__AUDIO_1017_TAI_DIS_XX_wav2lip,data\synthetic\track2_fakes\videos\FAKE_T2_1017_TAI_ANG_XX__AUDIO_1017_TAI_DIS_XX_wav2lip.mp4,1,done,wav2lip,1017,TAI,angry,disgust,yes
FAKE_T2_1017_TSI_ANG_XX__AUDIO_1017_TSI_DIS_XX_wav2lip,data\synthetic\track2_fakes\videos\FAKE_T2_1017_TSI_ANG_XX__AUDIO_1017_TSI_DIS_XX_wav2lip.mp4,1,done,wav2lip,1017,TSI,angry,disgust,yes
FAKE_T2_1017_TSI_DIS_XX__AUDIO_1017_TSI_FEA_XX_wav2lip,data\synthetic\track2_fakes\videos\FAKE_T2_1017_TSI_DIS_XX__AUDIO_1017_TSI_FEA_XX_wav2lip.mp4,1,done,wav2lip,1017,TSI,disgust,fear,yes
FAKE_T2_1017_WSI_ANG_XX__AUDIO_1017_WSI_DIS_XX_wav2lip,data\synthetic\track2_fakes\videos\FAKE_T2_1017_WSI_ANG_XX__AUDIO_1017_WSI_DIS_XX_wav2lip.mp4,1,done,wav2lip,1017,WSI,angry,disgust,yes
FAKE_T2_1017_WSI_DIS_XX__AUDIO_1017_WSI_FEA_XX_wav2lip,data\synthetic\track2_fakes\videos\FAKE_T2_1017_WSI_DIS_XX__AUDIO_1017_WSI_FEA_XX_wav2lip.mp4,1,done,wav2lip,1017,WSI,disgust,fear,yes
FAKE_T2_1017_WSI_NEU_XX__AUDIO_1017_WSI_SAD_XX_wav2lip,data\synthetic\track2_fakes\videos\FAKE_T2_1017_WSI_NEU_XX__AUDIO_1017_WSI_SAD_XX_wav2lip.mp4,1,done,wav2lip,1017,WSI,neutral,sad,yes
FAKE_T2_1018_DFA_NEU_XX__AUDIO_1018_DFA_SAD_XX_wav2lip,data\synthetic\track2_fakes\videos\FAKE_T2_1018_DFA_NEU_XX__AUDIO_1018_DFA_SAD_XX_wav2lip.mp4,1,done,wav2lip,1018,DFA,neutral,sad,yes
FAKE_T2_1018_IEO_DIS_HI__AUDIO_1018_IEO_FEA_HI_wav2lip,data\synthetic\track2_fakes\videos\FAKE_T2_1018_IEO_DIS_HI__AUDIO_1018_IEO_FEA_HI_wav2lip.mp4,1,done,wav2lip,1018,IEO,disgust,fear,yes
FAKE_T2_1018_IEO_DIS_MD__AUDIO_1018_IEO_FEA_MD_wav2lip,data\synthetic\track2_fakes\videos\FAKE_T2_1018_IEO_DIS_MD__AUDIO_1018_IEO_FEA_MD_wav2lip.mp4,1,done,wav2lip,1018,IEO,disgust,fear,yes
FAKE_T2_1018_IEO_FEA_HI__AUDIO_1018_IEO_HAP_HI_wav2lip,data\synthetic\track2_fakes\videos\FAKE_T2_1018_IEO_FEA_HI__AUDIO_1018_IEO_HAP_HI_wav2lip.mp4,1,done,wav2lip,1018,IEO,fear,happy,yes
FAKE_T2_1018_IEO_FEA_LO__AUDIO_1018_IEO_HAP_LO_wav2lip,data\synthetic\track2_fakes\videos\FAKE_T2_1018_IEO_FEA_LO__AUDIO_1018_IEO_HAP_LO_wav2lip.mp4,1,done,wav2lip,1018,IEO,fear,happy,yes
FAKE_T2_1018_IEO_HAP_HI__AUDIO_1018_IEO_NEU_XX_wav2lip,data\synthetic\track2_fakes\videos\FAKE_T2_1018_IEO_HAP_HI__AUDIO_1018_IEO_NEU_XX_wav2lip.mp4,1,done,wav2lip,1018,IEO,happy,neutral,yes
FAKE_T2_1018_IEO_SAD_MD__AUDIO_1018_IEO_ANG_MD_wav2lip,data\synthetic\track2_fakes\videos\FAKE_T2_1018_IEO_SAD_MD__AUDIO_1018_IEO_ANG_MD_wav2lip.mp4,1,done,wav2lip,1018,IEO,sad,angry,yes
FAKE_T2_1018_IOM_HAP_XX__AUDIO_1018_IOM_NEU_XX_wav2lip,data\synthetic\track2_fakes\videos\FAKE_T2_1018_IOM_HAP_XX__AUDIO_1018_IOM_NEU_XX_wav2lip.mp4,1,done,wav2lip,1018,IOM,happy,neutral,yes
FAKE_T2_1018_IOM_NEU_XX__AUDIO_1018_IOM_SAD_XX_wav2lip,data\synthetic\track2_fakes\videos\FAKE_T2_1018_IOM_NEU_XX__AUDIO_1018_IOM_SAD_XX_wav2lip.mp4,1,done,wav2lip,1018,IOM,neutral,sad,yes
FAKE_T2_1018_ITH_NEU_XX__AUDIO_1018_ITH_SAD_XX_wav2lip,data\synthetic\track2_fakes\videos\FAKE_T2_1018_ITH_NEU_XX__AUDIO_1018_ITH_SAD_XX_wav2lip.mp4,1,done,wav2lip,1018,ITH,neutral,sad,yes
FAKE_T2_1018_ITH_SAD_XX__AUDIO_1018_ITH_ANG_XX_wav2lip,data\synthetic\track2_fakes\videos\FAKE_T2_1018_ITH_SAD_XX__AUDIO_1018_ITH_ANG_XX_wav2lip.mp4,1,done,wav2lip,1018,ITH,sad,angry,yes
FAKE_T2_1018_ITS_SAD_XX__AUDIO_1018_ITS_ANG_XX_wav2lip,data\synthetic\track2_fakes\videos\FAKE_T2_1018_ITS_SAD_XX__AUDIO_1018_ITS_ANG_XX_wav2lip.mp4,1,done,wav2lip,1018,ITS,sad,angry,yes
FAKE_T2_1018_IWL_HAP_XX__AUDIO_1018_IWL_NEU_XX_wav2lip,data\synthetic\track2_fakes\videos\FAKE_T2_1018_IWL_HAP_XX__AUDIO_1018_IWL_NEU_XX_wav2lip.mp4,1,done,wav2lip,1018,IWL,happy,neutral,yes
FAKE_T2_1018_IWW_DIS_XX__AUDIO_1018_IWW_FEA_XX_wav2lip,data\synthetic\track2_fakes\videos\FAKE_T2_1018_IWW_DIS_XX__AUDIO_1018_IWW_FEA_XX_wav2lip.mp4,1,done,wav2lip,1018,IWW,disgust,fear,yes
FAKE_T2_1018_IWW_FEA_XX__AUDIO_1018_IWW_HAP_XX_wav2lip,data\synthetic\track2_fakes\videos\FAKE_T2_1018_IWW_FEA_XX__AUDIO_1018_IWW_HAP_XX_wav2lip.mp4,1,done,wav2lip,1018,IWW,fear,happy,yes
FAKE_T2_1018_IWW_SAD_XX__AUDIO_1018_IWW_ANG_XX_wav2lip,data\synthetic\track2_fakes\videos\FAKE_T2_1018_IWW_SAD_XX__AUDIO_1018_IWW_ANG_XX_wav2lip.mp4,1,done,wav2lip,1018,IWW,sad,angry,yes
FAKE_T2_1018_MTI_FEA_XX__AUDIO_1018_MTI_HAP_XX_wav2lip,data\synthetic\track2_fakes\videos\FAKE_T2_1018_MTI_FEA_XX__AUDIO_1018_MTI_HAP_XX_wav2lip.mp4,1,done,wav2lip,1018,MTI,fear,happy,yes
FAKE_T2_1018_TIE_HAP_XX__AUDIO_1018_TIE_NEU_XX_wav2lip,data\synthetic\track2_fakes\videos\FAKE_T2_1018_TIE_HAP_XX__AUDIO_1018_TIE_NEU_XX_wav2lip.mp4,1,done,wav2lip,1018,TIE,happy,neutral,yes
FAKE_T2_1018_TIE_NEU_XX__AUDIO_1018_TIE_SAD_XX_wav2lip,data\synthetic\track2_fakes\videos\FAKE_T2_1018_TIE_NEU_XX__AUDIO_1018_TIE_SAD_XX_wav2lip.mp4,1,done,wav2lip,1018,TIE,neutral,sad,yes
FAKE_T2_1018_TIE_SAD_XX__AUDIO_1018_TIE_ANG_XX_wav2lip,data\synthetic\track2_fakes\videos\FAKE_T2_1018_TIE_SAD_XX__AUDIO_1018_TIE_ANG_XX_wav2lip.mp4,1,done,wav2lip,1018,TIE,sad,angry,yes
FAKE_T2_1018_TSI_DIS_XX__AUDIO_1018_TSI_FEA_XX_wav2lip,data\synthetic\track2_fakes\videos\FAKE_T2_1018_TSI_DIS_XX__AUDIO_1018_TSI_FEA_XX_wav2lip.mp4,1,done,wav2lip,1018,TSI,disgust,fear,yes
FAKE_T2_1018_WSI_DIS_XX__AUDIO_1018_WSI_FEA_XX_wav2lip,data\synthetic\track2_fakes\videos\FAKE_T2_1018_WSI_DIS_XX__AUDIO_1018_WSI_FEA_XX_wav2lip.mp4,1,done,wav2lip,1018,WSI,disgust,fear,yes
FAKE_T2_1018_WSI_HAP_XX__AUDIO_1018_WSI_NEU_XX_wav2lip,data\synthetic\track2_fakes\videos\FAKE_T2_1018_WSI_HAP_XX__AUDIO_1018_WSI_NEU_XX_wav2lip.mp4,1,done,wav2lip,1018,WSI,happy,neutral,yes
FAKE_T2_1018_WSI_NEU_XX__AUDIO_1018_WSI_SAD_XX_wav2lip,data\synthetic\track2_fakes\videos\FAKE_T2_1018_WSI_NEU_XX__AUDIO_1018_WSI_SAD_XX_wav2lip.mp4,1,done,wav2lip,1018,WSI,neutral,sad,yes
FAKE_T2_1018_WSI_SAD_XX__AUDIO_1018_WSI_ANG_XX_wav2lip,data\synthetic\track2_fakes\videos\FAKE_T2_1018_WSI_SAD_XX__AUDIO_1018_WSI_ANG_XX_wav2lip.mp4,1,done,wav2lip,1018,WSI,sad,angry,yes
FAKE_T2_1019_DFA_FEA_XX__AUDIO_1019_DFA_HAP_XX_wav2lip,data\synthetic\track2_fakes\videos\FAKE_T2_1019_DFA_FEA_XX__AUDIO_1019_DFA_HAP_XX_wav2lip.mp4,1,done,wav2lip,1019,DFA,fear,happy,yes
FAKE_T2_1019_DFA_NEU_XX__AUDIO_1019_DFA_SAD_XX_wav2lip,data\synthetic\track2_fakes\videos\FAKE_T2_1019_DFA_NEU_XX__AUDIO_1019_DFA_SAD_XX_wav2lip.mp4,1,done,wav2lip,1019,DFA,neutral,sad,yes
FAKE_T2_1019_DFA_SAD_XX__AUDIO_1019_DFA_ANG_XX_wav2lip,data\synthetic\track2_fakes\videos\FAKE_T2_1019_DFA_SAD_XX__AUDIO_1019_DFA_ANG_XX_wav2lip.mp4,1,done,wav2lip,1019,DFA,sad,angry,yes
FAKE_T2_1019_IEO_ANG_HI__AUDIO_1019_IEO_DIS_HI_wav2lip,data\synthetic\track2_fakes\videos\FAKE_T2_1019_IEO_ANG_HI__AUDIO_1019_IEO_DIS_HI_wav2lip.mp4,1,done,wav2lip,1019,IEO,angry,disgust,yes
FAKE_T2_1019_IEO_DIS_HI__AUDIO_1019_IEO_FEA_HI_wav2lip,data\synthetic\track2_fakes\videos\FAKE_T2_1019_IEO_DIS_HI__AUDIO_1019_IEO_FEA_HI_wav2lip.mp4,1,done,wav2lip,1019,IEO,disgust,fear,yes
FAKE_T2_1019_IEO_DIS_LO__AUDIO_1019_IEO_FEA_LO_wav2lip,data\synthetic\track2_fakes\videos\FAKE_T2_1019_IEO_DIS_LO__AUDIO_1019_IEO_FEA_LO_wav2lip.mp4,1,done,wav2lip,1019,IEO,disgust,fear,yes
FAKE_T2_1019_IEO_HAP_HI__AUDIO_1019_IEO_NEU_XX_wav2lip,data\synthetic\track2_fakes\videos\FAKE_T2_1019_IEO_HAP_HI__AUDIO_1019_IEO_NEU_XX_wav2lip.mp4,1,done,wav2lip,1019,IEO,happy,neutral,yes
FAKE_T2_1019_IOM_ANG_XX__AUDIO_1019_IOM_DIS_XX_wav2lip,data\synthetic\track2_fakes\videos\FAKE_T2_1019_IOM_ANG_XX__AUDIO_1019_IOM_DIS_XX_wav2lip.mp4,1,done,wav2lip,1019,IOM,angry,disgust,yes
FAKE_T2_1019_IOM_FEA_XX__AUDIO_1019_IOM_HAP_XX_wav2lip,data\synthetic\track2_fakes\videos\FAKE_T2_1019_IOM_FEA_XX__AUDIO_1019_IOM_HAP_XX_wav2lip.mp4,1,done,wav2lip,1019,IOM,fear,happy,yes
FAKE_T2_1019_IOM_SAD_XX__AUDIO_1019_IOM_ANG_XX_wav2lip,data\synthetic\track2_fakes\videos\FAKE_T2_1019_IOM_SAD_XX__AUDIO_1019_IOM_ANG_XX_wav2lip.mp4,1,done,wav2lip,1019,IOM,sad,angry,yes
FAKE_T2_1019_ITS_ANG_XX__AUDIO_1019_ITS_DIS_XX_wav2lip,data\synthetic\track2_fakes\videos\FAKE_T2_1019_ITS_ANG_XX__AUDIO_1019_ITS_DIS_XX_wav2lip.mp4,1,done,wav2lip,1019,ITS,angry,disgust,yes
FAKE_T2_1019_ITS_HAP_XX__AUDIO_1019_ITS_NEU_XX_wav2lip,data\synthetic\track2_fakes\videos\FAKE_T2_1019_ITS_HAP_XX__AUDIO_1019_ITS_NEU_XX_wav2lip.mp4,1,done,wav2lip,1019,ITS,happy,neutral,yes
FAKE_T2_1019_IWL_ANG_XX__AUDIO_1019_IWL_DIS_XX_wav2lip,data\synthetic\track2_fakes\videos\FAKE_T2_1019_IWL_ANG_XX__AUDIO_1019_IWL_DIS_XX_wav2lip.mp4,1,done,wav2lip,1019,IWL,angry,disgust,yes
FAKE_T2_1019_IWW_ANG_XX__AUDIO_1019_IWW_DIS_XX_wav2lip,data\synthetic\track2_fakes\videos\FAKE_T2_1019_IWW_ANG_XX__AUDIO_1019_IWW_DIS_XX_wav2lip.mp4,1,done,wav2lip,1019,IWW,angry,disgust,yes
FAKE_T2_1019_IWW_HAP_XX__AUDIO_1019_IWW_NEU_XX_wav2lip,data\synthetic\track2_fakes\videos\FAKE_T2_1019_IWW_HAP_XX__AUDIO_1019_IWW_NEU_XX_wav2lip.mp4,1,done,wav2lip,1019,IWW,happy,neutral,yes
FAKE_T2_1019_TAI_ANG_XX__AUDIO_1019_TAI_DIS_XX_wav2lip,data\synthetic\track2_fakes\videos\FAKE_T2_1019_TAI_ANG_XX__AUDIO_1019_TAI_DIS_XX_wav2lip.mp4,1,done,wav2lip,1019,TAI,angry,disgust,yes
FAKE_T2_1019_TAI_HAP_XX__AUDIO_1019_TAI_NEU_XX_wav2lip,data\synthetic\track2_fakes\videos\FAKE_T2_1019_TAI_HAP_XX__AUDIO_1019_TAI_NEU_XX_wav2lip.mp4,1,done,wav2lip,1019,TAI,happy,neutral,yes
FAKE_T2_1019_TIE_DIS_XX__AUDIO_1019_TIE_FEA_XX_wav2lip,data\synthetic\track2_fakes\videos\FAKE_T2_1019_TIE_DIS_XX__AUDIO_1019_TIE_FEA_XX_wav2lip.mp4,1,done,wav2lip,1019,TIE,disgust,fear,yes
FAKE_T2_1019_TIE_FEA_XX__AUDIO_1019_TIE_HAP_XX_wav2lip,data\synthetic\track2_fakes\videos\FAKE_T2_1019_TIE_FEA_XX__AUDIO_1019_TIE_HAP_XX_wav2lip.mp4,1,done,wav2lip,1019,TIE,fear,happy,yes
FAKE_T2_1019_TSI_FEA_XX__AUDIO_1019_TSI_HAP_XX_wav2lip,data\synthetic\track2_fakes\videos\FAKE_T2_1019_TSI_FEA_XX__AUDIO_1019_TSI_HAP_XX_wav2lip.mp4,1,done,wav2lip,1019,TSI,fear,happy,yes
FAKE_T2_1019_WSI_ANG_XX__AUDIO_1019_WSI_DIS_XX_wav2lip,data\synthetic\track2_fakes\videos\FAKE_T2_1019_WSI_ANG_XX__AUDIO_1019_WSI_DIS_XX_wav2lip.mp4,1,done,wav2lip,1019,WSI,angry,disgust,yes
FAKE_T2_1019_WSI_NEU_XX__AUDIO_1019_WSI_SAD_XX_wav2lip,data\synthetic\track2_fakes\videos\FAKE_T2_1019_WSI_NEU_XX__AUDIO_1019_WSI_SAD_XX_wav2lip.mp4,1,done,wav2lip,1019,WSI,neutral,sad,yes
FAKE_T2_1019_WSI_SAD_XX__AUDIO_1019_WSI_ANG_XX_wav2lip,data\synthetic\track2_fakes\videos\FAKE_T2_1019_WSI_SAD_XX__AUDIO_1019_WSI_ANG_XX_wav2lip.mp4,1,done,wav2lip,1019,WSI,sad,angry,yes
FAKE_T2_1020_DFA_FEA_XX__AUDIO_1020_DFA_HAP_XX_wav2lip,data\synthetic\track2_fakes\videos\FAKE_T2_1020_DFA_FEA_XX__AUDIO_1020_DFA_HAP_XX_wav2lip.mp4,1,done,wav2lip,1020,DFA,fear,happy,yes
FAKE_T2_1020_DFA_SAD_XX__AUDIO_1020_DFA_ANG_XX_wav2lip,data\synthetic\track2_fakes\videos\FAKE_T2_1020_DFA_SAD_XX__AUDIO_1020_DFA_ANG_XX_wav2lip.mp4,1,done,wav2lip,1020,DFA,sad,angry,yes
FAKE_T2_1020_IEO_FEA_MD__AUDIO_1020_IEO_HAP_MD_wav2lip,data\synthetic\track2_fakes\videos\FAKE_T2_1020_IEO_FEA_MD__AUDIO_1020_IEO_HAP_MD_wav2lip.mp4,1,done,wav2lip,1020,IEO,fear,happy,yes
FAKE_T2_1020_IEO_HAP_HI__AUDIO_1020_IEO_NEU_XX_wav2lip,data\synthetic\track2_fakes\videos\FAKE_T2_1020_IEO_HAP_HI__AUDIO_1020_IEO_NEU_XX_wav2lip.mp4,1,done,wav2lip,1020,IEO,happy,neutral,yes
FAKE_T2_1020_IEO_HAP_MD__AUDIO_1020_IEO_NEU_XX_wav2lip,data\synthetic\track2_fakes\videos\FAKE_T2_1020_IEO_HAP_MD__AUDIO_1020_IEO_NEU_XX_wav2lip.mp4,1,done,wav2lip,1020,IEO,happy,neutral,yes
FAKE_T2_1020_IEO_SAD_LO__AUDIO_1020_IEO_ANG_LO_wav2lip,data\synthetic\track2_fakes\videos\FAKE_T2_1020_IEO_SAD_LO__AUDIO_1020_IEO_ANG_LO_wav2lip.mp4,1,done,wav2lip,1020,IEO,sad,angry,yes
FAKE_T2_1020_IEO_SAD_MD__AUDIO_1020_IEO_ANG_MD_wav2lip,data\synthetic\track2_fakes\videos\FAKE_T2_1020_IEO_SAD_MD__AUDIO_1020_IEO_ANG_MD_wav2lip.mp4,1,done,wav2lip,1020,IEO,sad,angry,yes
FAKE_T2_1020_IOM_HAP_XX__AUDIO_1020_IOM_NEU_XX_wav2lip,data\synthetic\track2_fakes\videos\FAKE_T2_1020_IOM_HAP_XX__AUDIO_1020_IOM_NEU_XX_wav2lip.mp4,1,done,wav2lip,1020,IOM,happy,neutral,yes
FAKE_T2_1020_ITH_HAP_XX__AUDIO_1020_ITH_NEU_XX_wav2lip,data\synthetic\track2_fakes\videos\FAKE_T2_1020_ITH_HAP_XX__AUDIO_1020_ITH_NEU_XX_wav2lip.mp4,1,done,wav2lip,1020,ITH,happy,neutral,yes
FAKE_T2_1020_ITH_NEU_XX__AUDIO_1020_ITH_SAD_XX_wav2lip,data\synthetic\track2_fakes\videos\FAKE_T2_1020_ITH_NEU_XX__AUDIO_1020_ITH_SAD_XX_wav2lip.mp4,1,done,wav2lip,1020,ITH,neutral,sad,yes
FAKE_T2_1020_ITS_ANG_XX__AUDIO_1020_ITS_DIS_XX_wav2lip,data\synthetic\track2_fakes\videos\FAKE_T2_1020_ITS_ANG_XX__AUDIO_1020_ITS_DIS_XX_wav2lip.mp4,1,done,wav2lip,1020,ITS,angry,disgust,yes
FAKE_T2_1020_ITS_DIS_XX__AUDIO_1020_ITS_FEA_XX_wav2lip,data\synthetic\track2_fakes\videos\FAKE_T2_1020_ITS_DIS_XX__AUDIO_1020_ITS_FEA_XX_wav2lip.mp4,1,done,wav2lip,1020,ITS,disgust,fear,yes
FAKE_T2_1020_ITS_HAP_XX__AUDIO_1020_ITS_NEU_XX_wav2lip,data\synthetic\track2_fakes\videos\FAKE_T2_1020_ITS_HAP_XX__AUDIO_1020_ITS_NEU_XX_wav2lip.mp4,1,done,wav2lip,1020,ITS,happy,neutral,yes
FAKE_T2_1020_ITS_NEU_XX__AUDIO_1020_ITS_SAD_XX_wav2lip,data\synthetic\track2_fakes\videos\FAKE_T2_1020_ITS_NEU_XX__AUDIO_1020_ITS_SAD_XX_wav2lip.mp4,1,done,wav2lip,1020,ITS,neutral,sad,yes
FAKE_T2_1020_IWL_DIS_XX__AUDIO_1020_IWL_FEA_XX_wav2lip,data\synthetic\track2_fakes\videos\FAKE_T2_1020_IWL_DIS_XX__AUDIO_1020_IWL_FEA_XX_wav2lip.mp4,1,done,wav2lip,1020,IWL,disgust,fear,yes
FAKE_T2_1020_IWW_DIS_XX__AUDIO_1020_IWW_FEA_XX_wav2lip,data\synthetic\track2_fakes\videos\FAKE_T2_1020_IWW_DIS_XX__AUDIO_1020_IWW_FEA_XX_wav2lip.mp4,1,done,wav2lip,1020,IWW,disgust,fear,yes
FAKE_T2_1020_MTI_NEU_XX__AUDIO_1020_MTI_SAD_XX_wav2lip,data\synthetic\track2_fakes\videos\FAKE_T2_1020_MTI_NEU_XX__AUDIO_1020_MTI_SAD_XX_wav2lip.mp4,1,done,wav2lip,1020,MTI,neutral,sad,yes
FAKE_T2_1020_TAI_HAP_XX__AUDIO_1020_TAI_NEU_XX_wav2lip,data\synthetic\track2_fakes\videos\FAKE_T2_1020_TAI_HAP_XX__AUDIO_1020_TAI_NEU_XX_wav2lip.mp4,1,done,wav2lip,1020,TAI,happy,neutral,yes
FAKE_T2_1020_TIE_DIS_XX__AUDIO_1020_TIE_FEA_XX_wav2lip,data\synthetic\track2_fakes\videos\FAKE_T2_1020_TIE_DIS_XX__AUDIO_1020_TIE_FEA_XX_wav2lip.mp4,1,done,wav2lip,1020,TIE,disgust,fear,yes
FAKE_T2_1020_TIE_FEA_XX__AUDIO_1020_TIE_HAP_XX_wav2lip,data\synthetic\track2_fakes\videos\FAKE_T2_1020_TIE_FEA_XX__AUDIO_1020_TIE_HAP_XX_wav2lip.mp4,1,done,wav2lip,1020,TIE,fear,happy,yes
FAKE_T2_1020_TSI_NEU_XX__AUDIO_1020_TSI_SAD_XX_wav2lip,data\synthetic\track2_fakes\videos\FAKE_T2_1020_TSI_NEU_XX__AUDIO_1020_TSI_SAD_XX_wav2lip.mp4,1,done,wav2lip,1020,TSI,neutral,sad,yes
FAKE_T2_1020_TSI_SAD_XX__AUDIO_1020_TSI_ANG_XX_wav2lip,data\synthetic\track2_fakes\videos\FAKE_T2_1020_TSI_SAD_XX__AUDIO_1020_TSI_ANG_XX_wav2lip.mp4,1,done,wav2lip,1020,TSI,sad,angry,yes
FAKE_T2_1020_WSI_DIS_XX__AUDIO_1020_WSI_FEA_XX_wav2lip,data\synthetic\track2_fakes\videos\FAKE_T2_1020_WSI_DIS_XX__AUDIO_1020_WSI_FEA_XX_wav2lip.mp4,1,done,wav2lip,1020,WSI,disgust,fear,yes
FAKE_T2_1020_WSI_FEA_XX__AUDIO_1020_WSI_HAP_XX_wav2lip,data\synthetic\track2_fakes\videos\FAKE_T2_1020_WSI_FEA_XX__AUDIO_1020_WSI_HAP_XX_wav2lip.mp4,1,done,wav2lip,1020,WSI,fear,happy,yes
FAKE_T2_1020_WSI_NEU_XX__AUDIO_1020_WSI_SAD_XX_wav2lip,data\synthetic\track2_fakes\videos\FAKE_T2_1020_WSI_NEU_XX__AUDIO_1020_WSI_SAD_XX_wav2lip.mp4,1,done,wav2lip,1020,WSI,neutral,sad,yes
FAKE_T2_1021_DFA_ANG_XX__AUDIO_1021_DFA_DIS_XX_wav2lip,data\synthetic\track2_fakes\videos\FAKE_T2_1021_DFA_ANG_XX__AUDIO_1021_DFA_DIS_XX_wav2lip.mp4,1,done,wav2lip,1021,DFA,angry,disgust,yes
FAKE_T2_1021_DFA_DIS_XX__AUDIO_1021_DFA_FEA_XX_wav2lip,data\synthetic\track2_fakes\videos\FAKE_T2_1021_DFA_DIS_XX__AUDIO_1021_DFA_FEA_XX_wav2lip.mp4,1,done,wav2lip,1021,DFA,disgust,fear,yes
FAKE_T2_1021_DFA_NEU_XX__AUDIO_1021_DFA_SAD_XX_wav2lip,data\synthetic\track2_fakes\videos\FAKE_T2_1021_DFA_NEU_XX__AUDIO_1021_DFA_SAD_XX_wav2lip.mp4,1,done,wav2lip,1021,DFA,neutral,sad,yes
FAKE_T2_1021_IEO_ANG_MD__AUDIO_1021_IEO_DIS_MD_wav2lip,data\synthetic\track2_fakes\videos\FAKE_T2_1021_IEO_ANG_MD__AUDIO_1021_IEO_DIS_MD_wav2lip.mp4,1,done,wav2lip,1021,IEO,angry,disgust,yes
FAKE_T2_1021_IEO_FEA_HI__AUDIO_1021_IEO_HAP_HI_wav2lip,data\synthetic\track2_fakes\videos\FAKE_T2_1021_IEO_FEA_HI__AUDIO_1021_IEO_HAP_HI_wav2lip.mp4,1,done,wav2lip,1021,IEO,fear,happy,yes
FAKE_T2_1021_IEO_FEA_LO__AUDIO_1021_IEO_HAP_LO_wav2lip,data\synthetic\track2_fakes\videos\FAKE_T2_1021_IEO_FEA_LO__AUDIO_1021_IEO_HAP_LO_wav2lip.mp4,1,done,wav2lip,1021,IEO,fear,happy,yes
FAKE_T2_1021_IEO_HAP_HI__AUDIO_1021_IEO_NEU_XX_wav2lip,data\synthetic\track2_fakes\videos\FAKE_T2_1021_IEO_HAP_HI__AUDIO_1021_IEO_NEU_XX_wav2lip.mp4,1,done,wav2lip,1021,IEO,happy,neutral,yes
FAKE_T2_1021_IEO_HAP_MD__AUDIO_1021_IEO_NEU_XX_wav2lip,data\synthetic\track2_fakes\videos\FAKE_T2_1021_IEO_HAP_MD__AUDIO_1021_IEO_NEU_XX_wav2lip.mp4,1,done,wav2lip,1021,IEO,happy,neutral,yes
FAKE_T2_1021_IOM_DIS_XX__AUDIO_1021_IOM_FEA_XX_wav2lip,data\synthetic\track2_fakes\videos\FAKE_T2_1021_IOM_DIS_XX__AUDIO_1021_IOM_FEA_XX_wav2lip.mp4,1,done,wav2lip,1021,IOM,disgust,fear,yes
FAKE_T2_1021_ITH_DIS_XX__AUDIO_1021_ITH_FEA_XX_wav2lip,data\synthetic\track2_fakes\videos\FAKE_T2_1021_ITH_DIS_XX__AUDIO_1021_ITH_FEA_XX_wav2lip.mp4,1,done,wav2lip,1021,ITH,disgust,fear,yes
FAKE_T2_1021_ITH_HAP_XX__AUDIO_1021_ITH_NEU_XX_wav2lip,data\synthetic\track2_fakes\videos\FAKE_T2_1021_ITH_HAP_XX__AUDIO_1021_ITH_NEU_XX_wav2lip.mp4,1,done,wav2lip,1021,ITH,happy,neutral,yes
FAKE_T2_1021_ITS_NEU_XX__AUDIO_1021_ITS_SAD_XX_wav2lip,data\synthetic\track2_fakes\videos\FAKE_T2_1021_ITS_NEU_XX__AUDIO_1021_ITS_SAD_XX_wav2lip.mp4,1,done,wav2lip,1021,ITS,neutral,sad,yes
FAKE_T2_1021_IWL_FEA_XX__AUDIO_1021_IWL_HAP_XX_wav2lip,data\synthetic\track2_fakes\videos\FAKE_T2_1021_IWL_FEA_XX__AUDIO_1021_IWL_HAP_XX_wav2lip.mp4,1,done,wav2lip,1021,IWL,fear,happy,yes
FAKE_T2_1021_IWW_DIS_XX__AUDIO_1021_IWW_FEA_XX_wav2lip,data\synthetic\track2_fakes\videos\FAKE_T2_1021_IWW_DIS_XX__AUDIO_1021_IWW_FEA_XX_wav2lip.mp4,1,done,wav2lip,1021,IWW,disgust,fear,yes
FAKE_T2_1021_IWW_HAP_XX__AUDIO_1021_IWW_NEU_XX_wav2lip,data\synthetic\track2_fakes\videos\FAKE_T2_1021_IWW_HAP_XX__AUDIO_1021_IWW_NEU_XX_wav2lip.mp4,1,done,wav2lip,1021,IWW,happy,neutral,yes
FAKE_T2_1021_IWW_NEU_XX__AUDIO_1021_IWW_SAD_XX_wav2lip,data\synthetic\track2_fakes\videos\FAKE_T2_1021_IWW_NEU_XX__AUDIO_1021_IWW_SAD_XX_wav2lip.mp4,1,done,wav2lip,1021,IWW,neutral,sad,yes
FAKE_T2_1021_IWW_SAD_XX__AUDIO_1021_IWW_ANG_XX_wav2lip,data\synthetic\track2_fakes\videos\FAKE_T2_1021_IWW_SAD_XX__AUDIO_1021_IWW_ANG_XX_wav2lip.mp4,1,done,wav2lip,1021,IWW,sad,angry,yes
FAKE_T2_1021_MTI_DIS_XX__AUDIO_1021_MTI_FEA_XX_wav2lip,data\synthetic\track2_fakes\videos\FAKE_T2_1021_MTI_DIS_XX__AUDIO_1021_MTI_FEA_XX_wav2lip.mp4,1,done,wav2lip,1021,MTI,disgust,fear,yes
FAKE_T2_1021_MTI_NEU_XX__AUDIO_1021_MTI_SAD_XX_wav2lip,data\synthetic\track2_fakes\videos\FAKE_T2_1021_MTI_NEU_XX__AUDIO_1021_MTI_SAD_XX_wav2lip.mp4,1,done,wav2lip,1021,MTI,neutral,sad,yes
FAKE_T2_1021_TAI_DIS_XX__AUDIO_1021_TAI_FEA_XX_wav2lip,data\synthetic\track2_fakes\videos\FAKE_T2_1021_TAI_DIS_XX__AUDIO_1021_TAI_FEA_XX_wav2lip.mp4,1,done,wav2lip,1021,TAI,disgust,fear,yes
FAKE_T2_1021_TAI_SAD_XX__AUDIO_1021_TAI_ANG_XX_wav2lip,data\synthetic\track2_fakes\videos\FAKE_T2_1021_TAI_SAD_XX__AUDIO_1021_TAI_ANG_XX_wav2lip.mp4,1,done,wav2lip,1021,TAI,sad,angry,yes
FAKE_T2_1021_TSI_NEU_XX__AUDIO_1021_TSI_SAD_XX_wav2lip,data\synthetic\track2_fakes\videos\FAKE_T2_1021_TSI_NEU_XX__AUDIO_1021_TSI_SAD_XX_wav2lip.mp4,1,done,wav2lip,1021,TSI,neutral,sad,yes
FAKE_T2_1021_WSI_DIS_XX__AUDIO_1021_WSI_FEA_XX_wav2lip,data\synthetic\track2_fakes\videos\FAKE_T2_1021_WSI_DIS_XX__AUDIO_1021_WSI_FEA_XX_wav2lip.mp4,1,done,wav2lip,1021,WSI,disgust,fear,yes
FAKE_T2_1021_WSI_FEA_XX__AUDIO_1021_WSI_HAP_XX_wav2lip,data\synthetic\track2_fakes\videos\FAKE_T2_1021_WSI_FEA_XX__AUDIO_1021_WSI_HAP_XX_wav2lip.mp4,1,done,wav2lip,1021,WSI,fear,happy,yes
FAKE_T2_1021_WSI_NEU_XX__AUDIO_1021_WSI_SAD_XX_wav2lip,data\synthetic\track2_fakes\videos\FAKE_T2_1021_WSI_NEU_XX__AUDIO_1021_WSI_SAD_XX_wav2lip.mp4,1,done,wav2lip,1021,WSI,neutral,sad,yes
FAKE_T2_1022_IEO_ANG_LO__AUDIO_1022_IEO_DIS_LO_wav2lip,data\synthetic\track2_fakes\videos\FAKE_T2_1022_IEO_ANG_LO__AUDIO_1022_IEO_DIS_LO_wav2lip.mp4,1,done,wav2lip,1022,IEO,angry,disgust,yes
FAKE_T2_1022_IEO_HAP_LO__AUDIO_1022_IEO_NEU_XX_wav2lip,data\synthetic\track2_fakes\videos\FAKE_T2_1022_IEO_HAP_LO__AUDIO_1022_IEO_NEU_XX_wav2lip.mp4,1,done,wav2lip,1022,IEO,happy,neutral,yes
FAKE_T2_1022_IEO_SAD_LO__AUDIO_1022_IEO_ANG_LO_wav2lip,data\synthetic\track2_fakes\videos\FAKE_T2_1022_IEO_SAD_LO__AUDIO_1022_IEO_ANG_LO_wav2lip.mp4,1,done,wav2lip,1022,IEO,sad,angry,yes
FAKE_T2_1022_IOM_ANG_XX__AUDIO_1022_IOM_DIS_XX_wav2lip,data\synthetic\track2_fakes\videos\FAKE_T2_1022_IOM_ANG_XX__AUDIO_1022_IOM_DIS_XX_wav2lip.mp4,1,done,wav2lip,1022,IOM,angry,disgust,yes
FAKE_T2_1022_IOM_FEA_XX__AUDIO_1022_IOM_HAP_XX_wav2lip,data\synthetic\track2_fakes\videos\FAKE_T2_1022_IOM_FEA_XX__AUDIO_1022_IOM_HAP_XX_wav2lip.mp4,1,done,wav2lip,1022,IOM,fear,happy,yes
FAKE_T2_1022_IOM_HAP_XX__AUDIO_1022_IOM_NEU_XX_wav2lip,data\synthetic\track2_fakes\videos\FAKE_T2_1022_IOM_HAP_XX__AUDIO_1022_IOM_NEU_XX_wav2lip.mp4,1,done,wav2lip,1022,IOM,happy,neutral,yes
FAKE_T2_1022_IOM_NEU_XX__AUDIO_1022_IOM_SAD_XX_wav2lip,data\synthetic\track2_fakes\videos\FAKE_T2_1022_IOM_NEU_XX__AUDIO_1022_IOM_SAD_XX_wav2lip.mp4,1,done,wav2lip,1022,IOM,neutral,sad,yes
FAKE_T2_1022_ITH_DIS_XX__AUDIO_1022_ITH_FEA_XX_wav2lip,data\synthetic\track2_fakes\videos\FAKE_T2_1022_ITH_DIS_XX__AUDIO_1022_ITH_FEA_XX_wav2lip.mp4,1,done,wav2lip,1022,ITH,disgust,fear,yes
FAKE_T2_1022_ITH_FEA_XX__AUDIO_1022_ITH_HAP_XX_wav2lip,data\synthetic\track2_fakes\videos\FAKE_T2_1022_ITH_FEA_XX__AUDIO_1022_ITH_HAP_XX_wav2lip.mp4,1,done,wav2lip,1022,ITH,fear,happy,yes
FAKE_T2_1022_ITH_HAP_XX__AUDIO_1022_ITH_NEU_XX_wav2lip,data\synthetic\track2_fakes\videos\FAKE_T2_1022_ITH_HAP_XX__AUDIO_1022_ITH_NEU_XX_wav2lip.mp4,1,done,wav2lip,1022,ITH,happy,neutral,yes
FAKE_T2_1022_ITS_DIS_XX__AUDIO_1022_ITS_FEA_XX_wav2lip,data\synthetic\track2_fakes\videos\FAKE_T2_1022_ITS_DIS_XX__AUDIO_1022_ITS_FEA_XX_wav2lip.mp4,1,done,wav2lip,1022,ITS,disgust,fear,yes
FAKE_T2_1022_ITS_SAD_XX__AUDIO_1022_ITS_ANG_XX_wav2lip,data\synthetic\track2_fakes\videos\FAKE_T2_1022_ITS_SAD_XX__AUDIO_1022_ITS_ANG_XX_wav2lip.mp4,1,done,wav2lip,1022,ITS,sad,angry,yes
FAKE_T2_1022_IWL_ANG_XX__AUDIO_1022_IWL_DIS_XX_wav2lip,data\synthetic\track2_fakes\videos\FAKE_T2_1022_IWL_ANG_XX__AUDIO_1022_IWL_DIS_XX_wav2lip.mp4,1,done,wav2lip,1022,IWL,angry,disgust,yes
FAKE_T2_1022_IWL_FEA_XX__AUDIO_1022_IWL_HAP_XX_wav2lip,data\synthetic\track2_fakes\videos\FAKE_T2_1022_IWL_FEA_XX__AUDIO_1022_IWL_HAP_XX_wav2lip.mp4,1,done,wav2lip,1022,IWL,fear,happy,yes
FAKE_T2_1022_IWL_HAP_XX__AUDIO_1022_IWL_NEU_XX_wav2lip,data\synthetic\track2_fakes\videos\FAKE_T2_1022_IWL_HAP_XX__AUDIO_1022_IWL_NEU_XX_wav2lip.mp4,1,done,wav2lip,1022,IWL,happy,neutral,yes
FAKE_T2_1022_IWL_NEU_XX__AUDIO_1022_IWL_SAD_XX_wav2lip,data\synthetic\track2_fakes\videos\FAKE_T2_1022_IWL_NEU_XX__AUDIO_1022_IWL_SAD_XX_wav2lip.mp4,1,done,wav2lip,1022,IWL,neutral,sad,yes
FAKE_T2_1022_IWW_ANG_XX__AUDIO_1022_IWW_DIS_XX_wav2lip,data\synthetic\track2_fakes\videos\FAKE_T2_1022_IWW_ANG_XX__AUDIO_1022_IWW_DIS_XX_wav2lip.mp4,1,done,wav2lip,1022,IWW,angry,disgust,yes
FAKE_T2_1022_MTI_SAD_XX__AUDIO_1022_MTI_ANG_XX_wav2lip,data\synthetic\track2_fakes\videos\FAKE_T2_1022_MTI_SAD_XX__AUDIO_1022_MTI_ANG_XX_wav2lip.mp4,1,done,wav2lip,1022,MTI,sad,angry,yes
FAKE_T2_1022_TAI_HAP_XX__AUDIO_1022_TAI_NEU_XX_wav2lip,data\synthetic\track2_fakes\videos\FAKE_T2_1022_TAI_HAP_XX__AUDIO_1022_TAI_NEU_XX_wav2lip.mp4,1,done,wav2lip,1022,TAI,happy,neutral,yes
FAKE_T2_1022_TIE_DIS_XX__AUDIO_1022_TIE_FEA_XX_wav2lip,data\synthetic\track2_fakes\videos\FAKE_T2_1022_TIE_DIS_XX__AUDIO_1022_TIE_FEA_XX_wav2lip.mp4,1,done,wav2lip,1022,TIE,disgust,fear,yes
FAKE_T2_1022_TIE_FEA_XX__AUDIO_1022_TIE_HAP_XX_wav2lip,data\synthetic\track2_fakes\videos\FAKE_T2_1022_TIE_FEA_XX__AUDIO_1022_TIE_HAP_XX_wav2lip.mp4,1,done,wav2lip,1022,TIE,fear,happy,yes
FAKE_T2_1022_TIE_HAP_XX__AUDIO_1022_TIE_NEU_XX_wav2lip,data\synthetic\track2_fakes\videos\FAKE_T2_1022_TIE_HAP_XX__AUDIO_1022_TIE_NEU_XX_wav2lip.mp4,1,done,wav2lip,1022,TIE,happy,neutral,yes
FAKE_T2_1022_TIE_NEU_XX__AUDIO_1022_TIE_SAD_XX_wav2lip,data\synthetic\track2_fakes\videos\FAKE_T2_1022_TIE_NEU_XX__AUDIO_1022_TIE_SAD_XX_wav2lip.mp4,1,done,wav2lip,1022,TIE,neutral,sad,yes
FAKE_T2_1022_WSI_DIS_XX__AUDIO_1022_WSI_FEA_XX_wav2lip,data\synthetic\track2_fakes\videos\FAKE_T2_1022_WSI_DIS_XX__AUDIO_1022_WSI_FEA_XX_wav2lip.mp4,1,done,wav2lip,1022,WSI,disgust,fear,yes
FAKE_T2_1022_WSI_NEU_XX__AUDIO_1022_WSI_SAD_XX_wav2lip,data\synthetic\track2_fakes\videos\FAKE_T2_1022_WSI_NEU_XX__AUDIO_1022_WSI_SAD_XX_wav2lip.mp4,1,done,wav2lip,1022,WSI,neutral,sad,yes
FAKE_T2_1023_DFA_SAD_XX__AUDIO_1023_DFA_ANG_XX_wav2lip,data\synthetic\track2_fakes\videos\FAKE_T2_1023_DFA_SAD_XX__AUDIO_1023_DFA_ANG_XX_wav2lip.mp4,1,done,wav2lip,1023,DFA,sad,angry,yes
FAKE_T2_1023_IEO_ANG_HI__AUDIO_1023_IEO_DIS_HI_wav2lip,data\synthetic\track2_fakes\videos\FAKE_T2_1023_IEO_ANG_HI__AUDIO_1023_IEO_DIS_HI_wav2lip.mp4,1,done,wav2lip,1023,IEO,angry,disgust,yes
FAKE_T2_1023_IEO_DIS_HI__AUDIO_1023_IEO_FEA_HI_wav2lip,data\synthetic\track2_fakes\videos\FAKE_T2_1023_IEO_DIS_HI__AUDIO_1023_IEO_FEA_HI_wav2lip.mp4,1,done,wav2lip,1023,IEO,disgust,fear,yes
FAKE_T2_1023_IEO_DIS_LO__AUDIO_1023_IEO_FEA_LO_wav2lip,data\synthetic\track2_fakes\videos\FAKE_T2_1023_IEO_DIS_LO__AUDIO_1023_IEO_FEA_LO_wav2lip.mp4,1,done,wav2lip,1023,IEO,disgust,fear,yes
FAKE_T2_1023_IEO_FEA_LO__AUDIO_1023_IEO_HAP_LO_wav2lip,data\synthetic\track2_fakes\videos\FAKE_T2_1023_IEO_FEA_LO__AUDIO_1023_IEO_HAP_LO_wav2lip.mp4,1,done,wav2lip,1023,IEO,fear,happy,yes
FAKE_T2_1023_IEO_HAP_LO__AUDIO_1023_IEO_NEU_XX_wav2lip,data\synthetic\track2_fakes\videos\FAKE_T2_1023_IEO_HAP_LO__AUDIO_1023_IEO_NEU_XX_wav2lip.mp4,1,done,wav2lip,1023,IEO,happy,neutral,yes
FAKE_T2_1023_IEO_HAP_MD__AUDIO_1023_IEO_NEU_XX_wav2lip,data\synthetic\track2_fakes\videos\FAKE_T2_1023_IEO_HAP_MD__AUDIO_1023_IEO_NEU_XX_wav2lip.mp4,1,done,wav2lip,1023,IEO,happy,neutral,yes
FAKE_T2_1023_IEO_NEU_XX__AUDIO_1023_IEO_SAD_HI_wav2lip,data\synthetic\track2_fakes\videos\FAKE_T2_1023_IEO_NEU_XX__AUDIO_1023_IEO_SAD_HI_wav2lip.mp4,1,done,wav2lip,1023,IEO,neutral,sad,yes
FAKE_T2_1023_IEO_SAD_MD__AUDIO_1023_IEO_ANG_MD_wav2lip,data\synthetic\track2_fakes\videos\FAKE_T2_1023_IEO_SAD_MD__AUDIO_1023_IEO_ANG_MD_wav2lip.mp4,1,done,wav2lip,1023,IEO,sad,angry,yes
FAKE_T2_1023_IOM_DIS_XX__AUDIO_1023_IOM_FEA_XX_wav2lip,data\synthetic\track2_fakes\videos\FAKE_T2_1023_IOM_DIS_XX__AUDIO_1023_IOM_FEA_XX_wav2lip.mp4,1,done,wav2lip,1023,IOM,disgust,fear,yes
FAKE_T2_1023_IOM_HAP_XX__AUDIO_1023_IOM_NEU_XX_wav2lip,data\synthetic\track2_fakes\videos\FAKE_T2_1023_IOM_HAP_XX__AUDIO_1023_IOM_NEU_XX_wav2lip.mp4,1,done,wav2lip,1023,IOM,happy,neutral,yes
FAKE_T2_1023_ITH_ANG_XX__AUDIO_1023_ITH_DIS_XX_wav2lip,data\synthetic\track2_fakes\videos\FAKE_T2_1023_ITH_ANG_XX__AUDIO_1023_ITH_DIS_XX_wav2lip.mp4,1,done,wav2lip,1023,ITH,angry,disgust,yes
FAKE_T2_1023_ITS_ANG_XX__AUDIO_1023_ITS_DIS_XX_wav2lip,data\synthetic\track2_fakes\videos\FAKE_T2_1023_ITS_ANG_XX__AUDIO_1023_ITS_DIS_XX_wav2lip.mp4,1,done,wav2lip,1023,ITS,angry,disgust,yes
FAKE_T2_1023_ITS_NEU_XX__AUDIO_1023_ITS_SAD_XX_wav2lip,data\synthetic\track2_fakes\videos\FAKE_T2_1023_ITS_NEU_XX__AUDIO_1023_ITS_SAD_XX_wav2lip.mp4,1,done,wav2lip,1023,ITS,neutral,sad,yes
FAKE_T2_1023_IWL_NEU_XX__AUDIO_1023_IWL_SAD_XX_wav2lip,data\synthetic\track2_fakes\videos\FAKE_T2_1023_IWL_NEU_XX__AUDIO_1023_IWL_SAD_XX_wav2lip.mp4,1,done,wav2lip,1023,IWL,neutral,sad,yes
FAKE_T2_1023_IWW_ANG_XX__AUDIO_1023_IWW_DIS_XX_wav2lip,data\synthetic\track2_fakes\videos\FAKE_T2_1023_IWW_ANG_XX__AUDIO_1023_IWW_DIS_XX_wav2lip.mp4,1,done,wav2lip,1023,IWW,angry,disgust,yes
FAKE_T2_1023_IWW_NEU_XX__AUDIO_1023_IWW_SAD_XX_wav2lip,data\synthetic\track2_fakes\videos\FAKE_T2_1023_IWW_NEU_XX__AUDIO_1023_IWW_SAD_XX_wav2lip.mp4,1,done,wav2lip,1023,IWW,neutral,sad,yes
FAKE_T2_1023_MTI_HAP_XX__AUDIO_1023_MTI_NEU_XX_wav2lip,data\synthetic\track2_fakes\videos\FAKE_T2_1023_MTI_HAP_XX__AUDIO_1023_MTI_NEU_XX_wav2lip.mp4,1,done,wav2lip,1023,MTI,happy,neutral,yes
FAKE_T2_1023_TAI_NEU_XX__AUDIO_1023_TAI_SAD_XX_wav2lip,data\synthetic\track2_fakes\videos\FAKE_T2_1023_TAI_NEU_XX__AUDIO_1023_TAI_SAD_XX_wav2lip.mp4,1,done,wav2lip,1023,TAI,neutral,sad,yes
FAKE_T2_1023_TIE_DIS_XX__AUDIO_1023_TIE_FEA_XX_wav2lip,data\synthetic\track2_fakes\videos\FAKE_T2_1023_TIE_DIS_XX__AUDIO_1023_TIE_FEA_XX_wav2lip.mp4,1,done,wav2lip,1023,TIE,disgust,fear,yes
FAKE_T2_1023_TIE_HAP_XX__AUDIO_1023_TIE_NEU_XX_wav2lip,data\synthetic\track2_fakes\videos\FAKE_T2_1023_TIE_HAP_XX__AUDIO_1023_TIE_NEU_XX_wav2lip.mp4,1,done,wav2lip,1023,TIE,happy,neutral,yes
FAKE_T2_1023_TSI_DIS_XX__AUDIO_1023_TSI_FEA_XX_wav2lip,data\synthetic\track2_fakes\videos\FAKE_T2_1023_TSI_DIS_XX__AUDIO_1023_TSI_FEA_XX_wav2lip.mp4,1,done,wav2lip,1023,TSI,disgust,fear,yes
FAKE_T2_1023_TSI_FEA_XX__AUDIO_1023_TSI_HAP_XX_wav2lip,data\synthetic\track2_fakes\videos\FAKE_T2_1023_TSI_FEA_XX__AUDIO_1023_TSI_HAP_XX_wav2lip.mp4,1,done,wav2lip,1023,TSI,fear,happy,yes
FAKE_T2_1023_TSI_HAP_XX__AUDIO_1023_TSI_NEU_XX_wav2lip,data\synthetic\track2_fakes\videos\FAKE_T2_1023_TSI_HAP_XX__AUDIO_1023_TSI_NEU_XX_wav2lip.mp4,1,done,wav2lip,1023,TSI,happy,neutral,yes
FAKE_T2_1023_WSI_HAP_XX__AUDIO_1023_WSI_NEU_XX_wav2lip,data\synthetic\track2_fakes\videos\FAKE_T2_1023_WSI_HAP_XX__AUDIO_1023_WSI_NEU_XX_wav2lip.mp4,1,done,wav2lip,1023,WSI,happy,neutral,yes
FAKE_T2_1024_DFA_NEU_XX__AUDIO_1024_DFA_SAD_XX_wav2lip,data\synthetic\track2_fakes\videos\FAKE_T2_1024_DFA_NEU_XX__AUDIO_1024_DFA_SAD_XX_wav2lip.mp4,1,done,wav2lip,1024,DFA,neutral,sad,yes
FAKE_T2_1024_IEO_ANG_HI__AUDIO_1024_IEO_DIS_HI_wav2lip,data\synthetic\track2_fakes\videos\FAKE_T2_1024_IEO_ANG_HI__AUDIO_1024_IEO_DIS_HI_wav2lip.mp4,1,done,wav2lip,1024,IEO,angry,disgust,yes
FAKE_T2_1024_IEO_DIS_LO__AUDIO_1024_IEO_FEA_LO_wav2lip,data\synthetic\track2_fakes\videos\FAKE_T2_1024_IEO_DIS_LO__AUDIO_1024_IEO_FEA_LO_wav2lip.mp4,1,done,wav2lip,1024,IEO,disgust,fear,yes
FAKE_T2_1024_IEO_DIS_MD__AUDIO_1024_IEO_FEA_MD_wav2lip,data\synthetic\track2_fakes\videos\FAKE_T2_1024_IEO_DIS_MD__AUDIO_1024_IEO_FEA_MD_wav2lip.mp4,1,done,wav2lip,1024,IEO,disgust,fear,yes
FAKE_T2_1024_IEO_FEA_HI__AUDIO_1024_IEO_HAP_HI_wav2lip,data\synthetic\track2_fakes\videos\FAKE_T2_1024_IEO_FEA_HI__AUDIO_1024_IEO_HAP_HI_wav2lip.mp4,1,done,wav2lip,1024,IEO,fear,happy,yes
FAKE_T2_1024_IEO_FEA_LO__AUDIO_1024_IEO_HAP_LO_wav2lip,data\synthetic\track2_fakes\videos\FAKE_T2_1024_IEO_FEA_LO__AUDIO_1024_IEO_HAP_LO_wav2lip.mp4,1,done,wav2lip,1024,IEO,fear,happy,yes
FAKE_T2_1024_IEO_HAP_LO__AUDIO_1024_IEO_NEU_XX_wav2lip,data\synthetic\track2_fakes\videos\FAKE_T2_1024_IEO_HAP_LO__AUDIO_1024_IEO_NEU_XX_wav2lip.mp4,1,done,wav2lip,1024,IEO,happy,neutral,yes
FAKE_T2_1024_IOM_ANG_XX__AUDIO_1024_IOM_DIS_XX_wav2lip,data\synthetic\track2_fakes\videos\FAKE_T2_1024_IOM_ANG_XX__AUDIO_1024_IOM_DIS_XX_wav2lip.mp4,1,done,wav2lip,1024,IOM,angry,disgust,yes
FAKE_T2_1024_IOM_FEA_XX__AUDIO_1024_IOM_HAP_XX_wav2lip,data\synthetic\track2_fakes\videos\FAKE_T2_1024_IOM_FEA_XX__AUDIO_1024_IOM_HAP_XX_wav2lip.mp4,1,done,wav2lip,1024,IOM,fear,happy,yes
FAKE_T2_1024_ITH_DIS_XX__AUDIO_1024_ITH_FEA_XX_wav2lip,data\synthetic\track2_fakes\videos\FAKE_T2_1024_ITH_DIS_XX__AUDIO_1024_ITH_FEA_XX_wav2lip.mp4,1,done,wav2lip,1024,ITH,disgust,fear,yes
FAKE_T2_1024_ITH_FEA_XX__AUDIO_1024_ITH_HAP_XX_wav2lip,data\synthetic\track2_fakes\videos\FAKE_T2_1024_ITH_FEA_XX__AUDIO_1024_ITH_HAP_XX_wav2lip.mp4,1,done,wav2lip,1024,ITH,fear,happy,yes
FAKE_T2_1024_ITH_SAD_XX__AUDIO_1024_ITH_ANG_XX_wav2lip,data\synthetic\track2_fakes\videos\FAKE_T2_1024_ITH_SAD_XX__AUDIO_1024_ITH_ANG_XX_wav2lip.mp4,1,done,wav2lip,1024,ITH,sad,angry,yes
FAKE_T2_1024_ITS_ANG_XX__AUDIO_1024_ITS_DIS_XX_wav2lip,data\synthetic\track2_fakes\videos\FAKE_T2_1024_ITS_ANG_XX__AUDIO_1024_ITS_DIS_XX_wav2lip.mp4,1,done,wav2lip,1024,ITS,angry,disgust,yes
FAKE_T2_1024_ITS_FEA_XX__AUDIO_1024_ITS_HAP_XX_wav2lip,data\synthetic\track2_fakes\videos\FAKE_T2_1024_ITS_FEA_XX__AUDIO_1024_ITS_HAP_XX_wav2lip.mp4,1,done,wav2lip,1024,ITS,fear,happy,yes
FAKE_T2_1024_ITS_HAP_XX__AUDIO_1024_ITS_NEU_XX_wav2lip,data\synthetic\track2_fakes\videos\FAKE_T2_1024_ITS_HAP_XX__AUDIO_1024_ITS_NEU_XX_wav2lip.mp4,1,done,wav2lip,1024,ITS,happy,neutral,yes
FAKE_T2_1024_IWL_FEA_XX__AUDIO_1024_IWL_HAP_XX_wav2lip,data\synthetic\track2_fakes\videos\FAKE_T2_1024_IWL_FEA_XX__AUDIO_1024_IWL_HAP_XX_wav2lip.mp4,1,done,wav2lip,1024,IWL,fear,happy,yes
FAKE_T2_1024_IWW_FEA_XX__AUDIO_1024_IWW_HAP_XX_wav2lip,data\synthetic\track2_fakes\videos\FAKE_T2_1024_IWW_FEA_XX__AUDIO_1024_IWW_HAP_XX_wav2lip.mp4,1,done,wav2lip,1024,IWW,fear,happy,yes
FAKE_T2_1024_MTI_DIS_XX__AUDIO_1024_MTI_FEA_XX_wav2lip,data\synthetic\track2_fakes\videos\FAKE_T2_1024_MTI_DIS_XX__AUDIO_1024_MTI_FEA_XX_wav2lip.mp4,1,done,wav2lip,1024,MTI,disgust,fear,yes
FAKE_T2_1024_MTI_HAP_XX__AUDIO_1024_MTI_NEU_XX_wav2lip,data\synthetic\track2_fakes\videos\FAKE_T2_1024_MTI_HAP_XX__AUDIO_1024_MTI_NEU_XX_wav2lip.mp4,1,done,wav2lip,1024,MTI,happy,neutral,yes
FAKE_T2_1024_TIE_FEA_XX__AUDIO_1024_TIE_HAP_XX_wav2lip,data\synthetic\track2_fakes\videos\FAKE_T2_1024_TIE_FEA_XX__AUDIO_1024_TIE_HAP_XX_wav2lip.mp4,1,done,wav2lip,1024,TIE,fear,happy,yes
FAKE_T2_1024_TIE_HAP_XX__AUDIO_1024_TIE_NEU_XX_wav2lip,data\synthetic\track2_fakes\videos\FAKE_T2_1024_TIE_HAP_XX__AUDIO_1024_TIE_NEU_XX_wav2lip.mp4,1,done,wav2lip,1024,TIE,happy,neutral,yes
FAKE_T2_1024_TIE_SAD_XX__AUDIO_1024_TIE_ANG_XX_wav2lip,data\synthetic\track2_fakes\videos\FAKE_T2_1024_TIE_SAD_XX__AUDIO_1024_TIE_ANG_XX_wav2lip.mp4,1,done,wav2lip,1024,TIE,sad,angry,yes
FAKE_T2_1024_TSI_DIS_XX__AUDIO_1024_TSI_FEA_XX_wav2lip,data\synthetic\track2_fakes\videos\FAKE_T2_1024_TSI_DIS_XX__AUDIO_1024_TSI_FEA_XX_wav2lip.mp4,1,done,wav2lip,1024,TSI,disgust,fear,yes
FAKE_T2_1024_TSI_HAP_XX__AUDIO_1024_TSI_NEU_XX_wav2lip,data\synthetic\track2_fakes\videos\FAKE_T2_1024_TSI_HAP_XX__AUDIO_1024_TSI_NEU_XX_wav2lip.mp4,1,done,wav2lip,1024,TSI,happy,neutral,yes
FAKE_T2_1024_WSI_NEU_XX__AUDIO_1024_WSI_SAD_XX_wav2lip,data\synthetic\track2_fakes\videos\FAKE_T2_1024_WSI_NEU_XX__AUDIO_1024_WSI_SAD_XX_wav2lip.mp4,1,done,wav2lip,1024,WSI,neutral,sad,yes
FAKE_T2_1025_DFA_FEA_XX__AUDIO_1025_DFA_HAP_XX_wav2lip,data\synthetic\track2_fakes\videos\FAKE_T2_1025_DFA_FEA_XX__AUDIO_1025_DFA_HAP_XX_wav2lip.mp4,1,done,wav2lip,1025,DFA,fear,happy,yes
FAKE_T2_1025_IEO_DIS_HI__AUDIO_1025_IEO_FEA_HI_wav2lip,data\synthetic\track2_fakes\videos\FAKE_T2_1025_IEO_DIS_HI__AUDIO_1025_IEO_FEA_HI_wav2lip.mp4,1,done,wav2lip,1025,IEO,disgust,fear,yes
FAKE_T2_1025_IEO_DIS_LO__AUDIO_1025_IEO_FEA_LO_wav2lip,data\synthetic\track2_fakes\videos\FAKE_T2_1025_IEO_DIS_LO__AUDIO_1025_IEO_FEA_LO_wav2lip.mp4,1,done,wav2lip,1025,IEO,disgust,fear,yes
FAKE_T2_1025_IEO_HAP_LO__AUDIO_1025_IEO_NEU_XX_wav2lip,data\synthetic\track2_fakes\videos\FAKE_T2_1025_IEO_HAP_LO__AUDIO_1025_IEO_NEU_XX_wav2lip.mp4,1,done,wav2lip,1025,IEO,happy,neutral,yes
FAKE_T2_1025_IOM_HAP_XX__AUDIO_1025_IOM_NEU_XX_wav2lip,data\synthetic\track2_fakes\videos\FAKE_T2_1025_IOM_HAP_XX__AUDIO_1025_IOM_NEU_XX_wav2lip.mp4,1,done,wav2lip,1025,IOM,happy,neutral,yes
FAKE_T2_1025_IOM_SAD_XX__AUDIO_1025_IOM_ANG_XX_wav2lip,data\synthetic\track2_fakes\videos\FAKE_T2_1025_IOM_SAD_XX__AUDIO_1025_IOM_ANG_XX_wav2lip.mp4,1,done,wav2lip,1025,IOM,sad,angry,yes
FAKE_T2_1025_ITH_ANG_XX__AUDIO_1025_ITH_DIS_XX_wav2lip,data\synthetic\track2_fakes\videos\FAKE_T2_1025_ITH_ANG_XX__AUDIO_1025_ITH_DIS_XX_wav2lip.mp4,1,done,wav2lip,1025,ITH,angry,disgust,yes
FAKE_T2_1025_ITH_HAP_XX__AUDIO_1025_ITH_NEU_XX_wav2lip,data\synthetic\track2_fakes\videos\FAKE_T2_1025_ITH_HAP_XX__AUDIO_1025_ITH_NEU_XX_wav2lip.mp4,1,done,wav2lip,1025,ITH,happy,neutral,yes
FAKE_T2_1025_ITS_DIS_XX__AUDIO_1025_ITS_FEA_XX_wav2lip,data\synthetic\track2_fakes\videos\FAKE_T2_1025_ITS_DIS_XX__AUDIO_1025_ITS_FEA_XX_wav2lip.mp4,1,done,wav2lip,1025,ITS,disgust,fear,yes
FAKE_T2_1025_ITS_NEU_XX__AUDIO_1025_ITS_SAD_XX_wav2lip,data\synthetic\track2_fakes\videos\FAKE_T2_1025_ITS_NEU_XX__AUDIO_1025_ITS_SAD_XX_wav2lip.mp4,1,done,wav2lip,1025,ITS,neutral,sad,yes
FAKE_T2_1025_IWL_NEU_XX__AUDIO_1025_IWL_SAD_XX_wav2lip,data\synthetic\track2_fakes\videos\FAKE_T2_1025_IWL_NEU_XX__AUDIO_1025_IWL_SAD_XX_wav2lip.mp4,1,done,wav2lip,1025,IWL,neutral,sad,yes
FAKE_T2_1025_IWL_SAD_XX__AUDIO_1025_IWL_ANG_XX_wav2lip,data\synthetic\track2_fakes\videos\FAKE_T2_1025_IWL_SAD_XX__AUDIO_1025_IWL_ANG_XX_wav2lip.mp4,1,done,wav2lip,1025,IWL,sad,angry,yes
FAKE_T2_1025_IWW_ANG_XX__AUDIO_1025_IWW_DIS_XX_wav2lip,data\synthetic\track2_fakes\videos\FAKE_T2_1025_IWW_ANG_XX__AUDIO_1025_IWW_DIS_XX_wav2lip.mp4,1,done,wav2lip,1025,IWW,angry,disgust,yes
FAKE_T2_1025_IWW_DIS_XX__AUDIO_1025_IWW_FEA_XX_wav2lip,data\synthetic\track2_fakes\videos\FAKE_T2_1025_IWW_DIS_XX__AUDIO_1025_IWW_FEA_XX_wav2lip.mp4,1,done,wav2lip,1025,IWW,disgust,fear,yes
FAKE_T2_1025_MTI_ANG_XX__AUDIO_1025_MTI_DIS_XX_wav2lip,data\synthetic\track2_fakes\videos\FAKE_T2_1025_MTI_ANG_XX__AUDIO_1025_MTI_DIS_XX_wav2lip.mp4,1,done,wav2lip,1025,MTI,angry,disgust,yes
FAKE_T2_1025_TAI_ANG_XX__AUDIO_1025_TAI_DIS_XX_wav2lip,data\synthetic\track2_fakes\videos\FAKE_T2_1025_TAI_ANG_XX__AUDIO_1025_TAI_DIS_XX_wav2lip.mp4,1,done,wav2lip,1025,TAI,angry,disgust,yes
FAKE_T2_1025_TAI_FEA_XX__AUDIO_1025_TAI_HAP_XX_wav2lip,data\synthetic\track2_fakes\videos\FAKE_T2_1025_TAI_FEA_XX__AUDIO_1025_TAI_HAP_XX_wav2lip.mp4,1,done,wav2lip,1025,TAI,fear,happy,yes
FAKE_T2_1025_TAI_HAP_XX__AUDIO_1025_TAI_NEU_XX_wav2lip,data\synthetic\track2_fakes\videos\FAKE_T2_1025_TAI_HAP_XX__AUDIO_1025_TAI_NEU_XX_wav2lip.mp4,1,done,wav2lip,1025,TAI,happy,neutral,yes
FAKE_T2_1025_TIE_ANG_XX__AUDIO_1025_TIE_DIS_XX_wav2lip,data\synthetic\track2_fakes\videos\FAKE_T2_1025_TIE_ANG_XX__AUDIO_1025_TIE_DIS_XX_wav2lip.mp4,1,done,wav2lip,1025,TIE,angry,disgust,yes
FAKE_T2_1025_TIE_DIS_XX__AUDIO_1025_TIE_FEA_XX_wav2lip,data\synthetic\track2_fakes\videos\FAKE_T2_1025_TIE_DIS_XX__AUDIO_1025_TIE_FEA_XX_wav2lip.mp4,1,done,wav2lip,1025,TIE,disgust,fear,yes
FAKE_T2_1025_TIE_NEU_XX__AUDIO_1025_TIE_SAD_XX_wav2lip,data\synthetic\track2_fakes\videos\FAKE_T2_1025_TIE_NEU_XX__AUDIO_1025_TIE_SAD_XX_wav2lip.mp4,1,done,wav2lip,1025,TIE,neutral,sad,yes
FAKE_T2_1025_TSI_HAP_XX__AUDIO_1025_TSI_NEU_XX_wav2lip,data\synthetic\track2_fakes\videos\FAKE_T2_1025_TSI_HAP_XX__AUDIO_1025_TSI_NEU_XX_wav2lip.mp4,1,done,wav2lip,1025,TSI,happy,neutral,yes
FAKE_T2_1025_TSI_NEU_XX__AUDIO_1025_TSI_SAD_XX_wav2lip,data\synthetic\track2_fakes\videos\FAKE_T2_1025_TSI_NEU_XX__AUDIO_1025_TSI_SAD_XX_wav2lip.mp4,1,done,wav2lip,1025,TSI,neutral,sad,yes
FAKE_T2_1025_TSI_SAD_XX__AUDIO_1025_TSI_ANG_XX_wav2lip,data\synthetic\track2_fakes\videos\FAKE_T2_1025_TSI_SAD_XX__AUDIO_1025_TSI_ANG_XX_wav2lip.mp4,1,done,wav2lip,1025,TSI,sad,angry,yes
FAKE_T2_1025_WSI_NEU_XX__AUDIO_1025_WSI_SAD_XX_wav2lip,data\synthetic\track2_fakes\videos\FAKE_T2_1025_WSI_NEU_XX__AUDIO_1025_WSI_SAD_XX_wav2lip.mp4,1,done,wav2lip,1025,WSI,neutral,sad,yes
FAKE_T2_1026_DFA_ANG_XX__AUDIO_1026_DFA_DIS_XX_wav2lip,data\synthetic\track2_fakes\videos\FAKE_T2_1026_DFA_ANG_XX__AUDIO_1026_DFA_DIS_XX_wav2lip.mp4,1,done,wav2lip,1026,DFA,angry,disgust,yes
FAKE_T2_1026_DFA_NEU_XX__AUDIO_1026_DFA_SAD_XX_wav2lip,data\synthetic\track2_fakes\videos\FAKE_T2_1026_DFA_NEU_XX__AUDIO_1026_DFA_SAD_XX_wav2lip.mp4,1,done,wav2lip,1026,DFA,neutral,sad,yes
FAKE_T2_1026_IEO_ANG_HI__AUDIO_1026_IEO_DIS_HI_wav2lip,data\synthetic\track2_fakes\videos\FAKE_T2_1026_IEO_ANG_HI__AUDIO_1026_IEO_DIS_HI_wav2lip.mp4,1,done,wav2lip,1026,IEO,angry,disgust,yes
FAKE_T2_1026_IEO_DIS_HI__AUDIO_1026_IEO_FEA_HI_wav2lip,data\synthetic\track2_fakes\videos\FAKE_T2_1026_IEO_DIS_HI__AUDIO_1026_IEO_FEA_HI_wav2lip.mp4,1,done,wav2lip,1026,IEO,disgust,fear,yes
FAKE_T2_1026_IEO_FEA_HI__AUDIO_1026_IEO_HAP_HI_wav2lip,data\synthetic\track2_fakes\videos\FAKE_T2_1026_IEO_FEA_HI__AUDIO_1026_IEO_HAP_HI_wav2lip.mp4,1,done,wav2lip,1026,IEO,fear,happy,yes
FAKE_T2_1026_IEO_FEA_MD__AUDIO_1026_IEO_HAP_MD_wav2lip,data\synthetic\track2_fakes\videos\FAKE_T2_1026_IEO_FEA_MD__AUDIO_1026_IEO_HAP_MD_wav2lip.mp4,1,done,wav2lip,1026,IEO,fear,happy,yes
FAKE_T2_1026_IEO_HAP_LO__AUDIO_1026_IEO_NEU_XX_wav2lip,data\synthetic\track2_fakes\videos\FAKE_T2_1026_IEO_HAP_LO__AUDIO_1026_IEO_NEU_XX_wav2lip.mp4,1,done,wav2lip,1026,IEO,happy,neutral,yes
FAKE_T2_1026_IEO_SAD_MD__AUDIO_1026_IEO_ANG_MD_wav2lip,data\synthetic\track2_fakes\videos\FAKE_T2_1026_IEO_SAD_MD__AUDIO_1026_IEO_ANG_MD_wav2lip.mp4,1,done,wav2lip,1026,IEO,sad,angry,yes
FAKE_T2_1026_IOM_ANG_XX__AUDIO_1026_IOM_DIS_XX_wav2lip,data\synthetic\track2_fakes\videos\FAKE_T2_1026_IOM_ANG_XX__AUDIO_1026_IOM_DIS_XX_wav2lip.mp4,1,done,wav2lip,1026,IOM,angry,disgust,yes
FAKE_T2_1026_ITH_DIS_XX__AUDIO_1026_ITH_FEA_XX_wav2lip,data\synthetic\track2_fakes\videos\FAKE_T2_1026_ITH_DIS_XX__AUDIO_1026_ITH_FEA_XX_wav2lip.mp4,1,done,wav2lip,1026,ITH,disgust,fear,yes
FAKE_T2_1026_ITH_NEU_XX__AUDIO_1026_ITH_SAD_XX_wav2lip,data\synthetic\track2_fakes\videos\FAKE_T2_1026_ITH_NEU_XX__AUDIO_1026_ITH_SAD_XX_wav2lip.mp4,1,done,wav2lip,1026,ITH,neutral,sad,yes
FAKE_T2_1026_ITS_FEA_XX__AUDIO_1026_ITS_HAP_XX_wav2lip,data\synthetic\track2_fakes\videos\FAKE_T2_1026_ITS_FEA_XX__AUDIO_1026_ITS_HAP_XX_wav2lip.mp4,1,done,wav2lip,1026,ITS,fear,happy,yes
FAKE_T2_1026_IWL_NEU_XX__AUDIO_1026_IWL_SAD_XX_wav2lip,data\synthetic\track2_fakes\videos\FAKE_T2_1026_IWL_NEU_XX__AUDIO_1026_IWL_SAD_XX_wav2lip.mp4,1,done,wav2lip,1026,IWL,neutral,sad,yes
FAKE_T2_1026_IWL_SAD_XX__AUDIO_1026_IWL_ANG_XX_wav2lip,data\synthetic\track2_fakes\videos\FAKE_T2_1026_IWL_SAD_XX__AUDIO_1026_IWL_ANG_XX_wav2lip.mp4,1,done,wav2lip,1026,IWL,sad,angry,yes
FAKE_T2_1026_IWW_DIS_XX__AUDIO_1026_IWW_FEA_XX_wav2lip,data\synthetic\track2_fakes\videos\FAKE_T2_1026_IWW_DIS_XX__AUDIO_1026_IWW_FEA_XX_wav2lip.mp4,1,done,wav2lip,1026,IWW,disgust,fear,yes
FAKE_T2_1026_IWW_NEU_XX__AUDIO_1026_IWW_SAD_XX_wav2lip,data\synthetic\track2_fakes\videos\FAKE_T2_1026_IWW_NEU_XX__AUDIO_1026_IWW_SAD_XX_wav2lip.mp4,1,done,wav2lip,1026,IWW,neutral,sad,yes
FAKE_T2_1026_IWW_SAD_XX__AUDIO_1026_IWW_ANG_XX_wav2lip,data\synthetic\track2_fakes\videos\FAKE_T2_1026_IWW_SAD_XX__AUDIO_1026_IWW_ANG_XX_wav2lip.mp4,1,done,wav2lip,1026,IWW,sad,angry,yes
FAKE_T2_1026_MTI_ANG_XX__AUDIO_1026_MTI_DIS_XX_wav2lip,data\synthetic\track2_fakes\videos\FAKE_T2_1026_MTI_ANG_XX__AUDIO_1026_MTI_DIS_XX_wav2lip.mp4,1,done,wav2lip,1026,MTI,angry,disgust,yes
FAKE_T2_1026_MTI_SAD_XX__AUDIO_1026_MTI_ANG_XX_wav2lip,data\synthetic\track2_fakes\videos\FAKE_T2_1026_MTI_SAD_XX__AUDIO_1026_MTI_ANG_XX_wav2lip.mp4,1,done,wav2lip,1026,MTI,sad,angry,yes
FAKE_T2_1026_TAI_SAD_XX__AUDIO_1026_TAI_ANG_XX_wav2lip,data\synthetic\track2_fakes\videos\FAKE_T2_1026_TAI_SAD_XX__AUDIO_1026_TAI_ANG_XX_wav2lip.mp4,1,done,wav2lip,1026,TAI,sad,angry,yes
FAKE_T2_1026_TIE_SAD_XX__AUDIO_1026_TIE_ANG_XX_wav2lip,data\synthetic\track2_fakes\videos\FAKE_T2_1026_TIE_SAD_XX__AUDIO_1026_TIE_ANG_XX_wav2lip.mp4,1,done,wav2lip,1026,TIE,sad,angry,yes
FAKE_T2_1026_TSI_FEA_XX__AUDIO_1026_TSI_HAP_XX_wav2lip,data\synthetic\track2_fakes\videos\FAKE_T2_1026_TSI_FEA_XX__AUDIO_1026_TSI_HAP_XX_wav2lip.mp4,1,done,wav2lip,1026,TSI,fear,happy,yes
FAKE_T2_1026_TSI_SAD_XX__AUDIO_1026_TSI_ANG_XX_wav2lip,data\synthetic\track2_fakes\videos\FAKE_T2_1026_TSI_SAD_XX__AUDIO_1026_TSI_ANG_XX_wav2lip.mp4,1,done,wav2lip,1026,TSI,sad,angry,yes
FAKE_T2_1026_WSI_ANG_XX__AUDIO_1026_WSI_DIS_XX_wav2lip,data\synthetic\track2_fakes\videos\FAKE_T2_1026_WSI_ANG_XX__AUDIO_1026_WSI_DIS_XX_wav2lip.mp4,1,done,wav2lip,1026,WSI,angry,disgust,yes
FAKE_T2_1026_WSI_SAD_XX__AUDIO_1026_WSI_ANG_XX_wav2lip,data\synthetic\track2_fakes\videos\FAKE_T2_1026_WSI_SAD_XX__AUDIO_1026_WSI_ANG_XX_wav2lip.mp4,1,done,wav2lip,1026,WSI,sad,angry,yes
FAKE_T2_1027_DFA_FEA_XX__AUDIO_1027_DFA_HAP_XX_wav2lip,data\synthetic\track2_fakes\videos\FAKE_T2_1027_DFA_FEA_XX__AUDIO_1027_DFA_HAP_XX_wav2lip.mp4,1,done,wav2lip,1027,DFA,fear,happy,yes
FAKE_T2_1027_IEO_DIS_HI__AUDIO_1027_IEO_FEA_HI_wav2lip,data\synthetic\track2_fakes\videos\FAKE_T2_1027_IEO_DIS_HI__AUDIO_1027_IEO_FEA_HI_wav2lip.mp4,1,done,wav2lip,1027,IEO,disgust,fear,yes
FAKE_T2_1027_IEO_FEA_HI__AUDIO_1027_IEO_HAP_HI_wav2lip,data\synthetic\track2_fakes\videos\FAKE_T2_1027_IEO_FEA_HI__AUDIO_1027_IEO_HAP_HI_wav2lip.mp4,1,done,wav2lip,1027,IEO,fear,happy,yes
FAKE_T2_1027_IEO_FEA_MD__AUDIO_1027_IEO_HAP_MD_wav2lip,data\synthetic\track2_fakes\videos\FAKE_T2_1027_IEO_FEA_MD__AUDIO_1027_IEO_HAP_MD_wav2lip.mp4,1,done,wav2lip,1027,IEO,fear,happy,yes
FAKE_T2_1027_IEO_SAD_HI__AUDIO_1027_IEO_ANG_HI_wav2lip,data\synthetic\track2_fakes\videos\FAKE_T2_1027_IEO_SAD_HI__AUDIO_1027_IEO_ANG_HI_wav2lip.mp4,1,done,wav2lip,1027,IEO,sad,angry,yes
FAKE_T2_1027_IEO_SAD_LO__AUDIO_1027_IEO_ANG_LO_wav2lip,data\synthetic\track2_fakes\videos\FAKE_T2_1027_IEO_SAD_LO__AUDIO_1027_IEO_ANG_LO_wav2lip.mp4,1,done,wav2lip,1027,IEO,sad,angry,yes
FAKE_T2_1027_IOM_ANG_XX__AUDIO_1027_IOM_DIS_XX_wav2lip,data\synthetic\track2_fakes\videos\FAKE_T2_1027_IOM_ANG_XX__AUDIO_1027_IOM_DIS_XX_wav2lip.mp4,1,done,wav2lip,1027,IOM,angry,disgust,yes
FAKE_T2_1027_IOM_DIS_XX__AUDIO_1027_IOM_FEA_XX_wav2lip,data\synthetic\track2_fakes\videos\FAKE_T2_1027_IOM_DIS_XX__AUDIO_1027_IOM_FEA_XX_wav2lip.mp4,1,done,wav2lip,1027,IOM,disgust,fear,yes
FAKE_T2_1027_ITH_DIS_XX__AUDIO_1027_ITH_FEA_XX_wav2lip,data\synthetic\track2_fakes\videos\FAKE_T2_1027_ITH_DIS_XX__AUDIO_1027_ITH_FEA_XX_wav2lip.mp4,1,done,wav2lip,1027,ITH,disgust,fear,yes
FAKE_T2_1027_ITH_HAP_XX__AUDIO_1027_ITH_NEU_XX_wav2lip,data\synthetic\track2_fakes\videos\FAKE_T2_1027_ITH_HAP_XX__AUDIO_1027_ITH_NEU_XX_wav2lip.mp4,1,done,wav2lip,1027,ITH,happy,neutral,yes
FAKE_T2_1027_ITS_DIS_XX__AUDIO_1027_ITS_FEA_XX_wav2lip,data\synthetic\track2_fakes\videos\FAKE_T2_1027_ITS_DIS_XX__AUDIO_1027_ITS_FEA_XX_wav2lip.mp4,1,done,wav2lip,1027,ITS,disgust,fear,yes
FAKE_T2_1027_ITS_FEA_XX__AUDIO_1027_ITS_HAP_XX_wav2lip,data\synthetic\track2_fakes\videos\FAKE_T2_1027_ITS_FEA_XX__AUDIO_1027_ITS_HAP_XX_wav2lip.mp4,1,done,wav2lip,1027,ITS,fear,happy,yes
FAKE_T2_1027_IWW_DIS_XX__AUDIO_1027_IWW_FEA_XX_wav2lip,data\synthetic\track2_fakes\videos\FAKE_T2_1027_IWW_DIS_XX__AUDIO_1027_IWW_FEA_XX_wav2lip.mp4,1,done,wav2lip,1027,IWW,disgust,fear,yes
FAKE_T2_1027_IWW_FEA_XX__AUDIO_1027_IWW_HAP_XX_wav2lip,data\synthetic\track2_fakes\videos\FAKE_T2_1027_IWW_FEA_XX__AUDIO_1027_IWW_HAP_XX_wav2lip.mp4,1,done,wav2lip,1027,IWW,fear,happy,yes
FAKE_T2_1027_IWW_HAP_XX__AUDIO_1027_IWW_NEU_XX_wav2lip,data\synthetic\track2_fakes\videos\FAKE_T2_1027_IWW_HAP_XX__AUDIO_1027_IWW_NEU_XX_wav2lip.mp4,1,done,wav2lip,1027,IWW,happy,neutral,yes
FAKE_T2_1027_IWW_NEU_XX__AUDIO_1027_IWW_SAD_XX_wav2lip,data\synthetic\track2_fakes\videos\FAKE_T2_1027_IWW_NEU_XX__AUDIO_1027_IWW_SAD_XX_wav2lip.mp4,1,done,wav2lip,1027,IWW,neutral,sad,yes
FAKE_T2_1027_MTI_ANG_XX__AUDIO_1027_MTI_DIS_XX_wav2lip,data\synthetic\track2_fakes\videos\FAKE_T2_1027_MTI_ANG_XX__AUDIO_1027_MTI_DIS_XX_wav2lip.mp4,1,done,wav2lip,1027,MTI,angry,disgust,yes
FAKE_T2_1027_MTI_DIS_XX__AUDIO_1027_MTI_FEA_XX_wav2lip,data\synthetic\track2_fakes\videos\FAKE_T2_1027_MTI_DIS_XX__AUDIO_1027_MTI_FEA_XX_wav2lip.mp4,1,done,wav2lip,1027,MTI,disgust,fear,yes
FAKE_T2_1027_MTI_SAD_XX__AUDIO_1027_MTI_ANG_XX_wav2lip,data\synthetic\track2_fakes\videos\FAKE_T2_1027_MTI_SAD_XX__AUDIO_1027_MTI_ANG_XX_wav2lip.mp4,1,done,wav2lip,1027,MTI,sad,angry,yes
FAKE_T2_1027_TAI_HAP_XX__AUDIO_1027_TAI_NEU_XX_wav2lip,data\synthetic\track2_fakes\videos\FAKE_T2_1027_TAI_HAP_XX__AUDIO_1027_TAI_NEU_XX_wav2lip.mp4,1,done,wav2lip,1027,TAI,happy,neutral,yes
FAKE_T2_1027_TIE_NEU_XX__AUDIO_1027_TIE_SAD_XX_wav2lip,data\synthetic\track2_fakes\videos\FAKE_T2_1027_TIE_NEU_XX__AUDIO_1027_TIE_SAD_XX_wav2lip.mp4,1,done,wav2lip,1027,TIE,neutral,sad,yes
FAKE_T2_1027_TSI_ANG_XX__AUDIO_1027_TSI_DIS_XX_wav2lip,data\synthetic\track2_fakes\videos\FAKE_T2_1027_TSI_ANG_XX__AUDIO_1027_TSI_DIS_XX_wav2lip.mp4,1,done,wav2lip,1027,TSI,angry,disgust,yes
FAKE_T2_1027_TSI_SAD_XX__AUDIO_1027_TSI_ANG_XX_wav2lip,data\synthetic\track2_fakes\videos\FAKE_T2_1027_TSI_SAD_XX__AUDIO_1027_TSI_ANG_XX_wav2lip.mp4,1,done,wav2lip,1027,TSI,sad,angry,yes
FAKE_T2_1027_WSI_ANG_XX__AUDIO_1027_WSI_DIS_XX_wav2lip,data\synthetic\track2_fakes\videos\FAKE_T2_1027_WSI_ANG_XX__AUDIO_1027_WSI_DIS_XX_wav2lip.mp4,1,done,wav2lip,1027,WSI,angry,disgust,yes
FAKE_T2_1027_WSI_NEU_XX__AUDIO_1027_WSI_SAD_XX_wav2lip,data\synthetic\track2_fakes\videos\FAKE_T2_1027_WSI_NEU_XX__AUDIO_1027_WSI_SAD_XX_wav2lip.mp4,1,done,wav2lip,1027,WSI,neutral,sad,yes
FAKE_T2_1028_DFA_ANG_XX__AUDIO_1028_DFA_DIS_XX_wav2lip,data\synthetic\track2_fakes\videos\FAKE_T2_1028_DFA_ANG_XX__AUDIO_1028_DFA_DIS_XX_wav2lip.mp4,1,done,wav2lip,1028,DFA,angry,disgust,yes
FAKE_T2_1028_IEO_ANG_HI__AUDIO_1028_IEO_DIS_HI_wav2lip,data\synthetic\track2_fakes\videos\FAKE_T2_1028_IEO_ANG_HI__AUDIO_1028_IEO_DIS_HI_wav2lip.mp4,1,done,wav2lip,1028,IEO,angry,disgust,yes
FAKE_T2_1028_IEO_DIS_HI__AUDIO_1028_IEO_FEA_HI_wav2lip,data\synthetic\track2_fakes\videos\FAKE_T2_1028_IEO_DIS_HI__AUDIO_1028_IEO_FEA_HI_wav2lip.mp4,1,done,wav2lip,1028,IEO,disgust,fear,yes
FAKE_T2_1028_IEO_FEA_LO__AUDIO_1028_IEO_HAP_LO_wav2lip,data\synthetic\track2_fakes\videos\FAKE_T2_1028_IEO_FEA_LO__AUDIO_1028_IEO_HAP_LO_wav2lip.mp4,1,done,wav2lip,1028,IEO,fear,happy,yes
FAKE_T2_1028_IEO_NEU_XX__AUDIO_1028_IEO_SAD_HI_wav2lip,data\synthetic\track2_fakes\videos\FAKE_T2_1028_IEO_NEU_XX__AUDIO_1028_IEO_SAD_HI_wav2lip.mp4,1,done,wav2lip,1028,IEO,neutral,sad,yes
FAKE_T2_1028_IEO_SAD_HI__AUDIO_1028_IEO_ANG_HI_wav2lip,data\synthetic\track2_fakes\videos\FAKE_T2_1028_IEO_SAD_HI__AUDIO_1028_IEO_ANG_HI_wav2lip.mp4,1,done,wav2lip,1028,IEO,sad,angry,yes
FAKE_T2_1028_IEO_SAD_LO__AUDIO_1028_IEO_ANG_LO_wav2lip,data\synthetic\track2_fakes\videos\FAKE_T2_1028_IEO_SAD_LO__AUDIO_1028_IEO_ANG_LO_wav2lip.mp4,1,done,wav2lip,1028,IEO,sad,angry,yes
FAKE_T2_1028_IOM_NEU_XX__AUDIO_1028_IOM_SAD_XX_wav2lip,data\synthetic\track2_fakes\videos\FAKE_T2_1028_IOM_NEU_XX__AUDIO_1028_IOM_SAD_XX_wav2lip.mp4,1,done,wav2lip,1028,IOM,neutral,sad,yes
FAKE_T2_1028_ITS_ANG_XX__AUDIO_1028_ITS_DIS_XX_wav2lip,data\synthetic\track2_fakes\videos\FAKE_T2_1028_ITS_ANG_XX__AUDIO_1028_ITS_DIS_XX_wav2lip.mp4,1,done,wav2lip,1028,ITS,angry,disgust,yes
FAKE_T2_1028_ITS_DIS_XX__AUDIO_1028_ITS_FEA_XX_wav2lip,data\synthetic\track2_fakes\videos\FAKE_T2_1028_ITS_DIS_XX__AUDIO_1028_ITS_FEA_XX_wav2lip.mp4,1,done,wav2lip,1028,ITS,disgust,fear,yes
FAKE_T2_1028_ITS_FEA_XX__AUDIO_1028_ITS_HAP_XX_wav2lip,data\synthetic\track2_fakes\videos\FAKE_T2_1028_ITS_FEA_XX__AUDIO_1028_ITS_HAP_XX_wav2lip.mp4,1,done,wav2lip,1028,ITS,fear,happy,yes
FAKE_T2_1028_ITS_SAD_XX__AUDIO_1028_ITS_ANG_XX_wav2lip,data\synthetic\track2_fakes\videos\FAKE_T2_1028_ITS_SAD_XX__AUDIO_1028_ITS_ANG_XX_wav2lip.mp4,1,done,wav2lip,1028,ITS,sad,angry,yes
FAKE_T2_1028_IWL_FEA_XX__AUDIO_1028_IWL_HAP_XX_wav2lip,data\synthetic\track2_fakes\videos\FAKE_T2_1028_IWL_FEA_XX__AUDIO_1028_IWL_HAP_XX_wav2lip.mp4,1,done,wav2lip,1028,IWL,fear,happy,yes
FAKE_T2_1028_IWL_SAD_XX__AUDIO_1028_IWL_ANG_XX_wav2lip,data\synthetic\track2_fakes\videos\FAKE_T2_1028_IWL_SAD_XX__AUDIO_1028_IWL_ANG_XX_wav2lip.mp4,1,done,wav2lip,1028,IWL,sad,angry,yes
FAKE_T2_1028_IWW_ANG_XX__AUDIO_1028_IWW_DIS_XX_wav2lip,data\synthetic\track2_fakes\videos\FAKE_T2_1028_IWW_ANG_XX__AUDIO_1028_IWW_DIS_XX_wav2lip.mp4,1,done,wav2lip,1028,IWW,angry,disgust,yes
FAKE_T2_1028_IWW_DIS_XX__AUDIO_1028_IWW_FEA_XX_wav2lip,data\synthetic\track2_fakes\videos\FAKE_T2_1028_IWW_DIS_XX__AUDIO_1028_IWW_FEA_XX_wav2lip.mp4,1,done,wav2lip,1028,IWW,disgust,fear,yes
FAKE_T2_1028_MTI_NEU_XX__AUDIO_1028_MTI_SAD_XX_wav2lip,data\synthetic\track2_fakes\videos\FAKE_T2_1028_MTI_NEU_XX__AUDIO_1028_MTI_SAD_XX_wav2lip.mp4,1,done,wav2lip,1028,MTI,neutral,sad,yes
FAKE_T2_1028_TAI_FEA_XX__AUDIO_1028_TAI_HAP_XX_wav2lip,data\synthetic\track2_fakes\videos\FAKE_T2_1028_TAI_FEA_XX__AUDIO_1028_TAI_HAP_XX_wav2lip.mp4,1,done,wav2lip,1028,TAI,fear,happy,yes
FAKE_T2_1028_TAI_NEU_XX__AUDIO_1028_TAI_SAD_XX_wav2lip,data\synthetic\track2_fakes\videos\FAKE_T2_1028_TAI_NEU_XX__AUDIO_1028_TAI_SAD_XX_wav2lip.mp4,1,done,wav2lip,1028,TAI,neutral,sad,yes
FAKE_T2_1028_TSI_DIS_XX__AUDIO_1028_TSI_FEA_XX_wav2lip,data\synthetic\track2_fakes\videos\FAKE_T2_1028_TSI_DIS_XX__AUDIO_1028_TSI_FEA_XX_wav2lip.mp4,1,done,wav2lip,1028,TSI,disgust,fear,yes
FAKE_T2_1028_TSI_HAP_XX__AUDIO_1028_TSI_NEU_XX_wav2lip,data\synthetic\track2_fakes\videos\FAKE_T2_1028_TSI_HAP_XX__AUDIO_1028_TSI_NEU_XX_wav2lip.mp4,1,done,wav2lip,1028,TSI,happy,neutral,yes
FAKE_T2_1028_TSI_SAD_XX__AUDIO_1028_TSI_ANG_XX_wav2lip,data\synthetic\track2_fakes\videos\FAKE_T2_1028_TSI_SAD_XX__AUDIO_1028_TSI_ANG_XX_wav2lip.mp4,1,done,wav2lip,1028,TSI,sad,angry,yes
FAKE_T2_1028_WSI_ANG_XX__AUDIO_1028_WSI_DIS_XX_wav2lip,data\synthetic\track2_fakes\videos\FAKE_T2_1028_WSI_ANG_XX__AUDIO_1028_WSI_DIS_XX_wav2lip.mp4,1,done,wav2lip,1028,WSI,angry,disgust,yes
FAKE_T2_1028_WSI_DIS_XX__AUDIO_1028_WSI_FEA_XX_wav2lip,data\synthetic\track2_fakes\videos\FAKE_T2_1028_WSI_DIS_XX__AUDIO_1028_WSI_FEA_XX_wav2lip.mp4,1,done,wav2lip,1028,WSI,disgust,fear,yes
FAKE_T2_1028_WSI_FEA_XX__AUDIO_1028_WSI_HAP_XX_wav2lip,data\synthetic\track2_fakes\videos\FAKE_T2_1028_WSI_FEA_XX__AUDIO_1028_WSI_HAP_XX_wav2lip.mp4,1,done,wav2lip,1028,WSI,fear,happy,yes
FAKE_T2_1029_DFA_NEU_XX__AUDIO_1029_DFA_SAD_XX_wav2lip,data\synthetic\track2_fakes\videos\FAKE_T2_1029_DFA_NEU_XX__AUDIO_1029_DFA_SAD_XX_wav2lip.mp4,1,done,wav2lip,1029,DFA,neutral,sad,yes
FAKE_T2_1029_IEO_DIS_HI__AUDIO_1029_IEO_FEA_HI_wav2lip,data\synthetic\track2_fakes\videos\FAKE_T2_1029_IEO_DIS_HI__AUDIO_1029_IEO_FEA_HI_wav2lip.mp4,1,done,wav2lip,1029,IEO,disgust,fear,yes
FAKE_T2_1029_IEO_DIS_MD__AUDIO_1029_IEO_FEA_MD_wav2lip,data\synthetic\track2_fakes\videos\FAKE_T2_1029_IEO_DIS_MD__AUDIO_1029_IEO_FEA_MD_wav2lip.mp4,1,done,wav2lip,1029,IEO,disgust,fear,yes
FAKE_T2_1029_IEO_FEA_HI__AUDIO_1029_IEO_HAP_HI_wav2lip,data\synthetic\track2_fakes\videos\FAKE_T2_1029_IEO_FEA_HI__AUDIO_1029_IEO_HAP_HI_wav2lip.mp4,1,done,wav2lip,1029,IEO,fear,happy,yes
FAKE_T2_1029_IEO_HAP_LO__AUDIO_1029_IEO_NEU_XX_wav2lip,data\synthetic\track2_fakes\videos\FAKE_T2_1029_IEO_HAP_LO__AUDIO_1029_IEO_NEU_XX_wav2lip.mp4,1,done,wav2lip,1029,IEO,happy,neutral,yes
FAKE_T2_1029_IEO_SAD_LO__AUDIO_1029_IEO_ANG_LO_wav2lip,data\synthetic\track2_fakes\videos\FAKE_T2_1029_IEO_SAD_LO__AUDIO_1029_IEO_ANG_LO_wav2lip.mp4,1,done,wav2lip,1029,IEO,sad,angry,yes
FAKE_T2_1029_ITH_NEU_XX__AUDIO_1029_ITH_SAD_XX_wav2lip,data\synthetic\track2_fakes\videos\FAKE_T2_1029_ITH_NEU_XX__AUDIO_1029_ITH_SAD_XX_wav2lip.mp4,1,done,wav2lip,1029,ITH,neutral,sad,yes
FAKE_T2_1029_ITH_SAD_XX__AUDIO_1029_ITH_ANG_XX_wav2lip,data\synthetic\track2_fakes\videos\FAKE_T2_1029_ITH_SAD_XX__AUDIO_1029_ITH_ANG_XX_wav2lip.mp4,1,done,wav2lip,1029,ITH,sad,angry,yes
FAKE_T2_1029_ITS_ANG_XX__AUDIO_1029_ITS_DIS_XX_wav2lip,data\synthetic\track2_fakes\videos\FAKE_T2_1029_ITS_ANG_XX__AUDIO_1029_ITS_DIS_XX_wav2lip.mp4,1,done,wav2lip,1029,ITS,angry,disgust,yes
FAKE_T2_1029_ITS_FEA_XX__AUDIO_1029_ITS_HAP_XX_wav2lip,data\synthetic\track2_fakes\videos\FAKE_T2_1029_ITS_FEA_XX__AUDIO_1029_ITS_HAP_XX_wav2lip.mp4,1,done,wav2lip,1029,ITS,fear,happy,yes
FAKE_T2_1029_ITS_HAP_XX__AUDIO_1029_ITS_NEU_XX_wav2lip,data\synthetic\track2_fakes\videos\FAKE_T2_1029_ITS_HAP_XX__AUDIO_1029_ITS_NEU_XX_wav2lip.mp4,1,done,wav2lip,1029,ITS,happy,neutral,yes
FAKE_T2_1029_IWL_SAD_XX__AUDIO_1029_IWL_ANG_XX_wav2lip,data\synthetic\track2_fakes\videos\FAKE_T2_1029_IWL_SAD_XX__AUDIO_1029_IWL_ANG_XX_wav2lip.mp4,1,done,wav2lip,1029,IWL,sad,angry,yes
FAKE_T2_1029_IWW_HAP_XX__AUDIO_1029_IWW_NEU_XX_wav2lip,data\synthetic\track2_fakes\videos\FAKE_T2_1029_IWW_HAP_XX__AUDIO_1029_IWW_NEU_XX_wav2lip.mp4,1,done,wav2lip,1029,IWW,happy,neutral,yes
FAKE_T2_1029_IWW_SAD_XX__AUDIO_1029_IWW_ANG_XX_wav2lip,data\synthetic\track2_fakes\videos\FAKE_T2_1029_IWW_SAD_XX__AUDIO_1029_IWW_ANG_XX_wav2lip.mp4,1,done,wav2lip,1029,IWW,sad,angry,yes
FAKE_T2_1029_MTI_NEU_XX__AUDIO_1029_MTI_SAD_XX_wav2lip,data\synthetic\track2_fakes\videos\FAKE_T2_1029_MTI_NEU_XX__AUDIO_1029_MTI_SAD_XX_wav2lip.mp4,1,done,wav2lip,1029,MTI,neutral,sad,yes
FAKE_T2_1029_TAI_HAP_XX__AUDIO_1029_TAI_NEU_XX_wav2lip,data\synthetic\track2_fakes\videos\FAKE_T2_1029_TAI_HAP_XX__AUDIO_1029_TAI_NEU_XX_wav2lip.mp4,1,done,wav2lip,1029,TAI,happy,neutral,yes
FAKE_T2_1029_TAI_SAD_XX__AUDIO_1029_TAI_ANG_XX_wav2lip,data\synthetic\track2_fakes\videos\FAKE_T2_1029_TAI_SAD_XX__AUDIO_1029_TAI_ANG_XX_wav2lip.mp4,1,done,wav2lip,1029,TAI,sad,angry,yes
FAKE_T2_1029_TIE_SAD_XX__AUDIO_1029_TIE_ANG_XX_wav2lip,data\synthetic\track2_fakes\videos\FAKE_T2_1029_TIE_SAD_XX__AUDIO_1029_TIE_ANG_XX_wav2lip.mp4,1,done,wav2lip,1029,TIE,sad,angry,yes
FAKE_T2_1029_TSI_FEA_XX__AUDIO_1029_TSI_HAP_XX_wav2lip,data\synthetic\track2_fakes\videos\FAKE_T2_1029_TSI_FEA_XX__AUDIO_1029_TSI_HAP_XX_wav2lip.mp4,1,done,wav2lip,1029,TSI,fear,happy,yes
FAKE_T2_1029_TSI_NEU_XX__AUDIO_1029_TSI_SAD_XX_wav2lip,data\synthetic\track2_fakes\videos\FAKE_T2_1029_TSI_NEU_XX__AUDIO_1029_TSI_SAD_XX_wav2lip.mp4,1,done,wav2lip,1029,TSI,neutral,sad,yes
FAKE_T2_1029_TSI_SAD_XX__AUDIO_1029_TSI_ANG_XX_wav2lip,data\synthetic\track2_fakes\videos\FAKE_T2_1029_TSI_SAD_XX__AUDIO_1029_TSI_ANG_XX_wav2lip.mp4,1,done,wav2lip,1029,TSI,sad,angry,yes
FAKE_T2_1029_WSI_FEA_XX__AUDIO_1029_WSI_HAP_XX_wav2lip,data\synthetic\track2_fakes\videos\FAKE_T2_1029_WSI_FEA_XX__AUDIO_1029_WSI_HAP_XX_wav2lip.mp4,1,done,wav2lip,1029,WSI,fear,happy,yes
FAKE_T2_1029_WSI_HAP_XX__AUDIO_1029_WSI_NEU_XX_wav2lip,data\synthetic\track2_fakes\videos\FAKE_T2_1029_WSI_HAP_XX__AUDIO_1029_WSI_NEU_XX_wav2lip.mp4,1,done,wav2lip,1029,WSI,happy,neutral,yes
FAKE_T2_1029_WSI_NEU_XX__AUDIO_1029_WSI_SAD_XX_wav2lip,data\synthetic\track2_fakes\videos\FAKE_T2_1029_WSI_NEU_XX__AUDIO_1029_WSI_SAD_XX_wav2lip.mp4,1,done,wav2lip,1029,WSI,neutral,sad,yes
FAKE_T2_1029_WSI_SAD_XX__AUDIO_1029_WSI_ANG_XX_wav2lip,data\synthetic\track2_fakes\videos\FAKE_T2_1029_WSI_SAD_XX__AUDIO_1029_WSI_ANG_XX_wav2lip.mp4,1,done,wav2lip,1029,WSI,sad,angry,yes
FAKE_T2_1030_DFA_DIS_XX__AUDIO_1030_DFA_FEA_XX_wav2lip,data\synthetic\track2_fakes\videos\FAKE_T2_1030_DFA_DIS_XX__AUDIO_1030_DFA_FEA_XX_wav2lip.mp4,1,done,wav2lip,1030,DFA,disgust,fear,yes
FAKE_T2_1030_IEO_ANG_LO__AUDIO_1030_IEO_DIS_LO_wav2lip,data\synthetic\track2_fakes\videos\FAKE_T2_1030_IEO_ANG_LO__AUDIO_1030_IEO_DIS_LO_wav2lip.mp4,1,done,wav2lip,1030,IEO,angry,disgust,yes
FAKE_T2_1030_IEO_ANG_MD__AUDIO_1030_IEO_DIS_MD_wav2lip,data\synthetic\track2_fakes\videos\FAKE_T2_1030_IEO_ANG_MD__AUDIO_1030_IEO_DIS_MD_wav2lip.mp4,1,done,wav2lip,1030,IEO,angry,disgust,yes
FAKE_T2_1030_IEO_DIS_HI__AUDIO_1030_IEO_FEA_HI_wav2lip,data\synthetic\track2_fakes\videos\FAKE_T2_1030_IEO_DIS_HI__AUDIO_1030_IEO_FEA_HI_wav2lip.mp4,1,done,wav2lip,1030,IEO,disgust,fear,yes
FAKE_T2_1030_IEO_FEA_LO__AUDIO_1030_IEO_HAP_LO_wav2lip,data\synthetic\track2_fakes\videos\FAKE_T2_1030_IEO_FEA_LO__AUDIO_1030_IEO_HAP_LO_wav2lip.mp4,1,done,wav2lip,1030,IEO,fear,happy,yes
FAKE_T2_1030_IEO_HAP_MD__AUDIO_1030_IEO_NEU_XX_wav2lip,data\synthetic\track2_fakes\videos\FAKE_T2_1030_IEO_HAP_MD__AUDIO_1030_IEO_NEU_XX_wav2lip.mp4,1,done,wav2lip,1030,IEO,happy,neutral,yes
FAKE_T2_1030_IEO_SAD_MD__AUDIO_1030_IEO_ANG_MD_wav2lip,data\synthetic\track2_fakes\videos\FAKE_T2_1030_IEO_SAD_MD__AUDIO_1030_IEO_ANG_MD_wav2lip.mp4,1,done,wav2lip,1030,IEO,sad,angry,yes
FAKE_T2_1030_IOM_ANG_XX__AUDIO_1030_IOM_DIS_XX_wav2lip,data\synthetic\track2_fakes\videos\FAKE_T2_1030_IOM_ANG_XX__AUDIO_1030_IOM_DIS_XX_wav2lip.mp4,1,done,wav2lip,1030,IOM,angry,disgust,yes
FAKE_T2_1030_IOM_FEA_XX__AUDIO_1030_IOM_HAP_XX_wav2lip,data\synthetic\track2_fakes\videos\FAKE_T2_1030_IOM_FEA_XX__AUDIO_1030_IOM_HAP_XX_wav2lip.mp4,1,done,wav2lip,1030,IOM,fear,happy,yes
FAKE_T2_1030_IOM_SAD_XX__AUDIO_1030_IOM_ANG_XX_wav2lip,data\synthetic\track2_fakes\videos\FAKE_T2_1030_IOM_SAD_XX__AUDIO_1030_IOM_ANG_XX_wav2lip.mp4,1,done,wav2lip,1030,IOM,sad,angry,yes
FAKE_T2_1030_ITH_NEU_XX__AUDIO_1030_ITH_SAD_XX_wav2lip,data\synthetic\track2_fakes\videos\FAKE_T2_1030_ITH_NEU_XX__AUDIO_1030_ITH_SAD_XX_wav2lip.mp4,1,done,wav2lip,1030,ITH,neutral,sad,yes
FAKE_T2_1030_ITS_ANG_XX__AUDIO_1030_ITS_DIS_XX_wav2lip,data\synthetic\track2_fakes\videos\FAKE_T2_1030_ITS_ANG_XX__AUDIO_1030_ITS_DIS_XX_wav2lip.mp4,1,done,wav2lip,1030,ITS,angry,disgust,yes
FAKE_T2_1030_ITS_HAP_XX__AUDIO_1030_ITS_NEU_XX_wav2lip,data\synthetic\track2_fakes\videos\FAKE_T2_1030_ITS_HAP_XX__AUDIO_1030_ITS_NEU_XX_wav2lip.mp4,1,done,wav2lip,1030,ITS,happy,neutral,yes
FAKE_T2_1030_ITS_NEU_XX__AUDIO_1030_ITS_SAD_XX_wav2lip,data\synthetic\track2_fakes\videos\FAKE_T2_1030_ITS_NEU_XX__AUDIO_1030_ITS_SAD_XX_wav2lip.mp4,1,done,wav2lip,1030,ITS,neutral,sad,yes
FAKE_T2_1030_IWL_ANG_XX__AUDIO_1030_IWL_DIS_XX_wav2lip,data\synthetic\track2_fakes\videos\FAKE_T2_1030_IWL_ANG_XX__AUDIO_1030_IWL_DIS_XX_wav2lip.mp4,1,done,wav2lip,1030,IWL,angry,disgust,yes
FAKE_T2_1030_IWW_NEU_XX__AUDIO_1030_IWW_SAD_XX_wav2lip,data\synthetic\track2_fakes\videos\FAKE_T2_1030_IWW_NEU_XX__AUDIO_1030_IWW_SAD_XX_wav2lip.mp4,1,done,wav2lip,1030,IWW,neutral,sad,yes
FAKE_T2_1030_MTI_ANG_XX__AUDIO_1030_MTI_DIS_XX_wav2lip,data\synthetic\track2_fakes\videos\FAKE_T2_1030_MTI_ANG_XX__AUDIO_1030_MTI_DIS_XX_wav2lip.mp4,1,done,wav2lip,1030,MTI,angry,disgust,yes
FAKE_T2_1030_MTI_NEU_XX__AUDIO_1030_MTI_SAD_XX_wav2lip,data\synthetic\track2_fakes\videos\FAKE_T2_1030_MTI_NEU_XX__AUDIO_1030_MTI_SAD_XX_wav2lip.mp4,1,done,wav2lip,1030,MTI,neutral,sad,yes
FAKE_T2_1030_TAI_ANG_XX__AUDIO_1030_TAI_DIS_XX_wav2lip,data\synthetic\track2_fakes\videos\FAKE_T2_1030_TAI_ANG_XX__AUDIO_1030_TAI_DIS_XX_wav2lip.mp4,1,done,wav2lip,1030,TAI,angry,disgust,yes
FAKE_T2_1030_TAI_DIS_XX__AUDIO_1030_TAI_FEA_XX_wav2lip,data\synthetic\track2_fakes\videos\FAKE_T2_1030_TAI_DIS_XX__AUDIO_1030_TAI_FEA_XX_wav2lip.mp4,1,done,wav2lip,1030,TAI,disgust,fear,yes
FAKE_T2_1030_TAI_SAD_XX__AUDIO_1030_TAI_ANG_XX_wav2lip,data\synthetic\track2_fakes\videos\FAKE_T2_1030_TAI_SAD_XX__AUDIO_1030_TAI_ANG_XX_wav2lip.mp4,1,done,wav2lip,1030,TAI,sad,angry,yes
FAKE_T2_1030_TIE_ANG_XX__AUDIO_1030_TIE_DIS_XX_wav2lip,data\synthetic\track2_fakes\videos\FAKE_T2_1030_TIE_ANG_XX__AUDIO_1030_TIE_DIS_XX_wav2lip.mp4,1,done,wav2lip,1030,TIE,angry,disgust,yes
FAKE_T2_1030_TSI_FEA_XX__AUDIO_1030_TSI_HAP_XX_wav2lip,data\synthetic\track2_fakes\videos\FAKE_T2_1030_TSI_FEA_XX__AUDIO_1030_TSI_HAP_XX_wav2lip.mp4,1,done,wav2lip,1030,TSI,fear,happy,yes
FAKE_T2_1030_WSI_NEU_XX__AUDIO_1030_WSI_SAD_XX_wav2lip,data\synthetic\track2_fakes\videos\FAKE_T2_1030_WSI_NEU_XX__AUDIO_1030_WSI_SAD_XX_wav2lip.mp4,1,done,wav2lip,1030,WSI,neutral,sad,yes
FAKE_T2_1030_WSI_SAD_XX__AUDIO_1030_WSI_ANG_XX_wav2lip,data\synthetic\track2_fakes\videos\FAKE_T2_1030_WSI_SAD_XX__AUDIO_1030_WSI_ANG_XX_wav2lip.mp4,1,done,wav2lip,1030,WSI,sad,angry,yes
FAKE_T2_1031_DFA_ANG_XX__AUDIO_1031_DFA_DIS_XX_wav2lip,data\synthetic\track2_fakes\videos\FAKE_T2_1031_DFA_ANG_XX__AUDIO_1031_DFA_DIS_XX_wav2lip.mp4,1,done,wav2lip,1031,DFA,angry,disgust,yes
FAKE_T2_1031_DFA_DIS_XX__AUDIO_1031_DFA_FEA_XX_wav2lip,data\synthetic\track2_fakes\videos\FAKE_T2_1031_DFA_DIS_XX__AUDIO_1031_DFA_FEA_XX_wav2lip.mp4,1,done,wav2lip,1031,DFA,disgust,fear,yes
FAKE_T2_1031_IEO_DIS_HI__AUDIO_1031_IEO_FEA_HI_wav2lip,data\synthetic\track2_fakes\videos\FAKE_T2_1031_IEO_DIS_HI__AUDIO_1031_IEO_FEA_HI_wav2lip.mp4,1,done,wav2lip,1031,IEO,disgust,fear,yes
FAKE_T2_1031_IEO_FEA_LO__AUDIO_1031_IEO_HAP_LO_wav2lip,data\synthetic\track2_fakes\videos\FAKE_T2_1031_IEO_FEA_LO__AUDIO_1031_IEO_HAP_LO_wav2lip.mp4,1,done,wav2lip,1031,IEO,fear,happy,yes
FAKE_T2_1031_IEO_NEU_XX__AUDIO_1031_IEO_SAD_HI_wav2lip,data\synthetic\track2_fakes\videos\FAKE_T2_1031_IEO_NEU_XX__AUDIO_1031_IEO_SAD_HI_wav2lip.mp4,1,done,wav2lip,1031,IEO,neutral,sad,yes
FAKE_T2_1031_ITH_ANG_XX__AUDIO_1031_ITH_DIS_XX_wav2lip,data\synthetic\track2_fakes\videos\FAKE_T2_1031_ITH_ANG_XX__AUDIO_1031_ITH_DIS_XX_wav2lip.mp4,1,done,wav2lip,1031,ITH,angry,disgust,yes
FAKE_T2_1031_ITH_HAP_XX__AUDIO_1031_ITH_NEU_XX_wav2lip,data\synthetic\track2_fakes\videos\FAKE_T2_1031_ITH_HAP_XX__AUDIO_1031_ITH_NEU_XX_wav2lip.mp4,1,done,wav2lip,1031,ITH,happy,neutral,yes
FAKE_T2_1031_ITS_DIS_XX__AUDIO_1031_ITS_FEA_XX_wav2lip,data\synthetic\track2_fakes\videos\FAKE_T2_1031_ITS_DIS_XX__AUDIO_1031_ITS_FEA_XX_wav2lip.mp4,1,done,wav2lip,1031,ITS,disgust,fear,yes
FAKE_T2_1031_ITS_FEA_XX__AUDIO_1031_ITS_HAP_XX_wav2lip,data\synthetic\track2_fakes\videos\FAKE_T2_1031_ITS_FEA_XX__AUDIO_1031_ITS_HAP_XX_wav2lip.mp4,1,done,wav2lip,1031,ITS,fear,happy,yes
FAKE_T2_1031_ITS_SAD_XX__AUDIO_1031_ITS_ANG_XX_wav2lip,data\synthetic\track2_fakes\videos\FAKE_T2_1031_ITS_SAD_XX__AUDIO_1031_ITS_ANG_XX_wav2lip.mp4,1,done,wav2lip,1031,ITS,sad,angry,yes
FAKE_T2_1031_IWL_DIS_XX__AUDIO_1031_IWL_FEA_XX_wav2lip,data\synthetic\track2_fakes\videos\FAKE_T2_1031_IWL_DIS_XX__AUDIO_1031_IWL_FEA_XX_wav2lip.mp4,1,done,wav2lip,1031,IWL,disgust,fear,yes
FAKE_T2_1031_IWL_SAD_XX__AUDIO_1031_IWL_ANG_XX_wav2lip,data\synthetic\track2_fakes\videos\FAKE_T2_1031_IWL_SAD_XX__AUDIO_1031_IWL_ANG_XX_wav2lip.mp4,1,done,wav2lip,1031,IWL,sad,angry,yes
FAKE_T2_1031_IWW_ANG_XX__AUDIO_1031_IWW_DIS_XX_wav2lip,data\synthetic\track2_fakes\videos\FAKE_T2_1031_IWW_ANG_XX__AUDIO_1031_IWW_DIS_XX_wav2lip.mp4,1,done,wav2lip,1031,IWW,angry,disgust,yes
FAKE_T2_1031_IWW_DIS_XX__AUDIO_1031_IWW_FEA_XX_wav2lip,data\synthetic\track2_fakes\videos\FAKE_T2_1031_IWW_DIS_XX__AUDIO_1031_IWW_FEA_XX_wav2lip.mp4,1,done,wav2lip,1031,IWW,disgust,fear,yes
FAKE_T2_1031_IWW_FEA_XX__AUDIO_1031_IWW_HAP_XX_wav2lip,data\synthetic\track2_fakes\videos\FAKE_T2_1031_IWW_FEA_XX__AUDIO_1031_IWW_HAP_XX_wav2lip.mp4,1,done,wav2lip,1031,IWW,fear,happy,yes
FAKE_T2_1031_IWW_NEU_XX__AUDIO_1031_IWW_SAD_XX_wav2lip,data\synthetic\track2_fakes\videos\FAKE_T2_1031_IWW_NEU_XX__AUDIO_1031_IWW_SAD_XX_wav2lip.mp4,1,done,wav2lip,1031,IWW,neutral,sad,yes
FAKE_T2_1031_MTI_DIS_XX__AUDIO_1031_MTI_FEA_XX_wav2lip,data\synthetic\track2_fakes\videos\FAKE_T2_1031_MTI_DIS_XX__AUDIO_1031_MTI_FEA_XX_wav2lip.mp4,1,done,wav2lip,1031,MTI,disgust,fear,yes
FAKE_T2_1031_MTI_NEU_XX__AUDIO_1031_MTI_SAD_XX_wav2lip,data\synthetic\track2_fakes\videos\FAKE_T2_1031_MTI_NEU_XX__AUDIO_1031_MTI_SAD_XX_wav2lip.mp4,1,done,wav2lip,1031,MTI,neutral,sad,yes
FAKE_T2_1031_MTI_SAD_XX__AUDIO_1031_MTI_ANG_XX_wav2lip,data\synthetic\track2_fakes\videos\FAKE_T2_1031_MTI_SAD_XX__AUDIO_1031_MTI_ANG_XX_wav2lip.mp4,1,done,wav2lip,1031,MTI,sad,angry,yes
FAKE_T2_1031_TAI_ANG_XX__AUDIO_1031_TAI_DIS_XX_wav2lip,data\synthetic\track2_fakes\videos\FAKE_T2_1031_TAI_ANG_XX__AUDIO_1031_TAI_DIS_XX_wav2lip.mp4,1,done,wav2lip,1031,TAI,angry,disgust,yes
FAKE_T2_1031_TAI_DIS_XX__AUDIO_1031_TAI_FEA_XX_wav2lip,data\synthetic\track2_fakes\videos\FAKE_T2_1031_TAI_DIS_XX__AUDIO_1031_TAI_FEA_XX_wav2lip.mp4,1,done,wav2lip,1031,TAI,disgust,fear,yes
FAKE_T2_1031_TIE_DIS_XX__AUDIO_1031_TIE_FEA_XX_wav2lip,data\synthetic\track2_fakes\videos\FAKE_T2_1031_TIE_DIS_XX__AUDIO_1031_TIE_FEA_XX_wav2lip.mp4,1,done,wav2lip,1031,TIE,disgust,fear,yes
FAKE_T2_1031_TIE_NEU_XX__AUDIO_1031_TIE_SAD_XX_wav2lip,data\synthetic\track2_fakes\videos\FAKE_T2_1031_TIE_NEU_XX__AUDIO_1031_TIE_SAD_XX_wav2lip.mp4,1,done,wav2lip,1031,TIE,neutral,sad,yes
FAKE_T2_1031_TSI_SAD_XX__AUDIO_1031_TSI_ANG_XX_wav2lip,data\synthetic\track2_fakes\videos\FAKE_T2_1031_TSI_SAD_XX__AUDIO_1031_TSI_ANG_XX_wav2lip.mp4,1,done,wav2lip,1031,TSI,sad,angry,yes
FAKE_T2_1031_WSI_NEU_XX__AUDIO_1031_WSI_SAD_XX_wav2lip,data\synthetic\track2_fakes\videos\FAKE_T2_1031_WSI_NEU_XX__AUDIO_1031_WSI_SAD_XX_wav2lip.mp4,1,done,wav2lip,1031,WSI,neutral,sad,yes
FAKE_T2_1032_DFA_ANG_XX__AUDIO_1032_DFA_DIS_XX_wav2lip,data\synthetic\track2_fakes\videos\FAKE_T2_1032_DFA_ANG_XX__AUDIO_1032_DFA_DIS_XX_wav2lip.mp4,1,done,wav2lip,1032,DFA,angry,disgust,yes
FAKE_T2_1032_DFA_FEA_XX__AUDIO_1032_DFA_HAP_XX_wav2lip,data\synthetic\track2_fakes\videos\FAKE_T2_1032_DFA_FEA_XX__AUDIO_1032_DFA_HAP_XX_wav2lip.mp4,1,done,wav2lip,1032,DFA,fear,happy,yes
FAKE_T2_1032_DFA_NEU_XX__AUDIO_1032_DFA_SAD_XX_wav2lip,data\synthetic\track2_fakes\videos\FAKE_T2_1032_DFA_NEU_XX__AUDIO_1032_DFA_SAD_XX_wav2lip.mp4,1,done,wav2lip,1032,DFA,neutral,sad,yes
FAKE_T2_1032_DFA_SAD_XX__AUDIO_1032_DFA_ANG_XX_wav2lip,data\synthetic\track2_fakes\videos\FAKE_T2_1032_DFA_SAD_XX__AUDIO_1032_DFA_ANG_XX_wav2lip.mp4,1,done,wav2lip,1032,DFA,sad,angry,yes
FAKE_T2_1032_IEO_ANG_LO__AUDIO_1032_IEO_DIS_LO_wav2lip,data\synthetic\track2_fakes\videos\FAKE_T2_1032_IEO_ANG_LO__AUDIO_1032_IEO_DIS_LO_wav2lip.mp4,1,done,wav2lip,1032,IEO,angry,disgust,yes
FAKE_T2_1032_IEO_DIS_HI__AUDIO_1032_IEO_FEA_HI_wav2lip,data\synthetic\track2_fakes\videos\FAKE_T2_1032_IEO_DIS_HI__AUDIO_1032_IEO_FEA_HI_wav2lip.mp4,1,done,wav2lip,1032,IEO,disgust,fear,yes
FAKE_T2_1032_IEO_DIS_MD__AUDIO_1032_IEO_FEA_MD_wav2lip,data\synthetic\track2_fakes\videos\FAKE_T2_1032_IEO_DIS_MD__AUDIO_1032_IEO_FEA_MD_wav2lip.mp4,1,done,wav2lip,1032,IEO,disgust,fear,yes
FAKE_T2_1032_IEO_HAP_HI__AUDIO_1032_IEO_NEU_XX_wav2lip,data\synthetic\track2_fakes\videos\FAKE_T2_1032_IEO_HAP_HI__AUDIO_1032_IEO_NEU_XX_wav2lip.mp4,1,done,wav2lip,1032,IEO,happy,neutral,yes
FAKE_T2_1032_IEO_HAP_LO__AUDIO_1032_IEO_NEU_XX_wav2lip,data\synthetic\track2_fakes\videos\FAKE_T2_1032_IEO_HAP_LO__AUDIO_1032_IEO_NEU_XX_wav2lip.mp4,1,done,wav2lip,1032,IEO,happy,neutral,yes
FAKE_T2_1032_IOM_ANG_XX__AUDIO_1032_IOM_DIS_XX_wav2lip,data\synthetic\track2_fakes\videos\FAKE_T2_1032_IOM_ANG_XX__AUDIO_1032_IOM_DIS_XX_wav2lip.mp4,1,done,wav2lip,1032,IOM,angry,disgust,yes
FAKE_T2_1032_IOM_DIS_XX__AUDIO_1032_IOM_FEA_XX_wav2lip,data\synthetic\track2_fakes\videos\FAKE_T2_1032_IOM_DIS_XX__AUDIO_1032_IOM_FEA_XX_wav2lip.mp4,1,done,wav2lip,1032,IOM,disgust,fear,yes
FAKE_T2_1032_IOM_HAP_XX__AUDIO_1032_IOM_NEU_XX_wav2lip,data\synthetic\track2_fakes\videos\FAKE_T2_1032_IOM_HAP_XX__AUDIO_1032_IOM_NEU_XX_wav2lip.mp4,1,done,wav2lip,1032,IOM,happy,neutral,yes
FAKE_T2_1032_IWL_FEA_XX__AUDIO_1032_IWL_HAP_XX_wav2lip,data\synthetic\track2_fakes\videos\FAKE_T2_1032_IWL_FEA_XX__AUDIO_1032_IWL_HAP_XX_wav2lip.mp4,1,done,wav2lip,1032,IWL,fear,happy,yes
FAKE_T2_1032_IWL_SAD_XX__AUDIO_1032_IWL_ANG_XX_wav2lip,data\synthetic\track2_fakes\videos\FAKE_T2_1032_IWL_SAD_XX__AUDIO_1032_IWL_ANG_XX_wav2lip.mp4,1,done,wav2lip,1032,IWL,sad,angry,yes
FAKE_T2_1032_IWW_ANG_XX__AUDIO_1032_IWW_DIS_XX_wav2lip,data\synthetic\track2_fakes\videos\FAKE_T2_1032_IWW_ANG_XX__AUDIO_1032_IWW_DIS_XX_wav2lip.mp4,1,done,wav2lip,1032,IWW,angry,disgust,yes
FAKE_T2_1032_IWW_NEU_XX__AUDIO_1032_IWW_SAD_XX_wav2lip,data\synthetic\track2_fakes\videos\FAKE_T2_1032_IWW_NEU_XX__AUDIO_1032_IWW_SAD_XX_wav2lip.mp4,1,done,wav2lip,1032,IWW,neutral,sad,yes
FAKE_T2_1032_IWW_SAD_XX__AUDIO_1032_IWW_ANG_XX_wav2lip,data\synthetic\track2_fakes\videos\FAKE_T2_1032_IWW_SAD_XX__AUDIO_1032_IWW_ANG_XX_wav2lip.mp4,1,done,wav2lip,1032,IWW,sad,angry,yes
FAKE_T2_1032_MTI_ANG_XX__AUDIO_1032_MTI_DIS_XX_wav2lip,data\synthetic\track2_fakes\videos\FAKE_T2_1032_MTI_ANG_XX__AUDIO_1032_MTI_DIS_XX_wav2lip.mp4,1,done,wav2lip,1032,MTI,angry,disgust,yes
FAKE_T2_1032_TAI_SAD_XX__AUDIO_1032_TAI_ANG_XX_wav2lip,data\synthetic\track2_fakes\videos\FAKE_T2_1032_TAI_SAD_XX__AUDIO_1032_TAI_ANG_XX_wav2lip.mp4,1,done,wav2lip,1032,TAI,sad,angry,yes
FAKE_T2_1032_TIE_NEU_XX__AUDIO_1032_TIE_SAD_XX_wav2lip,data\synthetic\track2_fakes\videos\FAKE_T2_1032_TIE_NEU_XX__AUDIO_1032_TIE_SAD_XX_wav2lip.mp4,1,done,wav2lip,1032,TIE,neutral,sad,yes
FAKE_T2_1032_TSI_ANG_XX__AUDIO_1032_TSI_DIS_XX_wav2lip,data\synthetic\track2_fakes\videos\FAKE_T2_1032_TSI_ANG_XX__AUDIO_1032_TSI_DIS_XX_wav2lip.mp4,1,done,wav2lip,1032,TSI,angry,disgust,yes
FAKE_T2_1032_TSI_DIS_XX__AUDIO_1032_TSI_FEA_XX_wav2lip,data\synthetic\track2_fakes\videos\FAKE_T2_1032_TSI_DIS_XX__AUDIO_1032_TSI_FEA_XX_wav2lip.mp4,1,done,wav2lip,1032,TSI,disgust,fear,yes
FAKE_T2_1032_TSI_NEU_XX__AUDIO_1032_TSI_SAD_XX_wav2lip,data\synthetic\track2_fakes\videos\FAKE_T2_1032_TSI_NEU_XX__AUDIO_1032_TSI_SAD_XX_wav2lip.mp4,1,done,wav2lip,1032,TSI,neutral,sad,yes
FAKE_T2_1032_WSI_DIS_XX__AUDIO_1032_WSI_FEA_XX_wav2lip,data\synthetic\track2_fakes\videos\FAKE_T2_1032_WSI_DIS_XX__AUDIO_1032_WSI_FEA_XX_wav2lip.mp4,1,done,wav2lip,1032,WSI,disgust,fear,yes
FAKE_T2_1032_WSI_HAP_XX__AUDIO_1032_WSI_NEU_XX_wav2lip,data\synthetic\track2_fakes\videos\FAKE_T2_1032_WSI_HAP_XX__AUDIO_1032_WSI_NEU_XX_wav2lip.mp4,1,done,wav2lip,1032,WSI,happy,neutral,yes
FAKE_T2_1033_DFA_DIS_XX__AUDIO_1033_DFA_FEA_XX_wav2lip,data\synthetic\track2_fakes\videos\FAKE_T2_1033_DFA_DIS_XX__AUDIO_1033_DFA_FEA_XX_wav2lip.mp4,1,done,wav2lip,1033,DFA,disgust,fear,yes
FAKE_T2_1033_DFA_FEA_XX__AUDIO_1033_DFA_HAP_XX_wav2lip,data\synthetic\track2_fakes\videos\FAKE_T2_1033_DFA_FEA_XX__AUDIO_1033_DFA_HAP_XX_wav2lip.mp4,1,done,wav2lip,1033,DFA,fear,happy,yes
FAKE_T2_1033_IEO_ANG_HI__AUDIO_1033_IEO_DIS_HI_wav2lip,data\synthetic\track2_fakes\videos\FAKE_T2_1033_IEO_ANG_HI__AUDIO_1033_IEO_DIS_HI_wav2lip.mp4,1,done,wav2lip,1033,IEO,angry,disgust,yes
FAKE_T2_1033_IEO_ANG_MD__AUDIO_1033_IEO_DIS_MD_wav2lip,data\synthetic\track2_fakes\videos\FAKE_T2_1033_IEO_ANG_MD__AUDIO_1033_IEO_DIS_MD_wav2lip.mp4,1,done,wav2lip,1033,IEO,angry,disgust,yes
FAKE_T2_1033_IEO_DIS_LO__AUDIO_1033_IEO_FEA_LO_wav2lip,data\synthetic\track2_fakes\videos\FAKE_T2_1033_IEO_DIS_LO__AUDIO_1033_IEO_FEA_LO_wav2lip.mp4,1,done,wav2lip,1033,IEO,disgust,fear,yes
FAKE_T2_1033_IEO_DIS_MD__AUDIO_1033_IEO_FEA_MD_wav2lip,data\synthetic\track2_fakes\videos\FAKE_T2_1033_IEO_DIS_MD__AUDIO_1033_IEO_FEA_MD_wav2lip.mp4,1,done,wav2lip,1033,IEO,disgust,fear,yes
FAKE_T2_1033_IEO_FEA_HI__AUDIO_1033_IEO_HAP_HI_wav2lip,data\synthetic\track2_fakes\videos\FAKE_T2_1033_IEO_FEA_HI__AUDIO_1033_IEO_HAP_HI_wav2lip.mp4,1,done,wav2lip,1033,IEO,fear,happy,yes
FAKE_T2_1033_IEO_HAP_HI__AUDIO_1033_IEO_NEU_XX_wav2lip,data\synthetic\track2_fakes\videos\FAKE_T2_1033_IEO_HAP_HI__AUDIO_1033_IEO_NEU_XX_wav2lip.mp4,1,done,wav2lip,1033,IEO,happy,neutral,yes
FAKE_T2_1033_IEO_SAD_HI__AUDIO_1033_IEO_ANG_HI_wav2lip,data\synthetic\track2_fakes\videos\FAKE_T2_1033_IEO_SAD_HI__AUDIO_1033_IEO_ANG_HI_wav2lip.mp4,1,done,wav2lip,1033,IEO,sad,angry,yes
FAKE_T2_1033_IOM_HAP_XX__AUDIO_1033_IOM_NEU_XX_wav2lip,data\synthetic\track2_fakes\videos\FAKE_T2_1033_IOM_HAP_XX__AUDIO_1033_IOM_NEU_XX_wav2lip.mp4,1,done,wav2lip,1033,IOM,happy,neutral,yes
FAKE_T2_1033_ITS_ANG_XX__AUDIO_1033_ITS_DIS_XX_wav2lip,data\synthetic\track2_fakes\videos\FAKE_T2_1033_ITS_ANG_XX__AUDIO_1033_ITS_DIS_XX_wav2lip.mp4,1,done,wav2lip,1033,ITS,angry,disgust,yes
FAKE_T2_1033_ITS_FEA_XX__AUDIO_1033_ITS_HAP_XX_wav2lip,data\synthetic\track2_fakes\videos\FAKE_T2_1033_ITS_FEA_XX__AUDIO_1033_ITS_HAP_XX_wav2lip.mp4,1,done,wav2lip,1033,ITS,fear,happy,yes
FAKE_T2_1033_ITS_NEU_XX__AUDIO_1033_ITS_SAD_XX_wav2lip,data\synthetic\track2_fakes\videos\FAKE_T2_1033_ITS_NEU_XX__AUDIO_1033_ITS_SAD_XX_wav2lip.mp4,1,done,wav2lip,1033,ITS,neutral,sad,yes
FAKE_T2_1033_ITS_SAD_XX__AUDIO_1033_ITS_ANG_XX_wav2lip,data\synthetic\track2_fakes\videos\FAKE_T2_1033_ITS_SAD_XX__AUDIO_1033_ITS_ANG_XX_wav2lip.mp4,1,done,wav2lip,1033,ITS,sad,angry,yes
FAKE_T2_1033_IWL_NEU_XX__AUDIO_1033_IWL_SAD_XX_wav2lip,data\synthetic\track2_fakes\videos\FAKE_T2_1033_IWL_NEU_XX__AUDIO_1033_IWL_SAD_XX_wav2lip.mp4,1,done,wav2lip,1033,IWL,neutral,sad,yes
FAKE_T2_1033_IWW_ANG_XX__AUDIO_1033_IWW_DIS_XX_wav2lip,data\synthetic\track2_fakes\videos\FAKE_T2_1033_IWW_ANG_XX__AUDIO_1033_IWW_DIS_XX_wav2lip.mp4,1,done,wav2lip,1033,IWW,angry,disgust,yes
FAKE_T2_1033_IWW_DIS_XX__AUDIO_1033_IWW_FEA_XX_wav2lip,data\synthetic\track2_fakes\videos\FAKE_T2_1033_IWW_DIS_XX__AUDIO_1033_IWW_FEA_XX_wav2lip.mp4,1,done,wav2lip,1033,IWW,disgust,fear,yes
FAKE_T2_1033_IWW_FEA_XX__AUDIO_1033_IWW_HAP_XX_wav2lip,data\synthetic\track2_fakes\videos\FAKE_T2_1033_IWW_FEA_XX__AUDIO_1033_IWW_HAP_XX_wav2lip.mp4,1,done,wav2lip,1033,IWW,fear,happy,yes
FAKE_T2_1033_IWW_SAD_XX__AUDIO_1033_IWW_ANG_XX_wav2lip,data\synthetic\track2_fakes\videos\FAKE_T2_1033_IWW_SAD_XX__AUDIO_1033_IWW_ANG_XX_wav2lip.mp4,1,done,wav2lip,1033,IWW,sad,angry,yes
FAKE_T2_1033_MTI_SAD_XX__AUDIO_1033_MTI_ANG_XX_wav2lip,data\synthetic\track2_fakes\videos\FAKE_T2_1033_MTI_SAD_XX__AUDIO_1033_MTI_ANG_XX_wav2lip.mp4,1,done,wav2lip,1033,MTI,sad,angry,yes
FAKE_T2_1033_TAI_NEU_XX__AUDIO_1033_TAI_SAD_XX_wav2lip,data\synthetic\track2_fakes\videos\FAKE_T2_1033_TAI_NEU_XX__AUDIO_1033_TAI_SAD_XX_wav2lip.mp4,1,done,wav2lip,1033,TAI,neutral,sad,yes
FAKE_T2_1033_TIE_DIS_XX__AUDIO_1033_TIE_FEA_XX_wav2lip,data\synthetic\track2_fakes\videos\FAKE_T2_1033_TIE_DIS_XX__AUDIO_1033_TIE_FEA_XX_wav2lip.mp4,1,done,wav2lip,1033,TIE,disgust,fear,yes
FAKE_T2_1033_TIE_FEA_XX__AUDIO_1033_TIE_HAP_XX_wav2lip,data\synthetic\track2_fakes\videos\FAKE_T2_1033_TIE_FEA_XX__AUDIO_1033_TIE_HAP_XX_wav2lip.mp4,1,done,wav2lip,1033,TIE,fear,happy,yes
FAKE_T2_1033_TSI_HAP_XX__AUDIO_1033_TSI_NEU_XX_wav2lip,data\synthetic\track2_fakes\videos\FAKE_T2_1033_TSI_HAP_XX__AUDIO_1033_TSI_NEU_XX_wav2lip.mp4,1,done,wav2lip,1033,TSI,happy,neutral,yes
FAKE_T2_1033_WSI_SAD_XX__AUDIO_1033_WSI_ANG_XX_wav2lip,data\synthetic\track2_fakes\videos\FAKE_T2_1033_WSI_SAD_XX__AUDIO_1033_WSI_ANG_XX_wav2lip.mp4,1,done,wav2lip,1033,WSI,sad,angry,yes
FAKE_T2_1034_DFA_HAP_XX__AUDIO_1034_DFA_NEU_XX_wav2lip,data\synthetic\track2_fakes\videos\FAKE_T2_1034_DFA_HAP_XX__AUDIO_1034_DFA_NEU_XX_wav2lip.mp4,1,done,wav2lip,1034,DFA,happy,neutral,yes
FAKE_T2_1034_IEO_ANG_HI__AUDIO_1034_IEO_DIS_HI_wav2lip,data\synthetic\track2_fakes\videos\FAKE_T2_1034_IEO_ANG_HI__AUDIO_1034_IEO_DIS_HI_wav2lip.mp4,1,done,wav2lip,1034,IEO,angry,disgust,yes
FAKE_T2_1034_IEO_DIS_HI__AUDIO_1034_IEO_FEA_HI_wav2lip,data\synthetic\track2_fakes\videos\FAKE_T2_1034_IEO_DIS_HI__AUDIO_1034_IEO_FEA_HI_wav2lip.mp4,1,done,wav2lip,1034,IEO,disgust,fear,yes
FAKE_T2_1034_IOM_NEU_XX__AUDIO_1034_IOM_SAD_XX_wav2lip,data\synthetic\track2_fakes\videos\FAKE_T2_1034_IOM_NEU_XX__AUDIO_1034_IOM_SAD_XX_wav2lip.mp4,1,done,wav2lip,1034,IOM,neutral,sad,yes
FAKE_T2_1034_ITH_FEA_XX__AUDIO_1034_ITH_HAP_XX_wav2lip,data\synthetic\track2_fakes\videos\FAKE_T2_1034_ITH_FEA_XX__AUDIO_1034_ITH_HAP_XX_wav2lip.mp4,1,done,wav2lip,1034,ITH,fear,happy,yes
FAKE_T2_1034_ITH_SAD_XX__AUDIO_1034_ITH_ANG_XX_wav2lip,data\synthetic\track2_fakes\videos\FAKE_T2_1034_ITH_SAD_XX__AUDIO_1034_ITH_ANG_XX_wav2lip.mp4,1,done,wav2lip,1034,ITH,sad,angry,yes
FAKE_T2_1034_ITS_ANG_XX__AUDIO_1034_ITS_DIS_XX_wav2lip,data\synthetic\track2_fakes\videos\FAKE_T2_1034_ITS_ANG_XX__AUDIO_1034_ITS_DIS_XX_wav2lip.mp4,1,done,wav2lip,1034,ITS,angry,disgust,yes
FAKE_T2_1034_ITS_FEA_XX__AUDIO_1034_ITS_HAP_XX_wav2lip,data\synthetic\track2_fakes\videos\FAKE_T2_1034_ITS_FEA_XX__AUDIO_1034_ITS_HAP_XX_wav2lip.mp4,1,done,wav2lip,1034,ITS,fear,happy,yes
FAKE_T2_1034_ITS_HAP_XX__AUDIO_1034_ITS_NEU_XX_wav2lip,data\synthetic\track2_fakes\videos\FAKE_T2_1034_ITS_HAP_XX__AUDIO_1034_ITS_NEU_XX_wav2lip.mp4,1,done,wav2lip,1034,ITS,happy,neutral,yes
FAKE_T2_1034_IWL_ANG_XX__AUDIO_1034_IWL_DIS_XX_wav2lip,data\synthetic\track2_fakes\videos\FAKE_T2_1034_IWL_ANG_XX__AUDIO_1034_IWL_DIS_XX_wav2lip.mp4,1,done,wav2lip,1034,IWL,angry,disgust,yes
FAKE_T2_1034_IWL_DIS_XX__AUDIO_1034_IWL_FEA_XX_wav2lip,data\synthetic\track2_fakes\videos\FAKE_T2_1034_IWL_DIS_XX__AUDIO_1034_IWL_FEA_XX_wav2lip.mp4,1,done,wav2lip,1034,IWL,disgust,fear,yes
FAKE_T2_1034_IWL_HAP_XX__AUDIO_1034_IWL_NEU_XX_wav2lip,data\synthetic\track2_fakes\videos\FAKE_T2_1034_IWL_HAP_XX__AUDIO_1034_IWL_NEU_XX_wav2lip.mp4,1,done,wav2lip,1034,IWL,happy,neutral,yes
FAKE_T2_1034_IWW_DIS_XX__AUDIO_1034_IWW_FEA_XX_wav2lip,data\synthetic\track2_fakes\videos\FAKE_T2_1034_IWW_DIS_XX__AUDIO_1034_IWW_FEA_XX_wav2lip.mp4,1,done,wav2lip,1034,IWW,disgust,fear,yes
FAKE_T2_1034_IWW_FEA_XX__AUDIO_1034_IWW_HAP_XX_wav2lip,data\synthetic\track2_fakes\videos\FAKE_T2_1034_IWW_FEA_XX__AUDIO_1034_IWW_HAP_XX_wav2lip.mp4,1,done,wav2lip,1034,IWW,fear,happy,yes
FAKE_T2_1034_IWW_HAP_XX__AUDIO_1034_IWW_NEU_XX_wav2lip,data\synthetic\track2_fakes\videos\FAKE_T2_1034_IWW_HAP_XX__AUDIO_1034_IWW_NEU_XX_wav2lip.mp4,1,done,wav2lip,1034,IWW,happy,neutral,yes
FAKE_T2_1034_MTI_FEA_XX__AUDIO_1034_MTI_HAP_XX_wav2lip,data\synthetic\track2_fakes\videos\FAKE_T2_1034_MTI_FEA_XX__AUDIO_1034_MTI_HAP_XX_wav2lip.mp4,1,done,wav2lip,1034,MTI,fear,happy,yes
FAKE_T2_1034_TAI_DIS_XX__AUDIO_1034_TAI_FEA_XX_wav2lip,data\synthetic\track2_fakes\videos\FAKE_T2_1034_TAI_DIS_XX__AUDIO_1034_TAI_FEA_XX_wav2lip.mp4,1,done,wav2lip,1034,TAI,disgust,fear,yes
FAKE_T2_1034_TAI_FEA_XX__AUDIO_1034_TAI_HAP_XX_wav2lip,data\synthetic\track2_fakes\videos\FAKE_T2_1034_TAI_FEA_XX__AUDIO_1034_TAI_HAP_XX_wav2lip.mp4,1,done,wav2lip,1034,TAI,fear,happy,yes
FAKE_T2_1034_TAI_HAP_XX__AUDIO_1034_TAI_NEU_XX_wav2lip,data\synthetic\track2_fakes\videos\FAKE_T2_1034_TAI_HAP_XX__AUDIO_1034_TAI_NEU_XX_wav2lip.mp4,1,done,wav2lip,1034,TAI,happy,neutral,yes
FAKE_T2_1034_TIE_ANG_XX__AUDIO_1034_TIE_DIS_XX_wav2lip,data\synthetic\track2_fakes\videos\FAKE_T2_1034_TIE_ANG_XX__AUDIO_1034_TIE_DIS_XX_wav2lip.mp4,1,done,wav2lip,1034,TIE,angry,disgust,yes
FAKE_T2_1034_TIE_FEA_XX__AUDIO_1034_TIE_HAP_XX_wav2lip,data\synthetic\track2_fakes\videos\FAKE_T2_1034_TIE_FEA_XX__AUDIO_1034_TIE_HAP_XX_wav2lip.mp4,1,done,wav2lip,1034,TIE,fear,happy,yes
FAKE_T2_1034_TIE_SAD_XX__AUDIO_1034_TIE_ANG_XX_wav2lip,data\synthetic\track2_fakes\videos\FAKE_T2_1034_TIE_SAD_XX__AUDIO_1034_TIE_ANG_XX_wav2lip.mp4,1,done,wav2lip,1034,TIE,sad,angry,yes
FAKE_T2_1034_TSI_DIS_XX__AUDIO_1034_TSI_FEA_XX_wav2lip,data\synthetic\track2_fakes\videos\FAKE_T2_1034_TSI_DIS_XX__AUDIO_1034_TSI_FEA_XX_wav2lip.mp4,1,done,wav2lip,1034,TSI,disgust,fear,yes
FAKE_T2_1034_WSI_NEU_XX__AUDIO_1034_WSI_SAD_XX_wav2lip,data\synthetic\track2_fakes\videos\FAKE_T2_1034_WSI_NEU_XX__AUDIO_1034_WSI_SAD_XX_wav2lip.mp4,1,done,wav2lip,1034,WSI,neutral,sad,yes
FAKE_T2_1034_WSI_SAD_XX__AUDIO_1034_WSI_ANG_XX_wav2lip,data\synthetic\track2_fakes\videos\FAKE_T2_1034_WSI_SAD_XX__AUDIO_1034_WSI_ANG_XX_wav2lip.mp4,1,done,wav2lip,1034,WSI,sad,angry,yes
FAKE_T2_1035_DFA_ANG_XX__AUDIO_1035_DFA_DIS_XX_wav2lip,data\synthetic\track2_fakes\videos\FAKE_T2_1035_DFA_ANG_XX__AUDIO_1035_DFA_DIS_XX_wav2lip.mp4,1,done,wav2lip,1035,DFA,angry,disgust,yes
FAKE_T2_1035_DFA_DIS_XX__AUDIO_1035_DFA_FEA_XX_wav2lip,data\synthetic\track2_fakes\videos\FAKE_T2_1035_DFA_DIS_XX__AUDIO_1035_DFA_FEA_XX_wav2lip.mp4,1,done,wav2lip,1035,DFA,disgust,fear,yes
FAKE_T2_1035_DFA_NEU_XX__AUDIO_1035_DFA_SAD_XX_wav2lip,data\synthetic\track2_fakes\videos\FAKE_T2_1035_DFA_NEU_XX__AUDIO_1035_DFA_SAD_XX_wav2lip.mp4,1,done,wav2lip,1035,DFA,neutral,sad,yes
FAKE_T2_1035_DFA_SAD_XX__AUDIO_1035_DFA_ANG_XX_wav2lip,data\synthetic\track2_fakes\videos\FAKE_T2_1035_DFA_SAD_XX__AUDIO_1035_DFA_ANG_XX_wav2lip.mp4,1,done,wav2lip,1035,DFA,sad,angry,yes
FAKE_T2_1035_IEO_ANG_LO__AUDIO_1035_IEO_DIS_LO_wav2lip,data\synthetic\track2_fakes\videos\FAKE_T2_1035_IEO_ANG_LO__AUDIO_1035_IEO_DIS_LO_wav2lip.mp4,1,done,wav2lip,1035,IEO,angry,disgust,yes
FAKE_T2_1035_IEO_DIS_LO__AUDIO_1035_IEO_FEA_LO_wav2lip,data\synthetic\track2_fakes\videos\FAKE_T2_1035_IEO_DIS_LO__AUDIO_1035_IEO_FEA_LO_wav2lip.mp4,1,done,wav2lip,1035,IEO,disgust,fear,yes
FAKE_T2_1035_IEO_HAP_LO__AUDIO_1035_IEO_NEU_XX_wav2lip,data\synthetic\track2_fakes\videos\FAKE_T2_1035_IEO_HAP_LO__AUDIO_1035_IEO_NEU_XX_wav2lip.mp4,1,done,wav2lip,1035,IEO,happy,neutral,yes
FAKE_T2_1035_IEO_NEU_XX__AUDIO_1035_IEO_SAD_HI_wav2lip,data\synthetic\track2_fakes\videos\FAKE_T2_1035_IEO_NEU_XX__AUDIO_1035_IEO_SAD_HI_wav2lip.mp4,1,done,wav2lip,1035,IEO,neutral,sad,yes
FAKE_T2_1035_IOM_FEA_XX__AUDIO_1035_IOM_HAP_XX_wav2lip,data\synthetic\track2_fakes\videos\FAKE_T2_1035_IOM_FEA_XX__AUDIO_1035_IOM_HAP_XX_wav2lip.mp4,1,done,wav2lip,1035,IOM,fear,happy,yes
FAKE_T2_1035_IOM_HAP_XX__AUDIO_1035_IOM_NEU_XX_wav2lip,data\synthetic\track2_fakes\videos\FAKE_T2_1035_IOM_HAP_XX__AUDIO_1035_IOM_NEU_XX_wav2lip.mp4,1,done,wav2lip,1035,IOM,happy,neutral,yes
FAKE_T2_1035_ITH_HAP_XX__AUDIO_1035_ITH_NEU_XX_wav2lip,data\synthetic\track2_fakes\videos\FAKE_T2_1035_ITH_HAP_XX__AUDIO_1035_ITH_NEU_XX_wav2lip.mp4,1,done,wav2lip,1035,ITH,happy,neutral,yes
FAKE_T2_1035_ITS_FEA_XX__AUDIO_1035_ITS_HAP_XX_wav2lip,data\synthetic\track2_fakes\videos\FAKE_T2_1035_ITS_FEA_XX__AUDIO_1035_ITS_HAP_XX_wav2lip.mp4,1,done,wav2lip,1035,ITS,fear,happy,yes
FAKE_T2_1035_ITS_SAD_XX__AUDIO_1035_ITS_ANG_XX_wav2lip,data\synthetic\track2_fakes\videos\FAKE_T2_1035_ITS_SAD_XX__AUDIO_1035_ITS_ANG_XX_wav2lip.mp4,1,done,wav2lip,1035,ITS,sad,angry,yes
FAKE_T2_1035_IWL_SAD_XX__AUDIO_1035_IWL_ANG_XX_wav2lip,data\synthetic\track2_fakes\videos\FAKE_T2_1035_IWL_SAD_XX__AUDIO_1035_IWL_ANG_XX_wav2lip.mp4,1,done,wav2lip,1035,IWL,sad,angry,yes
FAKE_T2_1035_IWW_SAD_XX__AUDIO_1035_IWW_ANG_XX_wav2lip,data\synthetic\track2_fakes\videos\FAKE_T2_1035_IWW_SAD_XX__AUDIO_1035_IWW_ANG_XX_wav2lip.mp4,1,done,wav2lip,1035,IWW,sad,angry,yes
FAKE_T2_1035_MTI_HAP_XX__AUDIO_1035_MTI_NEU_XX_wav2lip,data\synthetic\track2_fakes\videos\FAKE_T2_1035_MTI_HAP_XX__AUDIO_1035_MTI_NEU_XX_wav2lip.mp4,1,done,wav2lip,1035,MTI,happy,neutral,yes
FAKE_T2_1035_MTI_SAD_XX__AUDIO_1035_MTI_ANG_XX_wav2lip,data\synthetic\track2_fakes\videos\FAKE_T2_1035_MTI_SAD_XX__AUDIO_1035_MTI_ANG_XX_wav2lip.mp4,1,done,wav2lip,1035,MTI,sad,angry,yes
FAKE_T2_1035_TAI_HAP_XX__AUDIO_1035_TAI_NEU_XX_wav2lip,data\synthetic\track2_fakes\videos\FAKE_T2_1035_TAI_HAP_XX__AUDIO_1035_TAI_NEU_XX_wav2lip.mp4,1,done,wav2lip,1035,TAI,happy,neutral,yes
FAKE_T2_1035_TAI_NEU_XX__AUDIO_1035_TAI_SAD_XX_wav2lip,data\synthetic\track2_fakes\videos\FAKE_T2_1035_TAI_NEU_XX__AUDIO_1035_TAI_SAD_XX_wav2lip.mp4,1,done,wav2lip,1035,TAI,neutral,sad,yes
FAKE_T2_1035_TIE_DIS_XX__AUDIO_1035_TIE_FEA_XX_wav2lip,data\synthetic\track2_fakes\videos\FAKE_T2_1035_TIE_DIS_XX__AUDIO_1035_TIE_FEA_XX_wav2lip.mp4,1,done,wav2lip,1035,TIE,disgust,fear,yes
FAKE_T2_1035_TSI_ANG_XX__AUDIO_1035_TSI_DIS_XX_wav2lip,data\synthetic\track2_fakes\videos\FAKE_T2_1035_TSI_ANG_XX__AUDIO_1035_TSI_DIS_XX_wav2lip.mp4,1,done,wav2lip,1035,TSI,angry,disgust,yes
FAKE_T2_1035_TSI_FEA_XX__AUDIO_1035_TSI_HAP_XX_wav2lip,data\synthetic\track2_fakes\videos\FAKE_T2_1035_TSI_FEA_XX__AUDIO_1035_TSI_HAP_XX_wav2lip.mp4,1,done,wav2lip,1035,TSI,fear,happy,yes
FAKE_T2_1035_TSI_NEU_XX__AUDIO_1035_TSI_SAD_XX_wav2lip,data\synthetic\track2_fakes\videos\FAKE_T2_1035_TSI_NEU_XX__AUDIO_1035_TSI_SAD_XX_wav2lip.mp4,1,done,wav2lip,1035,TSI,neutral,sad,yes
FAKE_T2_1035_WSI_DIS_XX__AUDIO_1035_WSI_FEA_XX_wav2lip,data\synthetic\track2_fakes\videos\FAKE_T2_1035_WSI_DIS_XX__AUDIO_1035_WSI_FEA_XX_wav2lip.mp4,1,done,wav2lip,1035,WSI,disgust,fear,yes
FAKE_T2_1035_WSI_NEU_XX__AUDIO_1035_WSI_SAD_XX_wav2lip,data\synthetic\track2_fakes\videos\FAKE_T2_1035_WSI_NEU_XX__AUDIO_1035_WSI_SAD_XX_wav2lip.mp4,1,done,wav2lip,1035,WSI,neutral,sad,yes
FAKE_T2_1036_DFA_ANG_XX__AUDIO_1036_DFA_DIS_XX_wav2lip,data\synthetic\track2_fakes\videos\FAKE_T2_1036_DFA_ANG_XX__AUDIO_1036_DFA_DIS_XX_wav2lip.mp4,1,done,wav2lip,1036,DFA,angry,disgust,yes
FAKE_T2_1036_DFA_NEU_XX__AUDIO_1036_DFA_SAD_XX_wav2lip,data\synthetic\track2_fakes\videos\FAKE_T2_1036_DFA_NEU_XX__AUDIO_1036_DFA_SAD_XX_wav2lip.mp4,1,done,wav2lip,1036,DFA,neutral,sad,yes
FAKE_T2_1036_IEO_DIS_HI__AUDIO_1036_IEO_FEA_HI_wav2lip,data\synthetic\track2_fakes\videos\FAKE_T2_1036_IEO_DIS_HI__AUDIO_1036_IEO_FEA_HI_wav2lip.mp4,1,done,wav2lip,1036,IEO,disgust,fear,yes
FAKE_T2_1036_IEO_DIS_LO__AUDIO_1036_IEO_FEA_LO_wav2lip,data\synthetic\track2_fakes\videos\FAKE_T2_1036_IEO_DIS_LO__AUDIO_1036_IEO_FEA_LO_wav2lip.mp4,1,done,wav2lip,1036,IEO,disgust,fear,yes
FAKE_T2_1036_IEO_DIS_MD__AUDIO_1036_IEO_FEA_MD_wav2lip,data\synthetic\track2_fakes\videos\FAKE_T2_1036_IEO_DIS_MD__AUDIO_1036_IEO_FEA_MD_wav2lip.mp4,1,done,wav2lip,1036,IEO,disgust,fear,yes
FAKE_T2_1036_IEO_SAD_HI__AUDIO_1036_IEO_ANG_HI_wav2lip,data\synthetic\track2_fakes\videos\FAKE_T2_1036_IEO_SAD_HI__AUDIO_1036_IEO_ANG_HI_wav2lip.mp4,1,done,wav2lip,1036,IEO,sad,angry,yes
FAKE_T2_1036_IEO_SAD_LO__AUDIO_1036_IEO_ANG_LO_wav2lip,data\synthetic\track2_fakes\videos\FAKE_T2_1036_IEO_SAD_LO__AUDIO_1036_IEO_ANG_LO_wav2lip.mp4,1,done,wav2lip,1036,IEO,sad,angry,yes
FAKE_T2_1036_IEO_SAD_MD__AUDIO_1036_IEO_ANG_MD_wav2lip,data\synthetic\track2_fakes\videos\FAKE_T2_1036_IEO_SAD_MD__AUDIO_1036_IEO_ANG_MD_wav2lip.mp4,1,done,wav2lip,1036,IEO,sad,angry,yes
FAKE_T2_1036_IOM_NEU_XX__AUDIO_1036_IOM_SAD_XX_wav2lip,data\synthetic\track2_fakes\videos\FAKE_T2_1036_IOM_NEU_XX__AUDIO_1036_IOM_SAD_XX_wav2lip.mp4,1,done,wav2lip,1036,IOM,neutral,sad,yes
FAKE_T2_1036_IOM_SAD_XX__AUDIO_1036_IOM_ANG_XX_wav2lip,data\synthetic\track2_fakes\videos\FAKE_T2_1036_IOM_SAD_XX__AUDIO_1036_IOM_ANG_XX_wav2lip.mp4,1,done,wav2lip,1036,IOM,sad,angry,yes
FAKE_T2_1036_ITH_ANG_XX__AUDIO_1036_ITH_DIS_XX_wav2lip,data\synthetic\track2_fakes\videos\FAKE_T2_1036_ITH_ANG_XX__AUDIO_1036_ITH_DIS_XX_wav2lip.mp4,1,done,wav2lip,1036,ITH,angry,disgust,yes
FAKE_T2_1036_ITH_FEA_XX__AUDIO_1036_ITH_HAP_XX_wav2lip,data\synthetic\track2_fakes\videos\FAKE_T2_1036_ITH_FEA_XX__AUDIO_1036_ITH_HAP_XX_wav2lip.mp4,1,done,wav2lip,1036,ITH,fear,happy,yes
FAKE_T2_1036_ITH_HAP_XX__AUDIO_1036_ITH_NEU_XX_wav2lip,data\synthetic\track2_fakes\videos\FAKE_T2_1036_ITH_HAP_XX__AUDIO_1036_ITH_NEU_XX_wav2lip.mp4,1,done,wav2lip,1036,ITH,happy,neutral,yes
FAKE_T2_1036_ITH_NEU_XX__AUDIO_1036_ITH_SAD_XX_wav2lip,data\synthetic\track2_fakes\videos\FAKE_T2_1036_ITH_NEU_XX__AUDIO_1036_ITH_SAD_XX_wav2lip.mp4,1,done,wav2lip,1036,ITH,neutral,sad,yes
FAKE_T2_1036_ITS_SAD_XX__AUDIO_1036_ITS_ANG_XX_wav2lip,data\synthetic\track2_fakes\videos\FAKE_T2_1036_ITS_SAD_XX__AUDIO_1036_ITS_ANG_XX_wav2lip.mp4,1,done,wav2lip,1036,ITS,sad,angry,yes
FAKE_T2_1036_IWL_DIS_XX__AUDIO_1036_IWL_FEA_XX_wav2lip,data\synthetic\track2_fakes\videos\FAKE_T2_1036_IWL_DIS_XX__AUDIO_1036_IWL_FEA_XX_wav2lip.mp4,1,done,wav2lip,1036,IWL,disgust,fear,yes
FAKE_T2_1036_IWL_FEA_XX__AUDIO_1036_IWL_HAP_XX_wav2lip,data\synthetic\track2_fakes\videos\FAKE_T2_1036_IWL_FEA_XX__AUDIO_1036_IWL_HAP_XX_wav2lip.mp4,1,done,wav2lip,1036,IWL,fear,happy,yes
FAKE_T2_1036_IWW_DIS_XX__AUDIO_1036_IWW_FEA_XX_wav2lip,data\synthetic\track2_fakes\videos\FAKE_T2_1036_IWW_DIS_XX__AUDIO_1036_IWW_FEA_XX_wav2lip.mp4,1,done,wav2lip,1036,IWW,disgust,fear,yes
FAKE_T2_1036_MTI_FEA_XX__AUDIO_1036_MTI_HAP_XX_wav2lip,data\synthetic\track2_fakes\videos\FAKE_T2_1036_MTI_FEA_XX__AUDIO_1036_MTI_HAP_XX_wav2lip.mp4,1,done,wav2lip,1036,MTI,fear,happy,yes
FAKE_T2_1036_MTI_HAP_XX__AUDIO_1036_MTI_NEU_XX_wav2lip,data\synthetic\track2_fakes\videos\FAKE_T2_1036_MTI_HAP_XX__AUDIO_1036_MTI_NEU_XX_wav2lip.mp4,1,done,wav2lip,1036,MTI,happy,neutral,yes
FAKE_T2_1036_MTI_SAD_XX__AUDIO_1036_MTI_ANG_XX_wav2lip,data\synthetic\track2_fakes\videos\FAKE_T2_1036_MTI_SAD_XX__AUDIO_1036_MTI_ANG_XX_wav2lip.mp4,1,done,wav2lip,1036,MTI,sad,angry,yes
FAKE_T2_1036_TIE_NEU_XX__AUDIO_1036_TIE_SAD_XX_wav2lip,data\synthetic\track2_fakes\videos\FAKE_T2_1036_TIE_NEU_XX__AUDIO_1036_TIE_SAD_XX_wav2lip.mp4,1,done,wav2lip,1036,TIE,neutral,sad,yes
FAKE_T2_1036_TSI_DIS_XX__AUDIO_1036_TSI_FEA_XX_wav2lip,data\synthetic\track2_fakes\videos\FAKE_T2_1036_TSI_DIS_XX__AUDIO_1036_TSI_FEA_XX_wav2lip.mp4,1,done,wav2lip,1036,TSI,disgust,fear,yes
FAKE_T2_1036_TSI_NEU_XX__AUDIO_1036_TSI_SAD_XX_wav2lip,data\synthetic\track2_fakes\videos\FAKE_T2_1036_TSI_NEU_XX__AUDIO_1036_TSI_SAD_XX_wav2lip.mp4,1,done,wav2lip,1036,TSI,neutral,sad,yes
FAKE_T2_1036_WSI_HAP_XX__AUDIO_1036_WSI_NEU_XX_wav2lip,data\synthetic\track2_fakes\videos\FAKE_T2_1036_WSI_HAP_XX__AUDIO_1036_WSI_NEU_XX_wav2lip.mp4,1,done,wav2lip,1036,WSI,happy,neutral,yes
FAKE_T2_1037_DFA_SAD_XX__AUDIO_1037_DFA_ANG_XX_wav2lip,data\synthetic\track2_fakes\videos\FAKE_T2_1037_DFA_SAD_XX__AUDIO_1037_DFA_ANG_XX_wav2lip.mp4,1,done,wav2lip,1037,DFA,sad,angry,yes
FAKE_T2_1037_IEO_FEA_HI__AUDIO_1037_IEO_HAP_HI_wav2lip,data\synthetic\track2_fakes\videos\FAKE_T2_1037_IEO_FEA_HI__AUDIO_1037_IEO_HAP_HI_wav2lip.mp4,1,done,wav2lip,1037,IEO,fear,happy,yes
FAKE_T2_1037_IEO_FEA_MD__AUDIO_1037_IEO_HAP_MD_wav2lip,data\synthetic\track2_fakes\videos\FAKE_T2_1037_IEO_FEA_MD__AUDIO_1037_IEO_HAP_MD_wav2lip.mp4,1,done,wav2lip,1037,IEO,fear,happy,yes
FAKE_T2_1037_IEO_HAP_LO__AUDIO_1037_IEO_NEU_XX_wav2lip,data\synthetic\track2_fakes\videos\FAKE_T2_1037_IEO_HAP_LO__AUDIO_1037_IEO_NEU_XX_wav2lip.mp4,1,done,wav2lip,1037,IEO,happy,neutral,yes
FAKE_T2_1037_IEO_NEU_XX__AUDIO_1037_IEO_SAD_HI_wav2lip,data\synthetic\track2_fakes\videos\FAKE_T2_1037_IEO_NEU_XX__AUDIO_1037_IEO_SAD_HI_wav2lip.mp4,1,done,wav2lip,1037,IEO,neutral,sad,yes
FAKE_T2_1037_IEO_SAD_LO__AUDIO_1037_IEO_ANG_LO_wav2lip,data\synthetic\track2_fakes\videos\FAKE_T2_1037_IEO_SAD_LO__AUDIO_1037_IEO_ANG_LO_wav2lip.mp4,1,done,wav2lip,1037,IEO,sad,angry,yes
FAKE_T2_1037_IOM_DIS_XX__AUDIO_1037_IOM_FEA_XX_wav2lip,data\synthetic\track2_fakes\videos\FAKE_T2_1037_IOM_DIS_XX__AUDIO_1037_IOM_FEA_XX_wav2lip.mp4,1,done,wav2lip,1037,IOM,disgust,fear,yes
FAKE_T2_1037_IOM_HAP_XX__AUDIO_1037_IOM_NEU_XX_wav2lip,data\synthetic\track2_fakes\videos\FAKE_T2_1037_IOM_HAP_XX__AUDIO_1037_IOM_NEU_XX_wav2lip.mp4,1,done,wav2lip,1037,IOM,happy,neutral,yes
FAKE_T2_1037_ITH_ANG_XX__AUDIO_1037_ITH_DIS_XX_wav2lip,data\synthetic\track2_fakes\videos\FAKE_T2_1037_ITH_ANG_XX__AUDIO_1037_ITH_DIS_XX_wav2lip.mp4,1,done,wav2lip,1037,ITH,angry,disgust,yes
FAKE_T2_1037_ITH_DIS_XX__AUDIO_1037_ITH_FEA_XX_wav2lip,data\synthetic\track2_fakes\videos\FAKE_T2_1037_ITH_DIS_XX__AUDIO_1037_ITH_FEA_XX_wav2lip.mp4,1,done,wav2lip,1037,ITH,disgust,fear,yes
FAKE_T2_1037_ITH_FEA_XX__AUDIO_1037_ITH_HAP_XX_wav2lip,data\synthetic\track2_fakes\videos\FAKE_T2_1037_ITH_FEA_XX__AUDIO_1037_ITH_HAP_XX_wav2lip.mp4,1,done,wav2lip,1037,ITH,fear,happy,yes
FAKE_T2_1037_ITS_HAP_XX__AUDIO_1037_ITS_NEU_XX_wav2lip,data\synthetic\track2_fakes\videos\FAKE_T2_1037_ITS_HAP_XX__AUDIO_1037_ITS_NEU_XX_wav2lip.mp4,1,done,wav2lip,1037,ITS,happy,neutral,yes
FAKE_T2_1037_IWL_SAD_XX__AUDIO_1037_IWL_ANG_XX_wav2lip,data\synthetic\track2_fakes\videos\FAKE_T2_1037_IWL_SAD_XX__AUDIO_1037_IWL_ANG_XX_wav2lip.mp4,1,done,wav2lip,1037,IWL,sad,angry,yes
FAKE_T2_1037_MTI_FEA_XX__AUDIO_1037_MTI_HAP_XX_wav2lip,data\synthetic\track2_fakes\videos\FAKE_T2_1037_MTI_FEA_XX__AUDIO_1037_MTI_HAP_XX_wav2lip.mp4,1,done,wav2lip,1037,MTI,fear,happy,yes
FAKE_T2_1037_TAI_DIS_XX__AUDIO_1037_TAI_FEA_XX_wav2lip,data\synthetic\track2_fakes\videos\FAKE_T2_1037_TAI_DIS_XX__AUDIO_1037_TAI_FEA_XX_wav2lip.mp4,1,done,wav2lip,1037,TAI,disgust,fear,yes
FAKE_T2_1037_TAI_FEA_XX__AUDIO_1037_TAI_HAP_XX_wav2lip,data\synthetic\track2_fakes\videos\FAKE_T2_1037_TAI_FEA_XX__AUDIO_1037_TAI_HAP_XX_wav2lip.mp4,1,done,wav2lip,1037,TAI,fear,happy,yes
FAKE_T2_1037_TAI_NEU_XX__AUDIO_1037_TAI_SAD_XX_wav2lip,data\synthetic\track2_fakes\videos\FAKE_T2_1037_TAI_NEU_XX__AUDIO_1037_TAI_SAD_XX_wav2lip.mp4,1,done,wav2lip,1037,TAI,neutral,sad,yes
FAKE_T2_1037_TIE_DIS_XX__AUDIO_1037_TIE_FEA_XX_wav2lip,data\synthetic\track2_fakes\videos\FAKE_T2_1037_TIE_DIS_XX__AUDIO_1037_TIE_FEA_XX_wav2lip.mp4,1,done,wav2lip,1037,TIE,disgust,fear,yes
FAKE_T2_1037_TIE_FEA_XX__AUDIO_1037_TIE_HAP_XX_wav2lip,data\synthetic\track2_fakes\videos\FAKE_T2_1037_TIE_FEA_XX__AUDIO_1037_TIE_HAP_XX_wav2lip.mp4,1,done,wav2lip,1037,TIE,fear,happy,yes
FAKE_T2_1037_TIE_SAD_XX__AUDIO_1037_TIE_ANG_XX_wav2lip,data\synthetic\track2_fakes\videos\FAKE_T2_1037_TIE_SAD_XX__AUDIO_1037_TIE_ANG_XX_wav2lip.mp4,1,done,wav2lip,1037,TIE,sad,angry,yes
FAKE_T2_1037_TSI_HAP_XX__AUDIO_1037_TSI_NEU_XX_wav2lip,data\synthetic\track2_fakes\videos\FAKE_T2_1037_TSI_HAP_XX__AUDIO_1037_TSI_NEU_XX_wav2lip.mp4,1,done,wav2lip,1037,TSI,happy,neutral,yes
FAKE_T2_1037_TSI_NEU_XX__AUDIO_1037_TSI_SAD_XX_wav2lip,data\synthetic\track2_fakes\videos\FAKE_T2_1037_TSI_NEU_XX__AUDIO_1037_TSI_SAD_XX_wav2lip.mp4,1,done,wav2lip,1037,TSI,neutral,sad,yes
FAKE_T2_1037_TSI_SAD_XX__AUDIO_1037_TSI_ANG_XX_wav2lip,data\synthetic\track2_fakes\videos\FAKE_T2_1037_TSI_SAD_XX__AUDIO_1037_TSI_ANG_XX_wav2lip.mp4,1,done,wav2lip,1037,TSI,sad,angry,yes
FAKE_T2_1037_WSI_DIS_XX__AUDIO_1037_WSI_FEA_XX_wav2lip,data\synthetic\track2_fakes\videos\FAKE_T2_1037_WSI_DIS_XX__AUDIO_1037_WSI_FEA_XX_wav2lip.mp4,1,done,wav2lip,1037,WSI,disgust,fear,yes
FAKE_T2_1037_WSI_FEA_XX__AUDIO_1037_WSI_HAP_XX_wav2lip,data\synthetic\track2_fakes\videos\FAKE_T2_1037_WSI_FEA_XX__AUDIO_1037_WSI_HAP_XX_wav2lip.mp4,1,done,wav2lip,1037,WSI,fear,happy,yes
FAKE_T2_1038_DFA_NEU_XX__AUDIO_1038_DFA_SAD_XX_wav2lip,data\synthetic\track2_fakes\videos\FAKE_T2_1038_DFA_NEU_XX__AUDIO_1038_DFA_SAD_XX_wav2lip.mp4,1,done,wav2lip,1038,DFA,neutral,sad,yes
FAKE_T2_1038_DFA_SAD_XX__AUDIO_1038_DFA_ANG_XX_wav2lip,data\synthetic\track2_fakes\videos\FAKE_T2_1038_DFA_SAD_XX__AUDIO_1038_DFA_ANG_XX_wav2lip.mp4,1,done,wav2lip,1038,DFA,sad,angry,yes
FAKE_T2_1038_IEO_ANG_HI__AUDIO_1038_IEO_DIS_HI_wav2lip,data\synthetic\track2_fakes\videos\FAKE_T2_1038_IEO_ANG_HI__AUDIO_1038_IEO_DIS_HI_wav2lip.mp4,1,done,wav2lip,1038,IEO,angry,disgust,yes
FAKE_T2_1038_IEO_ANG_LO__AUDIO_1038_IEO_DIS_LO_wav2lip,data\synthetic\track2_fakes\videos\FAKE_T2_1038_IEO_ANG_LO__AUDIO_1038_IEO_DIS_LO_wav2lip.mp4,1,done,wav2lip,1038,IEO,angry,disgust,yes
FAKE_T2_1038_IEO_ANG_MD__AUDIO_1038_IEO_DIS_MD_wav2lip,data\synthetic\track2_fakes\videos\FAKE_T2_1038_IEO_ANG_MD__AUDIO_1038_IEO_DIS_MD_wav2lip.mp4,1,done,wav2lip,1038,IEO,angry,disgust,yes
FAKE_T2_1038_IEO_DIS_MD__AUDIO_1038_IEO_FEA_MD_wav2lip,data\synthetic\track2_fakes\videos\FAKE_T2_1038_IEO_DIS_MD__AUDIO_1038_IEO_FEA_MD_wav2lip.mp4,1,done,wav2lip,1038,IEO,disgust,fear,yes
FAKE_T2_1038_IEO_HAP_LO__AUDIO_1038_IEO_NEU_XX_wav2lip,data\synthetic\track2_fakes\videos\FAKE_T2_1038_IEO_HAP_LO__AUDIO_1038_IEO_NEU_XX_wav2lip.mp4,1,done,wav2lip,1038,IEO,happy,neutral,yes
FAKE_T2_1038_IEO_SAD_HI__AUDIO_1038_IEO_ANG_HI_wav2lip,data\synthetic\track2_fakes\videos\FAKE_T2_1038_IEO_SAD_HI__AUDIO_1038_IEO_ANG_HI_wav2lip.mp4,1,done,wav2lip,1038,IEO,sad,angry,yes
FAKE_T2_1038_IOM_DIS_XX__AUDIO_1038_IOM_FEA_XX_wav2lip,data\synthetic\track2_fakes\videos\FAKE_T2_1038_IOM_DIS_XX__AUDIO_1038_IOM_FEA_XX_wav2lip.mp4,1,done,wav2lip,1038,IOM,disgust,fear,yes
FAKE_T2_1038_ITS_DIS_XX__AUDIO_1038_ITS_FEA_XX_wav2lip,data\synthetic\track2_fakes\videos\FAKE_T2_1038_ITS_DIS_XX__AUDIO_1038_ITS_FEA_XX_wav2lip.mp4,1,done,wav2lip,1038,ITS,disgust,fear,yes
FAKE_T2_1038_ITS_NEU_XX__AUDIO_1038_ITS_SAD_XX_wav2lip,data\synthetic\track2_fakes\videos\FAKE_T2_1038_ITS_NEU_XX__AUDIO_1038_ITS_SAD_XX_wav2lip.mp4,1,done,wav2lip,1038,ITS,neutral,sad,yes
FAKE_T2_1038_IWL_DIS_XX__AUDIO_1038_IWL_FEA_XX_wav2lip,data\synthetic\track2_fakes\videos\FAKE_T2_1038_IWL_DIS_XX__AUDIO_1038_IWL_FEA_XX_wav2lip.mp4,1,done,wav2lip,1038,IWL,disgust,fear,yes
FAKE_T2_1038_IWW_ANG_XX__AUDIO_1038_IWW_DIS_XX_wav2lip,data\synthetic\track2_fakes\videos\FAKE_T2_1038_IWW_ANG_XX__AUDIO_1038_IWW_DIS_XX_wav2lip.mp4,1,done,wav2lip,1038,IWW,angry,disgust,yes
FAKE_T2_1038_IWW_FEA_XX__AUDIO_1038_IWW_HAP_XX_wav2lip,data\synthetic\track2_fakes\videos\FAKE_T2_1038_IWW_FEA_XX__AUDIO_1038_IWW_HAP_XX_wav2lip.mp4,1,done,wav2lip,1038,IWW,fear,happy,yes
FAKE_T2_1038_IWW_NEU_XX__AUDIO_1038_IWW_SAD_XX_wav2lip,data\synthetic\track2_fakes\videos\FAKE_T2_1038_IWW_NEU_XX__AUDIO_1038_IWW_SAD_XX_wav2lip.mp4,1,done,wav2lip,1038,IWW,neutral,sad,yes
FAKE_T2_1038_TAI_ANG_XX__AUDIO_1038_TAI_DIS_XX_wav2lip,data\synthetic\track2_fakes\videos\FAKE_T2_1038_TAI_ANG_XX__AUDIO_1038_TAI_DIS_XX_wav2lip.mp4,1,done,wav2lip,1038,TAI,angry,disgust,yes
FAKE_T2_1038_TIE_ANG_XX__AUDIO_1038_TIE_DIS_XX_wav2lip,data\synthetic\track2_fakes\videos\FAKE_T2_1038_TIE_ANG_XX__AUDIO_1038_TIE_DIS_XX_wav2lip.mp4,1,done,wav2lip,1038,TIE,angry,disgust,yes
FAKE_T2_1038_TIE_FEA_XX__AUDIO_1038_TIE_HAP_XX_wav2lip,data\synthetic\track2_fakes\videos\FAKE_T2_1038_TIE_FEA_XX__AUDIO_1038_TIE_HAP_XX_wav2lip.mp4,1,done,wav2lip,1038,TIE,fear,happy,yes
FAKE_T2_1038_TIE_NEU_XX__AUDIO_1038_TIE_SAD_XX_wav2lip,data\synthetic\track2_fakes\videos\FAKE_T2_1038_TIE_NEU_XX__AUDIO_1038_TIE_SAD_XX_wav2lip.mp4,1,done,wav2lip,1038,TIE,neutral,sad,yes
FAKE_T2_1038_TIE_SAD_XX__AUDIO_1038_TIE_ANG_XX_wav2lip,data\synthetic\track2_fakes\videos\FAKE_T2_1038_TIE_SAD_XX__AUDIO_1038_TIE_ANG_XX_wav2lip.mp4,1,done,wav2lip,1038,TIE,sad,angry,yes
FAKE_T2_1038_TSI_HAP_XX__AUDIO_1038_TSI_NEU_XX_wav2lip,data\synthetic\track2_fakes\videos\FAKE_T2_1038_TSI_HAP_XX__AUDIO_1038_TSI_NEU_XX_wav2lip.mp4,1,done,wav2lip,1038,TSI,happy,neutral,yes
FAKE_T2_1038_TSI_NEU_XX__AUDIO_1038_TSI_SAD_XX_wav2lip,data\synthetic\track2_fakes\videos\FAKE_T2_1038_TSI_NEU_XX__AUDIO_1038_TSI_SAD_XX_wav2lip.mp4,1,done,wav2lip,1038,TSI,neutral,sad,yes
FAKE_T2_1038_TSI_SAD_XX__AUDIO_1038_TSI_ANG_XX_wav2lip,data\synthetic\track2_fakes\videos\FAKE_T2_1038_TSI_SAD_XX__AUDIO_1038_TSI_ANG_XX_wav2lip.mp4,1,done,wav2lip,1038,TSI,sad,angry,yes
FAKE_T2_1038_WSI_ANG_XX__AUDIO_1038_WSI_DIS_XX_wav2lip,data\synthetic\track2_fakes\videos\FAKE_T2_1038_WSI_ANG_XX__AUDIO_1038_WSI_DIS_XX_wav2lip.mp4,1,done,wav2lip,1038,WSI,angry,disgust,yes
FAKE_T2_1038_WSI_SAD_XX__AUDIO_1038_WSI_ANG_XX_wav2lip,data\synthetic\track2_fakes\videos\FAKE_T2_1038_WSI_SAD_XX__AUDIO_1038_WSI_ANG_XX_wav2lip.mp4,1,done,wav2lip,1038,WSI,sad,angry,yes
FAKE_T2_1039_DFA_NEU_XX__AUDIO_1039_DFA_SAD_XX_wav2lip,data\synthetic\track2_fakes\videos\FAKE_T2_1039_DFA_NEU_XX__AUDIO_1039_DFA_SAD_XX_wav2lip.mp4,1,done,wav2lip,1039,DFA,neutral,sad,yes
FAKE_T2_1039_DFA_SAD_XX__AUDIO_1039_DFA_ANG_XX_wav2lip,data\synthetic\track2_fakes\videos\FAKE_T2_1039_DFA_SAD_XX__AUDIO_1039_DFA_ANG_XX_wav2lip.mp4,1,done,wav2lip,1039,DFA,sad,angry,yes
FAKE_T2_1039_IEO_DIS_LO__AUDIO_1039_IEO_FEA_LO_wav2lip,data\synthetic\track2_fakes\videos\FAKE_T2_1039_IEO_DIS_LO__AUDIO_1039_IEO_FEA_LO_wav2lip.mp4,1,done,wav2lip,1039,IEO,disgust,fear,yes
FAKE_T2_1039_IEO_DIS_MD__AUDIO_1039_IEO_FEA_MD_wav2lip,data\synthetic\track2_fakes\videos\FAKE_T2_1039_IEO_DIS_MD__AUDIO_1039_IEO_FEA_MD_wav2lip.mp4,1,done,wav2lip,1039,IEO,disgust,fear,yes
FAKE_T2_1039_IEO_HAP_HI__AUDIO_1039_IEO_NEU_XX_wav2lip,data\synthetic\track2_fakes\videos\FAKE_T2_1039_IEO_HAP_HI__AUDIO_1039_IEO_NEU_XX_wav2lip.mp4,1,done,wav2lip,1039,IEO,happy,neutral,yes
FAKE_T2_1039_IOM_NEU_XX__AUDIO_1039_IOM_SAD_XX_wav2lip,data\synthetic\track2_fakes\videos\FAKE_T2_1039_IOM_NEU_XX__AUDIO_1039_IOM_SAD_XX_wav2lip.mp4,1,done,wav2lip,1039,IOM,neutral,sad,yes
FAKE_T2_1039_ITS_DIS_XX__AUDIO_1039_ITS_FEA_XX_wav2lip,data\synthetic\track2_fakes\videos\FAKE_T2_1039_ITS_DIS_XX__AUDIO_1039_ITS_FEA_XX_wav2lip.mp4,1,done,wav2lip,1039,ITS,disgust,fear,yes
FAKE_T2_1039_ITS_FEA_XX__AUDIO_1039_ITS_HAP_XX_wav2lip,data\synthetic\track2_fakes\videos\FAKE_T2_1039_ITS_FEA_XX__AUDIO_1039_ITS_HAP_XX_wav2lip.mp4,1,done,wav2lip,1039,ITS,fear,happy,yes
FAKE_T2_1039_ITS_NEU_XX__AUDIO_1039_ITS_SAD_XX_wav2lip,data\synthetic\track2_fakes\videos\FAKE_T2_1039_ITS_NEU_XX__AUDIO_1039_ITS_SAD_XX_wav2lip.mp4,1,done,wav2lip,1039,ITS,neutral,sad,yes
FAKE_T2_1039_IWL_FEA_XX__AUDIO_1039_IWL_HAP_XX_wav2lip,data\synthetic\track2_fakes\videos\FAKE_T2_1039_IWL_FEA_XX__AUDIO_1039_IWL_HAP_XX_wav2lip.mp4,1,done,wav2lip,1039,IWL,fear,happy,yes
FAKE_T2_1039_IWW_DIS_XX__AUDIO_1039_IWW_FEA_XX_wav2lip,data\synthetic\track2_fakes\videos\FAKE_T2_1039_IWW_DIS_XX__AUDIO_1039_IWW_FEA_XX_wav2lip.mp4,1,done,wav2lip,1039,IWW,disgust,fear,yes
FAKE_T2_1039_IWW_FEA_XX__AUDIO_1039_IWW_HAP_XX_wav2lip,data\synthetic\track2_fakes\videos\FAKE_T2_1039_IWW_FEA_XX__AUDIO_1039_IWW_HAP_XX_wav2lip.mp4,1,done,wav2lip,1039,IWW,fear,happy,yes
FAKE_T2_1039_IWW_HAP_XX__AUDIO_1039_IWW_NEU_XX_wav2lip,data\synthetic\track2_fakes\videos\FAKE_T2_1039_IWW_HAP_XX__AUDIO_1039_IWW_NEU_XX_wav2lip.mp4,1,done,wav2lip,1039,IWW,happy,neutral,yes
FAKE_T2_1039_IWW_NEU_XX__AUDIO_1039_IWW_SAD_XX_wav2lip,data\synthetic\track2_fakes\videos\FAKE_T2_1039_IWW_NEU_XX__AUDIO_1039_IWW_SAD_XX_wav2lip.mp4,1,done,wav2lip,1039,IWW,neutral,sad,yes
FAKE_T2_1039_IWW_SAD_XX__AUDIO_1039_IWW_ANG_XX_wav2lip,data\synthetic\track2_fakes\videos\FAKE_T2_1039_IWW_SAD_XX__AUDIO_1039_IWW_ANG_XX_wav2lip.mp4,1,done,wav2lip,1039,IWW,sad,angry,yes
FAKE_T2_1039_MTI_DIS_XX__AUDIO_1039_MTI_FEA_XX_wav2lip,data\synthetic\track2_fakes\videos\FAKE_T2_1039_MTI_DIS_XX__AUDIO_1039_MTI_FEA_XX_wav2lip.mp4,1,done,wav2lip,1039,MTI,disgust,fear,yes
FAKE_T2_1039_MTI_FEA_XX__AUDIO_1039_MTI_HAP_XX_wav2lip,data\synthetic\track2_fakes\videos\FAKE_T2_1039_MTI_FEA_XX__AUDIO_1039_MTI_HAP_XX_wav2lip.mp4,1,done,wav2lip,1039,MTI,fear,happy,yes
FAKE_T2_1039_TAI_DIS_XX__AUDIO_1039_TAI_FEA_XX_wav2lip,data\synthetic\track2_fakes\videos\FAKE_T2_1039_TAI_DIS_XX__AUDIO_1039_TAI_FEA_XX_wav2lip.mp4,1,done,wav2lip,1039,TAI,disgust,fear,yes
FAKE_T2_1039_TAI_NEU_XX__AUDIO_1039_TAI_SAD_XX_wav2lip,data\synthetic\track2_fakes\videos\FAKE_T2_1039_TAI_NEU_XX__AUDIO_1039_TAI_SAD_XX_wav2lip.mp4,1,done,wav2lip,1039,TAI,neutral,sad,yes
FAKE_T2_1039_TAI_SAD_XX__AUDIO_1039_TAI_ANG_XX_wav2lip,data\synthetic\track2_fakes\videos\FAKE_T2_1039_TAI_SAD_XX__AUDIO_1039_TAI_ANG_XX_wav2lip.mp4,1,done,wav2lip,1039,TAI,sad,angry,yes
FAKE_T2_1039_TIE_SAD_XX__AUDIO_1039_TIE_ANG_XX_wav2lip,data\synthetic\track2_fakes\videos\FAKE_T2_1039_TIE_SAD_XX__AUDIO_1039_TIE_ANG_XX_wav2lip.mp4,1,done,wav2lip,1039,TIE,sad,angry,yes
FAKE_T2_1039_TSI_DIS_XX__AUDIO_1039_TSI_FEA_XX_wav2lip,data\synthetic\track2_fakes\videos\FAKE_T2_1039_TSI_DIS_XX__AUDIO_1039_TSI_FEA_XX_wav2lip.mp4,1,done,wav2lip,1039,TSI,disgust,fear,yes
FAKE_T2_1039_TSI_HAP_XX__AUDIO_1039_TSI_NEU_XX_wav2lip,data\synthetic\track2_fakes\videos\FAKE_T2_1039_TSI_HAP_XX__AUDIO_1039_TSI_NEU_XX_wav2lip.mp4,1,done,wav2lip,1039,TSI,happy,neutral,yes
FAKE_T2_1039_TSI_NEU_XX__AUDIO_1039_TSI_SAD_XX_wav2lip,data\synthetic\track2_fakes\videos\FAKE_T2_1039_TSI_NEU_XX__AUDIO_1039_TSI_SAD_XX_wav2lip.mp4,1,done,wav2lip,1039,TSI,neutral,sad,yes
FAKE_T2_1039_TSI_SAD_XX__AUDIO_1039_TSI_ANG_XX_wav2lip,data\synthetic\track2_fakes\videos\FAKE_T2_1039_TSI_SAD_XX__AUDIO_1039_TSI_ANG_XX_wav2lip.mp4,1,done,wav2lip,1039,TSI,sad,angry,yes
FAKE_T2_1040_DFA_NEU_XX__AUDIO_1040_DFA_SAD_XX_wav2lip,data\synthetic\track2_fakes\videos\FAKE_T2_1040_DFA_NEU_XX__AUDIO_1040_DFA_SAD_XX_wav2lip.mp4,1,done,wav2lip,1040,DFA,neutral,sad,yes
FAKE_T2_1040_IEO_ANG_HI__AUDIO_1040_IEO_DIS_HI_wav2lip,data\synthetic\track2_fakes\videos\FAKE_T2_1040_IEO_ANG_HI__AUDIO_1040_IEO_DIS_HI_wav2lip.mp4,1,done,wav2lip,1040,IEO,angry,disgust,yes
FAKE_T2_1040_IEO_HAP_LO__AUDIO_1040_IEO_NEU_XX_wav2lip,data\synthetic\track2_fakes\videos\FAKE_T2_1040_IEO_HAP_LO__AUDIO_1040_IEO_NEU_XX_wav2lip.mp4,1,done,wav2lip,1040,IEO,happy,neutral,yes
FAKE_T2_1040_IOM_HAP_XX__AUDIO_1040_IOM_NEU_XX_wav2lip,data\synthetic\track2_fakes\videos\FAKE_T2_1040_IOM_HAP_XX__AUDIO_1040_IOM_NEU_XX_wav2lip.mp4,1,done,wav2lip,1040,IOM,happy,neutral,yes
FAKE_T2_1040_IOM_NEU_XX__AUDIO_1040_IOM_SAD_XX_wav2lip,data\synthetic\track2_fakes\videos\FAKE_T2_1040_IOM_NEU_XX__AUDIO_1040_IOM_SAD_XX_wav2lip.mp4,1,done,wav2lip,1040,IOM,neutral,sad,yes
FAKE_T2_1040_ITH_ANG_XX__AUDIO_1040_ITH_DIS_XX_wav2lip,data\synthetic\track2_fakes\videos\FAKE_T2_1040_ITH_ANG_XX__AUDIO_1040_ITH_DIS_XX_wav2lip.mp4,1,done,wav2lip,1040,ITH,angry,disgust,yes
FAKE_T2_1040_ITS_ANG_XX__AUDIO_1040_ITS_DIS_XX_wav2lip,data\synthetic\track2_fakes\videos\FAKE_T2_1040_ITS_ANG_XX__AUDIO_1040_ITS_DIS_XX_wav2lip.mp4,1,done,wav2lip,1040,ITS,angry,disgust,yes
FAKE_T2_1040_ITS_SAD_XX__AUDIO_1040_ITS_ANG_XX_wav2lip,data\synthetic\track2_fakes\videos\FAKE_T2_1040_ITS_SAD_XX__AUDIO_1040_ITS_ANG_XX_wav2lip.mp4,1,done,wav2lip,1040,ITS,sad,angry,yes
FAKE_T2_1040_IWL_ANG_XX__AUDIO_1040_IWL_DIS_XX_wav2lip,data\synthetic\track2_fakes\videos\FAKE_T2_1040_IWL_ANG_XX__AUDIO_1040_IWL_DIS_XX_wav2lip.mp4,1,done,wav2lip,1040,IWL,angry,disgust,yes
FAKE_T2_1040_IWW_ANG_XX__AUDIO_1040_IWW_DIS_XX_wav2lip,data\synthetic\track2_fakes\videos\FAKE_T2_1040_IWW_ANG_XX__AUDIO_1040_IWW_DIS_XX_wav2lip.mp4,1,done,wav2lip,1040,IWW,angry,disgust,yes
FAKE_T2_1040_IWW_FEA_XX__AUDIO_1040_IWW_HAP_XX_wav2lip,data\synthetic\track2_fakes\videos\FAKE_T2_1040_IWW_FEA_XX__AUDIO_1040_IWW_HAP_XX_wav2lip.mp4,1,done,wav2lip,1040,IWW,fear,happy,yes
FAKE_T2_1040_IWW_HAP_XX__AUDIO_1040_IWW_NEU_XX_wav2lip,data\synthetic\track2_fakes\videos\FAKE_T2_1040_IWW_HAP_XX__AUDIO_1040_IWW_NEU_XX_wav2lip.mp4,1,done,wav2lip,1040,IWW,happy,neutral,yes
FAKE_T2_1040_IWW_NEU_XX__AUDIO_1040_IWW_SAD_XX_wav2lip,data\synthetic\track2_fakes\videos\FAKE_T2_1040_IWW_NEU_XX__AUDIO_1040_IWW_SAD_XX_wav2lip.mp4,1,done,wav2lip,1040,IWW,neutral,sad,yes
FAKE_T2_1040_MTI_NEU_XX__AUDIO_1040_MTI_SAD_XX_wav2lip,data\synthetic\track2_fakes\videos\FAKE_T2_1040_MTI_NEU_XX__AUDIO_1040_MTI_SAD_XX_wav2lip.mp4,1,done,wav2lip,1040,MTI,neutral,sad,yes
FAKE_T2_1040_TAI_DIS_XX__AUDIO_1040_TAI_FEA_XX_wav2lip,data\synthetic\track2_fakes\videos\FAKE_T2_1040_TAI_DIS_XX__AUDIO_1040_TAI_FEA_XX_wav2lip.mp4,1,done,wav2lip,1040,TAI,disgust,fear,yes
FAKE_T2_1040_TAI_FEA_XX__AUDIO_1040_TAI_HAP_XX_wav2lip,data\synthetic\track2_fakes\videos\FAKE_T2_1040_TAI_FEA_XX__AUDIO_1040_TAI_HAP_XX_wav2lip.mp4,1,done,wav2lip,1040,TAI,fear,happy,yes
FAKE_T2_1040_TAI_NEU_XX__AUDIO_1040_TAI_SAD_XX_wav2lip,data\synthetic\track2_fakes\videos\FAKE_T2_1040_TAI_NEU_XX__AUDIO_1040_TAI_SAD_XX_wav2lip.mp4,1,done,wav2lip,1040,TAI,neutral,sad,yes
FAKE_T2_1040_TIE_FEA_XX__AUDIO_1040_TIE_HAP_XX_wav2lip,data\synthetic\track2_fakes\videos\FAKE_T2_1040_TIE_FEA_XX__AUDIO_1040_TIE_HAP_XX_wav2lip.mp4,1,done,wav2lip,1040,TIE,fear,happy,yes
FAKE_T2_1040_TIE_SAD_XX__AUDIO_1040_TIE_ANG_XX_wav2lip,data\synthetic\track2_fakes\videos\FAKE_T2_1040_TIE_SAD_XX__AUDIO_1040_TIE_ANG_XX_wav2lip.mp4,1,done,wav2lip,1040,TIE,sad,angry,yes
FAKE_T2_1040_TSI_ANG_XX__AUDIO_1040_TSI_DIS_XX_wav2lip,data\synthetic\track2_fakes\videos\FAKE_T2_1040_TSI_ANG_XX__AUDIO_1040_TSI_DIS_XX_wav2lip.mp4,1,done,wav2lip,1040,TSI,angry,disgust,yes
FAKE_T2_1040_TSI_FEA_XX__AUDIO_1040_TSI_HAP_XX_wav2lip,data\synthetic\track2_fakes\videos\FAKE_T2_1040_TSI_FEA_XX__AUDIO_1040_TSI_HAP_XX_wav2lip.mp4,1,done,wav2lip,1040,TSI,fear,happy,yes
FAKE_T2_1040_TSI_NEU_XX__AUDIO_1040_TSI_SAD_XX_wav2lip,data\synthetic\track2_fakes\videos\FAKE_T2_1040_TSI_NEU_XX__AUDIO_1040_TSI_SAD_XX_wav2lip.mp4,1,done,wav2lip,1040,TSI,neutral,sad,yes
FAKE_T2_1040_WSI_DIS_XX__AUDIO_1040_WSI_FEA_XX_wav2lip,data\synthetic\track2_fakes\videos\FAKE_T2_1040_WSI_DIS_XX__AUDIO_1040_WSI_FEA_XX_wav2lip.mp4,1,done,wav2lip,1040,WSI,disgust,fear,yes
FAKE_T2_1040_WSI_FEA_XX__AUDIO_1040_WSI_HAP_XX_wav2lip,data\synthetic\track2_fakes\videos\FAKE_T2_1040_WSI_FEA_XX__AUDIO_1040_WSI_HAP_XX_wav2lip.mp4,1,done,wav2lip,1040,WSI,fear,happy,yes
FAKE_T2_1040_WSI_NEU_XX__AUDIO_1040_WSI_SAD_XX_wav2lip,data\synthetic\track2_fakes\videos\FAKE_T2_1040_WSI_NEU_XX__AUDIO_1040_WSI_SAD_XX_wav2lip.mp4,1,done,wav2lip,1040,WSI,neutral,sad,yes
FAKE_T2_1041_DFA_DIS_XX__AUDIO_1041_DFA_FEA_XX_wav2lip,data\synthetic\track2_fakes\videos\FAKE_T2_1041_DFA_DIS_XX__AUDIO_1041_DFA_FEA_XX_wav2lip.mp4,1,done,wav2lip,1041,DFA,disgust,fear,yes
FAKE_T2_1041_DFA_NEU_XX__AUDIO_1041_DFA_SAD_XX_wav2lip,data\synthetic\track2_fakes\videos\FAKE_T2_1041_DFA_NEU_XX__AUDIO_1041_DFA_SAD_XX_wav2lip.mp4,1,done,wav2lip,1041,DFA,neutral,sad,yes
FAKE_T2_1041_IEO_ANG_MD__AUDIO_1041_IEO_DIS_MD_wav2lip,data\synthetic\track2_fakes\videos\FAKE_T2_1041_IEO_ANG_MD__AUDIO_1041_IEO_DIS_MD_wav2lip.mp4,1,done,wav2lip,1041,IEO,angry,disgust,yes
FAKE_T2_1041_IEO_DIS_LO__AUDIO_1041_IEO_FEA_LO_wav2lip,data\synthetic\track2_fakes\videos\FAKE_T2_1041_IEO_DIS_LO__AUDIO_1041_IEO_FEA_LO_wav2lip.mp4,1,done,wav2lip,1041,IEO,disgust,fear,yes
FAKE_T2_1041_IEO_DIS_MD__AUDIO_1041_IEO_FEA_MD_wav2lip,data\synthetic\track2_fakes\videos\FAKE_T2_1041_IEO_DIS_MD__AUDIO_1041_IEO_FEA_MD_wav2lip.mp4,1,done,wav2lip,1041,IEO,disgust,fear,yes
FAKE_T2_1041_IEO_HAP_LO__AUDIO_1041_IEO_NEU_XX_wav2lip,data\synthetic\track2_fakes\videos\FAKE_T2_1041_IEO_HAP_LO__AUDIO_1041_IEO_NEU_XX_wav2lip.mp4,1,done,wav2lip,1041,IEO,happy,neutral,yes
FAKE_T2_1041_IEO_NEU_XX__AUDIO_1041_IEO_SAD_HI_wav2lip,data\synthetic\track2_fakes\videos\FAKE_T2_1041_IEO_NEU_XX__AUDIO_1041_IEO_SAD_HI_wav2lip.mp4,1,done,wav2lip,1041,IEO,neutral,sad,yes
FAKE_T2_1041_IEO_SAD_HI__AUDIO_1041_IEO_ANG_HI_wav2lip,data\synthetic\track2_fakes\videos\FAKE_T2_1041_IEO_SAD_HI__AUDIO_1041_IEO_ANG_HI_wav2lip.mp4,1,done,wav2lip,1041,IEO,sad,angry,yes
FAKE_T2_1041_IOM_ANG_XX__AUDIO_1041_IOM_DIS_XX_wav2lip,data\synthetic\track2_fakes\videos\FAKE_T2_1041_IOM_ANG_XX__AUDIO_1041_IOM_DIS_XX_wav2lip.mp4,1,done,wav2lip,1041,IOM,angry,disgust,yes
FAKE_T2_1041_IOM_SAD_XX__AUDIO_1041_IOM_ANG_XX_wav2lip,data\synthetic\track2_fakes\videos\FAKE_T2_1041_IOM_SAD_XX__AUDIO_1041_IOM_ANG_XX_wav2lip.mp4,1,done,wav2lip,1041,IOM,sad,angry,yes
FAKE_T2_1041_ITH_DIS_XX__AUDIO_1041_ITH_FEA_XX_wav2lip,data\synthetic\track2_fakes\videos\FAKE_T2_1041_ITH_DIS_XX__AUDIO_1041_ITH_FEA_XX_wav2lip.mp4,1,done,wav2lip,1041,ITH,disgust,fear,yes
FAKE_T2_1041_ITH_FEA_XX__AUDIO_1041_ITH_HAP_XX_wav2lip,data\synthetic\track2_fakes\videos\FAKE_T2_1041_ITH_FEA_XX__AUDIO_1041_ITH_HAP_XX_wav2lip.mp4,1,done,wav2lip,1041,ITH,fear,happy,yes
FAKE_T2_1041_ITH_NEU_XX__AUDIO_1041_ITH_SAD_XX_wav2lip,data\synthetic\track2_fakes\videos\FAKE_T2_1041_ITH_NEU_XX__AUDIO_1041_ITH_SAD_XX_wav2lip.mp4,1,done,wav2lip,1041,ITH,neutral,sad,yes
FAKE_T2_1041_ITH_SAD_XX__AUDIO_1041_ITH_ANG_XX_wav2lip,data\synthetic\track2_fakes\videos\FAKE_T2_1041_ITH_SAD_XX__AUDIO_1041_ITH_ANG_XX_wav2lip.mp4,1,done,wav2lip,1041,ITH,sad,angry,yes
FAKE_T2_1041_ITS_ANG_XX__AUDIO_1041_ITS_DIS_XX_wav2lip,data\synthetic\track2_fakes\videos\FAKE_T2_1041_ITS_ANG_XX__AUDIO_1041_ITS_DIS_XX_wav2lip.mp4,1,done,wav2lip,1041,ITS,angry,disgust,yes
FAKE_T2_1041_ITS_SAD_XX__AUDIO_1041_ITS_ANG_XX_wav2lip,data\synthetic\track2_fakes\videos\FAKE_T2_1041_ITS_SAD_XX__AUDIO_1041_ITS_ANG_XX_wav2lip.mp4,1,done,wav2lip,1041,ITS,sad,angry,yes
FAKE_T2_1041_IWL_NEU_XX__AUDIO_1041_IWL_SAD_XX_wav2lip,data\synthetic\track2_fakes\videos\FAKE_T2_1041_IWL_NEU_XX__AUDIO_1041_IWL_SAD_XX_wav2lip.mp4,1,done,wav2lip,1041,IWL,neutral,sad,yes
FAKE_T2_1041_IWW_SAD_XX__AUDIO_1041_IWW_ANG_XX_wav2lip,data\synthetic\track2_fakes\videos\FAKE_T2_1041_IWW_SAD_XX__AUDIO_1041_IWW_ANG_XX_wav2lip.mp4,1,done,wav2lip,1041,IWW,sad,angry,yes
FAKE_T2_1041_MTI_DIS_XX__AUDIO_1041_MTI_FEA_XX_wav2lip,data\synthetic\track2_fakes\videos\FAKE_T2_1041_MTI_DIS_XX__AUDIO_1041_MTI_FEA_XX_wav2lip.mp4,1,done,wav2lip,1041,MTI,disgust,fear,yes
FAKE_T2_1041_MTI_HAP_XX__AUDIO_1041_MTI_NEU_XX_wav2lip,data\synthetic\track2_fakes\videos\FAKE_T2_1041_MTI_HAP_XX__AUDIO_1041_MTI_NEU_XX_wav2lip.mp4,1,done,wav2lip,1041,MTI,happy,neutral,yes
FAKE_T2_1041_MTI_SAD_XX__AUDIO_1041_MTI_ANG_XX_wav2lip,data\synthetic\track2_fakes\videos\FAKE_T2_1041_MTI_SAD_XX__AUDIO_1041_MTI_ANG_XX_wav2lip.mp4,1,done,wav2lip,1041,MTI,sad,angry,yes
FAKE_T2_1041_TAI_HAP_XX__AUDIO_1041_TAI_NEU_XX_wav2lip,data\synthetic\track2_fakes\videos\FAKE_T2_1041_TAI_HAP_XX__AUDIO_1041_TAI_NEU_XX_wav2lip.mp4,1,done,wav2lip,1041,TAI,happy,neutral,yes
FAKE_T2_1041_TSI_HAP_XX__AUDIO_1041_TSI_NEU_XX_wav2lip,data\synthetic\track2_fakes\videos\FAKE_T2_1041_TSI_HAP_XX__AUDIO_1041_TSI_NEU_XX_wav2lip.mp4,1,done,wav2lip,1041,TSI,happy,neutral,yes
FAKE_T2_1041_WSI_HAP_XX__AUDIO_1041_WSI_NEU_XX_wav2lip,data\synthetic\track2_fakes\videos\FAKE_T2_1041_WSI_HAP_XX__AUDIO_1041_WSI_NEU_XX_wav2lip.mp4,1,done,wav2lip,1041,WSI,happy,neutral,yes
FAKE_T2_1041_WSI_SAD_XX__AUDIO_1041_WSI_ANG_XX_wav2lip,data\synthetic\track2_fakes\videos\FAKE_T2_1041_WSI_SAD_XX__AUDIO_1041_WSI_ANG_XX_wav2lip.mp4,1,done,wav2lip,1041,WSI,sad,angry,yes
FAKE_T2_1042_DFA_DIS_XX__AUDIO_1042_DFA_FEA_XX_wav2lip,data\synthetic\track2_fakes\videos\FAKE_T2_1042_DFA_DIS_XX__AUDIO_1042_DFA_FEA_XX_wav2lip.mp4,1,done,wav2lip,1042,DFA,disgust,fear,yes
FAKE_T2_1042_DFA_HAP_XX__AUDIO_1042_DFA_NEU_XX_wav2lip,data\synthetic\track2_fakes\videos\FAKE_T2_1042_DFA_HAP_XX__AUDIO_1042_DFA_NEU_XX_wav2lip.mp4,1,done,wav2lip,1042,DFA,happy,neutral,yes
FAKE_T2_1042_DFA_SAD_XX__AUDIO_1042_DFA_ANG_XX_wav2lip,data\synthetic\track2_fakes\videos\FAKE_T2_1042_DFA_SAD_XX__AUDIO_1042_DFA_ANG_XX_wav2lip.mp4,1,done,wav2lip,1042,DFA,sad,angry,yes
FAKE_T2_1042_IEO_DIS_LO__AUDIO_1042_IEO_FEA_LO_wav2lip,data\synthetic\track2_fakes\videos\FAKE_T2_1042_IEO_DIS_LO__AUDIO_1042_IEO_FEA_LO_wav2lip.mp4,1,done,wav2lip,1042,IEO,disgust,fear,yes
FAKE_T2_1042_IEO_DIS_MD__AUDIO_1042_IEO_FEA_MD_wav2lip,data\synthetic\track2_fakes\videos\FAKE_T2_1042_IEO_DIS_MD__AUDIO_1042_IEO_FEA_MD_wav2lip.mp4,1,done,wav2lip,1042,IEO,disgust,fear,yes
FAKE_T2_1042_IEO_HAP_HI__AUDIO_1042_IEO_NEU_XX_wav2lip,data\synthetic\track2_fakes\videos\FAKE_T2_1042_IEO_HAP_HI__AUDIO_1042_IEO_NEU_XX_wav2lip.mp4,1,done,wav2lip,1042,IEO,happy,neutral,yes
FAKE_T2_1042_IEO_HAP_MD__AUDIO_1042_IEO_NEU_XX_wav2lip,data\synthetic\track2_fakes\videos\FAKE_T2_1042_IEO_HAP_MD__AUDIO_1042_IEO_NEU_XX_wav2lip.mp4,1,done,wav2lip,1042,IEO,happy,neutral,yes
FAKE_T2_1042_IOM_ANG_XX__AUDIO_1042_IOM_DIS_XX_wav2lip,data\synthetic\track2_fakes\videos\FAKE_T2_1042_IOM_ANG_XX__AUDIO_1042_IOM_DIS_XX_wav2lip.mp4,1,done,wav2lip,1042,IOM,angry,disgust,yes
FAKE_T2_1042_IOM_DIS_XX__AUDIO_1042_IOM_FEA_XX_wav2lip,data\synthetic\track2_fakes\videos\FAKE_T2_1042_IOM_DIS_XX__AUDIO_1042_IOM_FEA_XX_wav2lip.mp4,1,done,wav2lip,1042,IOM,disgust,fear,yes
FAKE_T2_1042_ITH_HAP_XX__AUDIO_1042_ITH_NEU_XX_wav2lip,data\synthetic\track2_fakes\videos\FAKE_T2_1042_ITH_HAP_XX__AUDIO_1042_ITH_NEU_XX_wav2lip.mp4,1,done,wav2lip,1042,ITH,happy,neutral,yes
FAKE_T2_1042_ITH_NEU_XX__AUDIO_1042_ITH_SAD_XX_wav2lip,data\synthetic\track2_fakes\videos\FAKE_T2_1042_ITH_NEU_XX__AUDIO_1042_ITH_SAD_XX_wav2lip.mp4,1,done,wav2lip,1042,ITH,neutral,sad,yes
FAKE_T2_1042_ITH_SAD_XX__AUDIO_1042_ITH_ANG_XX_wav2lip,data\synthetic\track2_fakes\videos\FAKE_T2_1042_ITH_SAD_XX__AUDIO_1042_ITH_ANG_XX_wav2lip.mp4,1,done,wav2lip,1042,ITH,sad,angry,yes
FAKE_T2_1042_ITS_ANG_XX__AUDIO_1042_ITS_DIS_XX_wav2lip,data\synthetic\track2_fakes\videos\FAKE_T2_1042_ITS_ANG_XX__AUDIO_1042_ITS_DIS_XX_wav2lip.mp4,1,done,wav2lip,1042,ITS,angry,disgust,yes
FAKE_T2_1042_ITS_NEU_XX__AUDIO_1042_ITS_SAD_XX_wav2lip,data\synthetic\track2_fakes\videos\FAKE_T2_1042_ITS_NEU_XX__AUDIO_1042_ITS_SAD_XX_wav2lip.mp4,1,done,wav2lip,1042,ITS,neutral,sad,yes
FAKE_T2_1042_IWL_ANG_XX__AUDIO_1042_IWL_DIS_XX_wav2lip,data\synthetic\track2_fakes\videos\FAKE_T2_1042_IWL_ANG_XX__AUDIO_1042_IWL_DIS_XX_wav2lip.mp4,1,done,wav2lip,1042,IWL,angry,disgust,yes
FAKE_T2_1042_IWL_DIS_XX__AUDIO_1042_IWL_FEA_XX_wav2lip,data\synthetic\track2_fakes\videos\FAKE_T2_1042_IWL_DIS_XX__AUDIO_1042_IWL_FEA_XX_wav2lip.mp4,1,done,wav2lip,1042,IWL,disgust,fear,yes
FAKE_T2_1042_IWL_FEA_XX__AUDIO_1042_IWL_HAP_XX_wav2lip,data\synthetic\track2_fakes\videos\FAKE_T2_1042_IWL_FEA_XX__AUDIO_1042_IWL_HAP_XX_wav2lip.mp4,1,done,wav2lip,1042,IWL,fear,happy,yes
FAKE_T2_1042_IWL_NEU_XX__AUDIO_1042_IWL_SAD_XX_wav2lip,data\synthetic\track2_fakes\videos\FAKE_T2_1042_IWL_NEU_XX__AUDIO_1042_IWL_SAD_XX_wav2lip.mp4,1,done,wav2lip,1042,IWL,neutral,sad,yes
FAKE_T2_1042_IWL_SAD_XX__AUDIO_1042_IWL_ANG_XX_wav2lip,data\synthetic\track2_fakes\videos\FAKE_T2_1042_IWL_SAD_XX__AUDIO_1042_IWL_ANG_XX_wav2lip.mp4,1,done,wav2lip,1042,IWL,sad,angry,yes
FAKE_T2_1042_IWW_NEU_XX__AUDIO_1042_IWW_SAD_XX_wav2lip,data\synthetic\track2_fakes\videos\FAKE_T2_1042_IWW_NEU_XX__AUDIO_1042_IWW_SAD_XX_wav2lip.mp4,1,done,wav2lip,1042,IWW,neutral,sad,yes
FAKE_T2_1042_MTI_DIS_XX__AUDIO_1042_MTI_FEA_XX_wav2lip,data\synthetic\track2_fakes\videos\FAKE_T2_1042_MTI_DIS_XX__AUDIO_1042_MTI_FEA_XX_wav2lip.mp4,1,done,wav2lip,1042,MTI,disgust,fear,yes
FAKE_T2_1042_MTI_NEU_XX__AUDIO_1042_MTI_SAD_XX_wav2lip,data\synthetic\track2_fakes\videos\FAKE_T2_1042_MTI_NEU_XX__AUDIO_1042_MTI_SAD_XX_wav2lip.mp4,1,done,wav2lip,1042,MTI,neutral,sad,yes
FAKE_T2_1042_TAI_HAP_XX__AUDIO_1042_TAI_NEU_XX_wav2lip,data\synthetic\track2_fakes\videos\FAKE_T2_1042_TAI_HAP_XX__AUDIO_1042_TAI_NEU_XX_wav2lip.mp4,1,done,wav2lip,1042,TAI,happy,neutral,yes
FAKE_T2_1042_WSI_DIS_XX__AUDIO_1042_WSI_FEA_XX_wav2lip,data\synthetic\track2_fakes\videos\FAKE_T2_1042_WSI_DIS_XX__AUDIO_1042_WSI_FEA_XX_wav2lip.mp4,1,done,wav2lip,1042,WSI,disgust,fear,yes
FAKE_T2_1042_WSI_SAD_XX__AUDIO_1042_WSI_ANG_XX_wav2lip,data\synthetic\track2_fakes\videos\FAKE_T2_1042_WSI_SAD_XX__AUDIO_1042_WSI_ANG_XX_wav2lip.mp4,1,done,wav2lip,1042,WSI,sad,angry,yes
FAKE_T2_1043_DFA_ANG_XX__AUDIO_1043_DFA_DIS_XX_wav2lip,data\synthetic\track2_fakes\videos\FAKE_T2_1043_DFA_ANG_XX__AUDIO_1043_DFA_DIS_XX_wav2lip.mp4,1,done,wav2lip,1043,DFA,angry,disgust,yes
FAKE_T2_1043_DFA_FEA_XX__AUDIO_1043_DFA_HAP_XX_wav2lip,data\synthetic\track2_fakes\videos\FAKE_T2_1043_DFA_FEA_XX__AUDIO_1043_DFA_HAP_XX_wav2lip.mp4,1,done,wav2lip,1043,DFA,fear,happy,yes
FAKE_T2_1043_IEO_ANG_HI__AUDIO_1043_IEO_DIS_HI_wav2lip,data\synthetic\track2_fakes\videos\FAKE_T2_1043_IEO_ANG_HI__AUDIO_1043_IEO_DIS_HI_wav2lip.mp4,1,done,wav2lip,1043,IEO,angry,disgust,yes
FAKE_T2_1043_IEO_ANG_LO__AUDIO_1043_IEO_DIS_LO_wav2lip,data\synthetic\track2_fakes\videos\FAKE_T2_1043_IEO_ANG_LO__AUDIO_1043_IEO_DIS_LO_wav2lip.mp4,1,done,wav2lip,1043,IEO,angry,disgust,yes
FAKE_T2_1043_IEO_ANG_MD__AUDIO_1043_IEO_DIS_MD_wav2lip,data\synthetic\track2_fakes\videos\FAKE_T2_1043_IEO_ANG_MD__AUDIO_1043_IEO_DIS_MD_wav2lip.mp4,1,done,wav2lip,1043,IEO,angry,disgust,yes
FAKE_T2_1043_IEO_DIS_MD__AUDIO_1043_IEO_FEA_MD_wav2lip,data\synthetic\track2_fakes\videos\FAKE_T2_1043_IEO_DIS_MD__AUDIO_1043_IEO_FEA_MD_wav2lip.mp4,1,done,wav2lip,1043,IEO,disgust,fear,yes
FAKE_T2_1043_IEO_HAP_HI__AUDIO_1043_IEO_NEU_XX_wav2lip,data\synthetic\track2_fakes\videos\FAKE_T2_1043_IEO_HAP_HI__AUDIO_1043_IEO_NEU_XX_wav2lip.mp4,1,done,wav2lip,1043,IEO,happy,neutral,yes
FAKE_T2_1043_IEO_HAP_MD__AUDIO_1043_IEO_NEU_XX_wav2lip,data\synthetic\track2_fakes\videos\FAKE_T2_1043_IEO_HAP_MD__AUDIO_1043_IEO_NEU_XX_wav2lip.mp4,1,done,wav2lip,1043,IEO,happy,neutral,yes
FAKE_T2_1043_IEO_NEU_XX__AUDIO_1043_IEO_SAD_HI_wav2lip,data\synthetic\track2_fakes\videos\FAKE_T2_1043_IEO_NEU_XX__AUDIO_1043_IEO_SAD_HI_wav2lip.mp4,1,done,wav2lip,1043,IEO,neutral,sad,yes
FAKE_T2_1043_IOM_ANG_XX__AUDIO_1043_IOM_DIS_XX_wav2lip,data\synthetic\track2_fakes\videos\FAKE_T2_1043_IOM_ANG_XX__AUDIO_1043_IOM_DIS_XX_wav2lip.mp4,1,done,wav2lip,1043,IOM,angry,disgust,yes
FAKE_T2_1043_IOM_DIS_XX__AUDIO_1043_IOM_FEA_XX_wav2lip,data\synthetic\track2_fakes\videos\FAKE_T2_1043_IOM_DIS_XX__AUDIO_1043_IOM_FEA_XX_wav2lip.mp4,1,done,wav2lip,1043,IOM,disgust,fear,yes
FAKE_T2_1043_ITH_HAP_XX__AUDIO_1043_ITH_NEU_XX_wav2lip,data\synthetic\track2_fakes\videos\FAKE_T2_1043_ITH_HAP_XX__AUDIO_1043_ITH_NEU_XX_wav2lip.mp4,1,done,wav2lip,1043,ITH,happy,neutral,yes
FAKE_T2_1043_ITS_DIS_XX__AUDIO_1043_ITS_FEA_XX_wav2lip,data\synthetic\track2_fakes\videos\FAKE_T2_1043_ITS_DIS_XX__AUDIO_1043_ITS_FEA_XX_wav2lip.mp4,1,done,wav2lip,1043,ITS,disgust,fear,yes
FAKE_T2_1043_ITS_NEU_XX__AUDIO_1043_ITS_SAD_XX_wav2lip,data\synthetic\track2_fakes\videos\FAKE_T2_1043_ITS_NEU_XX__AUDIO_1043_ITS_SAD_XX_wav2lip.mp4,1,done,wav2lip,1043,ITS,neutral,sad,yes
FAKE_T2_1043_IWL_HAP_XX__AUDIO_1043_IWL_NEU_XX_wav2lip,data\synthetic\track2_fakes\videos\FAKE_T2_1043_IWL_HAP_XX__AUDIO_1043_IWL_NEU_XX_wav2lip.mp4,1,done,wav2lip,1043,IWL,happy,neutral,yes
FAKE_T2_1043_IWW_ANG_XX__AUDIO_1043_IWW_DIS_XX_wav2lip,data\synthetic\track2_fakes\videos\FAKE_T2_1043_IWW_ANG_XX__AUDIO_1043_IWW_DIS_XX_wav2lip.mp4,1,done,wav2lip,1043,IWW,angry,disgust,yes
FAKE_T2_1043_IWW_NEU_XX__AUDIO_1043_IWW_SAD_XX_wav2lip,data\synthetic\track2_fakes\videos\FAKE_T2_1043_IWW_NEU_XX__AUDIO_1043_IWW_SAD_XX_wav2lip.mp4,1,done,wav2lip,1043,IWW,neutral,sad,yes
FAKE_T2_1043_MTI_DIS_XX__AUDIO_1043_MTI_FEA_XX_wav2lip,data\synthetic\track2_fakes\videos\FAKE_T2_1043_MTI_DIS_XX__AUDIO_1043_MTI_FEA_XX_wav2lip.mp4,1,done,wav2lip,1043,MTI,disgust,fear,yes
FAKE_T2_1043_MTI_HAP_XX__AUDIO_1043_MTI_NEU_XX_wav2lip,data\synthetic\track2_fakes\videos\FAKE_T2_1043_MTI_HAP_XX__AUDIO_1043_MTI_NEU_XX_wav2lip.mp4,1,done,wav2lip,1043,MTI,happy,neutral,yes
FAKE_T2_1043_MTI_NEU_XX__AUDIO_1043_MTI_SAD_XX_wav2lip,data\synthetic\track2_fakes\videos\FAKE_T2_1043_MTI_NEU_XX__AUDIO_1043_MTI_SAD_XX_wav2lip.mp4,1,done,wav2lip,1043,MTI,neutral,sad,yes
FAKE_T2_1043_TAI_ANG_XX__AUDIO_1043_TAI_DIS_XX_wav2lip,data\synthetic\track2_fakes\videos\FAKE_T2_1043_TAI_ANG_XX__AUDIO_1043_TAI_DIS_XX_wav2lip.mp4,1,done,wav2lip,1043,TAI,angry,disgust,yes
FAKE_T2_1043_TIE_SAD_XX__AUDIO_1043_TIE_ANG_XX_wav2lip,data\synthetic\track2_fakes\videos\FAKE_T2_1043_TIE_SAD_XX__AUDIO_1043_TIE_ANG_XX_wav2lip.mp4,1,done,wav2lip,1043,TIE,sad,angry,yes
FAKE_T2_1043_TSI_SAD_XX__AUDIO_1043_TSI_ANG_XX_wav2lip,data\synthetic\track2_fakes\videos\FAKE_T2_1043_TSI_SAD_XX__AUDIO_1043_TSI_ANG_XX_wav2lip.mp4,1,done,wav2lip,1043,TSI,sad,angry,yes
FAKE_T2_1043_WSI_DIS_XX__AUDIO_1043_WSI_FEA_XX_wav2lip,data\synthetic\track2_fakes\videos\FAKE_T2_1043_WSI_DIS_XX__AUDIO_1043_WSI_FEA_XX_wav2lip.mp4,1,done,wav2lip,1043,WSI,disgust,fear,yes
FAKE_T2_1043_WSI_SAD_XX__AUDIO_1043_WSI_ANG_XX_wav2lip,data\synthetic\track2_fakes\videos\FAKE_T2_1043_WSI_SAD_XX__AUDIO_1043_WSI_ANG_XX_wav2lip.mp4,1,done,wav2lip,1043,WSI,sad,angry,yes
FAKE_T2_1044_IEO_ANG_MD__AUDIO_1044_IEO_DIS_MD_wav2lip,data\synthetic\track2_fakes\videos\FAKE_T2_1044_IEO_ANG_MD__AUDIO_1044_IEO_DIS_MD_wav2lip.mp4,1,done,wav2lip,1044,IEO,angry,disgust,yes
FAKE_T2_1044_IEO_DIS_HI__AUDIO_1044_IEO_FEA_HI_wav2lip,data\synthetic\track2_fakes\videos\FAKE_T2_1044_IEO_DIS_HI__AUDIO_1044_IEO_FEA_HI_wav2lip.mp4,1,done,wav2lip,1044,IEO,disgust,fear,yes
FAKE_T2_1044_IEO_DIS_MD__AUDIO_1044_IEO_FEA_MD_wav2lip,data\synthetic\track2_fakes\videos\FAKE_T2_1044_IEO_DIS_MD__AUDIO_1044_IEO_FEA_MD_wav2lip.mp4,1,done,wav2lip,1044,IEO,disgust,fear,yes
FAKE_T2_1044_IEO_FEA_HI__AUDIO_1044_IEO_HAP_HI_wav2lip,data\synthetic\track2_fakes\videos\FAKE_T2_1044_IEO_FEA_HI__AUDIO_1044_IEO_HAP_HI_wav2lip.mp4,1,done,wav2lip,1044,IEO,fear,happy,yes
FAKE_T2_1044_IEO_HAP_HI__AUDIO_1044_IEO_NEU_XX_wav2lip,data\synthetic\track2_fakes\videos\FAKE_T2_1044_IEO_HAP_HI__AUDIO_1044_IEO_NEU_XX_wav2lip.mp4,1,done,wav2lip,1044,IEO,happy,neutral,yes
FAKE_T2_1044_IEO_SAD_LO__AUDIO_1044_IEO_ANG_LO_wav2lip,data\synthetic\track2_fakes\videos\FAKE_T2_1044_IEO_SAD_LO__AUDIO_1044_IEO_ANG_LO_wav2lip.mp4,1,done,wav2lip,1044,IEO,sad,angry,yes
FAKE_T2_1044_IOM_DIS_XX__AUDIO_1044_IOM_FEA_XX_wav2lip,data\synthetic\track2_fakes\videos\FAKE_T2_1044_IOM_DIS_XX__AUDIO_1044_IOM_FEA_XX_wav2lip.mp4,1,done,wav2lip,1044,IOM,disgust,fear,yes
FAKE_T2_1044_ITH_ANG_XX__AUDIO_1044_ITH_DIS_XX_wav2lip,data\synthetic\track2_fakes\videos\FAKE_T2_1044_ITH_ANG_XX__AUDIO_1044_ITH_DIS_XX_wav2lip.mp4,1,done,wav2lip,1044,ITH,angry,disgust,yes
FAKE_T2_1044_ITH_DIS_XX__AUDIO_1044_ITH_FEA_XX_wav2lip,data\synthetic\track2_fakes\videos\FAKE_T2_1044_ITH_DIS_XX__AUDIO_1044_ITH_FEA_XX_wav2lip.mp4,1,done,wav2lip,1044,ITH,disgust,fear,yes
FAKE_T2_1044_ITH_HAP_XX__AUDIO_1044_ITH_NEU_XX_wav2lip,data\synthetic\track2_fakes\videos\FAKE_T2_1044_ITH_HAP_XX__AUDIO_1044_ITH_NEU_XX_wav2lip.mp4,1,done,wav2lip,1044,ITH,happy,neutral,yes
FAKE_T2_1044_ITH_SAD_XX__AUDIO_1044_ITH_ANG_XX_wav2lip,data\synthetic\track2_fakes\videos\FAKE_T2_1044_ITH_SAD_XX__AUDIO_1044_ITH_ANG_XX_wav2lip.mp4,1,done,wav2lip,1044,ITH,sad,angry,yes
FAKE_T2_1044_ITS_ANG_XX__AUDIO_1044_ITS_DIS_XX_wav2lip,data\synthetic\track2_fakes\videos\FAKE_T2_1044_ITS_ANG_XX__AUDIO_1044_ITS_DIS_XX_wav2lip.mp4,1,done,wav2lip,1044,ITS,angry,disgust,yes
FAKE_T2_1044_ITS_FEA_XX__AUDIO_1044_ITS_HAP_XX_wav2lip,data\synthetic\track2_fakes\videos\FAKE_T2_1044_ITS_FEA_XX__AUDIO_1044_ITS_HAP_XX_wav2lip.mp4,1,done,wav2lip,1044,ITS,fear,happy,yes
FAKE_T2_1044_IWL_NEU_XX__AUDIO_1044_IWL_SAD_XX_wav2lip,data\synthetic\track2_fakes\videos\FAKE_T2_1044_IWL_NEU_XX__AUDIO_1044_IWL_SAD_XX_wav2lip.mp4,1,done,wav2lip,1044,IWL,neutral,sad,yes
FAKE_T2_1044_IWW_SAD_XX__AUDIO_1044_IWW_ANG_XX_wav2lip,data\synthetic\track2_fakes\videos\FAKE_T2_1044_IWW_SAD_XX__AUDIO_1044_IWW_ANG_XX_wav2lip.mp4,1,done,wav2lip,1044,IWW,sad,angry,yes
FAKE_T2_1044_MTI_FEA_XX__AUDIO_1044_MTI_HAP_XX_wav2lip,data\synthetic\track2_fakes\videos\FAKE_T2_1044_MTI_FEA_XX__AUDIO_1044_MTI_HAP_XX_wav2lip.mp4,1,done,wav2lip,1044,MTI,fear,happy,yes
FAKE_T2_1044_TAI_ANG_XX__AUDIO_1044_TAI_DIS_XX_wav2lip,data\synthetic\track2_fakes\videos\FAKE_T2_1044_TAI_ANG_XX__AUDIO_1044_TAI_DIS_XX_wav2lip.mp4,1,done,wav2lip,1044,TAI,angry,disgust,yes
FAKE_T2_1044_TAI_DIS_XX__AUDIO_1044_TAI_FEA_XX_wav2lip,data\synthetic\track2_fakes\videos\FAKE_T2_1044_TAI_DIS_XX__AUDIO_1044_TAI_FEA_XX_wav2lip.mp4,1,done,wav2lip,1044,TAI,disgust,fear,yes
FAKE_T2_1044_TAI_NEU_XX__AUDIO_1044_TAI_SAD_XX_wav2lip,data\synthetic\track2_fakes\videos\FAKE_T2_1044_TAI_NEU_XX__AUDIO_1044_TAI_SAD_XX_wav2lip.mp4,1,done,wav2lip,1044,TAI,neutral,sad,yes
FAKE_T2_1044_TIE_DIS_XX__AUDIO_1044_TIE_FEA_XX_wav2lip,data\synthetic\track2_fakes\videos\FAKE_T2_1044_TIE_DIS_XX__AUDIO_1044_TIE_FEA_XX_wav2lip.mp4,1,done,wav2lip,1044,TIE,disgust,fear,yes
FAKE_T2_1044_TIE_FEA_XX__AUDIO_1044_TIE_HAP_XX_wav2lip,data\synthetic\track2_fakes\videos\FAKE_T2_1044_TIE_FEA_XX__AUDIO_1044_TIE_HAP_XX_wav2lip.mp4,1,done,wav2lip,1044,TIE,fear,happy,yes
FAKE_T2_1044_TIE_NEU_XX__AUDIO_1044_TIE_SAD_XX_wav2lip,data\synthetic\track2_fakes\videos\FAKE_T2_1044_TIE_NEU_XX__AUDIO_1044_TIE_SAD_XX_wav2lip.mp4,1,done,wav2lip,1044,TIE,neutral,sad,yes
FAKE_T2_1044_TSI_HAP_XX__AUDIO_1044_TSI_NEU_XX_wav2lip,data\synthetic\track2_fakes\videos\FAKE_T2_1044_TSI_HAP_XX__AUDIO_1044_TSI_NEU_XX_wav2lip.mp4,1,done,wav2lip,1044,TSI,happy,neutral,yes
FAKE_T2_1044_TSI_NEU_XX__AUDIO_1044_TSI_SAD_XX_wav2lip,data\synthetic\track2_fakes\videos\FAKE_T2_1044_TSI_NEU_XX__AUDIO_1044_TSI_SAD_XX_wav2lip.mp4,1,done,wav2lip,1044,TSI,neutral,sad,yes
FAKE_T2_1044_TSI_SAD_XX__AUDIO_1044_TSI_ANG_XX_wav2lip,data\synthetic\track2_fakes\videos\FAKE_T2_1044_TSI_SAD_XX__AUDIO_1044_TSI_ANG_XX_wav2lip.mp4,1,done,wav2lip,1044,TSI,sad,angry,yes
FAKE_T2_1045_DFA_DIS_XX__AUDIO_1045_DFA_FEA_XX_wav2lip,data\synthetic\track2_fakes\videos\FAKE_T2_1045_DFA_DIS_XX__AUDIO_1045_DFA_FEA_XX_wav2lip.mp4,1,done,wav2lip,1045,DFA,disgust,fear,yes
FAKE_T2_1045_DFA_SAD_XX__AUDIO_1045_DFA_ANG_XX_wav2lip,data\synthetic\track2_fakes\videos\FAKE_T2_1045_DFA_SAD_XX__AUDIO_1045_DFA_ANG_XX_wav2lip.mp4,1,done,wav2lip,1045,DFA,sad,angry,yes
FAKE_T2_1045_IEO_DIS_MD__AUDIO_1045_IEO_FEA_MD_wav2lip,data\synthetic\track2_fakes\videos\FAKE_T2_1045_IEO_DIS_MD__AUDIO_1045_IEO_FEA_MD_wav2lip.mp4,1,done,wav2lip,1045,IEO,disgust,fear,yes
FAKE_T2_1045_IEO_HAP_HI__AUDIO_1045_IEO_NEU_XX_wav2lip,data\synthetic\track2_fakes\videos\FAKE_T2_1045_IEO_HAP_HI__AUDIO_1045_IEO_NEU_XX_wav2lip.mp4,1,done,wav2lip,1045,IEO,happy,neutral,yes
FAKE_T2_1045_IEO_HAP_MD__AUDIO_1045_IEO_NEU_XX_wav2lip,data\synthetic\track2_fakes\videos\FAKE_T2_1045_IEO_HAP_MD__AUDIO_1045_IEO_NEU_XX_wav2lip.mp4,1,done,wav2lip,1045,IEO,happy,neutral,yes
FAKE_T2_1045_IEO_SAD_HI__AUDIO_1045_IEO_ANG_HI_wav2lip,data\synthetic\track2_fakes\videos\FAKE_T2_1045_IEO_SAD_HI__AUDIO_1045_IEO_ANG_HI_wav2lip.mp4,1,done,wav2lip,1045,IEO,sad,angry,yes
FAKE_T2_1045_IEO_SAD_LO__AUDIO_1045_IEO_ANG_LO_wav2lip,data\synthetic\track2_fakes\videos\FAKE_T2_1045_IEO_SAD_LO__AUDIO_1045_IEO_ANG_LO_wav2lip.mp4,1,done,wav2lip,1045,IEO,sad,angry,yes
FAKE_T2_1045_IOM_ANG_XX__AUDIO_1045_IOM_DIS_XX_wav2lip,data\synthetic\track2_fakes\videos\FAKE_T2_1045_IOM_ANG_XX__AUDIO_1045_IOM_DIS_XX_wav2lip.mp4,1,done,wav2lip,1045,IOM,angry,disgust,yes
FAKE_T2_1045_IOM_NEU_XX__AUDIO_1045_IOM_SAD_XX_wav2lip,data\synthetic\track2_fakes\videos\FAKE_T2_1045_IOM_NEU_XX__AUDIO_1045_IOM_SAD_XX_wav2lip.mp4,1,done,wav2lip,1045,IOM,neutral,sad,yes
FAKE_T2_1045_ITH_DIS_XX__AUDIO_1045_ITH_FEA_XX_wav2lip,data\synthetic\track2_fakes\videos\FAKE_T2_1045_ITH_DIS_XX__AUDIO_1045_ITH_FEA_XX_wav2lip.mp4,1,done,wav2lip,1045,ITH,disgust,fear,yes
FAKE_T2_1045_ITS_ANG_XX__AUDIO_1045_ITS_DIS_XX_wav2lip,data\synthetic\track2_fakes\videos\FAKE_T2_1045_ITS_ANG_XX__AUDIO_1045_ITS_DIS_XX_wav2lip.mp4,1,done,wav2lip,1045,ITS,angry,disgust,yes
FAKE_T2_1045_ITS_HAP_XX__AUDIO_1045_ITS_NEU_XX_wav2lip,data\synthetic\track2_fakes\videos\FAKE_T2_1045_ITS_HAP_XX__AUDIO_1045_ITS_NEU_XX_wav2lip.mp4,1,done,wav2lip,1045,ITS,happy,neutral,yes
FAKE_T2_1045_IWL_DIS_XX__AUDIO_1045_IWL_FEA_XX_wav2lip,data\synthetic\track2_fakes\videos\FAKE_T2_1045_IWL_DIS_XX__AUDIO_1045_IWL_FEA_XX_wav2lip.mp4,1,done,wav2lip,1045,IWL,disgust,fear,yes
FAKE_T2_1045_IWL_FEA_XX__AUDIO_1045_IWL_HAP_XX_wav2lip,data\synthetic\track2_fakes\videos\FAKE_T2_1045_IWL_FEA_XX__AUDIO_1045_IWL_HAP_XX_wav2lip.mp4,1,done,wav2lip,1045,IWL,fear,happy,yes
FAKE_T2_1045_IWL_HAP_XX__AUDIO_1045_IWL_NEU_XX_wav2lip,data\synthetic\track2_fakes\videos\FAKE_T2_1045_IWL_HAP_XX__AUDIO_1045_IWL_NEU_XX_wav2lip.mp4,1,done,wav2lip,1045,IWL,happy,neutral,yes
FAKE_T2_1045_IWL_NEU_XX__AUDIO_1045_IWL_SAD_XX_wav2lip,data\synthetic\track2_fakes\videos\FAKE_T2_1045_IWL_NEU_XX__AUDIO_1045_IWL_SAD_XX_wav2lip.mp4,1,done,wav2lip,1045,IWL,neutral,sad,yes
FAKE_T2_1045_IWW_NEU_XX__AUDIO_1045_IWW_SAD_XX_wav2lip,data\synthetic\track2_fakes\videos\FAKE_T2_1045_IWW_NEU_XX__AUDIO_1045_IWW_SAD_XX_wav2lip.mp4,1,done,wav2lip,1045,IWW,neutral,sad,yes
FAKE_T2_1045_MTI_DIS_XX__AUDIO_1045_MTI_FEA_XX_wav2lip,data\synthetic\track2_fakes\videos\FAKE_T2_1045_MTI_DIS_XX__AUDIO_1045_MTI_FEA_XX_wav2lip.mp4,1,done,wav2lip,1045,MTI,disgust,fear,yes
FAKE_T2_1045_TAI_FEA_XX__AUDIO_1045_TAI_HAP_XX_wav2lip,data\synthetic\track2_fakes\videos\FAKE_T2_1045_TAI_FEA_XX__AUDIO_1045_TAI_HAP_XX_wav2lip.mp4,1,done,wav2lip,1045,TAI,fear,happy,yes
FAKE_T2_1045_TIE_SAD_XX__AUDIO_1045_TIE_ANG_XX_wav2lip,data\synthetic\track2_fakes\videos\FAKE_T2_1045_TIE_SAD_XX__AUDIO_1045_TIE_ANG_XX_wav2lip.mp4,1,done,wav2lip,1045,TIE,sad,angry,yes
FAKE_T2_1045_TSI_DIS_XX__AUDIO_1045_TSI_FEA_XX_wav2lip,data\synthetic\track2_fakes\videos\FAKE_T2_1045_TSI_DIS_XX__AUDIO_1045_TSI_FEA_XX_wav2lip.mp4,1,done,wav2lip,1045,TSI,disgust,fear,yes
FAKE_T2_1045_WSI_ANG_XX__AUDIO_1045_WSI_DIS_XX_wav2lip,data\synthetic\track2_fakes\videos\FAKE_T2_1045_WSI_ANG_XX__AUDIO_1045_WSI_DIS_XX_wav2lip.mp4,1,done,wav2lip,1045,WSI,angry,disgust,yes
FAKE_T2_1045_WSI_DIS_XX__AUDIO_1045_WSI_FEA_XX_wav2lip,data\synthetic\track2_fakes\videos\FAKE_T2_1045_WSI_DIS_XX__AUDIO_1045_WSI_FEA_XX_wav2lip.mp4,1,done,wav2lip,1045,WSI,disgust,fear,yes
FAKE_T2_1045_WSI_FEA_XX__AUDIO_1045_WSI_HAP_XX_wav2lip,data\synthetic\track2_fakes\videos\FAKE_T2_1045_WSI_FEA_XX__AUDIO_1045_WSI_HAP_XX_wav2lip.mp4,1,done,wav2lip,1045,WSI,fear,happy,yes
FAKE_T2_1045_WSI_SAD_XX__AUDIO_1045_WSI_ANG_XX_wav2lip,data\synthetic\track2_fakes\videos\FAKE_T2_1045_WSI_SAD_XX__AUDIO_1045_WSI_ANG_XX_wav2lip.mp4,1,done,wav2lip,1045,WSI,sad,angry,yes
FAKE_T2_1046_DFA_ANG_XX__AUDIO_1046_DFA_DIS_XX_wav2lip,data\synthetic\track2_fakes\videos\FAKE_T2_1046_DFA_ANG_XX__AUDIO_1046_DFA_DIS_XX_wav2lip.mp4,1,done,wav2lip,1046,DFA,angry,disgust,yes
FAKE_T2_1046_IEO_DIS_MD__AUDIO_1046_IEO_FEA_MD_wav2lip,data\synthetic\track2_fakes\videos\FAKE_T2_1046_IEO_DIS_MD__AUDIO_1046_IEO_FEA_MD_wav2lip.mp4,1,done,wav2lip,1046,IEO,disgust,fear,yes
FAKE_T2_1046_IEO_FEA_MD__AUDIO_1046_IEO_HAP_MD_wav2lip,data\synthetic\track2_fakes\videos\FAKE_T2_1046_IEO_FEA_MD__AUDIO_1046_IEO_HAP_MD_wav2lip.mp4,1,done,wav2lip,1046,IEO,fear,happy,yes
FAKE_T2_1046_IEO_HAP_HI__AUDIO_1046_IEO_NEU_XX_wav2lip,data\synthetic\track2_fakes\videos\FAKE_T2_1046_IEO_HAP_HI__AUDIO_1046_IEO_NEU_XX_wav2lip.mp4,1,done,wav2lip,1046,IEO,happy,neutral,yes
FAKE_T2_1046_IEO_NEU_XX__AUDIO_1046_IEO_SAD_HI_wav2lip,data\synthetic\track2_fakes\videos\FAKE_T2_1046_IEO_NEU_XX__AUDIO_1046_IEO_SAD_HI_wav2lip.mp4,1,done,wav2lip,1046,IEO,neutral,sad,yes
FAKE_T2_1046_IEO_SAD_LO__AUDIO_1046_IEO_ANG_LO_wav2lip,data\synthetic\track2_fakes\videos\FAKE_T2_1046_IEO_SAD_LO__AUDIO_1046_IEO_ANG_LO_wav2lip.mp4,1,done,wav2lip,1046,IEO,sad,angry,yes
FAKE_T2_1046_IEO_SAD_MD__AUDIO_1046_IEO_ANG_MD_wav2lip,data\synthetic\track2_fakes\videos\FAKE_T2_1046_IEO_SAD_MD__AUDIO_1046_IEO_ANG_MD_wav2lip.mp4,1,done,wav2lip,1046,IEO,sad,angry,yes
FAKE_T2_1046_IOM_FEA_XX__AUDIO_1046_IOM_HAP_XX_wav2lip,data\synthetic\track2_fakes\videos\FAKE_T2_1046_IOM_FEA_XX__AUDIO_1046_IOM_HAP_XX_wav2lip.mp4,1,done,wav2lip,1046,IOM,fear,happy,yes
FAKE_T2_1046_IOM_SAD_XX__AUDIO_1046_IOM_ANG_XX_wav2lip,data\synthetic\track2_fakes\videos\FAKE_T2_1046_IOM_SAD_XX__AUDIO_1046_IOM_ANG_XX_wav2lip.mp4,1,done,wav2lip,1046,IOM,sad,angry,yes
FAKE_T2_1046_ITH_FEA_XX__AUDIO_1046_ITH_HAP_XX_wav2lip,data\synthetic\track2_fakes\videos\FAKE_T2_1046_ITH_FEA_XX__AUDIO_1046_ITH_HAP_XX_wav2lip.mp4,1,done,wav2lip,1046,ITH,fear,happy,yes
FAKE_T2_1046_ITH_HAP_XX__AUDIO_1046_ITH_NEU_XX_wav2lip,data\synthetic\track2_fakes\videos\FAKE_T2_1046_ITH_HAP_XX__AUDIO_1046_ITH_NEU_XX_wav2lip.mp4,1,done,wav2lip,1046,ITH,happy,neutral,yes
FAKE_T2_1046_ITS_NEU_XX__AUDIO_1046_ITS_SAD_XX_wav2lip,data\synthetic\track2_fakes\videos\FAKE_T2_1046_ITS_NEU_XX__AUDIO_1046_ITS_SAD_XX_wav2lip.mp4,1,done,wav2lip,1046,ITS,neutral,sad,yes
FAKE_T2_1046_ITS_SAD_XX__AUDIO_1046_ITS_ANG_XX_wav2lip,data\synthetic\track2_fakes\videos\FAKE_T2_1046_ITS_SAD_XX__AUDIO_1046_ITS_ANG_XX_wav2lip.mp4,1,done,wav2lip,1046,ITS,sad,angry,yes
FAKE_T2_1046_IWL_FEA_XX__AUDIO_1046_IWL_HAP_XX_wav2lip,data\synthetic\track2_fakes\videos\FAKE_T2_1046_IWL_FEA_XX__AUDIO_1046_IWL_HAP_XX_wav2lip.mp4,1,done,wav2lip,1046,IWL,fear,happy,yes
FAKE_T2_1046_IWL_HAP_XX__AUDIO_1046_IWL_NEU_XX_wav2lip,data\synthetic\track2_fakes\videos\FAKE_T2_1046_IWL_HAP_XX__AUDIO_1046_IWL_NEU_XX_wav2lip.mp4,1,done,wav2lip,1046,IWL,happy,neutral,yes
FAKE_T2_1046_IWL_NEU_XX__AUDIO_1046_IWL_SAD_XX_wav2lip,data\synthetic\track2_fakes\videos\FAKE_T2_1046_IWL_NEU_XX__AUDIO_1046_IWL_SAD_XX_wav2lip.mp4,1,done,wav2lip,1046,IWL,neutral,sad,yes
FAKE_T2_1046_IWL_SAD_XX__AUDIO_1046_IWL_ANG_XX_wav2lip,data\synthetic\track2_fakes\videos\FAKE_T2_1046_IWL_SAD_XX__AUDIO_1046_IWL_ANG_XX_wav2lip.mp4,1,done,wav2lip,1046,IWL,sad,angry,yes
FAKE_T2_1046_MTI_DIS_XX__AUDIO_1046_MTI_FEA_XX_wav2lip,data\synthetic\track2_fakes\videos\FAKE_T2_1046_MTI_DIS_XX__AUDIO_1046_MTI_FEA_XX_wav2lip.mp4,1,done,wav2lip,1046,MTI,disgust,fear,yes
FAKE_T2_1046_MTI_FEA_XX__AUDIO_1046_MTI_HAP_XX_wav2lip,data\synthetic\track2_fakes\videos\FAKE_T2_1046_MTI_FEA_XX__AUDIO_1046_MTI_HAP_XX_wav2lip.mp4,1,done,wav2lip,1046,MTI,fear,happy,yes
FAKE_T2_1046_MTI_HAP_XX__AUDIO_1046_MTI_NEU_XX_wav2lip,data\synthetic\track2_fakes\videos\FAKE_T2_1046_MTI_HAP_XX__AUDIO_1046_MTI_NEU_XX_wav2lip.mp4,1,done,wav2lip,1046,MTI,happy,neutral,yes
FAKE_T2_1046_MTI_NEU_XX__AUDIO_1046_MTI_SAD_XX_wav2lip,data\synthetic\track2_fakes\videos\FAKE_T2_1046_MTI_NEU_XX__AUDIO_1046_MTI_SAD_XX_wav2lip.mp4,1,done,wav2lip,1046,MTI,neutral,sad,yes
FAKE_T2_1046_TAI_ANG_XX__AUDIO_1046_TAI_DIS_XX_wav2lip,data\synthetic\track2_fakes\videos\FAKE_T2_1046_TAI_ANG_XX__AUDIO_1046_TAI_DIS_XX_wav2lip.mp4,1,done,wav2lip,1046,TAI,angry,disgust,yes
FAKE_T2_1046_TAI_DIS_XX__AUDIO_1046_TAI_FEA_XX_wav2lip,data\synthetic\track2_fakes\videos\FAKE_T2_1046_TAI_DIS_XX__AUDIO_1046_TAI_FEA_XX_wav2lip.mp4,1,done,wav2lip,1046,TAI,disgust,fear,yes
FAKE_T2_1046_TIE_HAP_XX__AUDIO_1046_TIE_NEU_XX_wav2lip,data\synthetic\track2_fakes\videos\FAKE_T2_1046_TIE_HAP_XX__AUDIO_1046_TIE_NEU_XX_wav2lip.mp4,1,done,wav2lip,1046,TIE,happy,neutral,yes
FAKE_T2_1046_TSI_ANG_XX__AUDIO_1046_TSI_DIS_XX_wav2lip,data\synthetic\track2_fakes\videos\FAKE_T2_1046_TSI_ANG_XX__AUDIO_1046_TSI_DIS_XX_wav2lip.mp4,1,done,wav2lip,1046,TSI,angry,disgust,yes
FAKE_T2_1047_DFA_ANG_XX__AUDIO_1047_DFA_DIS_XX_wav2lip,data\synthetic\track2_fakes\videos\FAKE_T2_1047_DFA_ANG_XX__AUDIO_1047_DFA_DIS_XX_wav2lip.mp4,1,done,wav2lip,1047,DFA,angry,disgust,yes
FAKE_T2_1047_DFA_FEA_XX__AUDIO_1047_DFA_HAP_XX_wav2lip,data\synthetic\track2_fakes\videos\FAKE_T2_1047_DFA_FEA_XX__AUDIO_1047_DFA_HAP_XX_wav2lip.mp4,1,done,wav2lip,1047,DFA,fear,happy,yes
FAKE_T2_1047_DFA_HAP_XX__AUDIO_1047_DFA_NEU_XX_wav2lip,data\synthetic\track2_fakes\videos\FAKE_T2_1047_DFA_HAP_XX__AUDIO_1047_DFA_NEU_XX_wav2lip.mp4,1,done,wav2lip,1047,DFA,happy,neutral,yes
FAKE_T2_1047_IEO_ANG_HI__AUDIO_1047_IEO_DIS_HI_wav2lip,data\synthetic\track2_fakes\videos\FAKE_T2_1047_IEO_ANG_HI__AUDIO_1047_IEO_DIS_HI_wav2lip.mp4,1,done,wav2lip,1047,IEO,angry,disgust,yes
FAKE_T2_1047_IEO_ANG_LO__AUDIO_1047_IEO_DIS_LO_wav2lip,data\synthetic\track2_fakes\videos\FAKE_T2_1047_IEO_ANG_LO__AUDIO_1047_IEO_DIS_LO_wav2lip.mp4,1,done,wav2lip,1047,IEO,angry,disgust,yes
FAKE_T2_1047_IEO_DIS_HI__AUDIO_1047_IEO_FEA_HI_wav2lip,data\synthetic\track2_fakes\videos\FAKE_T2_1047_IEO_DIS_HI__AUDIO_1047_IEO_FEA_HI_wav2lip.mp4,1,done,wav2lip,1047,IEO,disgust,fear,yes
FAKE_T2_1047_IEO_FEA_LO__AUDIO_1047_IEO_HAP_LO_wav2lip,data\synthetic\track2_fakes\videos\FAKE_T2_1047_IEO_FEA_LO__AUDIO_1047_IEO_HAP_LO_wav2lip.mp4,1,done,wav2lip,1047,IEO,fear,happy,yes
FAKE_T2_1047_IEO_HAP_LO__AUDIO_1047_IEO_NEU_XX_wav2lip,data\synthetic\track2_fakes\videos\FAKE_T2_1047_IEO_HAP_LO__AUDIO_1047_IEO_NEU_XX_wav2lip.mp4,1,done,wav2lip,1047,IEO,happy,neutral,yes
FAKE_T2_1047_IEO_NEU_XX__AUDIO_1047_IEO_SAD_HI_wav2lip,data\synthetic\track2_fakes\videos\FAKE_T2_1047_IEO_NEU_XX__AUDIO_1047_IEO_SAD_HI_wav2lip.mp4,1,done,wav2lip,1047,IEO,neutral,sad,yes
FAKE_T2_1047_IEO_SAD_MD__AUDIO_1047_IEO_ANG_MD_wav2lip,data\synthetic\track2_fakes\videos\FAKE_T2_1047_IEO_SAD_MD__AUDIO_1047_IEO_ANG_MD_wav2lip.mp4,1,done,wav2lip,1047,IEO,sad,angry,yes
FAKE_T2_1047_IOM_SAD_XX__AUDIO_1047_IOM_ANG_XX_wav2lip,data\synthetic\track2_fakes\videos\FAKE_T2_1047_IOM_SAD_XX__AUDIO_1047_IOM_ANG_XX_wav2lip.mp4,1,done,wav2lip,1047,IOM,sad,angry,yes
FAKE_T2_1047_ITH_ANG_XX__AUDIO_1047_ITH_DIS_XX_wav2lip,data\synthetic\track2_fakes\videos\FAKE_T2_1047_ITH_ANG_XX__AUDIO_1047_ITH_DIS_XX_wav2lip.mp4,1,done,wav2lip,1047,ITH,angry,disgust,yes
FAKE_T2_1047_ITS_FEA_XX__AUDIO_1047_ITS_HAP_XX_wav2lip,data\synthetic\track2_fakes\videos\FAKE_T2_1047_ITS_FEA_XX__AUDIO_1047_ITS_HAP_XX_wav2lip.mp4,1,done,wav2lip,1047,ITS,fear,happy,yes
FAKE_T2_1047_ITS_SAD_XX__AUDIO_1047_ITS_ANG_XX_wav2lip,data\synthetic\track2_fakes\videos\FAKE_T2_1047_ITS_SAD_XX__AUDIO_1047_ITS_ANG_XX_wav2lip.mp4,1,done,wav2lip,1047,ITS,sad,angry,yes
FAKE_T2_1047_IWL_FEA_XX__AUDIO_1047_IWL_HAP_XX_wav2lip,data\synthetic\track2_fakes\videos\FAKE_T2_1047_IWL_FEA_XX__AUDIO_1047_IWL_HAP_XX_wav2lip.mp4,1,done,wav2lip,1047,IWL,fear,happy,yes
FAKE_T2_1047_IWW_ANG_XX__AUDIO_1047_IWW_DIS_XX_wav2lip,data\synthetic\track2_fakes\videos\FAKE_T2_1047_IWW_ANG_XX__AUDIO_1047_IWW_DIS_XX_wav2lip.mp4,1,done,wav2lip,1047,IWW,angry,disgust,yes
FAKE_T2_1047_IWW_SAD_XX__AUDIO_1047_IWW_ANG_XX_wav2lip,data\synthetic\track2_fakes\videos\FAKE_T2_1047_IWW_SAD_XX__AUDIO_1047_IWW_ANG_XX_wav2lip.mp4,1,done,wav2lip,1047,IWW,sad,angry,yes
FAKE_T2_1047_MTI_FEA_XX__AUDIO_1047_MTI_HAP_XX_wav2lip,data\synthetic\track2_fakes\videos\FAKE_T2_1047_MTI_FEA_XX__AUDIO_1047_MTI_HAP_XX_wav2lip.mp4,1,done,wav2lip,1047,MTI,fear,happy,yes
FAKE_T2_1047_TAI_HAP_XX__AUDIO_1047_TAI_NEU_XX_wav2lip,data\synthetic\track2_fakes\videos\FAKE_T2_1047_TAI_HAP_XX__AUDIO_1047_TAI_NEU_XX_wav2lip.mp4,1,done,wav2lip,1047,TAI,happy,neutral,yes
FAKE_T2_1047_TAI_NEU_XX__AUDIO_1047_TAI_SAD_XX_wav2lip,data\synthetic\track2_fakes\videos\FAKE_T2_1047_TAI_NEU_XX__AUDIO_1047_TAI_SAD_XX_wav2lip.mp4,1,done,wav2lip,1047,TAI,neutral,sad,yes
FAKE_T2_1047_TIE_ANG_XX__AUDIO_1047_TIE_DIS_XX_wav2lip,data\synthetic\track2_fakes\videos\FAKE_T2_1047_TIE_ANG_XX__AUDIO_1047_TIE_DIS_XX_wav2lip.mp4,1,done,wav2lip,1047,TIE,angry,disgust,yes
FAKE_T2_1047_TIE_DIS_XX__AUDIO_1047_TIE_FEA_XX_wav2lip,data\synthetic\track2_fakes\videos\FAKE_T2_1047_TIE_DIS_XX__AUDIO_1047_TIE_FEA_XX_wav2lip.mp4,1,done,wav2lip,1047,TIE,disgust,fear,yes
FAKE_T2_1047_TIE_FEA_XX__AUDIO_1047_TIE_HAP_XX_wav2lip,data\synthetic\track2_fakes\videos\FAKE_T2_1047_TIE_FEA_XX__AUDIO_1047_TIE_HAP_XX_wav2lip.mp4,1,done,wav2lip,1047,TIE,fear,happy,yes
FAKE_T2_1047_TIE_HAP_XX__AUDIO_1047_TIE_NEU_XX_wav2lip,data\synthetic\track2_fakes\videos\FAKE_T2_1047_TIE_HAP_XX__AUDIO_1047_TIE_NEU_XX_wav2lip.mp4,1,done,wav2lip,1047,TIE,happy,neutral,yes
FAKE_T2_1047_WSI_SAD_XX__AUDIO_1047_WSI_ANG_XX_wav2lip,data\synthetic\track2_fakes\videos\FAKE_T2_1047_WSI_SAD_XX__AUDIO_1047_WSI_ANG_XX_wav2lip.mp4,1,done,wav2lip,1047,WSI,sad,angry,yes
FAKE_T2_1048_DFA_ANG_XX__AUDIO_1048_DFA_DIS_XX_wav2lip,data\synthetic\track2_fakes\videos\FAKE_T2_1048_DFA_ANG_XX__AUDIO_1048_DFA_DIS_XX_wav2lip.mp4,1,done,wav2lip,1048,DFA,angry,disgust,yes
FAKE_T2_1048_IEO_ANG_HI__AUDIO_1048_IEO_DIS_HI_wav2lip,data\synthetic\track2_fakes\videos\FAKE_T2_1048_IEO_ANG_HI__AUDIO_1048_IEO_DIS_HI_wav2lip.mp4,1,done,wav2lip,1048,IEO,angry,disgust,yes
FAKE_T2_1048_IEO_ANG_LO__AUDIO_1048_IEO_DIS_LO_wav2lip,data\synthetic\track2_fakes\videos\FAKE_T2_1048_IEO_ANG_LO__AUDIO_1048_IEO_DIS_LO_wav2lip.mp4,1,done,wav2lip,1048,IEO,angry,disgust,yes
FAKE_T2_1048_IEO_DIS_MD__AUDIO_1048_IEO_FEA_MD_wav2lip,data\synthetic\track2_fakes\videos\FAKE_T2_1048_IEO_DIS_MD__AUDIO_1048_IEO_FEA_MD_wav2lip.mp4,1,done,wav2lip,1048,IEO,disgust,fear,yes
FAKE_T2_1048_IEO_HAP_HI__AUDIO_1048_IEO_NEU_XX_wav2lip,data\synthetic\track2_fakes\videos\FAKE_T2_1048_IEO_HAP_HI__AUDIO_1048_IEO_NEU_XX_wav2lip.mp4,1,done,wav2lip,1048,IEO,happy,neutral,yes
FAKE_T2_1048_IEO_NEU_XX__AUDIO_1048_IEO_SAD_HI_wav2lip,data\synthetic\track2_fakes\videos\FAKE_T2_1048_IEO_NEU_XX__AUDIO_1048_IEO_SAD_HI_wav2lip.mp4,1,done,wav2lip,1048,IEO,neutral,sad,yes
FAKE_T2_1048_IEO_SAD_LO__AUDIO_1048_IEO_ANG_LO_wav2lip,data\synthetic\track2_fakes\videos\FAKE_T2_1048_IEO_SAD_LO__AUDIO_1048_IEO_ANG_LO_wav2lip.mp4,1,done,wav2lip,1048,IEO,sad,angry,yes
FAKE_T2_1048_IOM_DIS_XX__AUDIO_1048_IOM_FEA_XX_wav2lip,data\synthetic\track2_fakes\videos\FAKE_T2_1048_IOM_DIS_XX__AUDIO_1048_IOM_FEA_XX_wav2lip.mp4,1,done,wav2lip,1048,IOM,disgust,fear,yes
FAKE_T2_1048_IOM_HAP_XX__AUDIO_1048_IOM_NEU_XX_wav2lip,data\synthetic\track2_fakes\videos\FAKE_T2_1048_IOM_HAP_XX__AUDIO_1048_IOM_NEU_XX_wav2lip.mp4,1,done,wav2lip,1048,IOM,happy,neutral,yes
FAKE_T2_1048_IOM_SAD_XX__AUDIO_1048_IOM_ANG_XX_wav2lip,data\synthetic\track2_fakes\videos\FAKE_T2_1048_IOM_SAD_XX__AUDIO_1048_IOM_ANG_XX_wav2lip.mp4,1,done,wav2lip,1048,IOM,sad,angry,yes
FAKE_T2_1048_ITH_NEU_XX__AUDIO_1048_ITH_SAD_XX_wav2lip,data\synthetic\track2_fakes\videos\FAKE_T2_1048_ITH_NEU_XX__AUDIO_1048_ITH_SAD_XX_wav2lip.mp4,1,done,wav2lip,1048,ITH,neutral,sad,yes
FAKE_T2_1048_ITS_SAD_XX__AUDIO_1048_ITS_ANG_XX_wav2lip,data\synthetic\track2_fakes\videos\FAKE_T2_1048_ITS_SAD_XX__AUDIO_1048_ITS_ANG_XX_wav2lip.mp4,1,done,wav2lip,1048,ITS,sad,angry,yes
FAKE_T2_1048_IWL_NEU_XX__AUDIO_1048_IWL_SAD_XX_wav2lip,data\synthetic\track2_fakes\videos\FAKE_T2_1048_IWL_NEU_XX__AUDIO_1048_IWL_SAD_XX_wav2lip.mp4,1,done,wav2lip,1048,IWL,neutral,sad,yes
FAKE_T2_1048_IWW_FEA_XX__AUDIO_1048_IWW_HAP_XX_wav2lip,data\synthetic\track2_fakes\videos\FAKE_T2_1048_IWW_FEA_XX__AUDIO_1048_IWW_HAP_XX_wav2lip.mp4,1,done,wav2lip,1048,IWW,fear,happy,yes
FAKE_T2_1048_IWW_NEU_XX__AUDIO_1048_IWW_SAD_XX_wav2lip,data\synthetic\track2_fakes\videos\FAKE_T2_1048_IWW_NEU_XX__AUDIO_1048_IWW_SAD_XX_wav2lip.mp4,1,done,wav2lip,1048,IWW,neutral,sad,yes
FAKE_T2_1048_MTI_ANG_XX__AUDIO_1048_MTI_DIS_XX_wav2lip,data\synthetic\track2_fakes\videos\FAKE_T2_1048_MTI_ANG_XX__AUDIO_1048_MTI_DIS_XX_wav2lip.mp4,1,done,wav2lip,1048,MTI,angry,disgust,yes
FAKE_T2_1048_MTI_HAP_XX__AUDIO_1048_MTI_NEU_XX_wav2lip,data\synthetic\track2_fakes\videos\FAKE_T2_1048_MTI_HAP_XX__AUDIO_1048_MTI_NEU_XX_wav2lip.mp4,1,done,wav2lip,1048,MTI,happy,neutral,yes
FAKE_T2_1048_TAI_DIS_XX__AUDIO_1048_TAI_FEA_XX_wav2lip,data\synthetic\track2_fakes\videos\FAKE_T2_1048_TAI_DIS_XX__AUDIO_1048_TAI_FEA_XX_wav2lip.mp4,1,done,wav2lip,1048,TAI,disgust,fear,yes
FAKE_T2_1048_TAI_NEU_XX__AUDIO_1048_TAI_SAD_XX_wav2lip,data\synthetic\track2_fakes\videos\FAKE_T2_1048_TAI_NEU_XX__AUDIO_1048_TAI_SAD_XX_wav2lip.mp4,1,done,wav2lip,1048,TAI,neutral,sad,yes
FAKE_T2_1048_TIE_DIS_XX__AUDIO_1048_TIE_FEA_XX_wav2lip,data\synthetic\track2_fakes\videos\FAKE_T2_1048_TIE_DIS_XX__AUDIO_1048_TIE_FEA_XX_wav2lip.mp4,1,done,wav2lip,1048,TIE,disgust,fear,yes
FAKE_T2_1048_TIE_HAP_XX__AUDIO_1048_TIE_NEU_XX_wav2lip,data\synthetic\track2_fakes\videos\FAKE_T2_1048_TIE_HAP_XX__AUDIO_1048_TIE_NEU_XX_wav2lip.mp4,1,done,wav2lip,1048,TIE,happy,neutral,yes
FAKE_T2_1048_TSI_HAP_XX__AUDIO_1048_TSI_NEU_XX_wav2lip,data\synthetic\track2_fakes\videos\FAKE_T2_1048_TSI_HAP_XX__AUDIO_1048_TSI_NEU_XX_wav2lip.mp4,1,done,wav2lip,1048,TSI,happy,neutral,yes
FAKE_T2_1048_TSI_NEU_XX__AUDIO_1048_TSI_SAD_XX_wav2lip,data\synthetic\track2_fakes\videos\FAKE_T2_1048_TSI_NEU_XX__AUDIO_1048_TSI_SAD_XX_wav2lip.mp4,1,done,wav2lip,1048,TSI,neutral,sad,yes
FAKE_T2_1048_WSI_ANG_XX__AUDIO_1048_WSI_DIS_XX_wav2lip,data\synthetic\track2_fakes\videos\FAKE_T2_1048_WSI_ANG_XX__AUDIO_1048_WSI_DIS_XX_wav2lip.mp4,1,done,wav2lip,1048,WSI,angry,disgust,yes
FAKE_T2_1048_WSI_NEU_XX__AUDIO_1048_WSI_SAD_XX_wav2lip,data\synthetic\track2_fakes\videos\FAKE_T2_1048_WSI_NEU_XX__AUDIO_1048_WSI_SAD_XX_wav2lip.mp4,1,done,wav2lip,1048,WSI,neutral,sad,yes
FAKE_T2_1049_DFA_ANG_XX__AUDIO_1049_DFA_DIS_XX_wav2lip,data\synthetic\track2_fakes\videos\FAKE_T2_1049_DFA_ANG_XX__AUDIO_1049_DFA_DIS_XX_wav2lip.mp4,1,done,wav2lip,1049,DFA,angry,disgust,yes
FAKE_T2_1049_DFA_FEA_XX__AUDIO_1049_DFA_HAP_XX_wav2lip,data\synthetic\track2_fakes\videos\FAKE_T2_1049_DFA_FEA_XX__AUDIO_1049_DFA_HAP_XX_wav2lip.mp4,1,done,wav2lip,1049,DFA,fear,happy,yes
FAKE_T2_1049_DFA_SAD_XX__AUDIO_1049_DFA_ANG_XX_wav2lip,data\synthetic\track2_fakes\videos\FAKE_T2_1049_DFA_SAD_XX__AUDIO_1049_DFA_ANG_XX_wav2lip.mp4,1,done,wav2lip,1049,DFA,sad,angry,yes
FAKE_T2_1049_IEO_ANG_LO__AUDIO_1049_IEO_DIS_LO_wav2lip,data\synthetic\track2_fakes\videos\FAKE_T2_1049_IEO_ANG_LO__AUDIO_1049_IEO_DIS_LO_wav2lip.mp4,1,done,wav2lip,1049,IEO,angry,disgust,yes
FAKE_T2_1049_IEO_DIS_LO__AUDIO_1049_IEO_FEA_LO_wav2lip,data\synthetic\track2_fakes\videos\FAKE_T2_1049_IEO_DIS_LO__AUDIO_1049_IEO_FEA_LO_wav2lip.mp4,1,done,wav2lip,1049,IEO,disgust,fear,yes
FAKE_T2_1049_IEO_HAP_HI__AUDIO_1049_IEO_NEU_XX_wav2lip,data\synthetic\track2_fakes\videos\FAKE_T2_1049_IEO_HAP_HI__AUDIO_1049_IEO_NEU_XX_wav2lip.mp4,1,done,wav2lip,1049,IEO,happy,neutral,yes
FAKE_T2_1049_IEO_HAP_LO__AUDIO_1049_IEO_NEU_XX_wav2lip,data\synthetic\track2_fakes\videos\FAKE_T2_1049_IEO_HAP_LO__AUDIO_1049_IEO_NEU_XX_wav2lip.mp4,1,done,wav2lip,1049,IEO,happy,neutral,yes
FAKE_T2_1049_IEO_NEU_XX__AUDIO_1049_IEO_SAD_HI_wav2lip,data\synthetic\track2_fakes\videos\FAKE_T2_1049_IEO_NEU_XX__AUDIO_1049_IEO_SAD_HI_wav2lip.mp4,1,done,wav2lip,1049,IEO,neutral,sad,yes
FAKE_T2_1049_IOM_SAD_XX__AUDIO_1049_IOM_ANG_XX_wav2lip,data\synthetic\track2_fakes\videos\FAKE_T2_1049_IOM_SAD_XX__AUDIO_1049_IOM_ANG_XX_wav2lip.mp4,1,done,wav2lip,1049,IOM,sad,angry,yes
FAKE_T2_1049_ITH_FEA_XX__AUDIO_1049_ITH_HAP_XX_wav2lip,data\synthetic\track2_fakes\videos\FAKE_T2_1049_ITH_FEA_XX__AUDIO_1049_ITH_HAP_XX_wav2lip.mp4,1,done,wav2lip,1049,ITH,fear,happy,yes
FAKE_T2_1049_IWL_ANG_XX__AUDIO_1049_IWL_DIS_XX_wav2lip,data\synthetic\track2_fakes\videos\FAKE_T2_1049_IWL_ANG_XX__AUDIO_1049_IWL_DIS_XX_wav2lip.mp4,1,done,wav2lip,1049,IWL,angry,disgust,yes
FAKE_T2_1049_IWL_DIS_XX__AUDIO_1049_IWL_FEA_XX_wav2lip,data\synthetic\track2_fakes\videos\FAKE_T2_1049_IWL_DIS_XX__AUDIO_1049_IWL_FEA_XX_wav2lip.mp4,1,done,wav2lip,1049,IWL,disgust,fear,yes
FAKE_T2_1049_IWL_FEA_XX__AUDIO_1049_IWL_HAP_XX_wav2lip,data\synthetic\track2_fakes\videos\FAKE_T2_1049_IWL_FEA_XX__AUDIO_1049_IWL_HAP_XX_wav2lip.mp4,1,done,wav2lip,1049,IWL,fear,happy,yes
FAKE_T2_1049_IWL_SAD_XX__AUDIO_1049_IWL_ANG_XX_wav2lip,data\synthetic\track2_fakes\videos\FAKE_T2_1049_IWL_SAD_XX__AUDIO_1049_IWL_ANG_XX_wav2lip.mp4,1,done,wav2lip,1049,IWL,sad,angry,yes
FAKE_T2_1049_IWW_DIS_XX__AUDIO_1049_IWW_FEA_XX_wav2lip,data\synthetic\track2_fakes\videos\FAKE_T2_1049_IWW_DIS_XX__AUDIO_1049_IWW_FEA_XX_wav2lip.mp4,1,done,wav2lip,1049,IWW,disgust,fear,yes
FAKE_T2_1049_IWW_HAP_XX__AUDIO_1049_IWW_NEU_XX_wav2lip,data\synthetic\track2_fakes\videos\FAKE_T2_1049_IWW_HAP_XX__AUDIO_1049_IWW_NEU_XX_wav2lip.mp4,1,done,wav2lip,1049,IWW,happy,neutral,yes
FAKE_T2_1049_IWW_SAD_XX__AUDIO_1049_IWW_ANG_XX_wav2lip,data\synthetic\track2_fakes\videos\FAKE_T2_1049_IWW_SAD_XX__AUDIO_1049_IWW_ANG_XX_wav2lip.mp4,1,done,wav2lip,1049,IWW,sad,angry,yes
FAKE_T2_1049_MTI_DIS_XX__AUDIO_1049_MTI_FEA_XX_wav2lip,data\synthetic\track2_fakes\videos\FAKE_T2_1049_MTI_DIS_XX__AUDIO_1049_MTI_FEA_XX_wav2lip.mp4,1,done,wav2lip,1049,MTI,disgust,fear,yes
FAKE_T2_1049_MTI_FEA_XX__AUDIO_1049_MTI_HAP_XX_wav2lip,data\synthetic\track2_fakes\videos\FAKE_T2_1049_MTI_FEA_XX__AUDIO_1049_MTI_HAP_XX_wav2lip.mp4,1,done,wav2lip,1049,MTI,fear,happy,yes
FAKE_T2_1049_TAI_ANG_XX__AUDIO_1049_TAI_DIS_XX_wav2lip,data\synthetic\track2_fakes\videos\FAKE_T2_1049_TAI_ANG_XX__AUDIO_1049_TAI_DIS_XX_wav2lip.mp4,1,done,wav2lip,1049,TAI,angry,disgust,yes
FAKE_T2_1049_TAI_HAP_XX__AUDIO_1049_TAI_NEU_XX_wav2lip,data\synthetic\track2_fakes\videos\FAKE_T2_1049_TAI_HAP_XX__AUDIO_1049_TAI_NEU_XX_wav2lip.mp4,1,done,wav2lip,1049,TAI,happy,neutral,yes
FAKE_T2_1049_TIE_ANG_XX__AUDIO_1049_TIE_DIS_XX_wav2lip,data\synthetic\track2_fakes\videos\FAKE_T2_1049_TIE_ANG_XX__AUDIO_1049_TIE_DIS_XX_wav2lip.mp4,1,done,wav2lip,1049,TIE,angry,disgust,yes
FAKE_T2_1049_TIE_HAP_XX__AUDIO_1049_TIE_NEU_XX_wav2lip,data\synthetic\track2_fakes\videos\FAKE_T2_1049_TIE_HAP_XX__AUDIO_1049_TIE_NEU_XX_wav2lip.mp4,1,done,wav2lip,1049,TIE,happy,neutral,yes
FAKE_T2_1049_TSI_DIS_XX__AUDIO_1049_TSI_FEA_XX_wav2lip,data\synthetic\track2_fakes\videos\FAKE_T2_1049_TSI_DIS_XX__AUDIO_1049_TSI_FEA_XX_wav2lip.mp4,1,done,wav2lip,1049,TSI,disgust,fear,yes
FAKE_T2_1049_WSI_HAP_XX__AUDIO_1049_WSI_NEU_XX_wav2lip,data\synthetic\track2_fakes\videos\FAKE_T2_1049_WSI_HAP_XX__AUDIO_1049_WSI_NEU_XX_wav2lip.mp4,1,done,wav2lip,1049,WSI,happy,neutral,yes
FAKE_T2_1050_DFA_DIS_XX__AUDIO_1050_DFA_FEA_XX_wav2lip,data\synthetic\track2_fakes\videos\FAKE_T2_1050_DFA_DIS_XX__AUDIO_1050_DFA_FEA_XX_wav2lip.mp4,1,done,wav2lip,1050,DFA,disgust,fear,yes
FAKE_T2_1050_IEO_ANG_LO__AUDIO_1050_IEO_DIS_LO_wav2lip,data\synthetic\track2_fakes\videos\FAKE_T2_1050_IEO_ANG_LO__AUDIO_1050_IEO_DIS_LO_wav2lip.mp4,1,done,wav2lip,1050,IEO,angry,disgust,yes
FAKE_T2_1050_IEO_ANG_MD__AUDIO_1050_IEO_DIS_MD_wav2lip,data\synthetic\track2_fakes\videos\FAKE_T2_1050_IEO_ANG_MD__AUDIO_1050_IEO_DIS_MD_wav2lip.mp4,1,done,wav2lip,1050,IEO,angry,disgust,yes
FAKE_T2_1050_IEO_DIS_HI__AUDIO_1050_IEO_FEA_HI_wav2lip,data\synthetic\track2_fakes\videos\FAKE_T2_1050_IEO_DIS_HI__AUDIO_1050_IEO_FEA_HI_wav2lip.mp4,1,done,wav2lip,1050,IEO,disgust,fear,yes
FAKE_T2_1050_IEO_DIS_MD__AUDIO_1050_IEO_FEA_MD_wav2lip,data\synthetic\track2_fakes\videos\FAKE_T2_1050_IEO_DIS_MD__AUDIO_1050_IEO_FEA_MD_wav2lip.mp4,1,done,wav2lip,1050,IEO,disgust,fear,yes
FAKE_T2_1050_IEO_FEA_HI__AUDIO_1050_IEO_HAP_HI_wav2lip,data\synthetic\track2_fakes\videos\FAKE_T2_1050_IEO_FEA_HI__AUDIO_1050_IEO_HAP_HI_wav2lip.mp4,1,done,wav2lip,1050,IEO,fear,happy,yes
FAKE_T2_1050_IEO_FEA_MD__AUDIO_1050_IEO_HAP_MD_wav2lip,data\synthetic\track2_fakes\videos\FAKE_T2_1050_IEO_FEA_MD__AUDIO_1050_IEO_HAP_MD_wav2lip.mp4,1,done,wav2lip,1050,IEO,fear,happy,yes
FAKE_T2_1050_IEO_HAP_HI__AUDIO_1050_IEO_NEU_XX_wav2lip,data\synthetic\track2_fakes\videos\FAKE_T2_1050_IEO_HAP_HI__AUDIO_1050_IEO_NEU_XX_wav2lip.mp4,1,done,wav2lip,1050,IEO,happy,neutral,yes
FAKE_T2_1050_IEO_NEU_XX__AUDIO_1050_IEO_SAD_HI_wav2lip,data\synthetic\track2_fakes\videos\FAKE_T2_1050_IEO_NEU_XX__AUDIO_1050_IEO_SAD_HI_wav2lip.mp4,1,done,wav2lip,1050,IEO,neutral,sad,yes
FAKE_T2_1050_ITH_ANG_XX__AUDIO_1050_ITH_DIS_XX_wav2lip,data\synthetic\track2_fakes\videos\FAKE_T2_1050_ITH_ANG_XX__AUDIO_1050_ITH_DIS_XX_wav2lip.mp4,1,done,wav2lip,1050,ITH,angry,disgust,yes
FAKE_T2_1050_ITH_FEA_XX__AUDIO_1050_ITH_HAP_XX_wav2lip,data\synthetic\track2_fakes\videos\FAKE_T2_1050_ITH_FEA_XX__AUDIO_1050_ITH_HAP_XX_wav2lip.mp4,1,done,wav2lip,1050,ITH,fear,happy,yes
FAKE_T2_1050_IWL_SAD_XX__AUDIO_1050_IWL_ANG_XX_wav2lip,data\synthetic\track2_fakes\videos\FAKE_T2_1050_IWL_SAD_XX__AUDIO_1050_IWL_ANG_XX_wav2lip.mp4,1,done,wav2lip,1050,IWL,sad,angry,yes
FAKE_T2_1050_IWW_ANG_XX__AUDIO_1050_IWW_DIS_XX_wav2lip,data\synthetic\track2_fakes\videos\FAKE_T2_1050_IWW_ANG_XX__AUDIO_1050_IWW_DIS_XX_wav2lip.mp4,1,done,wav2lip,1050,IWW,angry,disgust,yes
FAKE_T2_1050_IWW_FEA_XX__AUDIO_1050_IWW_HAP_XX_wav2lip,data\synthetic\track2_fakes\videos\FAKE_T2_1050_IWW_FEA_XX__AUDIO_1050_IWW_HAP_XX_wav2lip.mp4,1,done,wav2lip,1050,IWW,fear,happy,yes
FAKE_T2_1050_IWW_NEU_XX__AUDIO_1050_IWW_SAD_XX_wav2lip,data\synthetic\track2_fakes\videos\FAKE_T2_1050_IWW_NEU_XX__AUDIO_1050_IWW_SAD_XX_wav2lip.mp4,1,done,wav2lip,1050,IWW,neutral,sad,yes
FAKE_T2_1050_MTI_HAP_XX__AUDIO_1050_MTI_NEU_XX_wav2lip,data\synthetic\track2_fakes\videos\FAKE_T2_1050_MTI_HAP_XX__AUDIO_1050_MTI_NEU_XX_wav2lip.mp4,1,done,wav2lip,1050,MTI,happy,neutral,yes
FAKE_T2_1050_MTI_NEU_XX__AUDIO_1050_MTI_SAD_XX_wav2lip,data\synthetic\track2_fakes\videos\FAKE_T2_1050_MTI_NEU_XX__AUDIO_1050_MTI_SAD_XX_wav2lip.mp4,1,done,wav2lip,1050,MTI,neutral,sad,yes
FAKE_T2_1050_TAI_ANG_XX__AUDIO_1050_TAI_DIS_XX_wav2lip,data\synthetic\track2_fakes\videos\FAKE_T2_1050_TAI_ANG_XX__AUDIO_1050_TAI_DIS_XX_wav2lip.mp4,1,done,wav2lip,1050,TAI,angry,disgust,yes
FAKE_T2_1050_TAI_NEU_XX__AUDIO_1050_TAI_SAD_XX_wav2lip,data\synthetic\track2_fakes\videos\FAKE_T2_1050_TAI_NEU_XX__AUDIO_1050_TAI_SAD_XX_wav2lip.mp4,1,done,wav2lip,1050,TAI,neutral,sad,yes
FAKE_T2_1050_TIE_ANG_XX__AUDIO_1050_TIE_DIS_XX_wav2lip,data\synthetic\track2_fakes\videos\FAKE_T2_1050_TIE_ANG_XX__AUDIO_1050_TIE_DIS_XX_wav2lip.mp4,1,done,wav2lip,1050,TIE,angry,disgust,yes
FAKE_T2_1050_TIE_DIS_XX__AUDIO_1050_TIE_FEA_XX_wav2lip,data\synthetic\track2_fakes\videos\FAKE_T2_1050_TIE_DIS_XX__AUDIO_1050_TIE_FEA_XX_wav2lip.mp4,1,done,wav2lip,1050,TIE,disgust,fear,yes
FAKE_T2_1050_TIE_HAP_XX__AUDIO_1050_TIE_NEU_XX_wav2lip,data\synthetic\track2_fakes\videos\FAKE_T2_1050_TIE_HAP_XX__AUDIO_1050_TIE_NEU_XX_wav2lip.mp4,1,done,wav2lip,1050,TIE,happy,neutral,yes
FAKE_T2_1050_WSI_ANG_XX__AUDIO_1050_WSI_DIS_XX_wav2lip,data\synthetic\track2_fakes\videos\FAKE_T2_1050_WSI_ANG_XX__AUDIO_1050_WSI_DIS_XX_wav2lip.mp4,1,done,wav2lip,1050,WSI,angry,disgust,yes
FAKE_T2_1050_WSI_DIS_XX__AUDIO_1050_WSI_FEA_XX_wav2lip,data\synthetic\track2_fakes\videos\FAKE_T2_1050_WSI_DIS_XX__AUDIO_1050_WSI_FEA_XX_wav2lip.mp4,1,done,wav2lip,1050,WSI,disgust,fear,yes
FAKE_T2_1050_WSI_NEU_XX__AUDIO_1050_WSI_SAD_XX_wav2lip,data\synthetic\track2_fakes\videos\FAKE_T2_1050_WSI_NEU_XX__AUDIO_1050_WSI_SAD_XX_wav2lip.mp4,1,done,wav2lip,1050,WSI,neutral,sad,yes
FAKE_T2_1051_DFA_DIS_XX__AUDIO_1051_DFA_FEA_XX_wav2lip,data\synthetic\track2_fakes\videos\FAKE_T2_1051_DFA_DIS_XX__AUDIO_1051_DFA_FEA_XX_wav2lip.mp4,1,done,wav2lip,1051,DFA,disgust,fear,yes
FAKE_T2_1051_DFA_NEU_XX__AUDIO_1051_DFA_SAD_XX_wav2lip,data\synthetic\track2_fakes\videos\FAKE_T2_1051_DFA_NEU_XX__AUDIO_1051_DFA_SAD_XX_wav2lip.mp4,1,done,wav2lip,1051,DFA,neutral,sad,yes
FAKE_T2_1051_IEO_DIS_MD__AUDIO_1051_IEO_FEA_MD_wav2lip,data\synthetic\track2_fakes\videos\FAKE_T2_1051_IEO_DIS_MD__AUDIO_1051_IEO_FEA_MD_wav2lip.mp4,1,done,wav2lip,1051,IEO,disgust,fear,yes
FAKE_T2_1051_IEO_FEA_HI__AUDIO_1051_IEO_HAP_HI_wav2lip,data\synthetic\track2_fakes\videos\FAKE_T2_1051_IEO_FEA_HI__AUDIO_1051_IEO_HAP_HI_wav2lip.mp4,1,done,wav2lip,1051,IEO,fear,happy,yes
FAKE_T2_1051_IEO_FEA_MD__AUDIO_1051_IEO_HAP_MD_wav2lip,data\synthetic\track2_fakes\videos\FAKE_T2_1051_IEO_FEA_MD__AUDIO_1051_IEO_HAP_MD_wav2lip.mp4,1,done,wav2lip,1051,IEO,fear,happy,yes
FAKE_T2_1051_IEO_SAD_HI__AUDIO_1051_IEO_ANG_HI_wav2lip,data\synthetic\track2_fakes\videos\FAKE_T2_1051_IEO_SAD_HI__AUDIO_1051_IEO_ANG_HI_wav2lip.mp4,1,done,wav2lip,1051,IEO,sad,angry,yes
FAKE_T2_1051_IEO_SAD_LO__AUDIO_1051_IEO_ANG_LO_wav2lip,data\synthetic\track2_fakes\videos\FAKE_T2_1051_IEO_SAD_LO__AUDIO_1051_IEO_ANG_LO_wav2lip.mp4,1,done,wav2lip,1051,IEO,sad,angry,yes
FAKE_T2_1051_IEO_SAD_MD__AUDIO_1051_IEO_ANG_MD_wav2lip,data\synthetic\track2_fakes\videos\FAKE_T2_1051_IEO_SAD_MD__AUDIO_1051_IEO_ANG_MD_wav2lip.mp4,1,done,wav2lip,1051,IEO,sad,angry,yes
FAKE_T2_1051_IOM_HAP_XX__AUDIO_1051_IOM_NEU_XX_wav2lip,data\synthetic\track2_fakes\videos\FAKE_T2_1051_IOM_HAP_XX__AUDIO_1051_IOM_NEU_XX_wav2lip.mp4,1,done,wav2lip,1051,IOM,happy,neutral,yes
FAKE_T2_1051_IOM_SAD_XX__AUDIO_1051_IOM_ANG_XX_wav2lip,data\synthetic\track2_fakes\videos\FAKE_T2_1051_IOM_SAD_XX__AUDIO_1051_IOM_ANG_XX_wav2lip.mp4,1,done,wav2lip,1051,IOM,sad,angry,yes
FAKE_T2_1051_ITH_ANG_XX__AUDIO_1051_ITH_DIS_XX_wav2lip,data\synthetic\track2_fakes\videos\FAKE_T2_1051_ITH_ANG_XX__AUDIO_1051_ITH_DIS_XX_wav2lip.mp4,1,done,wav2lip,1051,ITH,angry,disgust,yes
FAKE_T2_1051_ITH_FEA_XX__AUDIO_1051_ITH_HAP_XX_wav2lip,data\synthetic\track2_fakes\videos\FAKE_T2_1051_ITH_FEA_XX__AUDIO_1051_ITH_HAP_XX_wav2lip.mp4,1,done,wav2lip,1051,ITH,fear,happy,yes
FAKE_T2_1051_ITH_HAP_XX__AUDIO_1051_ITH_NEU_XX_wav2lip,data\synthetic\track2_fakes\videos\FAKE_T2_1051_ITH_HAP_XX__AUDIO_1051_ITH_NEU_XX_wav2lip.mp4,1,done,wav2lip,1051,ITH,happy,neutral,yes
FAKE_T2_1051_ITH_SAD_XX__AUDIO_1051_ITH_ANG_XX_wav2lip,data\synthetic\track2_fakes\videos\FAKE_T2_1051_ITH_SAD_XX__AUDIO_1051_ITH_ANG_XX_wav2lip.mp4,1,done,wav2lip,1051,ITH,sad,angry,yes
FAKE_T2_1051_IWL_ANG_XX__AUDIO_1051_IWL_DIS_XX_wav2lip,data\synthetic\track2_fakes\videos\FAKE_T2_1051_IWL_ANG_XX__AUDIO_1051_IWL_DIS_XX_wav2lip.mp4,1,done,wav2lip,1051,IWL,angry,disgust,yes
FAKE_T2_1051_IWL_DIS_XX__AUDIO_1051_IWL_FEA_XX_wav2lip,data\synthetic\track2_fakes\videos\FAKE_T2_1051_IWL_DIS_XX__AUDIO_1051_IWL_FEA_XX_wav2lip.mp4,1,done,wav2lip,1051,IWL,disgust,fear,yes
FAKE_T2_1051_IWL_HAP_XX__AUDIO_1051_IWL_NEU_XX_wav2lip,data\synthetic\track2_fakes\videos\FAKE_T2_1051_IWL_HAP_XX__AUDIO_1051_IWL_NEU_XX_wav2lip.mp4,1,done,wav2lip,1051,IWL,happy,neutral,yes
FAKE_T2_1051_IWW_DIS_XX__AUDIO_1051_IWW_FEA_XX_wav2lip,data\synthetic\track2_fakes\videos\FAKE_T2_1051_IWW_DIS_XX__AUDIO_1051_IWW_FEA_XX_wav2lip.mp4,1,done,wav2lip,1051,IWW,disgust,fear,yes
FAKE_T2_1051_IWW_FEA_XX__AUDIO_1051_IWW_HAP_XX_wav2lip,data\synthetic\track2_fakes\videos\FAKE_T2_1051_IWW_FEA_XX__AUDIO_1051_IWW_HAP_XX_wav2lip.mp4,1,done,wav2lip,1051,IWW,fear,happy,yes
FAKE_T2_1051_IWW_HAP_XX__AUDIO_1051_IWW_NEU_XX_wav2lip,data\synthetic\track2_fakes\videos\FAKE_T2_1051_IWW_HAP_XX__AUDIO_1051_IWW_NEU_XX_wav2lip.mp4,1,done,wav2lip,1051,IWW,happy,neutral,yes
FAKE_T2_1051_MTI_HAP_XX__AUDIO_1051_MTI_NEU_XX_wav2lip,data\synthetic\track2_fakes\videos\FAKE_T2_1051_MTI_HAP_XX__AUDIO_1051_MTI_NEU_XX_wav2lip.mp4,1,done,wav2lip,1051,MTI,happy,neutral,yes
FAKE_T2_1051_TAI_ANG_XX__AUDIO_1051_TAI_DIS_XX_wav2lip,data\synthetic\track2_fakes\videos\FAKE_T2_1051_TAI_ANG_XX__AUDIO_1051_TAI_DIS_XX_wav2lip.mp4,1,done,wav2lip,1051,TAI,angry,disgust,yes
FAKE_T2_1051_TAI_FEA_XX__AUDIO_1051_TAI_HAP_XX_wav2lip,data\synthetic\track2_fakes\videos\FAKE_T2_1051_TAI_FEA_XX__AUDIO_1051_TAI_HAP_XX_wav2lip.mp4,1,done,wav2lip,1051,TAI,fear,happy,yes
FAKE_T2_1051_TAI_HAP_XX__AUDIO_1051_TAI_NEU_XX_wav2lip,data\synthetic\track2_fakes\videos\FAKE_T2_1051_TAI_HAP_XX__AUDIO_1051_TAI_NEU_XX_wav2lip.mp4,1,done,wav2lip,1051,TAI,happy,neutral,yes
FAKE_T2_1051_WSI_DIS_XX__AUDIO_1051_WSI_FEA_XX_wav2lip,data\synthetic\track2_fakes\videos\FAKE_T2_1051_WSI_DIS_XX__AUDIO_1051_WSI_FEA_XX_wav2lip.mp4,1,done,wav2lip,1051,WSI,disgust,fear,yes
FAKE_T2_1052_DFA_HAP_XX__AUDIO_1052_DFA_NEU_XX_wav2lip,data\synthetic\track2_fakes\videos\FAKE_T2_1052_DFA_HAP_XX__AUDIO_1052_DFA_NEU_XX_wav2lip.mp4,1,done,wav2lip,1052,DFA,happy,neutral,yes
FAKE_T2_1052_IEO_ANG_MD__AUDIO_1052_IEO_DIS_MD_wav2lip,data\synthetic\track2_fakes\videos\FAKE_T2_1052_IEO_ANG_MD__AUDIO_1052_IEO_DIS_MD_wav2lip.mp4,1,done,wav2lip,1052,IEO,angry,disgust,yes
FAKE_T2_1052_IEO_DIS_HI__AUDIO_1052_IEO_FEA_HI_wav2lip,data\synthetic\track2_fakes\videos\FAKE_T2_1052_IEO_DIS_HI__AUDIO_1052_IEO_FEA_HI_wav2lip.mp4,1,done,wav2lip,1052,IEO,disgust,fear,yes
FAKE_T2_1052_IEO_FEA_LO__AUDIO_1052_IEO_HAP_LO_wav2lip,data\synthetic\track2_fakes\videos\FAKE_T2_1052_IEO_FEA_LO__AUDIO_1052_IEO_HAP_LO_wav2lip.mp4,1,done,wav2lip,1052,IEO,fear,happy,yes
FAKE_T2_1052_IEO_FEA_MD__AUDIO_1052_IEO_HAP_MD_wav2lip,data\synthetic\track2_fakes\videos\FAKE_T2_1052_IEO_FEA_MD__AUDIO_1052_IEO_HAP_MD_wav2lip.mp4,1,done,wav2lip,1052,IEO,fear,happy,yes
FAKE_T2_1052_IEO_HAP_MD__AUDIO_1052_IEO_NEU_XX_wav2lip,data\synthetic\track2_fakes\videos\FAKE_T2_1052_IEO_HAP_MD__AUDIO_1052_IEO_NEU_XX_wav2lip.mp4,1,done,wav2lip,1052,IEO,happy,neutral,yes
FAKE_T2_1052_IEO_SAD_HI__AUDIO_1052_IEO_ANG_HI_wav2lip,data\synthetic\track2_fakes\videos\FAKE_T2_1052_IEO_SAD_HI__AUDIO_1052_IEO_ANG_HI_wav2lip.mp4,1,done,wav2lip,1052,IEO,sad,angry,yes
FAKE_T2_1052_IEO_SAD_LO__AUDIO_1052_IEO_ANG_LO_wav2lip,data\synthetic\track2_fakes\videos\FAKE_T2_1052_IEO_SAD_LO__AUDIO_1052_IEO_ANG_LO_wav2lip.mp4,1,done,wav2lip,1052,IEO,sad,angry,yes
FAKE_T2_1052_IOM_FEA_XX__AUDIO_1052_IOM_HAP_XX_wav2lip,data\synthetic\track2_fakes\videos\FAKE_T2_1052_IOM_FEA_XX__AUDIO_1052_IOM_HAP_XX_wav2lip.mp4,1,done,wav2lip,1052,IOM,fear,happy,yes
FAKE_T2_1052_IOM_HAP_XX__AUDIO_1052_IOM_NEU_XX_wav2lip,data\synthetic\track2_fakes\videos\FAKE_T2_1052_IOM_HAP_XX__AUDIO_1052_IOM_NEU_XX_wav2lip.mp4,1,done,wav2lip,1052,IOM,happy,neutral,yes
FAKE_T2_1052_ITH_ANG_XX__AUDIO_1052_ITH_DIS_XX_wav2lip,data\synthetic\track2_fakes\videos\FAKE_T2_1052_ITH_ANG_XX__AUDIO_1052_ITH_DIS_XX_wav2lip.mp4,1,done,wav2lip,1052,ITH,angry,disgust,yes
FAKE_T2_1052_ITH_HAP_XX__AUDIO_1052_ITH_NEU_XX_wav2lip,data\synthetic\track2_fakes\videos\FAKE_T2_1052_ITH_HAP_XX__AUDIO_1052_ITH_NEU_XX_wav2lip.mp4,1,done,wav2lip,1052,ITH,happy,neutral,yes
FAKE_T2_1052_ITH_SAD_XX__AUDIO_1052_ITH_ANG_XX_wav2lip,data\synthetic\track2_fakes\videos\FAKE_T2_1052_ITH_SAD_XX__AUDIO_1052_ITH_ANG_XX_wav2lip.mp4,1,done,wav2lip,1052,ITH,sad,angry,yes
FAKE_T2_1052_ITS_ANG_XX__AUDIO_1052_ITS_DIS_XX_wav2lip,data\synthetic\track2_fakes\videos\FAKE_T2_1052_ITS_ANG_XX__AUDIO_1052_ITS_DIS_XX_wav2lip.mp4,1,done,wav2lip,1052,ITS,angry,disgust,yes
FAKE_T2_1052_IWL_ANG_XX__AUDIO_1052_IWL_DIS_XX_wav2lip,data\synthetic\track2_fakes\videos\FAKE_T2_1052_IWL_ANG_XX__AUDIO_1052_IWL_DIS_XX_wav2lip.mp4,1,done,wav2lip,1052,IWL,angry,disgust,yes
FAKE_T2_1052_IWL_DIS_XX__AUDIO_1052_IWL_FEA_XX_wav2lip,data\synthetic\track2_fakes\videos\FAKE_T2_1052_IWL_DIS_XX__AUDIO_1052_IWL_FEA_XX_wav2lip.mp4,1,done,wav2lip,1052,IWL,disgust,fear,yes
FAKE_T2_1052_IWL_SAD_XX__AUDIO_1052_IWL_ANG_XX_wav2lip,data\synthetic\track2_fakes\videos\FAKE_T2_1052_IWL_SAD_XX__AUDIO_1052_IWL_ANG_XX_wav2lip.mp4,1,done,wav2lip,1052,IWL,sad,angry,yes
FAKE_T2_1052_IWW_SAD_XX__AUDIO_1052_IWW_ANG_XX_wav2lip,data\synthetic\track2_fakes\videos\FAKE_T2_1052_IWW_SAD_XX__AUDIO_1052_IWW_ANG_XX_wav2lip.mp4,1,done,wav2lip,1052,IWW,sad,angry,yes
FAKE_T2_1052_MTI_ANG_XX__AUDIO_1052_MTI_DIS_XX_wav2lip,data\synthetic\track2_fakes\videos\FAKE_T2_1052_MTI_ANG_XX__AUDIO_1052_MTI_DIS_XX_wav2lip.mp4,1,done,wav2lip,1052,MTI,angry,disgust,yes
FAKE_T2_1052_MTI_DIS_XX__AUDIO_1052_MTI_FEA_XX_wav2lip,data\synthetic\track2_fakes\videos\FAKE_T2_1052_MTI_DIS_XX__AUDIO_1052_MTI_FEA_XX_wav2lip.mp4,1,done,wav2lip,1052,MTI,disgust,fear,yes
FAKE_T2_1052_TAI_FEA_XX__AUDIO_1052_TAI_HAP_XX_wav2lip,data\synthetic\track2_fakes\videos\FAKE_T2_1052_TAI_FEA_XX__AUDIO_1052_TAI_HAP_XX_wav2lip.mp4,1,done,wav2lip,1052,TAI,fear,happy,yes
FAKE_T2_1052_TSI_NEU_XX__AUDIO_1052_TSI_SAD_XX_wav2lip,data\synthetic\track2_fakes\videos\FAKE_T2_1052_TSI_NEU_XX__AUDIO_1052_TSI_SAD_XX_wav2lip.mp4,1,done,wav2lip,1052,TSI,neutral,sad,yes
FAKE_T2_1052_TSI_SAD_XX__AUDIO_1052_TSI_ANG_XX_wav2lip,data\synthetic\track2_fakes\videos\FAKE_T2_1052_TSI_SAD_XX__AUDIO_1052_TSI_ANG_XX_wav2lip.mp4,1,done,wav2lip,1052,TSI,sad,angry,yes
FAKE_T2_1052_WSI_HAP_XX__AUDIO_1052_WSI_NEU_XX_wav2lip,data\synthetic\track2_fakes\videos\FAKE_T2_1052_WSI_HAP_XX__AUDIO_1052_WSI_NEU_XX_wav2lip.mp4,1,done,wav2lip,1052,WSI,happy,neutral,yes
FAKE_T2_1052_WSI_SAD_XX__AUDIO_1052_WSI_ANG_XX_wav2lip,data\synthetic\track2_fakes\videos\FAKE_T2_1052_WSI_SAD_XX__AUDIO_1052_WSI_ANG_XX_wav2lip.mp4,1,done,wav2lip,1052,WSI,sad,angry,yes
FAKE_T2_1053_DFA_DIS_XX__AUDIO_1053_DFA_FEA_XX_wav2lip,data\synthetic\track2_fakes\videos\FAKE_T2_1053_DFA_DIS_XX__AUDIO_1053_DFA_FEA_XX_wav2lip.mp4,1,done,wav2lip,1053,DFA,disgust,fear,yes
FAKE_T2_1053_DFA_NEU_XX__AUDIO_1053_DFA_SAD_XX_wav2lip,data\synthetic\track2_fakes\videos\FAKE_T2_1053_DFA_NEU_XX__AUDIO_1053_DFA_SAD_XX_wav2lip.mp4,1,done,wav2lip,1053,DFA,neutral,sad,yes
FAKE_T2_1053_DFA_SAD_XX__AUDIO_1053_DFA_ANG_XX_wav2lip,data\synthetic\track2_fakes\videos\FAKE_T2_1053_DFA_SAD_XX__AUDIO_1053_DFA_ANG_XX_wav2lip.mp4,1,done,wav2lip,1053,DFA,sad,angry,yes
FAKE_T2_1053_IEO_NEU_XX__AUDIO_1053_IEO_SAD_HI_wav2lip,data\synthetic\track2_fakes\videos\FAKE_T2_1053_IEO_NEU_XX__AUDIO_1053_IEO_SAD_HI_wav2lip.mp4,1,done,wav2lip,1053,IEO,neutral,sad,yes
FAKE_T2_1053_IOM_DIS_XX__AUDIO_1053_IOM_FEA_XX_wav2lip,data\synthetic\track2_fakes\videos\FAKE_T2_1053_IOM_DIS_XX__AUDIO_1053_IOM_FEA_XX_wav2lip.mp4,1,done,wav2lip,1053,IOM,disgust,fear,yes
FAKE_T2_1053_IOM_SAD_XX__AUDIO_1053_IOM_ANG_XX_wav2lip,data\synthetic\track2_fakes\videos\FAKE_T2_1053_IOM_SAD_XX__AUDIO_1053_IOM_ANG_XX_wav2lip.mp4,1,done,wav2lip,1053,IOM,sad,angry,yes
FAKE_T2_1053_ITH_ANG_XX__AUDIO_1053_ITH_DIS_XX_wav2lip,data\synthetic\track2_fakes\videos\FAKE_T2_1053_ITH_ANG_XX__AUDIO_1053_ITH_DIS_XX_wav2lip.mp4,1,done,wav2lip,1053,ITH,angry,disgust,yes
FAKE_T2_1053_ITH_NEU_XX__AUDIO_1053_ITH_SAD_XX_wav2lip,data\synthetic\track2_fakes\videos\FAKE_T2_1053_ITH_NEU_XX__AUDIO_1053_ITH_SAD_XX_wav2lip.mp4,1,done,wav2lip,1053,ITH,neutral,sad,yes
FAKE_T2_1053_ITH_SAD_XX__AUDIO_1053_ITH_ANG_XX_wav2lip,data\synthetic\track2_fakes\videos\FAKE_T2_1053_ITH_SAD_XX__AUDIO_1053_ITH_ANG_XX_wav2lip.mp4,1,done,wav2lip,1053,ITH,sad,angry,yes
FAKE_T2_1053_ITS_DIS_XX__AUDIO_1053_ITS_FEA_XX_wav2lip,data\synthetic\track2_fakes\videos\FAKE_T2_1053_ITS_DIS_XX__AUDIO_1053_ITS_FEA_XX_wav2lip.mp4,1,done,wav2lip,1053,ITS,disgust,fear,yes
FAKE_T2_1053_IWL_FEA_XX__AUDIO_1053_IWL_HAP_XX_wav2lip,data\synthetic\track2_fakes\videos\FAKE_T2_1053_IWL_FEA_XX__AUDIO_1053_IWL_HAP_XX_wav2lip.mp4,1,done,wav2lip,1053,IWL,fear,happy,yes
FAKE_T2_1053_IWL_SAD_XX__AUDIO_1053_IWL_ANG_XX_wav2lip,data\synthetic\track2_fakes\videos\FAKE_T2_1053_IWL_SAD_XX__AUDIO_1053_IWL_ANG_XX_wav2lip.mp4,1,done,wav2lip,1053,IWL,sad,angry,yes
FAKE_T2_1053_IWW_HAP_XX__AUDIO_1053_IWW_NEU_XX_wav2lip,data\synthetic\track2_fakes\videos\FAKE_T2_1053_IWW_HAP_XX__AUDIO_1053_IWW_NEU_XX_wav2lip.mp4,1,done,wav2lip,1053,IWW,happy,neutral,yes
FAKE_T2_1053_MTI_DIS_XX__AUDIO_1053_MTI_FEA_XX_wav2lip,data\synthetic\track2_fakes\videos\FAKE_T2_1053_MTI_DIS_XX__AUDIO_1053_MTI_FEA_XX_wav2lip.mp4,1,done,wav2lip,1053,MTI,disgust,fear,yes
FAKE_T2_1053_MTI_FEA_XX__AUDIO_1053_MTI_HAP_XX_wav2lip,data\synthetic\track2_fakes\videos\FAKE_T2_1053_MTI_FEA_XX__AUDIO_1053_MTI_HAP_XX_wav2lip.mp4,1,done,wav2lip,1053,MTI,fear,happy,yes
FAKE_T2_1053_MTI_HAP_XX__AUDIO_1053_MTI_NEU_XX_wav2lip,data\synthetic\track2_fakes\videos\FAKE_T2_1053_MTI_HAP_XX__AUDIO_1053_MTI_NEU_XX_wav2lip.mp4,1,done,wav2lip,1053,MTI,happy,neutral,yes
FAKE_T2_1053_TAI_DIS_XX__AUDIO_1053_TAI_FEA_XX_wav2lip,data\synthetic\track2_fakes\videos\FAKE_T2_1053_TAI_DIS_XX__AUDIO_1053_TAI_FEA_XX_wav2lip.mp4,1,done,wav2lip,1053,TAI,disgust,fear,yes
FAKE_T2_1053_TAI_FEA_XX__AUDIO_1053_TAI_HAP_XX_wav2lip,data\synthetic\track2_fakes\videos\FAKE_T2_1053_TAI_FEA_XX__AUDIO_1053_TAI_HAP_XX_wav2lip.mp4,1,done,wav2lip,1053,TAI,fear,happy,yes
FAKE_T2_1053_TAI_SAD_XX__AUDIO_1053_TAI_ANG_XX_wav2lip,data\synthetic\track2_fakes\videos\FAKE_T2_1053_TAI_SAD_XX__AUDIO_1053_TAI_ANG_XX_wav2lip.mp4,1,done,wav2lip,1053,TAI,sad,angry,yes
FAKE_T2_1053_TIE_ANG_XX__AUDIO_1053_TIE_DIS_XX_wav2lip,data\synthetic\track2_fakes\videos\FAKE_T2_1053_TIE_ANG_XX__AUDIO_1053_TIE_DIS_XX_wav2lip.mp4,1,done,wav2lip,1053,TIE,angry,disgust,yes
FAKE_T2_1053_TIE_HAP_XX__AUDIO_1053_TIE_NEU_XX_wav2lip,data\synthetic\track2_fakes\videos\FAKE_T2_1053_TIE_HAP_XX__AUDIO_1053_TIE_NEU_XX_wav2lip.mp4,1,done,wav2lip,1053,TIE,happy,neutral,yes
FAKE_T2_1053_TIE_NEU_XX__AUDIO_1053_TIE_SAD_XX_wav2lip,data\synthetic\track2_fakes\videos\FAKE_T2_1053_TIE_NEU_XX__AUDIO_1053_TIE_SAD_XX_wav2lip.mp4,1,done,wav2lip,1053,TIE,neutral,sad,yes
FAKE_T2_1053_TSI_ANG_XX__AUDIO_1053_TSI_DIS_XX_wav2lip,data\synthetic\track2_fakes\videos\FAKE_T2_1053_TSI_ANG_XX__AUDIO_1053_TSI_DIS_XX_wav2lip.mp4,1,done,wav2lip,1053,TSI,angry,disgust,yes
FAKE_T2_1053_TSI_FEA_XX__AUDIO_1053_TSI_HAP_XX_wav2lip,data\synthetic\track2_fakes\videos\FAKE_T2_1053_TSI_FEA_XX__AUDIO_1053_TSI_HAP_XX_wav2lip.mp4,1,done,wav2lip,1053,TSI,fear,happy,yes
FAKE_T2_1053_WSI_HAP_XX__AUDIO_1053_WSI_NEU_XX_wav2lip,data\synthetic\track2_fakes\videos\FAKE_T2_1053_WSI_HAP_XX__AUDIO_1053_WSI_NEU_XX_wav2lip.mp4,1,done,wav2lip,1053,WSI,happy,neutral,yes
FAKE_T2_1054_DFA_NEU_XX__AUDIO_1054_DFA_SAD_XX_wav2lip,data\synthetic\track2_fakes\videos\FAKE_T2_1054_DFA_NEU_XX__AUDIO_1054_DFA_SAD_XX_wav2lip.mp4,1,done,wav2lip,1054,DFA,neutral,sad,yes
FAKE_T2_1054_IEO_FEA_MD__AUDIO_1054_IEO_HAP_MD_wav2lip,data\synthetic\track2_fakes\videos\FAKE_T2_1054_IEO_FEA_MD__AUDIO_1054_IEO_HAP_MD_wav2lip.mp4,1,done,wav2lip,1054,IEO,fear,happy,yes
FAKE_T2_1054_IEO_HAP_MD__AUDIO_1054_IEO_NEU_XX_wav2lip,data\synthetic\track2_fakes\videos\FAKE_T2_1054_IEO_HAP_MD__AUDIO_1054_IEO_NEU_XX_wav2lip.mp4,1,done,wav2lip,1054,IEO,happy,neutral,yes
FAKE_T2_1054_IEO_NEU_XX__AUDIO_1054_IEO_SAD_HI_wav2lip,data\synthetic\track2_fakes\videos\FAKE_T2_1054_IEO_NEU_XX__AUDIO_1054_IEO_SAD_HI_wav2lip.mp4,1,done,wav2lip,1054,IEO,neutral,sad,yes
FAKE_T2_1054_IEO_SAD_HI__AUDIO_1054_IEO_ANG_HI_wav2lip,data\synthetic\track2_fakes\videos\FAKE_T2_1054_IEO_SAD_HI__AUDIO_1054_IEO_ANG_HI_wav2lip.mp4,1,done,wav2lip,1054,IEO,sad,angry,yes
FAKE_T2_1054_IOM_ANG_XX__AUDIO_1054_IOM_DIS_XX_wav2lip,data\synthetic\track2_fakes\videos\FAKE_T2_1054_IOM_ANG_XX__AUDIO_1054_IOM_DIS_XX_wav2lip.mp4,1,done,wav2lip,1054,IOM,angry,disgust,yes
FAKE_T2_1054_IOM_NEU_XX__AUDIO_1054_IOM_SAD_XX_wav2lip,data\synthetic\track2_fakes\videos\FAKE_T2_1054_IOM_NEU_XX__AUDIO_1054_IOM_SAD_XX_wav2lip.mp4,1,done,wav2lip,1054,IOM,neutral,sad,yes
FAKE_T2_1054_IOM_SAD_XX__AUDIO_1054_IOM_ANG_XX_wav2lip,data\synthetic\track2_fakes\videos\FAKE_T2_1054_IOM_SAD_XX__AUDIO_1054_IOM_ANG_XX_wav2lip.mp4,1,done,wav2lip,1054,IOM,sad,angry,yes
FAKE_T2_1054_ITH_HAP_XX__AUDIO_1054_ITH_NEU_XX_wav2lip,data\synthetic\track2_fakes\videos\FAKE_T2_1054_ITH_HAP_XX__AUDIO_1054_ITH_NEU_XX_wav2lip.mp4,1,done,wav2lip,1054,ITH,happy,neutral,yes
FAKE_T2_1054_ITS_DIS_XX__AUDIO_1054_ITS_FEA_XX_wav2lip,data\synthetic\track2_fakes\videos\FAKE_T2_1054_ITS_DIS_XX__AUDIO_1054_ITS_FEA_XX_wav2lip.mp4,1,done,wav2lip,1054,ITS,disgust,fear,yes
FAKE_T2_1054_ITS_SAD_XX__AUDIO_1054_ITS_ANG_XX_wav2lip,data\synthetic\track2_fakes\videos\FAKE_T2_1054_ITS_SAD_XX__AUDIO_1054_ITS_ANG_XX_wav2lip.mp4,1,done,wav2lip,1054,ITS,sad,angry,yes
FAKE_T2_1054_IWL_FEA_XX__AUDIO_1054_IWL_HAP_XX_wav2lip,data\synthetic\track2_fakes\videos\FAKE_T2_1054_IWL_FEA_XX__AUDIO_1054_IWL_HAP_XX_wav2lip.mp4,1,done,wav2lip,1054,IWL,fear,happy,yes
FAKE_T2_1054_IWW_DIS_XX__AUDIO_1054_IWW_FEA_XX_wav2lip,data\synthetic\track2_fakes\videos\FAKE_T2_1054_IWW_DIS_XX__AUDIO_1054_IWW_FEA_XX_wav2lip.mp4,1,done,wav2lip,1054,IWW,disgust,fear,yes
FAKE_T2_1054_IWW_FEA_XX__AUDIO_1054_IWW_HAP_XX_wav2lip,data\synthetic\track2_fakes\videos\FAKE_T2_1054_IWW_FEA_XX__AUDIO_1054_IWW_HAP_XX_wav2lip.mp4,1,done,wav2lip,1054,IWW,fear,happy,yes
FAKE_T2_1054_IWW_NEU_XX__AUDIO_1054_IWW_SAD_XX_wav2lip,data\synthetic\track2_fakes\videos\FAKE_T2_1054_IWW_NEU_XX__AUDIO_1054_IWW_SAD_XX_wav2lip.mp4,1,done,wav2lip,1054,IWW,neutral,sad,yes
FAKE_T2_1054_MTI_DIS_XX__AUDIO_1054_MTI_FEA_XX_wav2lip,data\synthetic\track2_fakes\videos\FAKE_T2_1054_MTI_DIS_XX__AUDIO_1054_MTI_FEA_XX_wav2lip.mp4,1,done,wav2lip,1054,MTI,disgust,fear,yes
FAKE_T2_1054_MTI_FEA_XX__AUDIO_1054_MTI_HAP_XX_wav2lip,data\synthetic\track2_fakes\videos\FAKE_T2_1054_MTI_FEA_XX__AUDIO_1054_MTI_HAP_XX_wav2lip.mp4,1,done,wav2lip,1054,MTI,fear,happy,yes
FAKE_T2_1054_TAI_FEA_XX__AUDIO_1054_TAI_HAP_XX_wav2lip,data\synthetic\track2_fakes\videos\FAKE_T2_1054_TAI_FEA_XX__AUDIO_1054_TAI_HAP_XX_wav2lip.mp4,1,done,wav2lip,1054,TAI,fear,happy,yes
FAKE_T2_1054_TAI_NEU_XX__AUDIO_1054_TAI_SAD_XX_wav2lip,data\synthetic\track2_fakes\videos\FAKE_T2_1054_TAI_NEU_XX__AUDIO_1054_TAI_SAD_XX_wav2lip.mp4,1,done,wav2lip,1054,TAI,neutral,sad,yes
FAKE_T2_1054_TIE_ANG_XX__AUDIO_1054_TIE_DIS_XX_wav2lip,data\synthetic\track2_fakes\videos\FAKE_T2_1054_TIE_ANG_XX__AUDIO_1054_TIE_DIS_XX_wav2lip.mp4,1,done,wav2lip,1054,TIE,angry,disgust,yes
FAKE_T2_1054_TIE_DIS_XX__AUDIO_1054_TIE_FEA_XX_wav2lip,data\synthetic\track2_fakes\videos\FAKE_T2_1054_TIE_DIS_XX__AUDIO_1054_TIE_FEA_XX_wav2lip.mp4,1,done,wav2lip,1054,TIE,disgust,fear,yes
FAKE_T2_1054_TIE_HAP_XX__AUDIO_1054_TIE_NEU_XX_wav2lip,data\synthetic\track2_fakes\videos\FAKE_T2_1054_TIE_HAP_XX__AUDIO_1054_TIE_NEU_XX_wav2lip.mp4,1,done,wav2lip,1054,TIE,happy,neutral,yes
FAKE_T2_1054_TIE_NEU_XX__AUDIO_1054_TIE_SAD_XX_wav2lip,data\synthetic\track2_fakes\videos\FAKE_T2_1054_TIE_NEU_XX__AUDIO_1054_TIE_SAD_XX_wav2lip.mp4,1,done,wav2lip,1054,TIE,neutral,sad,yes
FAKE_T2_1054_TSI_FEA_XX__AUDIO_1054_TSI_HAP_XX_wav2lip,data\synthetic\track2_fakes\videos\FAKE_T2_1054_TSI_FEA_XX__AUDIO_1054_TSI_HAP_XX_wav2lip.mp4,1,done,wav2lip,1054,TSI,fear,happy,yes
FAKE_T2_1054_WSI_FEA_XX__AUDIO_1054_WSI_HAP_XX_wav2lip,data\synthetic\track2_fakes\videos\FAKE_T2_1054_WSI_FEA_XX__AUDIO_1054_WSI_HAP_XX_wav2lip.mp4,1,done,wav2lip,1054,WSI,fear,happy,yes
FAKE_T2_1055_IEO_ANG_HI__AUDIO_1055_IEO_DIS_HI_wav2lip,data\synthetic\track2_fakes\videos\FAKE_T2_1055_IEO_ANG_HI__AUDIO_1055_IEO_DIS_HI_wav2lip.mp4,1,done,wav2lip,1055,IEO,angry,disgust,yes
FAKE_T2_1055_IEO_DIS_HI__AUDIO_1055_IEO_FEA_HI_wav2lip,data\synthetic\track2_fakes\videos\FAKE_T2_1055_IEO_DIS_HI__AUDIO_1055_IEO_FEA_HI_wav2lip.mp4,1,done,wav2lip,1055,IEO,disgust,fear,yes
FAKE_T2_1055_IEO_DIS_MD__AUDIO_1055_IEO_FEA_MD_wav2lip,data\synthetic\track2_fakes\videos\FAKE_T2_1055_IEO_DIS_MD__AUDIO_1055_IEO_FEA_MD_wav2lip.mp4,1,done,wav2lip,1055,IEO,disgust,fear,yes
FAKE_T2_1055_IEO_FEA_HI__AUDIO_1055_IEO_HAP_HI_wav2lip,data\synthetic\track2_fakes\videos\FAKE_T2_1055_IEO_FEA_HI__AUDIO_1055_IEO_HAP_HI_wav2lip.mp4,1,done,wav2lip,1055,IEO,fear,happy,yes
FAKE_T2_1055_IEO_FEA_LO__AUDIO_1055_IEO_HAP_LO_wav2lip,data\synthetic\track2_fakes\videos\FAKE_T2_1055_IEO_FEA_LO__AUDIO_1055_IEO_HAP_LO_wav2lip.mp4,1,done,wav2lip,1055,IEO,fear,happy,yes
FAKE_T2_1055_IEO_HAP_LO__AUDIO_1055_IEO_NEU_XX_wav2lip,data\synthetic\track2_fakes\videos\FAKE_T2_1055_IEO_HAP_LO__AUDIO_1055_IEO_NEU_XX_wav2lip.mp4,1,done,wav2lip,1055,IEO,happy,neutral,yes
FAKE_T2_1055_IEO_SAD_HI__AUDIO_1055_IEO_ANG_HI_wav2lip,data\synthetic\track2_fakes\videos\FAKE_T2_1055_IEO_SAD_HI__AUDIO_1055_IEO_ANG_HI_wav2lip.mp4,1,done,wav2lip,1055,IEO,sad,angry,yes
FAKE_T2_1055_IOM_HAP_XX__AUDIO_1055_IOM_NEU_XX_wav2lip,data\synthetic\track2_fakes\videos\FAKE_T2_1055_IOM_HAP_XX__AUDIO_1055_IOM_NEU_XX_wav2lip.mp4,1,done,wav2lip,1055,IOM,happy,neutral,yes
FAKE_T2_1055_ITH_DIS_XX__AUDIO_1055_ITH_FEA_XX_wav2lip,data\synthetic\track2_fakes\videos\FAKE_T2_1055_ITH_DIS_XX__AUDIO_1055_ITH_FEA_XX_wav2lip.mp4,1,done,wav2lip,1055,ITH,disgust,fear,yes
FAKE_T2_1055_ITH_FEA_XX__AUDIO_1055_ITH_HAP_XX_wav2lip,data\synthetic\track2_fakes\videos\FAKE_T2_1055_ITH_FEA_XX__AUDIO_1055_ITH_HAP_XX_wav2lip.mp4,1,done,wav2lip,1055,ITH,fear,happy,yes
FAKE_T2_1055_ITH_SAD_XX__AUDIO_1055_ITH_ANG_XX_wav2lip,data\synthetic\track2_fakes\videos\FAKE_T2_1055_ITH_SAD_XX__AUDIO_1055_ITH_ANG_XX_wav2lip.mp4,1,done,wav2lip,1055,ITH,sad,angry,yes
FAKE_T2_1055_IWL_DIS_XX__AUDIO_1055_IWL_FEA_XX_wav2lip,data\synthetic\track2_fakes\videos\FAKE_T2_1055_IWL_DIS_XX__AUDIO_1055_IWL_FEA_XX_wav2lip.mp4,1,done,wav2lip,1055,IWL,disgust,fear,yes
FAKE_T2_1055_IWL_HAP_XX__AUDIO_1055_IWL_NEU_XX_wav2lip,data\synthetic\track2_fakes\videos\FAKE_T2_1055_IWL_HAP_XX__AUDIO_1055_IWL_NEU_XX_wav2lip.mp4,1,done,wav2lip,1055,IWL,happy,neutral,yes
FAKE_T2_1055_IWL_SAD_XX__AUDIO_1055_IWL_ANG_XX_wav2lip,data\synthetic\track2_fakes\videos\FAKE_T2_1055_IWL_SAD_XX__AUDIO_1055_IWL_ANG_XX_wav2lip.mp4,1,done,wav2lip,1055,IWL,sad,angry,yes
FAKE_T2_1055_MTI_ANG_XX__AUDIO_1055_MTI_DIS_XX_wav2lip,data\synthetic\track2_fakes\videos\FAKE_T2_1055_MTI_ANG_XX__AUDIO_1055_MTI_DIS_XX_wav2lip.mp4,1,done,wav2lip,1055,MTI,angry,disgust,yes
FAKE_T2_1055_MTI_HAP_XX__AUDIO_1055_MTI_NEU_XX_wav2lip,data\synthetic\track2_fakes\videos\FAKE_T2_1055_MTI_HAP_XX__AUDIO_1055_MTI_NEU_XX_wav2lip.mp4,1,done,wav2lip,1055,MTI,happy,neutral,yes
FAKE_T2_1055_MTI_NEU_XX__AUDIO_1055_MTI_SAD_XX_wav2lip,data\synthetic\track2_fakes\videos\FAKE_T2_1055_MTI_NEU_XX__AUDIO_1055_MTI_SAD_XX_wav2lip.mp4,1,done,wav2lip,1055,MTI,neutral,sad,yes
FAKE_T2_1055_TAI_ANG_XX__AUDIO_1055_TAI_DIS_XX_wav2lip,data\synthetic\track2_fakes\videos\FAKE_T2_1055_TAI_ANG_XX__AUDIO_1055_TAI_DIS_XX_wav2lip.mp4,1,done,wav2lip,1055,TAI,angry,disgust,yes
FAKE_T2_1055_TAI_FEA_XX__AUDIO_1055_TAI_HAP_XX_wav2lip,data\synthetic\track2_fakes\videos\FAKE_T2_1055_TAI_FEA_XX__AUDIO_1055_TAI_HAP_XX_wav2lip.mp4,1,done,wav2lip,1055,TAI,fear,happy,yes
FAKE_T2_1055_TAI_SAD_XX__AUDIO_1055_TAI_ANG_XX_wav2lip,data\synthetic\track2_fakes\videos\FAKE_T2_1055_TAI_SAD_XX__AUDIO_1055_TAI_ANG_XX_wav2lip.mp4,1,done,wav2lip,1055,TAI,sad,angry,yes
FAKE_T2_1055_TIE_HAP_XX__AUDIO_1055_TIE_NEU_XX_wav2lip,data\synthetic\track2_fakes\videos\FAKE_T2_1055_TIE_HAP_XX__AUDIO_1055_TIE_NEU_XX_wav2lip.mp4,1,done,wav2lip,1055,TIE,happy,neutral,yes
FAKE_T2_1055_TIE_NEU_XX__AUDIO_1055_TIE_SAD_XX_wav2lip,data\synthetic\track2_fakes\videos\FAKE_T2_1055_TIE_NEU_XX__AUDIO_1055_TIE_SAD_XX_wav2lip.mp4,1,done,wav2lip,1055,TIE,neutral,sad,yes
FAKE_T2_1055_TSI_NEU_XX__AUDIO_1055_TSI_SAD_XX_wav2lip,data\synthetic\track2_fakes\videos\FAKE_T2_1055_TSI_NEU_XX__AUDIO_1055_TSI_SAD_XX_wav2lip.mp4,1,done,wav2lip,1055,TSI,neutral,sad,yes
FAKE_T2_1055_TSI_SAD_XX__AUDIO_1055_TSI_ANG_XX_wav2lip,data\synthetic\track2_fakes\videos\FAKE_T2_1055_TSI_SAD_XX__AUDIO_1055_TSI_ANG_XX_wav2lip.mp4,1,done,wav2lip,1055,TSI,sad,angry,yes
FAKE_T2_1055_WSI_DIS_XX__AUDIO_1055_WSI_FEA_XX_wav2lip,data\synthetic\track2_fakes\videos\FAKE_T2_1055_WSI_DIS_XX__AUDIO_1055_WSI_FEA_XX_wav2lip.mp4,1,done,wav2lip,1055,WSI,disgust,fear,yes
FAKE_T2_1056_IEO_ANG_MD__AUDIO_1056_IEO_DIS_MD_wav2lip,data\synthetic\track2_fakes\videos\FAKE_T2_1056_IEO_ANG_MD__AUDIO_1056_IEO_DIS_MD_wav2lip.mp4,1,done,wav2lip,1056,IEO,angry,disgust,yes
FAKE_T2_1056_IEO_DIS_LO__AUDIO_1056_IEO_FEA_LO_wav2lip,data\synthetic\track2_fakes\videos\FAKE_T2_1056_IEO_DIS_LO__AUDIO_1056_IEO_FEA_LO_wav2lip.mp4,1,done,wav2lip,1056,IEO,disgust,fear,yes
FAKE_T2_1056_IEO_DIS_MD__AUDIO_1056_IEO_FEA_MD_wav2lip,data\synthetic\track2_fakes\videos\FAKE_T2_1056_IEO_DIS_MD__AUDIO_1056_IEO_FEA_MD_wav2lip.mp4,1,done,wav2lip,1056,IEO,disgust,fear,yes
FAKE_T2_1056_IEO_FEA_LO__AUDIO_1056_IEO_HAP_LO_wav2lip,data\synthetic\track2_fakes\videos\FAKE_T2_1056_IEO_FEA_LO__AUDIO_1056_IEO_HAP_LO_wav2lip.mp4,1,done,wav2lip,1056,IEO,fear,happy,yes
FAKE_T2_1056_IEO_SAD_HI__AUDIO_1056_IEO_ANG_HI_wav2lip,data\synthetic\track2_fakes\videos\FAKE_T2_1056_IEO_SAD_HI__AUDIO_1056_IEO_ANG_HI_wav2lip.mp4,1,done,wav2lip,1056,IEO,sad,angry,yes
FAKE_T2_1056_IOM_FEA_XX__AUDIO_1056_IOM_HAP_XX_wav2lip,data\synthetic\track2_fakes\videos\FAKE_T2_1056_IOM_FEA_XX__AUDIO_1056_IOM_HAP_XX_wav2lip.mp4,1,done,wav2lip,1056,IOM,fear,happy,yes
FAKE_T2_1056_IOM_NEU_XX__AUDIO_1056_IOM_SAD_XX_wav2lip,data\synthetic\track2_fakes\videos\FAKE_T2_1056_IOM_NEU_XX__AUDIO_1056_IOM_SAD_XX_wav2lip.mp4,1,done,wav2lip,1056,IOM,neutral,sad,yes
FAKE_T2_1056_IOM_SAD_XX__AUDIO_1056_IOM_ANG_XX_wav2lip,data\synthetic\track2_fakes\videos\FAKE_T2_1056_IOM_SAD_XX__AUDIO_1056_IOM_ANG_XX_wav2lip.mp4,1,done,wav2lip,1056,IOM,sad,angry,yes
FAKE_T2_1056_ITH_ANG_XX__AUDIO_1056_ITH_DIS_XX_wav2lip,data\synthetic\track2_fakes\videos\FAKE_T2_1056_ITH_ANG_XX__AUDIO_1056_ITH_DIS_XX_wav2lip.mp4,1,done,wav2lip,1056,ITH,angry,disgust,yes
FAKE_T2_1056_ITH_DIS_XX__AUDIO_1056_ITH_FEA_XX_wav2lip,data\synthetic\track2_fakes\videos\FAKE_T2_1056_ITH_DIS_XX__AUDIO_1056_ITH_FEA_XX_wav2lip.mp4,1,done,wav2lip,1056,ITH,disgust,fear,yes
FAKE_T2_1056_ITS_NEU_XX__AUDIO_1056_ITS_SAD_XX_wav2lip,data\synthetic\track2_fakes\videos\FAKE_T2_1056_ITS_NEU_XX__AUDIO_1056_ITS_SAD_XX_wav2lip.mp4,1,done,wav2lip,1056,ITS,neutral,sad,yes
FAKE_T2_1056_ITS_SAD_XX__AUDIO_1056_ITS_ANG_XX_wav2lip,data\synthetic\track2_fakes\videos\FAKE_T2_1056_ITS_SAD_XX__AUDIO_1056_ITS_ANG_XX_wav2lip.mp4,1,done,wav2lip,1056,ITS,sad,angry,yes
FAKE_T2_1056_IWL_NEU_XX__AUDIO_1056_IWL_SAD_XX_wav2lip,data\synthetic\track2_fakes\videos\FAKE_T2_1056_IWL_NEU_XX__AUDIO_1056_IWL_SAD_XX_wav2lip.mp4,1,done,wav2lip,1056,IWL,neutral,sad,yes
FAKE_T2_1056_IWW_DIS_XX__AUDIO_1056_IWW_FEA_XX_wav2lip,data\synthetic\track2_fakes\videos\FAKE_T2_1056_IWW_DIS_XX__AUDIO_1056_IWW_FEA_XX_wav2lip.mp4,1,done,wav2lip,1056,IWW,disgust,fear,yes
FAKE_T2_1056_MTI_DIS_XX__AUDIO_1056_MTI_FEA_XX_wav2lip,data\synthetic\track2_fakes\videos\FAKE_T2_1056_MTI_DIS_XX__AUDIO_1056_MTI_FEA_XX_wav2lip.mp4,1,done,wav2lip,1056,MTI,disgust,fear,yes
FAKE_T2_1056_MTI_SAD_XX__AUDIO_1056_MTI_ANG_XX_wav2lip,data\synthetic\track2_fakes\videos\FAKE_T2_1056_MTI_SAD_XX__AUDIO_1056_MTI_ANG_XX_wav2lip.mp4,1,done,wav2lip,1056,MTI,sad,angry,yes
FAKE_T2_1056_TAI_FEA_XX__AUDIO_1056_TAI_HAP_XX_wav2lip,data\synthetic\track2_fakes\videos\FAKE_T2_1056_TAI_FEA_XX__AUDIO_1056_TAI_HAP_XX_wav2lip.mp4,1,done,wav2lip,1056,TAI,fear,happy,yes
FAKE_T2_1056_TAI_HAP_XX__AUDIO_1056_TAI_NEU_XX_wav2lip,data\synthetic\track2_fakes\videos\FAKE_T2_1056_TAI_HAP_XX__AUDIO_1056_TAI_NEU_XX_wav2lip.mp4,1,done,wav2lip,1056,TAI,happy,neutral,yes
FAKE_T2_1056_TIE_ANG_XX__AUDIO_1056_TIE_DIS_XX_wav2lip,data\synthetic\track2_fakes\videos\FAKE_T2_1056_TIE_ANG_XX__AUDIO_1056_TIE_DIS_XX_wav2lip.mp4,1,done,wav2lip,1056,TIE,angry,disgust,yes
FAKE_T2_1056_TIE_HAP_XX__AUDIO_1056_TIE_NEU_XX_wav2lip,data\synthetic\track2_fakes\videos\FAKE_T2_1056_TIE_HAP_XX__AUDIO_1056_TIE_NEU_XX_wav2lip.mp4,1,done,wav2lip,1056,TIE,happy,neutral,yes
FAKE_T2_1056_TIE_SAD_XX__AUDIO_1056_TIE_ANG_XX_wav2lip,data\synthetic\track2_fakes\videos\FAKE_T2_1056_TIE_SAD_XX__AUDIO_1056_TIE_ANG_XX_wav2lip.mp4,1,done,wav2lip,1056,TIE,sad,angry,yes
FAKE_T2_1056_TSI_HAP_XX__AUDIO_1056_TSI_NEU_XX_wav2lip,data\synthetic\track2_fakes\videos\FAKE_T2_1056_TSI_HAP_XX__AUDIO_1056_TSI_NEU_XX_wav2lip.mp4,1,done,wav2lip,1056,TSI,happy,neutral,yes
FAKE_T2_1056_TSI_NEU_XX__AUDIO_1056_TSI_SAD_XX_wav2lip,data\synthetic\track2_fakes\videos\FAKE_T2_1056_TSI_NEU_XX__AUDIO_1056_TSI_SAD_XX_wav2lip.mp4,1,done,wav2lip,1056,TSI,neutral,sad,yes
FAKE_T2_1056_TSI_SAD_XX__AUDIO_1056_TSI_ANG_XX_wav2lip,data\synthetic\track2_fakes\videos\FAKE_T2_1056_TSI_SAD_XX__AUDIO_1056_TSI_ANG_XX_wav2lip.mp4,1,done,wav2lip,1056,TSI,sad,angry,yes
FAKE_T2_1056_WSI_DIS_XX__AUDIO_1056_WSI_FEA_XX_wav2lip,data\synthetic\track2_fakes\videos\FAKE_T2_1056_WSI_DIS_XX__AUDIO_1056_WSI_FEA_XX_wav2lip.mp4,1,done,wav2lip,1056,WSI,disgust,fear,yes
FAKE_T2_1057_DFA_ANG_XX__AUDIO_1057_DFA_DIS_XX_wav2lip,data\synthetic\track2_fakes\videos\FAKE_T2_1057_DFA_ANG_XX__AUDIO_1057_DFA_DIS_XX_wav2lip.mp4,1,done,wav2lip,1057,DFA,angry,disgust,yes
FAKE_T2_1057_DFA_HAP_XX__AUDIO_1057_DFA_NEU_XX_wav2lip,data\synthetic\track2_fakes\videos\FAKE_T2_1057_DFA_HAP_XX__AUDIO_1057_DFA_NEU_XX_wav2lip.mp4,1,done,wav2lip,1057,DFA,happy,neutral,yes
FAKE_T2_1057_IEO_FEA_HI__AUDIO_1057_IEO_HAP_HI_wav2lip,data\synthetic\track2_fakes\videos\FAKE_T2_1057_IEO_FEA_HI__AUDIO_1057_IEO_HAP_HI_wav2lip.mp4,1,done,wav2lip,1057,IEO,fear,happy,yes
FAKE_T2_1057_IEO_FEA_MD__AUDIO_1057_IEO_HAP_MD_wav2lip,data\synthetic\track2_fakes\videos\FAKE_T2_1057_IEO_FEA_MD__AUDIO_1057_IEO_HAP_MD_wav2lip.mp4,1,done,wav2lip,1057,IEO,fear,happy,yes
FAKE_T2_1057_IEO_HAP_HI__AUDIO_1057_IEO_NEU_XX_wav2lip,data\synthetic\track2_fakes\videos\FAKE_T2_1057_IEO_HAP_HI__AUDIO_1057_IEO_NEU_XX_wav2lip.mp4,1,done,wav2lip,1057,IEO,happy,neutral,yes
FAKE_T2_1057_IEO_SAD_HI__AUDIO_1057_IEO_ANG_HI_wav2lip,data\synthetic\track2_fakes\videos\FAKE_T2_1057_IEO_SAD_HI__AUDIO_1057_IEO_ANG_HI_wav2lip.mp4,1,done,wav2lip,1057,IEO,sad,angry,yes
FAKE_T2_1057_IEO_SAD_MD__AUDIO_1057_IEO_ANG_MD_wav2lip,data\synthetic\track2_fakes\videos\FAKE_T2_1057_IEO_SAD_MD__AUDIO_1057_IEO_ANG_MD_wav2lip.mp4,1,done,wav2lip,1057,IEO,sad,angry,yes
FAKE_T2_1057_IOM_DIS_XX__AUDIO_1057_IOM_FEA_XX_wav2lip,data\synthetic\track2_fakes\videos\FAKE_T2_1057_IOM_DIS_XX__AUDIO_1057_IOM_FEA_XX_wav2lip.mp4,1,done,wav2lip,1057,IOM,disgust,fear,yes
FAKE_T2_1057_IOM_FEA_XX__AUDIO_1057_IOM_HAP_XX_wav2lip,data\synthetic\track2_fakes\videos\FAKE_T2_1057_IOM_FEA_XX__AUDIO_1057_IOM_HAP_XX_wav2lip.mp4,1,done,wav2lip,1057,IOM,fear,happy,yes
FAKE_T2_1057_IOM_HAP_XX__AUDIO_1057_IOM_NEU_XX_wav2lip,data\synthetic\track2_fakes\videos\FAKE_T2_1057_IOM_HAP_XX__AUDIO_1057_IOM_NEU_XX_wav2lip.mp4,1,done,wav2lip,1057,IOM,happy,neutral,yes
FAKE_T2_1057_ITH_ANG_XX__AUDIO_1057_ITH_DIS_XX_wav2lip,data\synthetic\track2_fakes\videos\FAKE_T2_1057_ITH_ANG_XX__AUDIO_1057_ITH_DIS_XX_wav2lip.mp4,1,done,wav2lip,1057,ITH,angry,disgust,yes
FAKE_T2_1057_ITH_HAP_XX__AUDIO_1057_ITH_NEU_XX_wav2lip,data\synthetic\track2_fakes\videos\FAKE_T2_1057_ITH_HAP_XX__AUDIO_1057_ITH_NEU_XX_wav2lip.mp4,1,done,wav2lip,1057,ITH,happy,neutral,yes
FAKE_T2_1057_ITH_NEU_XX__AUDIO_1057_ITH_SAD_XX_wav2lip,data\synthetic\track2_fakes\videos\FAKE_T2_1057_ITH_NEU_XX__AUDIO_1057_ITH_SAD_XX_wav2lip.mp4,1,done,wav2lip,1057,ITH,neutral,sad,yes
FAKE_T2_1057_ITS_FEA_XX__AUDIO_1057_ITS_HAP_XX_wav2lip,data\synthetic\track2_fakes\videos\FAKE_T2_1057_ITS_FEA_XX__AUDIO_1057_ITS_HAP_XX_wav2lip.mp4,1,done,wav2lip,1057,ITS,fear,happy,yes
FAKE_T2_1057_ITS_NEU_XX__AUDIO_1057_ITS_SAD_XX_wav2lip,data\synthetic\track2_fakes\videos\FAKE_T2_1057_ITS_NEU_XX__AUDIO_1057_ITS_SAD_XX_wav2lip.mp4,1,done,wav2lip,1057,ITS,neutral,sad,yes
FAKE_T2_1057_ITS_SAD_XX__AUDIO_1057_ITS_ANG_XX_wav2lip,data\synthetic\track2_fakes\videos\FAKE_T2_1057_ITS_SAD_XX__AUDIO_1057_ITS_ANG_XX_wav2lip.mp4,1,done,wav2lip,1057,ITS,sad,angry,yes
FAKE_T2_1057_IWL_FEA_XX__AUDIO_1057_IWL_HAP_XX_wav2lip,data\synthetic\track2_fakes\videos\FAKE_T2_1057_IWL_FEA_XX__AUDIO_1057_IWL_HAP_XX_wav2lip.mp4,1,done,wav2lip,1057,IWL,fear,happy,yes
FAKE_T2_1057_IWW_DIS_XX__AUDIO_1057_IWW_FEA_XX_wav2lip,data\synthetic\track2_fakes\videos\FAKE_T2_1057_IWW_DIS_XX__AUDIO_1057_IWW_FEA_XX_wav2lip.mp4,1,done,wav2lip,1057,IWW,disgust,fear,yes
FAKE_T2_1057_MTI_FEA_XX__AUDIO_1057_MTI_HAP_XX_wav2lip,data\synthetic\track2_fakes\videos\FAKE_T2_1057_MTI_FEA_XX__AUDIO_1057_MTI_HAP_XX_wav2lip.mp4,1,done,wav2lip,1057,MTI,fear,happy,yes
FAKE_T2_1057_TAI_HAP_XX__AUDIO_1057_TAI_NEU_XX_wav2lip,data\synthetic\track2_fakes\videos\FAKE_T2_1057_TAI_HAP_XX__AUDIO_1057_TAI_NEU_XX_wav2lip.mp4,1,done,wav2lip,1057,TAI,happy,neutral,yes
FAKE_T2_1057_TAI_SAD_XX__AUDIO_1057_TAI_ANG_XX_wav2lip,data\synthetic\track2_fakes\videos\FAKE_T2_1057_TAI_SAD_XX__AUDIO_1057_TAI_ANG_XX_wav2lip.mp4,1,done,wav2lip,1057,TAI,sad,angry,yes
FAKE_T2_1057_TSI_DIS_XX__AUDIO_1057_TSI_FEA_XX_wav2lip,data\synthetic\track2_fakes\videos\FAKE_T2_1057_TSI_DIS_XX__AUDIO_1057_TSI_FEA_XX_wav2lip.mp4,1,done,wav2lip,1057,TSI,disgust,fear,yes
FAKE_T2_1057_TSI_NEU_XX__AUDIO_1057_TSI_SAD_XX_wav2lip,data\synthetic\track2_fakes\videos\FAKE_T2_1057_TSI_NEU_XX__AUDIO_1057_TSI_SAD_XX_wav2lip.mp4,1,done,wav2lip,1057,TSI,neutral,sad,yes
FAKE_T2_1057_WSI_ANG_XX__AUDIO_1057_WSI_DIS_XX_wav2lip,data\synthetic\track2_fakes\videos\FAKE_T2_1057_WSI_ANG_XX__AUDIO_1057_WSI_DIS_XX_wav2lip.mp4,1,done,wav2lip,1057,WSI,angry,disgust,yes
FAKE_T2_1057_WSI_SAD_XX__AUDIO_1057_WSI_ANG_XX_wav2lip,data\synthetic\track2_fakes\videos\FAKE_T2_1057_WSI_SAD_XX__AUDIO_1057_WSI_ANG_XX_wav2lip.mp4,1,done,wav2lip,1057,WSI,sad,angry,yes
FAKE_T2_1058_DFA_ANG_XX__AUDIO_1058_DFA_DIS_XX_wav2lip,data\synthetic\track2_fakes\videos\FAKE_T2_1058_DFA_ANG_XX__AUDIO_1058_DFA_DIS_XX_wav2lip.mp4,1,done,wav2lip,1058,DFA,angry,disgust,yes
FAKE_T2_1058_DFA_FEA_XX__AUDIO_1058_DFA_HAP_XX_wav2lip,data\synthetic\track2_fakes\videos\FAKE_T2_1058_DFA_FEA_XX__AUDIO_1058_DFA_HAP_XX_wav2lip.mp4,1,done,wav2lip,1058,DFA,fear,happy,yes
FAKE_T2_1058_DFA_HAP_XX__AUDIO_1058_DFA_NEU_XX_wav2lip,data\synthetic\track2_fakes\videos\FAKE_T2_1058_DFA_HAP_XX__AUDIO_1058_DFA_NEU_XX_wav2lip.mp4,1,done,wav2lip,1058,DFA,happy,neutral,yes
FAKE_T2_1058_IEO_ANG_MD__AUDIO_1058_IEO_DIS_MD_wav2lip,data\synthetic\track2_fakes\videos\FAKE_T2_1058_IEO_ANG_MD__AUDIO_1058_IEO_DIS_MD_wav2lip.mp4,1,done,wav2lip,1058,IEO,angry,disgust,yes
FAKE_T2_1058_IEO_FEA_LO__AUDIO_1058_IEO_HAP_LO_wav2lip,data\synthetic\track2_fakes\videos\FAKE_T2_1058_IEO_FEA_LO__AUDIO_1058_IEO_HAP_LO_wav2lip.mp4,1,done,wav2lip,1058,IEO,fear,happy,yes
FAKE_T2_1058_IEO_HAP_LO__AUDIO_1058_IEO_NEU_XX_wav2lip,data\synthetic\track2_fakes\videos\FAKE_T2_1058_IEO_HAP_LO__AUDIO_1058_IEO_NEU_XX_wav2lip.mp4,1,done,wav2lip,1058,IEO,happy,neutral,yes
FAKE_T2_1058_IEO_SAD_MD__AUDIO_1058_IEO_ANG_MD_wav2lip,data\synthetic\track2_fakes\videos\FAKE_T2_1058_IEO_SAD_MD__AUDIO_1058_IEO_ANG_MD_wav2lip.mp4,1,done,wav2lip,1058,IEO,sad,angry,yes
FAKE_T2_1058_IOM_NEU_XX__AUDIO_1058_IOM_SAD_XX_wav2lip,data\synthetic\track2_fakes\videos\FAKE_T2_1058_IOM_NEU_XX__AUDIO_1058_IOM_SAD_XX_wav2lip.mp4,1,done,wav2lip,1058,IOM,neutral,sad,yes
FAKE_T2_1058_ITH_ANG_XX__AUDIO_1058_ITH_DIS_XX_wav2lip,data\synthetic\track2_fakes\videos\FAKE_T2_1058_ITH_ANG_XX__AUDIO_1058_ITH_DIS_XX_wav2lip.mp4,1,done,wav2lip,1058,ITH,angry,disgust,yes
FAKE_T2_1058_ITH_SAD_XX__AUDIO_1058_ITH_ANG_XX_wav2lip,data\synthetic\track2_fakes\videos\FAKE_T2_1058_ITH_SAD_XX__AUDIO_1058_ITH_ANG_XX_wav2lip.mp4,1,done,wav2lip,1058,ITH,sad,angry,yes
FAKE_T2_1058_ITS_HAP_XX__AUDIO_1058_ITS_NEU_XX_wav2lip,data\synthetic\track2_fakes\videos\FAKE_T2_1058_ITS_HAP_XX__AUDIO_1058_ITS_NEU_XX_wav2lip.mp4,1,done,wav2lip,1058,ITS,happy,neutral,yes
FAKE_T2_1058_ITS_NEU_XX__AUDIO_1058_ITS_SAD_XX_wav2lip,data\synthetic\track2_fakes\videos\FAKE_T2_1058_ITS_NEU_XX__AUDIO_1058_ITS_SAD_XX_wav2lip.mp4,1,done,wav2lip,1058,ITS,neutral,sad,yes
FAKE_T2_1058_ITS_SAD_XX__AUDIO_1058_ITS_ANG_XX_wav2lip,data\synthetic\track2_fakes\videos\FAKE_T2_1058_ITS_SAD_XX__AUDIO_1058_ITS_ANG_XX_wav2lip.mp4,1,done,wav2lip,1058,ITS,sad,angry,yes
FAKE_T2_1058_IWL_ANG_XX__AUDIO_1058_IWL_DIS_XX_wav2lip,data\synthetic\track2_fakes\videos\FAKE_T2_1058_IWL_ANG_XX__AUDIO_1058_IWL_DIS_XX_wav2lip.mp4,1,done,wav2lip,1058,IWL,angry,disgust,yes
FAKE_T2_1058_IWL_SAD_XX__AUDIO_1058_IWL_ANG_XX_wav2lip,data\synthetic\track2_fakes\videos\FAKE_T2_1058_IWL_SAD_XX__AUDIO_1058_IWL_ANG_XX_wav2lip.mp4,1,done,wav2lip,1058,IWL,sad,angry,yes
FAKE_T2_1058_IWW_DIS_XX__AUDIO_1058_IWW_FEA_XX_wav2lip,data\synthetic\track2_fakes\videos\FAKE_T2_1058_IWW_DIS_XX__AUDIO_1058_IWW_FEA_XX_wav2lip.mp4,1,done,wav2lip,1058,IWW,disgust,fear,yes
FAKE_T2_1058_IWW_FEA_XX__AUDIO_1058_IWW_HAP_XX_wav2lip,data\synthetic\track2_fakes\videos\FAKE_T2_1058_IWW_FEA_XX__AUDIO_1058_IWW_HAP_XX_wav2lip.mp4,1,done,wav2lip,1058,IWW,fear,happy,yes
FAKE_T2_1058_TAI_ANG_XX__AUDIO_1058_TAI_DIS_XX_wav2lip,data\synthetic\track2_fakes\videos\FAKE_T2_1058_TAI_ANG_XX__AUDIO_1058_TAI_DIS_XX_wav2lip.mp4,1,done,wav2lip,1058,TAI,angry,disgust,yes
FAKE_T2_1058_TAI_HAP_XX__AUDIO_1058_TAI_NEU_XX_wav2lip,data\synthetic\track2_fakes\videos\FAKE_T2_1058_TAI_HAP_XX__AUDIO_1058_TAI_NEU_XX_wav2lip.mp4,1,done,wav2lip,1058,TAI,happy,neutral,yes
FAKE_T2_1058_TIE_ANG_XX__AUDIO_1058_TIE_DIS_XX_wav2lip,data\synthetic\track2_fakes\videos\FAKE_T2_1058_TIE_ANG_XX__AUDIO_1058_TIE_DIS_XX_wav2lip.mp4,1,done,wav2lip,1058,TIE,angry,disgust,yes
FAKE_T2_1058_TIE_NEU_XX__AUDIO_1058_TIE_SAD_XX_wav2lip,data\synthetic\track2_fakes\videos\FAKE_T2_1058_TIE_NEU_XX__AUDIO_1058_TIE_SAD_XX_wav2lip.mp4,1,done,wav2lip,1058,TIE,neutral,sad,yes
FAKE_T2_1058_TSI_DIS_XX__AUDIO_1058_TSI_FEA_XX_wav2lip,data\synthetic\track2_fakes\videos\FAKE_T2_1058_TSI_DIS_XX__AUDIO_1058_TSI_FEA_XX_wav2lip.mp4,1,done,wav2lip,1058,TSI,disgust,fear,yes
FAKE_T2_1058_TSI_HAP_XX__AUDIO_1058_TSI_NEU_XX_wav2lip,data\synthetic\track2_fakes\videos\FAKE_T2_1058_TSI_HAP_XX__AUDIO_1058_TSI_NEU_XX_wav2lip.mp4,1,done,wav2lip,1058,TSI,happy,neutral,yes
FAKE_T2_1058_WSI_ANG_XX__AUDIO_1058_WSI_DIS_XX_wav2lip,data\synthetic\track2_fakes\videos\FAKE_T2_1058_WSI_ANG_XX__AUDIO_1058_WSI_DIS_XX_wav2lip.mp4,1,done,wav2lip,1058,WSI,angry,disgust,yes
FAKE_T2_1058_WSI_NEU_XX__AUDIO_1058_WSI_SAD_XX_wav2lip,data\synthetic\track2_fakes\videos\FAKE_T2_1058_WSI_NEU_XX__AUDIO_1058_WSI_SAD_XX_wav2lip.mp4,1,done,wav2lip,1058,WSI,neutral,sad,yes
FAKE_T2_1059_DFA_FEA_XX__AUDIO_1059_DFA_HAP_XX_wav2lip,data\synthetic\track2_fakes\videos\FAKE_T2_1059_DFA_FEA_XX__AUDIO_1059_DFA_HAP_XX_wav2lip.mp4,1,done,wav2lip,1059,DFA,fear,happy,yes
FAKE_T2_1059_IEO_DIS_LO__AUDIO_1059_IEO_FEA_LO_wav2lip,data\synthetic\track2_fakes\videos\FAKE_T2_1059_IEO_DIS_LO__AUDIO_1059_IEO_FEA_LO_wav2lip.mp4,1,done,wav2lip,1059,IEO,disgust,fear,yes
FAKE_T2_1059_IEO_FEA_HI__AUDIO_1059_IEO_HAP_HI_wav2lip,data\synthetic\track2_fakes\videos\FAKE_T2_1059_IEO_FEA_HI__AUDIO_1059_IEO_HAP_HI_wav2lip.mp4,1,done,wav2lip,1059,IEO,fear,happy,yes
FAKE_T2_1059_IEO_FEA_LO__AUDIO_1059_IEO_HAP_LO_wav2lip,data\synthetic\track2_fakes\videos\FAKE_T2_1059_IEO_FEA_LO__AUDIO_1059_IEO_HAP_LO_wav2lip.mp4,1,done,wav2lip,1059,IEO,fear,happy,yes
FAKE_T2_1059_IEO_FEA_MD__AUDIO_1059_IEO_HAP_MD_wav2lip,data\synthetic\track2_fakes\videos\FAKE_T2_1059_IEO_FEA_MD__AUDIO_1059_IEO_HAP_MD_wav2lip.mp4,1,done,wav2lip,1059,IEO,fear,happy,yes
FAKE_T2_1059_IEO_HAP_MD__AUDIO_1059_IEO_NEU_XX_wav2lip,data\synthetic\track2_fakes\videos\FAKE_T2_1059_IEO_HAP_MD__AUDIO_1059_IEO_NEU_XX_wav2lip.mp4,1,done,wav2lip,1059,IEO,happy,neutral,yes
FAKE_T2_1059_IEO_SAD_HI__AUDIO_1059_IEO_ANG_HI_wav2lip,data\synthetic\track2_fakes\videos\FAKE_T2_1059_IEO_SAD_HI__AUDIO_1059_IEO_ANG_HI_wav2lip.mp4,1,done,wav2lip,1059,IEO,sad,angry,yes
FAKE_T2_1059_IEO_SAD_MD__AUDIO_1059_IEO_ANG_MD_wav2lip,data\synthetic\track2_fakes\videos\FAKE_T2_1059_IEO_SAD_MD__AUDIO_1059_IEO_ANG_MD_wav2lip.mp4,1,done,wav2lip,1059,IEO,sad,angry,yes
FAKE_T2_1059_IOM_SAD_XX__AUDIO_1059_IOM_ANG_XX_wav2lip,data\synthetic\track2_fakes\videos\FAKE_T2_1059_IOM_SAD_XX__AUDIO_1059_IOM_ANG_XX_wav2lip.mp4,1,done,wav2lip,1059,IOM,sad,angry,yes
FAKE_T2_1059_ITH_ANG_XX__AUDIO_1059_ITH_DIS_XX_wav2lip,data\synthetic\track2_fakes\videos\FAKE_T2_1059_ITH_ANG_XX__AUDIO_1059_ITH_DIS_XX_wav2lip.mp4,1,done,wav2lip,1059,ITH,angry,disgust,yes
FAKE_T2_1059_ITH_NEU_XX__AUDIO_1059_ITH_SAD_XX_wav2lip,data\synthetic\track2_fakes\videos\FAKE_T2_1059_ITH_NEU_XX__AUDIO_1059_ITH_SAD_XX_wav2lip.mp4,1,done,wav2lip,1059,ITH,neutral,sad,yes
FAKE_T2_1059_ITS_ANG_XX__AUDIO_1059_ITS_DIS_XX_wav2lip,data\synthetic\track2_fakes\videos\FAKE_T2_1059_ITS_ANG_XX__AUDIO_1059_ITS_DIS_XX_wav2lip.mp4,1,done,wav2lip,1059,ITS,angry,disgust,yes
FAKE_T2_1059_ITS_SAD_XX__AUDIO_1059_ITS_ANG_XX_wav2lip,data\synthetic\track2_fakes\videos\FAKE_T2_1059_ITS_SAD_XX__AUDIO_1059_ITS_ANG_XX_wav2lip.mp4,1,done,wav2lip,1059,ITS,sad,angry,yes
FAKE_T2_1059_IWL_ANG_XX__AUDIO_1059_IWL_DIS_XX_wav2lip,data\synthetic\track2_fakes\videos\FAKE_T2_1059_IWL_ANG_XX__AUDIO_1059_IWL_DIS_XX_wav2lip.mp4,1,done,wav2lip,1059,IWL,angry,disgust,yes
FAKE_T2_1059_IWL_FEA_XX__AUDIO_1059_IWL_HAP_XX_wav2lip,data\synthetic\track2_fakes\videos\FAKE_T2_1059_IWL_FEA_XX__AUDIO_1059_IWL_HAP_XX_wav2lip.mp4,1,done,wav2lip,1059,IWL,fear,happy,yes
FAKE_T2_1059_IWL_SAD_XX__AUDIO_1059_IWL_ANG_XX_wav2lip,data\synthetic\track2_fakes\videos\FAKE_T2_1059_IWL_SAD_XX__AUDIO_1059_IWL_ANG_XX_wav2lip.mp4,1,done,wav2lip,1059,IWL,sad,angry,yes
FAKE_T2_1059_IWW_DIS_XX__AUDIO_1059_IWW_FEA_XX_wav2lip,data\synthetic\track2_fakes\videos\FAKE_T2_1059_IWW_DIS_XX__AUDIO_1059_IWW_FEA_XX_wav2lip.mp4,1,done,wav2lip,1059,IWW,disgust,fear,yes
FAKE_T2_1059_IWW_HAP_XX__AUDIO_1059_IWW_NEU_XX_wav2lip,data\synthetic\track2_fakes\videos\FAKE_T2_1059_IWW_HAP_XX__AUDIO_1059_IWW_NEU_XX_wav2lip.mp4,1,done,wav2lip,1059,IWW,happy,neutral,yes
FAKE_T2_1059_TAI_FEA_XX__AUDIO_1059_TAI_HAP_XX_wav2lip,data\synthetic\track2_fakes\videos\FAKE_T2_1059_TAI_FEA_XX__AUDIO_1059_TAI_HAP_XX_wav2lip.mp4,1,done,wav2lip,1059,TAI,fear,happy,yes
FAKE_T2_1059_TIE_ANG_XX__AUDIO_1059_TIE_DIS_XX_wav2lip,data\synthetic\track2_fakes\videos\FAKE_T2_1059_TIE_ANG_XX__AUDIO_1059_TIE_DIS_XX_wav2lip.mp4,1,done,wav2lip,1059,TIE,angry,disgust,yes
FAKE_T2_1059_TIE_DIS_XX__AUDIO_1059_TIE_FEA_XX_wav2lip,data\synthetic\track2_fakes\videos\FAKE_T2_1059_TIE_DIS_XX__AUDIO_1059_TIE_FEA_XX_wav2lip.mp4,1,done,wav2lip,1059,TIE,disgust,fear,yes
FAKE_T2_1059_TIE_SAD_XX__AUDIO_1059_TIE_ANG_XX_wav2lip,data\synthetic\track2_fakes\videos\FAKE_T2_1059_TIE_SAD_XX__AUDIO_1059_TIE_ANG_XX_wav2lip.mp4,1,done,wav2lip,1059,TIE,sad,angry,yes
FAKE_T2_1059_TSI_ANG_XX__AUDIO_1059_TSI_DIS_XX_wav2lip,data\synthetic\track2_fakes\videos\FAKE_T2_1059_TSI_ANG_XX__AUDIO_1059_TSI_DIS_XX_wav2lip.mp4,1,done,wav2lip,1059,TSI,angry,disgust,yes
FAKE_T2_1059_TSI_DIS_XX__AUDIO_1059_TSI_FEA_XX_wav2lip,data\synthetic\track2_fakes\videos\FAKE_T2_1059_TSI_DIS_XX__AUDIO_1059_TSI_FEA_XX_wav2lip.mp4,1,done,wav2lip,1059,TSI,disgust,fear,yes
FAKE_T2_1059_WSI_FEA_XX__AUDIO_1059_WSI_HAP_XX_wav2lip,data\synthetic\track2_fakes\videos\FAKE_T2_1059_WSI_FEA_XX__AUDIO_1059_WSI_HAP_XX_wav2lip.mp4,1,done,wav2lip,1059,WSI,fear,happy,yes
FAKE_T2_1060_IEO_ANG_LO__AUDIO_1060_IEO_DIS_LO_wav2lip,data\synthetic\track2_fakes\videos\FAKE_T2_1060_IEO_ANG_LO__AUDIO_1060_IEO_DIS_LO_wav2lip.mp4,1,done,wav2lip,1060,IEO,angry,disgust,yes
FAKE_T2_1060_IEO_DIS_HI__AUDIO_1060_IEO_FEA_HI_wav2lip,data\synthetic\track2_fakes\videos\FAKE_T2_1060_IEO_DIS_HI__AUDIO_1060_IEO_FEA_HI_wav2lip.mp4,1,done,wav2lip,1060,IEO,disgust,fear,yes
FAKE_T2_1060_IEO_FEA_LO__AUDIO_1060_IEO_HAP_LO_wav2lip,data\synthetic\track2_fakes\videos\FAKE_T2_1060_IEO_FEA_LO__AUDIO_1060_IEO_HAP_LO_wav2lip.mp4,1,done,wav2lip,1060,IEO,fear,happy,yes
FAKE_T2_1060_IEO_HAP_HI__AUDIO_1060_IEO_NEU_XX_wav2lip,data\synthetic\track2_fakes\videos\FAKE_T2_1060_IEO_HAP_HI__AUDIO_1060_IEO_NEU_XX_wav2lip.mp4,1,done,wav2lip,1060,IEO,happy,neutral,yes
FAKE_T2_1060_IEO_NEU_XX__AUDIO_1060_IEO_SAD_HI_wav2lip,data\synthetic\track2_fakes\videos\FAKE_T2_1060_IEO_NEU_XX__AUDIO_1060_IEO_SAD_HI_wav2lip.mp4,1,done,wav2lip,1060,IEO,neutral,sad,yes
FAKE_T2_1060_IEO_SAD_LO__AUDIO_1060_IEO_ANG_LO_wav2lip,data\synthetic\track2_fakes\videos\FAKE_T2_1060_IEO_SAD_LO__AUDIO_1060_IEO_ANG_LO_wav2lip.mp4,1,done,wav2lip,1060,IEO,sad,angry,yes
FAKE_T2_1060_IOM_FEA_XX__AUDIO_1060_IOM_HAP_XX_wav2lip,data\synthetic\track2_fakes\videos\FAKE_T2_1060_IOM_FEA_XX__AUDIO_1060_IOM_HAP_XX_wav2lip.mp4,1,done,wav2lip,1060,IOM,fear,happy,yes
FAKE_T2_1060_IOM_SAD_XX__AUDIO_1060_IOM_ANG_XX_wav2lip,data\synthetic\track2_fakes\videos\FAKE_T2_1060_IOM_SAD_XX__AUDIO_1060_IOM_ANG_XX_wav2lip.mp4,1,done,wav2lip,1060,IOM,sad,angry,yes
FAKE_T2_1060_ITH_DIS_XX__AUDIO_1060_ITH_FEA_XX_wav2lip,data\synthetic\track2_fakes\videos\FAKE_T2_1060_ITH_DIS_XX__AUDIO_1060_ITH_FEA_XX_wav2lip.mp4,1,done,wav2lip,1060,ITH,disgust,fear,yes
FAKE_T2_1060_ITS_ANG_XX__AUDIO_1060_ITS_DIS_XX_wav2lip,data\synthetic\track2_fakes\videos\FAKE_T2_1060_ITS_ANG_XX__AUDIO_1060_ITS_DIS_XX_wav2lip.mp4,1,done,wav2lip,1060,ITS,angry,disgust,yes
FAKE_T2_1060_ITS_SAD_XX__AUDIO_1060_ITS_ANG_XX_wav2lip,data\synthetic\track2_fakes\videos\FAKE_T2_1060_ITS_SAD_XX__AUDIO_1060_ITS_ANG_XX_wav2lip.mp4,1,done,wav2lip,1060,ITS,sad,angry,yes
FAKE_T2_1060_IWL_ANG_XX__AUDIO_1060_IWL_DIS_XX_wav2lip,data\synthetic\track2_fakes\videos\FAKE_T2_1060_IWL_ANG_XX__AUDIO_1060_IWL_DIS_XX_wav2lip.mp4,1,done,wav2lip,1060,IWL,angry,disgust,yes
FAKE_T2_1060_IWL_DIS_XX__AUDIO_1060_IWL_FEA_XX_wav2lip,data\synthetic\track2_fakes\videos\FAKE_T2_1060_IWL_DIS_XX__AUDIO_1060_IWL_FEA_XX_wav2lip.mp4,1,done,wav2lip,1060,IWL,disgust,fear,yes
FAKE_T2_1060_IWW_HAP_XX__AUDIO_1060_IWW_NEU_XX_wav2lip,data\synthetic\track2_fakes\videos\FAKE_T2_1060_IWW_HAP_XX__AUDIO_1060_IWW_NEU_XX_wav2lip.mp4,1,done,wav2lip,1060,IWW,happy,neutral,yes
FAKE_T2_1060_IWW_SAD_XX__AUDIO_1060_IWW_ANG_XX_wav2lip,data\synthetic\track2_fakes\videos\FAKE_T2_1060_IWW_SAD_XX__AUDIO_1060_IWW_ANG_XX_wav2lip.mp4,1,done,wav2lip,1060,IWW,sad,angry,yes
FAKE_T2_1060_MTI_NEU_XX__AUDIO_1060_MTI_SAD_XX_wav2lip,data\synthetic\track2_fakes\videos\FAKE_T2_1060_MTI_NEU_XX__AUDIO_1060_MTI_SAD_XX_wav2lip.mp4,1,done,wav2lip,1060,MTI,neutral,sad,yes
FAKE_T2_1060_MTI_SAD_XX__AUDIO_1060_MTI_ANG_XX_wav2lip,data\synthetic\track2_fakes\videos\FAKE_T2_1060_MTI_SAD_XX__AUDIO_1060_MTI_ANG_XX_wav2lip.mp4,1,done,wav2lip,1060,MTI,sad,angry,yes
FAKE_T2_1060_TAI_HAP_XX__AUDIO_1060_TAI_NEU_XX_wav2lip,data\synthetic\track2_fakes\videos\FAKE_T2_1060_TAI_HAP_XX__AUDIO_1060_TAI_NEU_XX_wav2lip.mp4,1,done,wav2lip,1060,TAI,happy,neutral,yes
FAKE_T2_1060_TAI_NEU_XX__AUDIO_1060_TAI_SAD_XX_wav2lip,data\synthetic\track2_fakes\videos\FAKE_T2_1060_TAI_NEU_XX__AUDIO_1060_TAI_SAD_XX_wav2lip.mp4,1,done,wav2lip,1060,TAI,neutral,sad,yes
FAKE_T2_1060_TIE_NEU_XX__AUDIO_1060_TIE_SAD_XX_wav2lip,data\synthetic\track2_fakes\videos\FAKE_T2_1060_TIE_NEU_XX__AUDIO_1060_TIE_SAD_XX_wav2lip.mp4,1,done,wav2lip,1060,TIE,neutral,sad,yes
FAKE_T2_1060_TSI_ANG_XX__AUDIO_1060_TSI_DIS_XX_wav2lip,data\synthetic\track2_fakes\videos\FAKE_T2_1060_TSI_ANG_XX__AUDIO_1060_TSI_DIS_XX_wav2lip.mp4,1,done,wav2lip,1060,TSI,angry,disgust,yes
FAKE_T2_1060_TSI_SAD_XX__AUDIO_1060_TSI_ANG_XX_wav2lip,data\synthetic\track2_fakes\videos\FAKE_T2_1060_TSI_SAD_XX__AUDIO_1060_TSI_ANG_XX_wav2lip.mp4,1,done,wav2lip,1060,TSI,sad,angry,yes
FAKE_T2_1060_WSI_FEA_XX__AUDIO_1060_WSI_HAP_XX_wav2lip,data\synthetic\track2_fakes\videos\FAKE_T2_1060_WSI_FEA_XX__AUDIO_1060_WSI_HAP_XX_wav2lip.mp4,1,done,wav2lip,1060,WSI,fear,happy,yes
FAKE_T2_1060_WSI_HAP_XX__AUDIO_1060_WSI_NEU_XX_wav2lip,data\synthetic\track2_fakes\videos\FAKE_T2_1060_WSI_HAP_XX__AUDIO_1060_WSI_NEU_XX_wav2lip.mp4,1,done,wav2lip,1060,WSI,happy,neutral,yes
FAKE_T2_1060_WSI_NEU_XX__AUDIO_1060_WSI_SAD_XX_wav2lip,data\synthetic\track2_fakes\videos\FAKE_T2_1060_WSI_NEU_XX__AUDIO_1060_WSI_SAD_XX_wav2lip.mp4,1,done,wav2lip,1060,WSI,neutral,sad,yes
FAKE_T2_1061_DFA_DIS_XX__AUDIO_1061_DFA_FEA_XX_wav2lip,data\synthetic\track2_fakes\videos\FAKE_T2_1061_DFA_DIS_XX__AUDIO_1061_DFA_FEA_XX_wav2lip.mp4,1,done,wav2lip,1061,DFA,disgust,fear,yes
FAKE_T2_1061_DFA_FEA_XX__AUDIO_1061_DFA_HAP_XX_wav2lip,data\synthetic\track2_fakes\videos\FAKE_T2_1061_DFA_FEA_XX__AUDIO_1061_DFA_HAP_XX_wav2lip.mp4,1,done,wav2lip,1061,DFA,fear,happy,yes
FAKE_T2_1061_IEO_FEA_MD__AUDIO_1061_IEO_HAP_MD_wav2lip,data\synthetic\track2_fakes\videos\FAKE_T2_1061_IEO_FEA_MD__AUDIO_1061_IEO_HAP_MD_wav2lip.mp4,1,done,wav2lip,1061,IEO,fear,happy,yes
FAKE_T2_1061_IEO_SAD_LO__AUDIO_1061_IEO_ANG_LO_wav2lip,data\synthetic\track2_fakes\videos\FAKE_T2_1061_IEO_SAD_LO__AUDIO_1061_IEO_ANG_LO_wav2lip.mp4,1,done,wav2lip,1061,IEO,sad,angry,yes
FAKE_T2_1061_IOM_ANG_XX__AUDIO_1061_IOM_DIS_XX_wav2lip,data\synthetic\track2_fakes\videos\FAKE_T2_1061_IOM_ANG_XX__AUDIO_1061_IOM_DIS_XX_wav2lip.mp4,1,done,wav2lip,1061,IOM,angry,disgust,yes
FAKE_T2_1061_IOM_HAP_XX__AUDIO_1061_IOM_NEU_XX_wav2lip,data\synthetic\track2_fakes\videos\FAKE_T2_1061_IOM_HAP_XX__AUDIO_1061_IOM_NEU_XX_wav2lip.mp4,1,done,wav2lip,1061,IOM,happy,neutral,yes
FAKE_T2_1061_ITH_DIS_XX__AUDIO_1061_ITH_FEA_XX_wav2lip,data\synthetic\track2_fakes\videos\FAKE_T2_1061_ITH_DIS_XX__AUDIO_1061_ITH_FEA_XX_wav2lip.mp4,1,done,wav2lip,1061,ITH,disgust,fear,yes
FAKE_T2_1061_ITH_HAP_XX__AUDIO_1061_ITH_NEU_XX_wav2lip,data\synthetic\track2_fakes\videos\FAKE_T2_1061_ITH_HAP_XX__AUDIO_1061_ITH_NEU_XX_wav2lip.mp4,1,done,wav2lip,1061,ITH,happy,neutral,yes
FAKE_T2_1061_ITH_NEU_XX__AUDIO_1061_ITH_SAD_XX_wav2lip,data\synthetic\track2_fakes\videos\FAKE_T2_1061_ITH_NEU_XX__AUDIO_1061_ITH_SAD_XX_wav2lip.mp4,1,done,wav2lip,1061,ITH,neutral,sad,yes
FAKE_T2_1061_ITS_FEA_XX__AUDIO_1061_ITS_HAP_XX_wav2lip,data\synthetic\track2_fakes\videos\FAKE_T2_1061_ITS_FEA_XX__AUDIO_1061_ITS_HAP_XX_wav2lip.mp4,1,done,wav2lip,1061,ITS,fear,happy,yes
FAKE_T2_1061_ITS_HAP_XX__AUDIO_1061_ITS_NEU_XX_wav2lip,data\synthetic\track2_fakes\videos\FAKE_T2_1061_ITS_HAP_XX__AUDIO_1061_ITS_NEU_XX_wav2lip.mp4,1,done,wav2lip,1061,ITS,happy,neutral,yes
FAKE_T2_1061_ITS_NEU_XX__AUDIO_1061_ITS_SAD_XX_wav2lip,data\synthetic\track2_fakes\videos\FAKE_T2_1061_ITS_NEU_XX__AUDIO_1061_ITS_SAD_XX_wav2lip.mp4,1,done,wav2lip,1061,ITS,neutral,sad,yes
FAKE_T2_1061_IWL_DIS_XX__AUDIO_1061_IWL_FEA_XX_wav2lip,data\synthetic\track2_fakes\videos\FAKE_T2_1061_IWL_DIS_XX__AUDIO_1061_IWL_FEA_XX_wav2lip.mp4,1,done,wav2lip,1061,IWL,disgust,fear,yes
FAKE_T2_1061_IWL_HAP_XX__AUDIO_1061_IWL_NEU_XX_wav2lip,data\synthetic\track2_fakes\videos\FAKE_T2_1061_IWL_HAP_XX__AUDIO_1061_IWL_NEU_XX_wav2lip.mp4,1,done,wav2lip,1061,IWL,happy,neutral,yes
FAKE_T2_1061_IWW_SAD_XX__AUDIO_1061_IWW_ANG_XX_wav2lip,data\synthetic\track2_fakes\videos\FAKE_T2_1061_IWW_SAD_XX__AUDIO_1061_IWW_ANG_XX_wav2lip.mp4,1,done,wav2lip,1061,IWW,sad,angry,yes
FAKE_T2_1061_MTI_ANG_XX__AUDIO_1061_MTI_DIS_XX_wav2lip,data\synthetic\track2_fakes\videos\FAKE_T2_1061_MTI_ANG_XX__AUDIO_1061_MTI_DIS_XX_wav2lip.mp4,1,done,wav2lip,1061,MTI,angry,disgust,yes
FAKE_T2_1061_MTI_DIS_XX__AUDIO_1061_MTI_FEA_XX_wav2lip,data\synthetic\track2_fakes\videos\FAKE_T2_1061_MTI_DIS_XX__AUDIO_1061_MTI_FEA_XX_wav2lip.mp4,1,done,wav2lip,1061,MTI,disgust,fear,yes
FAKE_T2_1061_MTI_HAP_XX__AUDIO_1061_MTI_NEU_XX_wav2lip,data\synthetic\track2_fakes\videos\FAKE_T2_1061_MTI_HAP_XX__AUDIO_1061_MTI_NEU_XX_wav2lip.mp4,1,done,wav2lip,1061,MTI,happy,neutral,yes
FAKE_T2_1061_MTI_SAD_XX__AUDIO_1061_MTI_ANG_XX_wav2lip,data\synthetic\track2_fakes\videos\FAKE_T2_1061_MTI_SAD_XX__AUDIO_1061_MTI_ANG_XX_wav2lip.mp4,1,done,wav2lip,1061,MTI,sad,angry,yes
FAKE_T2_1061_TAI_ANG_XX__AUDIO_1061_TAI_DIS_XX_wav2lip,data\synthetic\track2_fakes\videos\FAKE_T2_1061_TAI_ANG_XX__AUDIO_1061_TAI_DIS_XX_wav2lip.mp4,1,done,wav2lip,1061,TAI,angry,disgust,yes
FAKE_T2_1061_TAI_FEA_XX__AUDIO_1061_TAI_HAP_XX_wav2lip,data\synthetic\track2_fakes\videos\FAKE_T2_1061_TAI_FEA_XX__AUDIO_1061_TAI_HAP_XX_wav2lip.mp4,1,done,wav2lip,1061,TAI,fear,happy,yes
FAKE_T2_1061_TAI_HAP_XX__AUDIO_1061_TAI_NEU_XX_wav2lip,data\synthetic\track2_fakes\videos\FAKE_T2_1061_TAI_HAP_XX__AUDIO_1061_TAI_NEU_XX_wav2lip.mp4,1,done,wav2lip,1061,TAI,happy,neutral,yes
FAKE_T2_1061_TIE_HAP_XX__AUDIO_1061_TIE_NEU_XX_wav2lip,data\synthetic\track2_fakes\videos\FAKE_T2_1061_TIE_HAP_XX__AUDIO_1061_TIE_NEU_XX_wav2lip.mp4,1,done,wav2lip,1061,TIE,happy,neutral,yes
FAKE_T2_1061_TSI_ANG_XX__AUDIO_1061_TSI_DIS_XX_wav2lip,data\synthetic\track2_fakes\videos\FAKE_T2_1061_TSI_ANG_XX__AUDIO_1061_TSI_DIS_XX_wav2lip.mp4,1,done,wav2lip,1061,TSI,angry,disgust,yes
FAKE_T2_1061_TSI_FEA_XX__AUDIO_1061_TSI_HAP_XX_wav2lip,data\synthetic\track2_fakes\videos\FAKE_T2_1061_TSI_FEA_XX__AUDIO_1061_TSI_HAP_XX_wav2lip.mp4,1,done,wav2lip,1061,TSI,fear,happy,yes
FAKE_T2_1062_DFA_ANG_XX__AUDIO_1062_DFA_DIS_XX_wav2lip,data\synthetic\track2_fakes\videos\FAKE_T2_1062_DFA_ANG_XX__AUDIO_1062_DFA_DIS_XX_wav2lip.mp4,1,done,wav2lip,1062,DFA,angry,disgust,yes
FAKE_T2_1062_DFA_FEA_XX__AUDIO_1062_DFA_HAP_XX_wav2lip,data\synthetic\track2_fakes\videos\FAKE_T2_1062_DFA_FEA_XX__AUDIO_1062_DFA_HAP_XX_wav2lip.mp4,1,done,wav2lip,1062,DFA,fear,happy,yes
FAKE_T2_1062_DFA_SAD_XX__AUDIO_1062_DFA_ANG_XX_wav2lip,data\synthetic\track2_fakes\videos\FAKE_T2_1062_DFA_SAD_XX__AUDIO_1062_DFA_ANG_XX_wav2lip.mp4,1,done,wav2lip,1062,DFA,sad,angry,yes
FAKE_T2_1062_IEO_ANG_HI__AUDIO_1062_IEO_DIS_HI_wav2lip,data\synthetic\track2_fakes\videos\FAKE_T2_1062_IEO_ANG_HI__AUDIO_1062_IEO_DIS_HI_wav2lip.mp4,1,done,wav2lip,1062,IEO,angry,disgust,yes
FAKE_T2_1062_IEO_ANG_MD__AUDIO_1062_IEO_DIS_MD_wav2lip,data\synthetic\track2_fakes\videos\FAKE_T2_1062_IEO_ANG_MD__AUDIO_1062_IEO_DIS_MD_wav2lip.mp4,1,done,wav2lip,1062,IEO,angry,disgust,yes
FAKE_T2_1062_IEO_DIS_LO__AUDIO_1062_IEO_FEA_LO_wav2lip,data\synthetic\track2_fakes\videos\FAKE_T2_1062_IEO_DIS_LO__AUDIO_1062_IEO_FEA_LO_wav2lip.mp4,1,done,wav2lip,1062,IEO,disgust,fear,yes
FAKE_T2_1062_IEO_FEA_HI__AUDIO_1062_IEO_HAP_HI_wav2lip,data\synthetic\track2_fakes\videos\FAKE_T2_1062_IEO_FEA_HI__AUDIO_1062_IEO_HAP_HI_wav2lip.mp4,1,done,wav2lip,1062,IEO,fear,happy,yes
FAKE_T2_1062_IEO_FEA_MD__AUDIO_1062_IEO_HAP_MD_wav2lip,data\synthetic\track2_fakes\videos\FAKE_T2_1062_IEO_FEA_MD__AUDIO_1062_IEO_HAP_MD_wav2lip.mp4,1,done,wav2lip,1062,IEO,fear,happy,yes
FAKE_T2_1062_IOM_DIS_XX__AUDIO_1062_IOM_FEA_XX_wav2lip,data\synthetic\track2_fakes\videos\FAKE_T2_1062_IOM_DIS_XX__AUDIO_1062_IOM_FEA_XX_wav2lip.mp4,1,done,wav2lip,1062,IOM,disgust,fear,yes
FAKE_T2_1062_IOM_HAP_XX__AUDIO_1062_IOM_NEU_XX_wav2lip,data\synthetic\track2_fakes\videos\FAKE_T2_1062_IOM_HAP_XX__AUDIO_1062_IOM_NEU_XX_wav2lip.mp4,1,done,wav2lip,1062,IOM,happy,neutral,yes
FAKE_T2_1062_IOM_NEU_XX__AUDIO_1062_IOM_SAD_XX_wav2lip,data\synthetic\track2_fakes\videos\FAKE_T2_1062_IOM_NEU_XX__AUDIO_1062_IOM_SAD_XX_wav2lip.mp4,1,done,wav2lip,1062,IOM,neutral,sad,yes
FAKE_T2_1062_IOM_SAD_XX__AUDIO_1062_IOM_ANG_XX_wav2lip,data\synthetic\track2_fakes\videos\FAKE_T2_1062_IOM_SAD_XX__AUDIO_1062_IOM_ANG_XX_wav2lip.mp4,1,done,wav2lip,1062,IOM,sad,angry,yes
FAKE_T2_1062_ITH_HAP_XX__AUDIO_1062_ITH_NEU_XX_wav2lip,data\synthetic\track2_fakes\videos\FAKE_T2_1062_ITH_HAP_XX__AUDIO_1062_ITH_NEU_XX_wav2lip.mp4,1,done,wav2lip,1062,ITH,happy,neutral,yes
FAKE_T2_1062_ITS_ANG_XX__AUDIO_1062_ITS_DIS_XX_wav2lip,data\synthetic\track2_fakes\videos\FAKE_T2_1062_ITS_ANG_XX__AUDIO_1062_ITS_DIS_XX_wav2lip.mp4,1,done,wav2lip,1062,ITS,angry,disgust,yes
FAKE_T2_1062_ITS_DIS_XX__AUDIO_1062_ITS_FEA_XX_wav2lip,data\synthetic\track2_fakes\videos\FAKE_T2_1062_ITS_DIS_XX__AUDIO_1062_ITS_FEA_XX_wav2lip.mp4,1,done,wav2lip,1062,ITS,disgust,fear,yes
FAKE_T2_1062_IWL_ANG_XX__AUDIO_1062_IWL_DIS_XX_wav2lip,data\synthetic\track2_fakes\videos\FAKE_T2_1062_IWL_ANG_XX__AUDIO_1062_IWL_DIS_XX_wav2lip.mp4,1,done,wav2lip,1062,IWL,angry,disgust,yes
FAKE_T2_1062_IWL_DIS_XX__AUDIO_1062_IWL_FEA_XX_wav2lip,data\synthetic\track2_fakes\videos\FAKE_T2_1062_IWL_DIS_XX__AUDIO_1062_IWL_FEA_XX_wav2lip.mp4,1,done,wav2lip,1062,IWL,disgust,fear,yes
FAKE_T2_1062_IWL_NEU_XX__AUDIO_1062_IWL_SAD_XX_wav2lip,data\synthetic\track2_fakes\videos\FAKE_T2_1062_IWL_NEU_XX__AUDIO_1062_IWL_SAD_XX_wav2lip.mp4,1,done,wav2lip,1062,IWL,neutral,sad,yes
FAKE_T2_1062_IWW_SAD_XX__AUDIO_1062_IWW_ANG_XX_wav2lip,data\synthetic\track2_fakes\videos\FAKE_T2_1062_IWW_SAD_XX__AUDIO_1062_IWW_ANG_XX_wav2lip.mp4,1,done,wav2lip,1062,IWW,sad,angry,yes
FAKE_T2_1062_MTI_NEU_XX__AUDIO_1062_MTI_SAD_XX_wav2lip,data\synthetic\track2_fakes\videos\FAKE_T2_1062_MTI_NEU_XX__AUDIO_1062_MTI_SAD_XX_wav2lip.mp4,1,done,wav2lip,1062,MTI,neutral,sad,yes
FAKE_T2_1062_TAI_FEA_XX__AUDIO_1062_TAI_HAP_XX_wav2lip,data\synthetic\track2_fakes\videos\FAKE_T2_1062_TAI_FEA_XX__AUDIO_1062_TAI_HAP_XX_wav2lip.mp4,1,done,wav2lip,1062,TAI,fear,happy,yes
FAKE_T2_1062_TAI_HAP_XX__AUDIO_1062_TAI_NEU_XX_wav2lip,data\synthetic\track2_fakes\videos\FAKE_T2_1062_TAI_HAP_XX__AUDIO_1062_TAI_NEU_XX_wav2lip.mp4,1,done,wav2lip,1062,TAI,happy,neutral,yes
FAKE_T2_1062_TIE_SAD_XX__AUDIO_1062_TIE_ANG_XX_wav2lip,data\synthetic\track2_fakes\videos\FAKE_T2_1062_TIE_SAD_XX__AUDIO_1062_TIE_ANG_XX_wav2lip.mp4,1,done,wav2lip,1062,TIE,sad,angry,yes
FAKE_T2_1062_TSI_DIS_XX__AUDIO_1062_TSI_FEA_XX_wav2lip,data\synthetic\track2_fakes\videos\FAKE_T2_1062_TSI_DIS_XX__AUDIO_1062_TSI_FEA_XX_wav2lip.mp4,1,done,wav2lip,1062,TSI,disgust,fear,yes
FAKE_T2_1062_WSI_FEA_XX__AUDIO_1062_WSI_HAP_XX_wav2lip,data\synthetic\track2_fakes\videos\FAKE_T2_1062_WSI_FEA_XX__AUDIO_1062_WSI_HAP_XX_wav2lip.mp4,1,done,wav2lip,1062,WSI,fear,happy,yes
FAKE_T2_1063_DFA_ANG_XX__AUDIO_1063_DFA_DIS_XX_wav2lip,data\synthetic\track2_fakes\videos\FAKE_T2_1063_DFA_ANG_XX__AUDIO_1063_DFA_DIS_XX_wav2lip.mp4,1,done,wav2lip,1063,DFA,angry,disgust,yes
FAKE_T2_1063_IEO_ANG_MD__AUDIO_1063_IEO_DIS_MD_wav2lip,data\synthetic\track2_fakes\videos\FAKE_T2_1063_IEO_ANG_MD__AUDIO_1063_IEO_DIS_MD_wav2lip.mp4,1,done,wav2lip,1063,IEO,angry,disgust,yes
FAKE_T2_1063_IEO_DIS_MD__AUDIO_1063_IEO_FEA_MD_wav2lip,data\synthetic\track2_fakes\videos\FAKE_T2_1063_IEO_DIS_MD__AUDIO_1063_IEO_FEA_MD_wav2lip.mp4,1,done,wav2lip,1063,IEO,disgust,fear,yes
FAKE_T2_1063_IEO_FEA_HI__AUDIO_1063_IEO_HAP_HI_wav2lip,data\synthetic\track2_fakes\videos\FAKE_T2_1063_IEO_FEA_HI__AUDIO_1063_IEO_HAP_HI_wav2lip.mp4,1,done,wav2lip,1063,IEO,fear,happy,yes
FAKE_T2_1063_IEO_FEA_MD__AUDIO_1063_IEO_HAP_MD_wav2lip,data\synthetic\track2_fakes\videos\FAKE_T2_1063_IEO_FEA_MD__AUDIO_1063_IEO_HAP_MD_wav2lip.mp4,1,done,wav2lip,1063,IEO,fear,happy,yes
FAKE_T2_1063_IEO_HAP_MD__AUDIO_1063_IEO_NEU_XX_wav2lip,data\synthetic\track2_fakes\videos\FAKE_T2_1063_IEO_HAP_MD__AUDIO_1063_IEO_NEU_XX_wav2lip.mp4,1,done,wav2lip,1063,IEO,happy,neutral,yes
FAKE_T2_1063_IEO_SAD_HI__AUDIO_1063_IEO_ANG_HI_wav2lip,data\synthetic\track2_fakes\videos\FAKE_T2_1063_IEO_SAD_HI__AUDIO_1063_IEO_ANG_HI_wav2lip.mp4,1,done,wav2lip,1063,IEO,sad,angry,yes
FAKE_T2_1063_IOM_NEU_XX__AUDIO_1063_IOM_SAD_XX_wav2lip,data\synthetic\track2_fakes\videos\FAKE_T2_1063_IOM_NEU_XX__AUDIO_1063_IOM_SAD_XX_wav2lip.mp4,1,done,wav2lip,1063,IOM,neutral,sad,yes
FAKE_T2_1063_IOM_SAD_XX__AUDIO_1063_IOM_ANG_XX_wav2lip,data\synthetic\track2_fakes\videos\FAKE_T2_1063_IOM_SAD_XX__AUDIO_1063_IOM_ANG_XX_wav2lip.mp4,1,done,wav2lip,1063,IOM,sad,angry,yes
FAKE_T2_1063_ITH_ANG_XX__AUDIO_1063_ITH_DIS_XX_wav2lip,data\synthetic\track2_fakes\videos\FAKE_T2_1063_ITH_ANG_XX__AUDIO_1063_ITH_DIS_XX_wav2lip.mp4,1,done,wav2lip,1063,ITH,angry,disgust,yes
FAKE_T2_1063_ITH_HAP_XX__AUDIO_1063_ITH_NEU_XX_wav2lip,data\synthetic\track2_fakes\videos\FAKE_T2_1063_ITH_HAP_XX__AUDIO_1063_ITH_NEU_XX_wav2lip.mp4,1,done,wav2lip,1063,ITH,happy,neutral,yes
FAKE_T2_1063_ITS_ANG_XX__AUDIO_1063_ITS_DIS_XX_wav2lip,data\synthetic\track2_fakes\videos\FAKE_T2_1063_ITS_ANG_XX__AUDIO_1063_ITS_DIS_XX_wav2lip.mp4,1,done,wav2lip,1063,ITS,angry,disgust,yes
FAKE_T2_1063_ITS_FEA_XX__AUDIO_1063_ITS_HAP_XX_wav2lip,data\synthetic\track2_fakes\videos\FAKE_T2_1063_ITS_FEA_XX__AUDIO_1063_ITS_HAP_XX_wav2lip.mp4,1,done,wav2lip,1063,ITS,fear,happy,yes
FAKE_T2_1063_IWL_SAD_XX__AUDIO_1063_IWL_ANG_XX_wav2lip,data\synthetic\track2_fakes\videos\FAKE_T2_1063_IWL_SAD_XX__AUDIO_1063_IWL_ANG_XX_wav2lip.mp4,1,done,wav2lip,1063,IWL,sad,angry,yes
FAKE_T2_1063_IWW_FEA_XX__AUDIO_1063_IWW_HAP_XX_wav2lip,data\synthetic\track2_fakes\videos\FAKE_T2_1063_IWW_FEA_XX__AUDIO_1063_IWW_HAP_XX_wav2lip.mp4,1,done,wav2lip,1063,IWW,fear,happy,yes
FAKE_T2_1063_MTI_DIS_XX__AUDIO_1063_MTI_FEA_XX_wav2lip,data\synthetic\track2_fakes\videos\FAKE_T2_1063_MTI_DIS_XX__AUDIO_1063_MTI_FEA_XX_wav2lip.mp4,1,done,wav2lip,1063,MTI,disgust,fear,yes
FAKE_T2_1063_MTI_NEU_XX__AUDIO_1063_MTI_SAD_XX_wav2lip,data\synthetic\track2_fakes\videos\FAKE_T2_1063_MTI_NEU_XX__AUDIO_1063_MTI_SAD_XX_wav2lip.mp4,1,done,wav2lip,1063,MTI,neutral,sad,yes
FAKE_T2_1063_TAI_FEA_XX__AUDIO_1063_TAI_HAP_XX_wav2lip,data\synthetic\track2_fakes\videos\FAKE_T2_1063_TAI_FEA_XX__AUDIO_1063_TAI_HAP_XX_wav2lip.mp4,1,done,wav2lip,1063,TAI,fear,happy,yes
FAKE_T2_1063_TAI_SAD_XX__AUDIO_1063_TAI_ANG_XX_wav2lip,data\synthetic\track2_fakes\videos\FAKE_T2_1063_TAI_SAD_XX__AUDIO_1063_TAI_ANG_XX_wav2lip.mp4,1,done,wav2lip,1063,TAI,sad,angry,yes
FAKE_T2_1063_TIE_DIS_XX__AUDIO_1063_TIE_FEA_XX_wav2lip,data\synthetic\track2_fakes\videos\FAKE_T2_1063_TIE_DIS_XX__AUDIO_1063_TIE_FEA_XX_wav2lip.mp4,1,done,wav2lip,1063,TIE,disgust,fear,yes
FAKE_T2_1063_TIE_HAP_XX__AUDIO_1063_TIE_NEU_XX_wav2lip,data\synthetic\track2_fakes\videos\FAKE_T2_1063_TIE_HAP_XX__AUDIO_1063_TIE_NEU_XX_wav2lip.mp4,1,done,wav2lip,1063,TIE,happy,neutral,yes
FAKE_T2_1063_TSI_ANG_XX__AUDIO_1063_TSI_DIS_XX_wav2lip,data\synthetic\track2_fakes\videos\FAKE_T2_1063_TSI_ANG_XX__AUDIO_1063_TSI_DIS_XX_wav2lip.mp4,1,done,wav2lip,1063,TSI,angry,disgust,yes
FAKE_T2_1063_TSI_DIS_XX__AUDIO_1063_TSI_FEA_XX_wav2lip,data\synthetic\track2_fakes\videos\FAKE_T2_1063_TSI_DIS_XX__AUDIO_1063_TSI_FEA_XX_wav2lip.mp4,1,done,wav2lip,1063,TSI,disgust,fear,yes
FAKE_T2_1063_TSI_FEA_XX__AUDIO_1063_TSI_HAP_XX_wav2lip,data\synthetic\track2_fakes\videos\FAKE_T2_1063_TSI_FEA_XX__AUDIO_1063_TSI_HAP_XX_wav2lip.mp4,1,done,wav2lip,1063,TSI,fear,happy,yes
FAKE_T2_1063_TSI_NEU_XX__AUDIO_1063_TSI_SAD_XX_wav2lip,data\synthetic\track2_fakes\videos\FAKE_T2_1063_TSI_NEU_XX__AUDIO_1063_TSI_SAD_XX_wav2lip.mp4,1,done,wav2lip,1063,TSI,neutral,sad,yes
FAKE_T2_1064_DFA_SAD_XX__AUDIO_1064_DFA_ANG_XX_wav2lip,data\synthetic\track2_fakes\videos\FAKE_T2_1064_DFA_SAD_XX__AUDIO_1064_DFA_ANG_XX_wav2lip.mp4,1,done,wav2lip,1064,DFA,sad,angry,yes
FAKE_T2_1064_IEO_ANG_HI__AUDIO_1064_IEO_DIS_HI_wav2lip,data\synthetic\track2_fakes\videos\FAKE_T2_1064_IEO_ANG_HI__AUDIO_1064_IEO_DIS_HI_wav2lip.mp4,1,done,wav2lip,1064,IEO,angry,disgust,yes
FAKE_T2_1064_IEO_ANG_MD__AUDIO_1064_IEO_DIS_MD_wav2lip,data\synthetic\track2_fakes\videos\FAKE_T2_1064_IEO_ANG_MD__AUDIO_1064_IEO_DIS_MD_wav2lip.mp4,1,done,wav2lip,1064,IEO,angry,disgust,yes
FAKE_T2_1064_IEO_HAP_MD__AUDIO_1064_IEO_NEU_XX_wav2lip,data\synthetic\track2_fakes\videos\FAKE_T2_1064_IEO_HAP_MD__AUDIO_1064_IEO_NEU_XX_wav2lip.mp4,1,done,wav2lip,1064,IEO,happy,neutral,yes
FAKE_T2_1064_IEO_NEU_XX__AUDIO_1064_IEO_SAD_HI_wav2lip,data\synthetic\track2_fakes\videos\FAKE_T2_1064_IEO_NEU_XX__AUDIO_1064_IEO_SAD_HI_wav2lip.mp4,1,done,wav2lip,1064,IEO,neutral,sad,yes
FAKE_T2_1064_IEO_SAD_HI__AUDIO_1064_IEO_ANG_HI_wav2lip,data\synthetic\track2_fakes\videos\FAKE_T2_1064_IEO_SAD_HI__AUDIO_1064_IEO_ANG_HI_wav2lip.mp4,1,done,wav2lip,1064,IEO,sad,angry,yes
FAKE_T2_1064_IEO_SAD_LO__AUDIO_1064_IEO_ANG_LO_wav2lip,data\synthetic\track2_fakes\videos\FAKE_T2_1064_IEO_SAD_LO__AUDIO_1064_IEO_ANG_LO_wav2lip.mp4,1,done,wav2lip,1064,IEO,sad,angry,yes
FAKE_T2_1064_IOM_DIS_XX__AUDIO_1064_IOM_FEA_XX_wav2lip,data\synthetic\track2_fakes\videos\FAKE_T2_1064_IOM_DIS_XX__AUDIO_1064_IOM_FEA_XX_wav2lip.mp4,1,done,wav2lip,1064,IOM,disgust,fear,yes
FAKE_T2_1064_IOM_HAP_XX__AUDIO_1064_IOM_NEU_XX_wav2lip,data\synthetic\track2_fakes\videos\FAKE_T2_1064_IOM_HAP_XX__AUDIO_1064_IOM_NEU_XX_wav2lip.mp4,1,done,wav2lip,1064,IOM,happy,neutral,yes
FAKE_T2_1064_ITH_ANG_XX__AUDIO_1064_ITH_DIS_XX_wav2lip,data\synthetic\track2_fakes\videos\FAKE_T2_1064_ITH_ANG_XX__AUDIO_1064_ITH_DIS_XX_wav2lip.mp4,1,done,wav2lip,1064,ITH,angry,disgust,yes
FAKE_T2_1064_ITH_FEA_XX__AUDIO_1064_ITH_HAP_XX_wav2lip,data\synthetic\track2_fakes\videos\FAKE_T2_1064_ITH_FEA_XX__AUDIO_1064_ITH_HAP_XX_wav2lip.mp4,1,done,wav2lip,1064,ITH,fear,happy,yes
FAKE_T2_1064_ITS_ANG_XX__AUDIO_1064_ITS_DIS_XX_wav2lip,data\synthetic\track2_fakes\videos\FAKE_T2_1064_ITS_ANG_XX__AUDIO_1064_ITS_DIS_XX_wav2lip.mp4,1,done,wav2lip,1064,ITS,angry,disgust,yes
FAKE_T2_1064_IWL_FEA_XX__AUDIO_1064_IWL_HAP_XX_wav2lip,data\synthetic\track2_fakes\videos\FAKE_T2_1064_IWL_FEA_XX__AUDIO_1064_IWL_HAP_XX_wav2lip.mp4,1,done,wav2lip,1064,IWL,fear,happy,yes
FAKE_T2_1064_IWL_HAP_XX__AUDIO_1064_IWL_NEU_XX_wav2lip,data\synthetic\track2_fakes\videos\FAKE_T2_1064_IWL_HAP_XX__AUDIO_1064_IWL_NEU_XX_wav2lip.mp4,1,done,wav2lip,1064,IWL,happy,neutral,yes
FAKE_T2_1064_IWL_NEU_XX__AUDIO_1064_IWL_SAD_XX_wav2lip,data\synthetic\track2_fakes\videos\FAKE_T2_1064_IWL_NEU_XX__AUDIO_1064_IWL_SAD_XX_wav2lip.mp4,1,done,wav2lip,1064,IWL,neutral,sad,yes
FAKE_T2_1064_IWW_FEA_XX__AUDIO_1064_IWW_HAP_XX_wav2lip,data\synthetic\track2_fakes\videos\FAKE_T2_1064_IWW_FEA_XX__AUDIO_1064_IWW_HAP_XX_wav2lip.mp4,1,done,wav2lip,1064,IWW,fear,happy,yes
FAKE_T2_1064_IWW_SAD_XX__AUDIO_1064_IWW_ANG_XX_wav2lip,data\synthetic\track2_fakes\videos\FAKE_T2_1064_IWW_SAD_XX__AUDIO_1064_IWW_ANG_XX_wav2lip.mp4,1,done,wav2lip,1064,IWW,sad,angry,yes
FAKE_T2_1064_TAI_NEU_XX__AUDIO_1064_TAI_SAD_XX_wav2lip,data\synthetic\track2_fakes\videos\FAKE_T2_1064_TAI_NEU_XX__AUDIO_1064_TAI_SAD_XX_wav2lip.mp4,1,done,wav2lip,1064,TAI,neutral,sad,yes
FAKE_T2_1064_TIE_ANG_XX__AUDIO_1064_TIE_DIS_XX_wav2lip,data\synthetic\track2_fakes\videos\FAKE_T2_1064_TIE_ANG_XX__AUDIO_1064_TIE_DIS_XX_wav2lip.mp4,1,done,wav2lip,1064,TIE,angry,disgust,yes
FAKE_T2_1064_TIE_DIS_XX__AUDIO_1064_TIE_FEA_XX_wav2lip,data\synthetic\track2_fakes\videos\FAKE_T2_1064_TIE_DIS_XX__AUDIO_1064_TIE_FEA_XX_wav2lip.mp4,1,done,wav2lip,1064,TIE,disgust,fear,yes
FAKE_T2_1064_TIE_NEU_XX__AUDIO_1064_TIE_SAD_XX_wav2lip,data\synthetic\track2_fakes\videos\FAKE_T2_1064_TIE_NEU_XX__AUDIO_1064_TIE_SAD_XX_wav2lip.mp4,1,done,wav2lip,1064,TIE,neutral,sad,yes
FAKE_T2_1064_TSI_ANG_XX__AUDIO_1064_TSI_DIS_XX_wav2lip,data\synthetic\track2_fakes\videos\FAKE_T2_1064_TSI_ANG_XX__AUDIO_1064_TSI_DIS_XX_wav2lip.mp4,1,done,wav2lip,1064,TSI,angry,disgust,yes
FAKE_T2_1064_TSI_SAD_XX__AUDIO_1064_TSI_ANG_XX_wav2lip,data\synthetic\track2_fakes\videos\FAKE_T2_1064_TSI_SAD_XX__AUDIO_1064_TSI_ANG_XX_wav2lip.mp4,1,done,wav2lip,1064,TSI,sad,angry,yes
FAKE_T2_1064_WSI_ANG_XX__AUDIO_1064_WSI_DIS_XX_wav2lip,data\synthetic\track2_fakes\videos\FAKE_T2_1064_WSI_ANG_XX__AUDIO_1064_WSI_DIS_XX_wav2lip.mp4,1,done,wav2lip,1064,WSI,angry,disgust,yes
FAKE_T2_1064_WSI_NEU_XX__AUDIO_1064_WSI_SAD_XX_wav2lip,data\synthetic\track2_fakes\videos\FAKE_T2_1064_WSI_NEU_XX__AUDIO_1064_WSI_SAD_XX_wav2lip.mp4,1,done,wav2lip,1064,WSI,neutral,sad,yes
FAKE_T2_1065_DFA_ANG_XX__AUDIO_1065_DFA_DIS_XX_wav2lip,data\synthetic\track2_fakes\videos\FAKE_T2_1065_DFA_ANG_XX__AUDIO_1065_DFA_DIS_XX_wav2lip.mp4,1,done,wav2lip,1065,DFA,angry,disgust,yes
FAKE_T2_1065_DFA_DIS_XX__AUDIO_1065_DFA_FEA_XX_wav2lip,data\synthetic\track2_fakes\videos\FAKE_T2_1065_DFA_DIS_XX__AUDIO_1065_DFA_FEA_XX_wav2lip.mp4,1,done,wav2lip,1065,DFA,disgust,fear,yes
FAKE_T2_1065_IEO_ANG_HI__AUDIO_1065_IEO_DIS_HI_wav2lip,data\synthetic\track2_fakes\videos\FAKE_T2_1065_IEO_ANG_HI__AUDIO_1065_IEO_DIS_HI_wav2lip.mp4,1,done,wav2lip,1065,IEO,angry,disgust,yes
FAKE_T2_1065_IEO_ANG_LO__AUDIO_1065_IEO_DIS_LO_wav2lip,data\synthetic\track2_fakes\videos\FAKE_T2_1065_IEO_ANG_LO__AUDIO_1065_IEO_DIS_LO_wav2lip.mp4,1,done,wav2lip,1065,IEO,angry,disgust,yes
FAKE_T2_1065_IEO_FEA_HI__AUDIO_1065_IEO_HAP_HI_wav2lip,data\synthetic\track2_fakes\videos\FAKE_T2_1065_IEO_FEA_HI__AUDIO_1065_IEO_HAP_HI_wav2lip.mp4,1,done,wav2lip,1065,IEO,fear,happy,yes
FAKE_T2_1065_IEO_HAP_LO__AUDIO_1065_IEO_NEU_XX_wav2lip,data\synthetic\track2_fakes\videos\FAKE_T2_1065_IEO_HAP_LO__AUDIO_1065_IEO_NEU_XX_wav2lip.mp4,1,done,wav2lip,1065,IEO,happy,neutral,yes
FAKE_T2_1065_IOM_ANG_XX__AUDIO_1065_IOM_DIS_XX_wav2lip,data\synthetic\track2_fakes\videos\FAKE_T2_1065_IOM_ANG_XX__AUDIO_1065_IOM_DIS_XX_wav2lip.mp4,1,done,wav2lip,1065,IOM,angry,disgust,yes
FAKE_T2_1065_IOM_DIS_XX__AUDIO_1065_IOM_FEA_XX_wav2lip,data\synthetic\track2_fakes\videos\FAKE_T2_1065_IOM_DIS_XX__AUDIO_1065_IOM_FEA_XX_wav2lip.mp4,1,done,wav2lip,1065,IOM,disgust,fear,yes
FAKE_T2_1065_IOM_NEU_XX__AUDIO_1065_IOM_SAD_XX_wav2lip,data\synthetic\track2_fakes\videos\FAKE_T2_1065_IOM_NEU_XX__AUDIO_1065_IOM_SAD_XX_wav2lip.mp4,1,done,wav2lip,1065,IOM,neutral,sad,yes
FAKE_T2_1065_ITS_HAP_XX__AUDIO_1065_ITS_NEU_XX_wav2lip,data\synthetic\track2_fakes\videos\FAKE_T2_1065_ITS_HAP_XX__AUDIO_1065_ITS_NEU_XX_wav2lip.mp4,1,done,wav2lip,1065,ITS,happy,neutral,yes
FAKE_T2_1065_ITS_SAD_XX__AUDIO_1065_ITS_ANG_XX_wav2lip,data\synthetic\track2_fakes\videos\FAKE_T2_1065_ITS_SAD_XX__AUDIO_1065_ITS_ANG_XX_wav2lip.mp4,1,done,wav2lip,1065,ITS,sad,angry,yes
FAKE_T2_1065_IWL_FEA_XX__AUDIO_1065_IWL_HAP_XX_wav2lip,data\synthetic\track2_fakes\videos\FAKE_T2_1065_IWL_FEA_XX__AUDIO_1065_IWL_HAP_XX_wav2lip.mp4,1,done,wav2lip,1065,IWL,fear,happy,yes
FAKE_T2_1065_IWL_HAP_XX__AUDIO_1065_IWL_NEU_XX_wav2lip,data\synthetic\track2_fakes\videos\FAKE_T2_1065_IWL_HAP_XX__AUDIO_1065_IWL_NEU_XX_wav2lip.mp4,1,done,wav2lip,1065,IWL,happy,neutral,yes
FAKE_T2_1065_IWL_NEU_XX__AUDIO_1065_IWL_SAD_XX_wav2lip,data\synthetic\track2_fakes\videos\FAKE_T2_1065_IWL_NEU_XX__AUDIO_1065_IWL_SAD_XX_wav2lip.mp4,1,done,wav2lip,1065,IWL,neutral,sad,yes
FAKE_T2_1065_IWL_SAD_XX__AUDIO_1065_IWL_ANG_XX_wav2lip,data\synthetic\track2_fakes\videos\FAKE_T2_1065_IWL_SAD_XX__AUDIO_1065_IWL_ANG_XX_wav2lip.mp4,1,done,wav2lip,1065,IWL,sad,angry,yes
FAKE_T2_1065_IWW_HAP_XX__AUDIO_1065_IWW_NEU_XX_wav2lip,data\synthetic\track2_fakes\videos\FAKE_T2_1065_IWW_HAP_XX__AUDIO_1065_IWW_NEU_XX_wav2lip.mp4,1,done,wav2lip,1065,IWW,happy,neutral,yes
FAKE_T2_1065_MTI_DIS_XX__AUDIO_1065_MTI_FEA_XX_wav2lip,data\synthetic\track2_fakes\videos\FAKE_T2_1065_MTI_DIS_XX__AUDIO_1065_MTI_FEA_XX_wav2lip.mp4,1,done,wav2lip,1065,MTI,disgust,fear,yes
FAKE_T2_1065_MTI_NEU_XX__AUDIO_1065_MTI_SAD_XX_wav2lip,data\synthetic\track2_fakes\videos\FAKE_T2_1065_MTI_NEU_XX__AUDIO_1065_MTI_SAD_XX_wav2lip.mp4,1,done,wav2lip,1065,MTI,neutral,sad,yes
FAKE_T2_1065_MTI_SAD_XX__AUDIO_1065_MTI_ANG_XX_wav2lip,data\synthetic\track2_fakes\videos\FAKE_T2_1065_MTI_SAD_XX__AUDIO_1065_MTI_ANG_XX_wav2lip.mp4,1,done,wav2lip,1065,MTI,sad,angry,yes
FAKE_T2_1065_TAI_ANG_XX__AUDIO_1065_TAI_DIS_XX_wav2lip,data\synthetic\track2_fakes\videos\FAKE_T2_1065_TAI_ANG_XX__AUDIO_1065_TAI_DIS_XX_wav2lip.mp4,1,done,wav2lip,1065,TAI,angry,disgust,yes
FAKE_T2_1065_TAI_FEA_XX__AUDIO_1065_TAI_HAP_XX_wav2lip,data\synthetic\track2_fakes\videos\FAKE_T2_1065_TAI_FEA_XX__AUDIO_1065_TAI_HAP_XX_wav2lip.mp4,1,done,wav2lip,1065,TAI,fear,happy,yes
FAKE_T2_1065_TSI_HAP_XX__AUDIO_1065_TSI_NEU_XX_wav2lip,data\synthetic\track2_fakes\videos\FAKE_T2_1065_TSI_HAP_XX__AUDIO_1065_TSI_NEU_XX_wav2lip.mp4,1,done,wav2lip,1065,TSI,happy,neutral,yes
FAKE_T2_1065_WSI_HAP_XX__AUDIO_1065_WSI_NEU_XX_wav2lip,data\synthetic\track2_fakes\videos\FAKE_T2_1065_WSI_HAP_XX__AUDIO_1065_WSI_NEU_XX_wav2lip.mp4,1,done,wav2lip,1065,WSI,happy,neutral,yes
FAKE_T2_1065_WSI_NEU_XX__AUDIO_1065_WSI_SAD_XX_wav2lip,data\synthetic\track2_fakes\videos\FAKE_T2_1065_WSI_NEU_XX__AUDIO_1065_WSI_SAD_XX_wav2lip.mp4,1,done,wav2lip,1065,WSI,neutral,sad,yes
FAKE_T2_1065_WSI_SAD_XX__AUDIO_1065_WSI_ANG_XX_wav2lip,data\synthetic\track2_fakes\videos\FAKE_T2_1065_WSI_SAD_XX__AUDIO_1065_WSI_ANG_XX_wav2lip.mp4,1,done,wav2lip,1065,WSI,sad,angry,yes
FAKE_T2_1066_DFA_ANG_XX__AUDIO_1066_DFA_DIS_XX_wav2lip,data\synthetic\track2_fakes\videos\FAKE_T2_1066_DFA_ANG_XX__AUDIO_1066_DFA_DIS_XX_wav2lip.mp4,1,done,wav2lip,1066,DFA,angry,disgust,yes
FAKE_T2_1066_DFA_DIS_XX__AUDIO_1066_DFA_FEA_XX_wav2lip,data\synthetic\track2_fakes\videos\FAKE_T2_1066_DFA_DIS_XX__AUDIO_1066_DFA_FEA_XX_wav2lip.mp4,1,done,wav2lip,1066,DFA,disgust,fear,yes
FAKE_T2_1066_DFA_NEU_XX__AUDIO_1066_DFA_SAD_XX_wav2lip,data\synthetic\track2_fakes\videos\FAKE_T2_1066_DFA_NEU_XX__AUDIO_1066_DFA_SAD_XX_wav2lip.mp4,1,done,wav2lip,1066,DFA,neutral,sad,yes
FAKE_T2_1066_IEO_ANG_LO__AUDIO_1066_IEO_DIS_LO_wav2lip,data\synthetic\track2_fakes\videos\FAKE_T2_1066_IEO_ANG_LO__AUDIO_1066_IEO_DIS_LO_wav2lip.mp4,1,done,wav2lip,1066,IEO,angry,disgust,yes
FAKE_T2_1066_IEO_ANG_MD__AUDIO_1066_IEO_DIS_MD_wav2lip,data\synthetic\track2_fakes\videos\FAKE_T2_1066_IEO_ANG_MD__AUDIO_1066_IEO_DIS_MD_wav2lip.mp4,1,done,wav2lip,1066,IEO,angry,disgust,yes
FAKE_T2_1066_IEO_DIS_HI__AUDIO_1066_IEO_FEA_HI_wav2lip,data\synthetic\track2_fakes\videos\FAKE_T2_1066_IEO_DIS_HI__AUDIO_1066_IEO_FEA_HI_wav2lip.mp4,1,done,wav2lip,1066,IEO,disgust,fear,yes
FAKE_T2_1066_IEO_HAP_HI__AUDIO_1066_IEO_NEU_XX_wav2lip,data\synthetic\track2_fakes\videos\FAKE_T2_1066_IEO_HAP_HI__AUDIO_1066_IEO_NEU_XX_wav2lip.mp4,1,done,wav2lip,1066,IEO,happy,neutral,yes
FAKE_T2_1066_IEO_SAD_HI__AUDIO_1066_IEO_ANG_HI_wav2lip,data\synthetic\track2_fakes\videos\FAKE_T2_1066_IEO_SAD_HI__AUDIO_1066_IEO_ANG_HI_wav2lip.mp4,1,done,wav2lip,1066,IEO,sad,angry,yes
FAKE_T2_1066_IEO_SAD_LO__AUDIO_1066_IEO_ANG_LO_wav2lip,data\synthetic\track2_fakes\videos\FAKE_T2_1066_IEO_SAD_LO__AUDIO_1066_IEO_ANG_LO_wav2lip.mp4,1,done,wav2lip,1066,IEO,sad,angry,yes
FAKE_T2_1066_IEO_SAD_MD__AUDIO_1066_IEO_ANG_MD_wav2lip,data\synthetic\track2_fakes\videos\FAKE_T2_1066_IEO_SAD_MD__AUDIO_1066_IEO_ANG_MD_wav2lip.mp4,1,done,wav2lip,1066,IEO,sad,angry,yes
FAKE_T2_1066_IOM_NEU_XX__AUDIO_1066_IOM_SAD_XX_wav2lip,data\synthetic\track2_fakes\videos\FAKE_T2_1066_IOM_NEU_XX__AUDIO_1066_IOM_SAD_XX_wav2lip.mp4,1,done,wav2lip,1066,IOM,neutral,sad,yes
FAKE_T2_1066_ITH_DIS_XX__AUDIO_1066_ITH_FEA_XX_wav2lip,data\synthetic\track2_fakes\videos\FAKE_T2_1066_ITH_DIS_XX__AUDIO_1066_ITH_FEA_XX_wav2lip.mp4,1,done,wav2lip,1066,ITH,disgust,fear,yes
FAKE_T2_1066_ITH_NEU_XX__AUDIO_1066_ITH_SAD_XX_wav2lip,data\synthetic\track2_fakes\videos\FAKE_T2_1066_ITH_NEU_XX__AUDIO_1066_ITH_SAD_XX_wav2lip.mp4,1,done,wav2lip,1066,ITH,neutral,sad,yes
FAKE_T2_1066_IWL_ANG_XX__AUDIO_1066_IWL_DIS_XX_wav2lip,data\synthetic\track2_fakes\videos\FAKE_T2_1066_IWL_ANG_XX__AUDIO_1066_IWL_DIS_XX_wav2lip.mp4,1,done,wav2lip,1066,IWL,angry,disgust,yes
FAKE_T2_1066_IWL_HAP_XX__AUDIO_1066_IWL_NEU_XX_wav2lip,data\synthetic\track2_fakes\videos\FAKE_T2_1066_IWL_HAP_XX__AUDIO_1066_IWL_NEU_XX_wav2lip.mp4,1,done,wav2lip,1066,IWL,happy,neutral,yes
FAKE_T2_1066_IWW_ANG_XX__AUDIO_1066_IWW_DIS_XX_wav2lip,data\synthetic\track2_fakes\videos\FAKE_T2_1066_IWW_ANG_XX__AUDIO_1066_IWW_DIS_XX_wav2lip.mp4,1,done,wav2lip,1066,IWW,angry,disgust,yes
FAKE_T2_1066_IWW_HAP_XX__AUDIO_1066_IWW_NEU_XX_wav2lip,data\synthetic\track2_fakes\videos\FAKE_T2_1066_IWW_HAP_XX__AUDIO_1066_IWW_NEU_XX_wav2lip.mp4,1,done,wav2lip,1066,IWW,happy,neutral,yes
FAKE_T2_1066_MTI_FEA_XX__AUDIO_1066_MTI_HAP_XX_wav2lip,data\synthetic\track2_fakes\videos\FAKE_T2_1066_MTI_FEA_XX__AUDIO_1066_MTI_HAP_XX_wav2lip.mp4,1,done,wav2lip,1066,MTI,fear,happy,yes
FAKE_T2_1066_MTI_NEU_XX__AUDIO_1066_MTI_SAD_XX_wav2lip,data\synthetic\track2_fakes\videos\FAKE_T2_1066_MTI_NEU_XX__AUDIO_1066_MTI_SAD_XX_wav2lip.mp4,1,done,wav2lip,1066,MTI,neutral,sad,yes
FAKE_T2_1066_MTI_SAD_XX__AUDIO_1066_MTI_ANG_XX_wav2lip,data\synthetic\track2_fakes\videos\FAKE_T2_1066_MTI_SAD_XX__AUDIO_1066_MTI_ANG_XX_wav2lip.mp4,1,done,wav2lip,1066,MTI,sad,angry,yes
FAKE_T2_1066_TAI_NEU_XX__AUDIO_1066_TAI_SAD_XX_wav2lip,data\synthetic\track2_fakes\videos\FAKE_T2_1066_TAI_NEU_XX__AUDIO_1066_TAI_SAD_XX_wav2lip.mp4,1,done,wav2lip,1066,TAI,neutral,sad,yes
FAKE_T2_1066_TIE_DIS_XX__AUDIO_1066_TIE_FEA_XX_wav2lip,data\synthetic\track2_fakes\videos\FAKE_T2_1066_TIE_DIS_XX__AUDIO_1066_TIE_FEA_XX_wav2lip.mp4,1,done,wav2lip,1066,TIE,disgust,fear,yes
FAKE_T2_1066_TIE_HAP_XX__AUDIO_1066_TIE_NEU_XX_wav2lip,data\synthetic\track2_fakes\videos\FAKE_T2_1066_TIE_HAP_XX__AUDIO_1066_TIE_NEU_XX_wav2lip.mp4,1,done,wav2lip,1066,TIE,happy,neutral,yes
FAKE_T2_1066_WSI_ANG_XX__AUDIO_1066_WSI_DIS_XX_wav2lip,data\synthetic\track2_fakes\videos\FAKE_T2_1066_WSI_ANG_XX__AUDIO_1066_WSI_DIS_XX_wav2lip.mp4,1,done,wav2lip,1066,WSI,angry,disgust,yes
FAKE_T2_1066_WSI_HAP_XX__AUDIO_1066_WSI_NEU_XX_wav2lip,data\synthetic\track2_fakes\videos\FAKE_T2_1066_WSI_HAP_XX__AUDIO_1066_WSI_NEU_XX_wav2lip.mp4,1,done,wav2lip,1066,WSI,happy,neutral,yes
FAKE_T2_1067_DFA_HAP_XX__AUDIO_1067_DFA_NEU_XX_wav2lip,data\synthetic\track2_fakes\videos\FAKE_T2_1067_DFA_HAP_XX__AUDIO_1067_DFA_NEU_XX_wav2lip.mp4,1,done,wav2lip,1067,DFA,happy,neutral,yes
FAKE_T2_1067_IEO_ANG_LO__AUDIO_1067_IEO_DIS_LO_wav2lip,data\synthetic\track2_fakes\videos\FAKE_T2_1067_IEO_ANG_LO__AUDIO_1067_IEO_DIS_LO_wav2lip.mp4,1,done,wav2lip,1067,IEO,angry,disgust,yes
FAKE_T2_1067_IEO_DIS_MD__AUDIO_1067_IEO_FEA_MD_wav2lip,data\synthetic\track2_fakes\videos\FAKE_T2_1067_IEO_DIS_MD__AUDIO_1067_IEO_FEA_MD_wav2lip.mp4,1,done,wav2lip,1067,IEO,disgust,fear,yes
FAKE_T2_1067_IEO_FEA_HI__AUDIO_1067_IEO_HAP_HI_wav2lip,data\synthetic\track2_fakes\videos\FAKE_T2_1067_IEO_FEA_HI__AUDIO_1067_IEO_HAP_HI_wav2lip.mp4,1,done,wav2lip,1067,IEO,fear,happy,yes
FAKE_T2_1067_IEO_FEA_LO__AUDIO_1067_IEO_HAP_LO_wav2lip,data\synthetic\track2_fakes\videos\FAKE_T2_1067_IEO_FEA_LO__AUDIO_1067_IEO_HAP_LO_wav2lip.mp4,1,done,wav2lip,1067,IEO,fear,happy,yes
FAKE_T2_1067_IEO_FEA_MD__AUDIO_1067_IEO_HAP_MD_wav2lip,data\synthetic\track2_fakes\videos\FAKE_T2_1067_IEO_FEA_MD__AUDIO_1067_IEO_HAP_MD_wav2lip.mp4,1,done,wav2lip,1067,IEO,fear,happy,yes
FAKE_T2_1067_IEO_HAP_MD__AUDIO_1067_IEO_NEU_XX_wav2lip,data\synthetic\track2_fakes\videos\FAKE_T2_1067_IEO_HAP_MD__AUDIO_1067_IEO_NEU_XX_wav2lip.mp4,1,done,wav2lip,1067,IEO,happy,neutral,yes
FAKE_T2_1067_IEO_NEU_XX__AUDIO_1067_IEO_SAD_HI_wav2lip,data\synthetic\track2_fakes\videos\FAKE_T2_1067_IEO_NEU_XX__AUDIO_1067_IEO_SAD_HI_wav2lip.mp4,1,done,wav2lip,1067,IEO,neutral,sad,yes
FAKE_T2_1067_IOM_DIS_XX__AUDIO_1067_IOM_FEA_XX_wav2lip,data\synthetic\track2_fakes\videos\FAKE_T2_1067_IOM_DIS_XX__AUDIO_1067_IOM_FEA_XX_wav2lip.mp4,1,done,wav2lip,1067,IOM,disgust,fear,yes
FAKE_T2_1067_IOM_FEA_XX__AUDIO_1067_IOM_HAP_XX_wav2lip,data\synthetic\track2_fakes\videos\FAKE_T2_1067_IOM_FEA_XX__AUDIO_1067_IOM_HAP_XX_wav2lip.mp4,1,done,wav2lip,1067,IOM,fear,happy,yes
FAKE_T2_1067_IOM_NEU_XX__AUDIO_1067_IOM_SAD_XX_wav2lip,data\synthetic\track2_fakes\videos\FAKE_T2_1067_IOM_NEU_XX__AUDIO_1067_IOM_SAD_XX_wav2lip.mp4,1,done,wav2lip,1067,IOM,neutral,sad,yes
FAKE_T2_1067_ITH_DIS_XX__AUDIO_1067_ITH_FEA_XX_wav2lip,data\synthetic\track2_fakes\videos\FAKE_T2_1067_ITH_DIS_XX__AUDIO_1067_ITH_FEA_XX_wav2lip.mp4,1,done,wav2lip,1067,ITH,disgust,fear,yes
FAKE_T2_1067_ITH_HAP_XX__AUDIO_1067_ITH_NEU_XX_wav2lip,data\synthetic\track2_fakes\videos\FAKE_T2_1067_ITH_HAP_XX__AUDIO_1067_ITH_NEU_XX_wav2lip.mp4,1,done,wav2lip,1067,ITH,happy,neutral,yes
FAKE_T2_1067_ITH_NEU_XX__AUDIO_1067_ITH_SAD_XX_wav2lip,data\synthetic\track2_fakes\videos\FAKE_T2_1067_ITH_NEU_XX__AUDIO_1067_ITH_SAD_XX_wav2lip.mp4,1,done,wav2lip,1067,ITH,neutral,sad,yes
FAKE_T2_1067_ITS_ANG_XX__AUDIO_1067_ITS_DIS_XX_wav2lip,data\synthetic\track2_fakes\videos\FAKE_T2_1067_ITS_ANG_XX__AUDIO_1067_ITS_DIS_XX_wav2lip.mp4,1,done,wav2lip,1067,ITS,angry,disgust,yes
FAKE_T2_1067_ITS_FEA_XX__AUDIO_1067_ITS_HAP_XX_wav2lip,data\synthetic\track2_fakes\videos\FAKE_T2_1067_ITS_FEA_XX__AUDIO_1067_ITS_HAP_XX_wav2lip.mp4,1,done,wav2lip,1067,ITS,fear,happy,yes
FAKE_T2_1067_IWW_HAP_XX__AUDIO_1067_IWW_NEU_XX_wav2lip,data\synthetic\track2_fakes\videos\FAKE_T2_1067_IWW_HAP_XX__AUDIO_1067_IWW_NEU_XX_wav2lip.mp4,1,done,wav2lip,1067,IWW,happy,neutral,yes
FAKE_T2_1067_MTI_SAD_XX__AUDIO_1067_MTI_ANG_XX_wav2lip,data\synthetic\track2_fakes\videos\FAKE_T2_1067_MTI_SAD_XX__AUDIO_1067_MTI_ANG_XX_wav2lip.mp4,1,done,wav2lip,1067,MTI,sad,angry,yes
FAKE_T2_1067_TAI_DIS_XX__AUDIO_1067_TAI_FEA_XX_wav2lip,data\synthetic\track2_fakes\videos\FAKE_T2_1067_TAI_DIS_XX__AUDIO_1067_TAI_FEA_XX_wav2lip.mp4,1,done,wav2lip,1067,TAI,disgust,fear,yes
FAKE_T2_1067_TIE_ANG_XX__AUDIO_1067_TIE_DIS_XX_wav2lip,data\synthetic\track2_fakes\videos\FAKE_T2_1067_TIE_ANG_XX__AUDIO_1067_TIE_DIS_XX_wav2lip.mp4,1,done,wav2lip,1067,TIE,angry,disgust,yes
FAKE_T2_1067_TSI_ANG_XX__AUDIO_1067_TSI_DIS_XX_wav2lip,data\synthetic\track2_fakes\videos\FAKE_T2_1067_TSI_ANG_XX__AUDIO_1067_TSI_DIS_XX_wav2lip.mp4,1,done,wav2lip,1067,TSI,angry,disgust,yes
FAKE_T2_1067_TSI_DIS_XX__AUDIO_1067_TSI_FEA_XX_wav2lip,data\synthetic\track2_fakes\videos\FAKE_T2_1067_TSI_DIS_XX__AUDIO_1067_TSI_FEA_XX_wav2lip.mp4,1,done,wav2lip,1067,TSI,disgust,fear,yes
FAKE_T2_1067_TSI_FEA_XX__AUDIO_1067_TSI_HAP_XX_wav2lip,data\synthetic\track2_fakes\videos\FAKE_T2_1067_TSI_FEA_XX__AUDIO_1067_TSI_HAP_XX_wav2lip.mp4,1,done,wav2lip,1067,TSI,fear,happy,yes
FAKE_T2_1067_WSI_DIS_XX__AUDIO_1067_WSI_FEA_XX_wav2lip,data\synthetic\track2_fakes\videos\FAKE_T2_1067_WSI_DIS_XX__AUDIO_1067_WSI_FEA_XX_wav2lip.mp4,1,done,wav2lip,1067,WSI,disgust,fear,yes
FAKE_T2_1067_WSI_FEA_XX__AUDIO_1067_WSI_HAP_XX_wav2lip,data\synthetic\track2_fakes\videos\FAKE_T2_1067_WSI_FEA_XX__AUDIO_1067_WSI_HAP_XX_wav2lip.mp4,1,done,wav2lip,1067,WSI,fear,happy,yes
FAKE_T2_1068_IEO_FEA_MD__AUDIO_1068_IEO_HAP_MD_wav2lip,data\synthetic\track2_fakes\videos\FAKE_T2_1068_IEO_FEA_MD__AUDIO_1068_IEO_HAP_MD_wav2lip.mp4,1,done,wav2lip,1068,IEO,fear,happy,yes
FAKE_T2_1068_IEO_HAP_HI__AUDIO_1068_IEO_NEU_XX_wav2lip,data\synthetic\track2_fakes\videos\FAKE_T2_1068_IEO_HAP_HI__AUDIO_1068_IEO_NEU_XX_wav2lip.mp4,1,done,wav2lip,1068,IEO,happy,neutral,yes
FAKE_T2_1068_IEO_HAP_LO__AUDIO_1068_IEO_NEU_XX_wav2lip,data\synthetic\track2_fakes\videos\FAKE_T2_1068_IEO_HAP_LO__AUDIO_1068_IEO_NEU_XX_wav2lip.mp4,1,done,wav2lip,1068,IEO,happy,neutral,yes
FAKE_T2_1068_IEO_HAP_MD__AUDIO_1068_IEO_NEU_XX_wav2lip,data\synthetic\track2_fakes\videos\FAKE_T2_1068_IEO_HAP_MD__AUDIO_1068_IEO_NEU_XX_wav2lip.mp4,1,done,wav2lip,1068,IEO,happy,neutral,yes
FAKE_T2_1068_IEO_NEU_XX__AUDIO_1068_IEO_SAD_HI_wav2lip,data\synthetic\track2_fakes\videos\FAKE_T2_1068_IEO_NEU_XX__AUDIO_1068_IEO_SAD_HI_wav2lip.mp4,1,done,wav2lip,1068,IEO,neutral,sad,yes
FAKE_T2_1068_IOM_ANG_XX__AUDIO_1068_IOM_DIS_XX_wav2lip,data\synthetic\track2_fakes\videos\FAKE_T2_1068_IOM_ANG_XX__AUDIO_1068_IOM_DIS_XX_wav2lip.mp4,1,done,wav2lip,1068,IOM,angry,disgust,yes
FAKE_T2_1068_IOM_DIS_XX__AUDIO_1068_IOM_FEA_XX_wav2lip,data\synthetic\track2_fakes\videos\FAKE_T2_1068_IOM_DIS_XX__AUDIO_1068_IOM_FEA_XX_wav2lip.mp4,1,done,wav2lip,1068,IOM,disgust,fear,yes
FAKE_T2_1068_IOM_FEA_XX__AUDIO_1068_IOM_HAP_XX_wav2lip,data\synthetic\track2_fakes\videos\FAKE_T2_1068_IOM_FEA_XX__AUDIO_1068_IOM_HAP_XX_wav2lip.mp4,1,done,wav2lip,1068,IOM,fear,happy,yes
FAKE_T2_1068_ITH_NEU_XX__AUDIO_1068_ITH_SAD_XX_wav2lip,data\synthetic\track2_fakes\videos\FAKE_T2_1068_ITH_NEU_XX__AUDIO_1068_ITH_SAD_XX_wav2lip.mp4,1,done,wav2lip,1068,ITH,neutral,sad,yes
FAKE_T2_1068_ITH_SAD_XX__AUDIO_1068_ITH_ANG_XX_wav2lip,data\synthetic\track2_fakes\videos\FAKE_T2_1068_ITH_SAD_XX__AUDIO_1068_ITH_ANG_XX_wav2lip.mp4,1,done,wav2lip,1068,ITH,sad,angry,yes
FAKE_T2_1068_ITS_NEU_XX__AUDIO_1068_ITS_SAD_XX_wav2lip,data\synthetic\track2_fakes\videos\FAKE_T2_1068_ITS_NEU_XX__AUDIO_1068_ITS_SAD_XX_wav2lip.mp4,1,done,wav2lip,1068,ITS,neutral,sad,yes
FAKE_T2_1068_IWL_HAP_XX__AUDIO_1068_IWL_NEU_XX_wav2lip,data\synthetic\track2_fakes\videos\FAKE_T2_1068_IWL_HAP_XX__AUDIO_1068_IWL_NEU_XX_wav2lip.mp4,1,done,wav2lip,1068,IWL,happy,neutral,yes
FAKE_T2_1068_IWL_SAD_XX__AUDIO_1068_IWL_ANG_XX_wav2lip,data\synthetic\track2_fakes\videos\FAKE_T2_1068_IWL_SAD_XX__AUDIO_1068_IWL_ANG_XX_wav2lip.mp4,1,done,wav2lip,1068,IWL,sad,angry,yes
FAKE_T2_1068_IWW_FEA_XX__AUDIO_1068_IWW_HAP_XX_wav2lip,data\synthetic\track2_fakes\videos\FAKE_T2_1068_IWW_FEA_XX__AUDIO_1068_IWW_HAP_XX_wav2lip.mp4,1,done,wav2lip,1068,IWW,fear,happy,yes
FAKE_T2_1068_IWW_HAP_XX__AUDIO_1068_IWW_NEU_XX_wav2lip,data\synthetic\track2_fakes\videos\FAKE_T2_1068_IWW_HAP_XX__AUDIO_1068_IWW_NEU_XX_wav2lip.mp4,1,done,wav2lip,1068,IWW,happy,neutral,yes
FAKE_T2_1068_MTI_ANG_XX__AUDIO_1068_MTI_DIS_XX_wav2lip,data\synthetic\track2_fakes\videos\FAKE_T2_1068_MTI_ANG_XX__AUDIO_1068_MTI_DIS_XX_wav2lip.mp4,1,done,wav2lip,1068,MTI,angry,disgust,yes
FAKE_T2_1068_MTI_FEA_XX__AUDIO_1068_MTI_HAP_XX_wav2lip,data\synthetic\track2_fakes\videos\FAKE_T2_1068_MTI_FEA_XX__AUDIO_1068_MTI_HAP_XX_wav2lip.mp4,1,done,wav2lip,1068,MTI,fear,happy,yes
FAKE_T2_1068_MTI_HAP_XX__AUDIO_1068_MTI_NEU_XX_wav2lip,data\synthetic\track2_fakes\videos\FAKE_T2_1068_MTI_HAP_XX__AUDIO_1068_MTI_NEU_XX_wav2lip.mp4,1,done,wav2lip,1068,MTI,happy,neutral,yes
FAKE_T2_1068_TAI_ANG_XX__AUDIO_1068_TAI_DIS_XX_wav2lip,data\synthetic\track2_fakes\videos\FAKE_T2_1068_TAI_ANG_XX__AUDIO_1068_TAI_DIS_XX_wav2lip.mp4,1,done,wav2lip,1068,TAI,angry,disgust,yes
FAKE_T2_1068_TAI_FEA_XX__AUDIO_1068_TAI_HAP_XX_wav2lip,data\synthetic\track2_fakes\videos\FAKE_T2_1068_TAI_FEA_XX__AUDIO_1068_TAI_HAP_XX_wav2lip.mp4,1,done,wav2lip,1068,TAI,fear,happy,yes
FAKE_T2_1068_TIE_FEA_XX__AUDIO_1068_TIE_HAP_XX_wav2lip,data\synthetic\track2_fakes\videos\FAKE_T2_1068_TIE_FEA_XX__AUDIO_1068_TIE_HAP_XX_wav2lip.mp4,1,done,wav2lip,1068,TIE,fear,happy,yes
FAKE_T2_1068_TSI_DIS_XX__AUDIO_1068_TSI_FEA_XX_wav2lip,data\synthetic\track2_fakes\videos\FAKE_T2_1068_TSI_DIS_XX__AUDIO_1068_TSI_FEA_XX_wav2lip.mp4,1,done,wav2lip,1068,TSI,disgust,fear,yes
FAKE_T2_1068_TSI_HAP_XX__AUDIO_1068_TSI_NEU_XX_wav2lip,data\synthetic\track2_fakes\videos\FAKE_T2_1068_TSI_HAP_XX__AUDIO_1068_TSI_NEU_XX_wav2lip.mp4,1,done,wav2lip,1068,TSI,happy,neutral,yes
FAKE_T2_1068_WSI_FEA_XX__AUDIO_1068_WSI_HAP_XX_wav2lip,data\synthetic\track2_fakes\videos\FAKE_T2_1068_WSI_FEA_XX__AUDIO_1068_WSI_HAP_XX_wav2lip.mp4,1,done,wav2lip,1068,WSI,fear,happy,yes
FAKE_T2_1068_WSI_HAP_XX__AUDIO_1068_WSI_NEU_XX_wav2lip,data\synthetic\track2_fakes\videos\FAKE_T2_1068_WSI_HAP_XX__AUDIO_1068_WSI_NEU_XX_wav2lip.mp4,1,done,wav2lip,1068,WSI,happy,neutral,yes
FAKE_T2_1069_DFA_ANG_XX__AUDIO_1069_DFA_DIS_XX_wav2lip,data\synthetic\track2_fakes\videos\FAKE_T2_1069_DFA_ANG_XX__AUDIO_1069_DFA_DIS_XX_wav2lip.mp4,1,done,wav2lip,1069,DFA,angry,disgust,yes
FAKE_T2_1069_DFA_FEA_XX__AUDIO_1069_DFA_HAP_XX_wav2lip,data\synthetic\track2_fakes\videos\FAKE_T2_1069_DFA_FEA_XX__AUDIO_1069_DFA_HAP_XX_wav2lip.mp4,1,done,wav2lip,1069,DFA,fear,happy,yes
FAKE_T2_1069_IEO_DIS_MD__AUDIO_1069_IEO_FEA_MD_wav2lip,data\synthetic\track2_fakes\videos\FAKE_T2_1069_IEO_DIS_MD__AUDIO_1069_IEO_FEA_MD_wav2lip.mp4,1,done,wav2lip,1069,IEO,disgust,fear,yes
FAKE_T2_1069_IEO_FEA_LO__AUDIO_1069_IEO_HAP_LO_wav2lip,data\synthetic\track2_fakes\videos\FAKE_T2_1069_IEO_FEA_LO__AUDIO_1069_IEO_HAP_LO_wav2lip.mp4,1,done,wav2lip,1069,IEO,fear,happy,yes
FAKE_T2_1069_IEO_HAP_LO__AUDIO_1069_IEO_NEU_XX_wav2lip,data\synthetic\track2_fakes\videos\FAKE_T2_1069_IEO_HAP_LO__AUDIO_1069_IEO_NEU_XX_wav2lip.mp4,1,done,wav2lip,1069,IEO,happy,neutral,yes
FAKE_T2_1069_IEO_NEU_XX__AUDIO_1069_IEO_SAD_HI_wav2lip,data\synthetic\track2_fakes\videos\FAKE_T2_1069_IEO_NEU_XX__AUDIO_1069_IEO_SAD_HI_wav2lip.mp4,1,done,wav2lip,1069,IEO,neutral,sad,yes
FAKE_T2_1069_IEO_SAD_MD__AUDIO_1069_IEO_ANG_MD_wav2lip,data\synthetic\track2_fakes\videos\FAKE_T2_1069_IEO_SAD_MD__AUDIO_1069_IEO_ANG_MD_wav2lip.mp4,1,done,wav2lip,1069,IEO,sad,angry,yes
FAKE_T2_1069_IOM_ANG_XX__AUDIO_1069_IOM_DIS_XX_wav2lip,data\synthetic\track2_fakes\videos\FAKE_T2_1069_IOM_ANG_XX__AUDIO_1069_IOM_DIS_XX_wav2lip.mp4,1,done,wav2lip,1069,IOM,angry,disgust,yes
FAKE_T2_1069_IOM_FEA_XX__AUDIO_1069_IOM_HAP_XX_wav2lip,data\synthetic\track2_fakes\videos\FAKE_T2_1069_IOM_FEA_XX__AUDIO_1069_IOM_HAP_XX_wav2lip.mp4,1,done,wav2lip,1069,IOM,fear,happy,yes
FAKE_T2_1069_IOM_HAP_XX__AUDIO_1069_IOM_NEU_XX_wav2lip,data\synthetic\track2_fakes\videos\FAKE_T2_1069_IOM_HAP_XX__AUDIO_1069_IOM_NEU_XX_wav2lip.mp4,1,done,wav2lip,1069,IOM,happy,neutral,yes
FAKE_T2_1069_ITH_DIS_XX__AUDIO_1069_ITH_FEA_XX_wav2lip,data\synthetic\track2_fakes\videos\FAKE_T2_1069_ITH_DIS_XX__AUDIO_1069_ITH_FEA_XX_wav2lip.mp4,1,done,wav2lip,1069,ITH,disgust,fear,yes
FAKE_T2_1069_ITH_FEA_XX__AUDIO_1069_ITH_HAP_XX_wav2lip,data\synthetic\track2_fakes\videos\FAKE_T2_1069_ITH_FEA_XX__AUDIO_1069_ITH_HAP_XX_wav2lip.mp4,1,done,wav2lip,1069,ITH,fear,happy,yes
FAKE_T2_1069_ITS_DIS_XX__AUDIO_1069_ITS_FEA_XX_wav2lip,data\synthetic\track2_fakes\videos\FAKE_T2_1069_ITS_DIS_XX__AUDIO_1069_ITS_FEA_XX_wav2lip.mp4,1,done,wav2lip,1069,ITS,disgust,fear,yes
FAKE_T2_1069_ITS_FEA_XX__AUDIO_1069_ITS_HAP_XX_wav2lip,data\synthetic\track2_fakes\videos\FAKE_T2_1069_ITS_FEA_XX__AUDIO_1069_ITS_HAP_XX_wav2lip.mp4,1,done,wav2lip,1069,ITS,fear,happy,yes
FAKE_T2_1069_ITS_NEU_XX__AUDIO_1069_ITS_SAD_XX_wav2lip,data\synthetic\track2_fakes\videos\FAKE_T2_1069_ITS_NEU_XX__AUDIO_1069_ITS_SAD_XX_wav2lip.mp4,1,done,wav2lip,1069,ITS,neutral,sad,yes
FAKE_T2_1069_IWL_DIS_XX__AUDIO_1069_IWL_FEA_XX_wav2lip,data\synthetic\track2_fakes\videos\FAKE_T2_1069_IWL_DIS_XX__AUDIO_1069_IWL_FEA_XX_wav2lip.mp4,1,done,wav2lip,1069,IWL,disgust,fear,yes
FAKE_T2_1069_IWW_SAD_XX__AUDIO_1069_IWW_ANG_XX_wav2lip,data\synthetic\track2_fakes\videos\FAKE_T2_1069_IWW_SAD_XX__AUDIO_1069_IWW_ANG_XX_wav2lip.mp4,1,done,wav2lip,1069,IWW,sad,angry,yes
FAKE_T2_1069_MTI_ANG_XX__AUDIO_1069_MTI_DIS_XX_wav2lip,data\synthetic\track2_fakes\videos\FAKE_T2_1069_MTI_ANG_XX__AUDIO_1069_MTI_DIS_XX_wav2lip.mp4,1,done,wav2lip,1069,MTI,angry,disgust,yes
FAKE_T2_1069_MTI_SAD_XX__AUDIO_1069_MTI_ANG_XX_wav2lip,data\synthetic\track2_fakes\videos\FAKE_T2_1069_MTI_SAD_XX__AUDIO_1069_MTI_ANG_XX_wav2lip.mp4,1,done,wav2lip,1069,MTI,sad,angry,yes
FAKE_T2_1069_TAI_ANG_XX__AUDIO_1069_TAI_DIS_XX_wav2lip,data\synthetic\track2_fakes\videos\FAKE_T2_1069_TAI_ANG_XX__AUDIO_1069_TAI_DIS_XX_wav2lip.mp4,1,done,wav2lip,1069,TAI,angry,disgust,yes
FAKE_T2_1069_TSI_DIS_XX__AUDIO_1069_TSI_FEA_XX_wav2lip,data\synthetic\track2_fakes\videos\FAKE_T2_1069_TSI_DIS_XX__AUDIO_1069_TSI_FEA_XX_wav2lip.mp4,1,done,wav2lip,1069,TSI,disgust,fear,yes
FAKE_T2_1069_TSI_HAP_XX__AUDIO_1069_TSI_NEU_XX_wav2lip,data\synthetic\track2_fakes\videos\FAKE_T2_1069_TSI_HAP_XX__AUDIO_1069_TSI_NEU_XX_wav2lip.mp4,1,done,wav2lip,1069,TSI,happy,neutral,yes
FAKE_T2_1069_WSI_ANG_XX__AUDIO_1069_WSI_DIS_XX_wav2lip,data\synthetic\track2_fakes\videos\FAKE_T2_1069_WSI_ANG_XX__AUDIO_1069_WSI_DIS_XX_wav2lip.mp4,1,done,wav2lip,1069,WSI,angry,disgust,yes
FAKE_T2_1069_WSI_FEA_XX__AUDIO_1069_WSI_HAP_XX_wav2lip,data\synthetic\track2_fakes\videos\FAKE_T2_1069_WSI_FEA_XX__AUDIO_1069_WSI_HAP_XX_wav2lip.mp4,1,done,wav2lip,1069,WSI,fear,happy,yes
FAKE_T2_1069_WSI_NEU_XX__AUDIO_1069_WSI_SAD_XX_wav2lip,data\synthetic\track2_fakes\videos\FAKE_T2_1069_WSI_NEU_XX__AUDIO_1069_WSI_SAD_XX_wav2lip.mp4,1,done,wav2lip,1069,WSI,neutral,sad,yes
FAKE_T2_1070_IEO_ANG_LO__AUDIO_1070_IEO_DIS_LO_wav2lip,data\synthetic\track2_fakes\videos\FAKE_T2_1070_IEO_ANG_LO__AUDIO_1070_IEO_DIS_LO_wav2lip.mp4,1,done,wav2lip,1070,IEO,angry,disgust,yes
FAKE_T2_1070_IEO_DIS_LO__AUDIO_1070_IEO_FEA_LO_wav2lip,data\synthetic\track2_fakes\videos\FAKE_T2_1070_IEO_DIS_LO__AUDIO_1070_IEO_FEA_LO_wav2lip.mp4,1,done,wav2lip,1070,IEO,disgust,fear,yes
FAKE_T2_1070_IEO_DIS_MD__AUDIO_1070_IEO_FEA_MD_wav2lip,data\synthetic\track2_fakes\videos\FAKE_T2_1070_IEO_DIS_MD__AUDIO_1070_IEO_FEA_MD_wav2lip.mp4,1,done,wav2lip,1070,IEO,disgust,fear,yes
FAKE_T2_1070_IEO_FEA_HI__AUDIO_1070_IEO_HAP_HI_wav2lip,data\synthetic\track2_fakes\videos\FAKE_T2_1070_IEO_FEA_HI__AUDIO_1070_IEO_HAP_HI_wav2lip.mp4,1,done,wav2lip,1070,IEO,fear,happy,yes
FAKE_T2_1070_IEO_FEA_LO__AUDIO_1070_IEO_HAP_LO_wav2lip,data\synthetic\track2_fakes\videos\FAKE_T2_1070_IEO_FEA_LO__AUDIO_1070_IEO_HAP_LO_wav2lip.mp4,1,done,wav2lip,1070,IEO,fear,happy,yes
FAKE_T2_1070_IEO_FEA_MD__AUDIO_1070_IEO_HAP_MD_wav2lip,data\synthetic\track2_fakes\videos\FAKE_T2_1070_IEO_FEA_MD__AUDIO_1070_IEO_HAP_MD_wav2lip.mp4,1,done,wav2lip,1070,IEO,fear,happy,yes
FAKE_T2_1070_IEO_HAP_HI__AUDIO_1070_IEO_NEU_XX_wav2lip,data\synthetic\track2_fakes\videos\FAKE_T2_1070_IEO_HAP_HI__AUDIO_1070_IEO_NEU_XX_wav2lip.mp4,1,done,wav2lip,1070,IEO,happy,neutral,yes
FAKE_T2_1070_IEO_HAP_MD__AUDIO_1070_IEO_NEU_XX_wav2lip,data\synthetic\track2_fakes\videos\FAKE_T2_1070_IEO_HAP_MD__AUDIO_1070_IEO_NEU_XX_wav2lip.mp4,1,done,wav2lip,1070,IEO,happy,neutral,yes
FAKE_T2_1070_IEO_NEU_XX__AUDIO_1070_IEO_SAD_HI_wav2lip,data\synthetic\track2_fakes\videos\FAKE_T2_1070_IEO_NEU_XX__AUDIO_1070_IEO_SAD_HI_wav2lip.mp4,1,done,wav2lip,1070,IEO,neutral,sad,yes
FAKE_T2_1070_IEO_SAD_HI__AUDIO_1070_IEO_ANG_HI_wav2lip,data\synthetic\track2_fakes\videos\FAKE_T2_1070_IEO_SAD_HI__AUDIO_1070_IEO_ANG_HI_wav2lip.mp4,1,done,wav2lip,1070,IEO,sad,angry,yes
FAKE_T2_1070_IEO_SAD_MD__AUDIO_1070_IEO_ANG_MD_wav2lip,data\synthetic\track2_fakes\videos\FAKE_T2_1070_IEO_SAD_MD__AUDIO_1070_IEO_ANG_MD_wav2lip.mp4,1,done,wav2lip,1070,IEO,sad,angry,yes
FAKE_T2_1070_IOM_DIS_XX__AUDIO_1070_IOM_FEA_XX_wav2lip,data\synthetic\track2_fakes\videos\FAKE_T2_1070_IOM_DIS_XX__AUDIO_1070_IOM_FEA_XX_wav2lip.mp4,1,done,wav2lip,1070,IOM,disgust,fear,yes
FAKE_T2_1070_IOM_SAD_XX__AUDIO_1070_IOM_ANG_XX_wav2lip,data\synthetic\track2_fakes\videos\FAKE_T2_1070_IOM_SAD_XX__AUDIO_1070_IOM_ANG_XX_wav2lip.mp4,1,done,wav2lip,1070,IOM,sad,angry,yes
FAKE_T2_1070_ITH_HAP_XX__AUDIO_1070_ITH_NEU_XX_wav2lip,data\synthetic\track2_fakes\videos\FAKE_T2_1070_ITH_HAP_XX__AUDIO_1070_ITH_NEU_XX_wav2lip.mp4,1,done,wav2lip,1070,ITH,happy,neutral,yes
FAKE_T2_1070_ITH_SAD_XX__AUDIO_1070_ITH_ANG_XX_wav2lip,data\synthetic\track2_fakes\videos\FAKE_T2_1070_ITH_SAD_XX__AUDIO_1070_ITH_ANG_XX_wav2lip.mp4,1,done,wav2lip,1070,ITH,sad,angry,yes
FAKE_T2_1070_ITS_HAP_XX__AUDIO_1070_ITS_NEU_XX_wav2lip,data\synthetic\track2_fakes\videos\FAKE_T2_1070_ITS_HAP_XX__AUDIO_1070_ITS_NEU_XX_wav2lip.mp4,1,done,wav2lip,1070,ITS,happy,neutral,yes
FAKE_T2_1070_ITS_SAD_XX__AUDIO_1070_ITS_ANG_XX_wav2lip,data\synthetic\track2_fakes\videos\FAKE_T2_1070_ITS_SAD_XX__AUDIO_1070_ITS_ANG_XX_wav2lip.mp4,1,done,wav2lip,1070,ITS,sad,angry,yes
FAKE_T2_1070_MTI_FEA_XX__AUDIO_1070_MTI_HAP_XX_wav2lip,data\synthetic\track2_fakes\videos\FAKE_T2_1070_MTI_FEA_XX__AUDIO_1070_MTI_HAP_XX_wav2lip.mp4,1,done,wav2lip,1070,MTI,fear,happy,yes
FAKE_T2_1070_MTI_NEU_XX__AUDIO_1070_MTI_SAD_XX_wav2lip,data\synthetic\track2_fakes\videos\FAKE_T2_1070_MTI_NEU_XX__AUDIO_1070_MTI_SAD_XX_wav2lip.mp4,1,done,wav2lip,1070,MTI,neutral,sad,yes
FAKE_T2_1070_MTI_SAD_XX__AUDIO_1070_MTI_ANG_XX_wav2lip,data\synthetic\track2_fakes\videos\FAKE_T2_1070_MTI_SAD_XX__AUDIO_1070_MTI_ANG_XX_wav2lip.mp4,1,done,wav2lip,1070,MTI,sad,angry,yes
FAKE_T2_1070_TIE_SAD_XX__AUDIO_1070_TIE_ANG_XX_wav2lip,data\synthetic\track2_fakes\videos\FAKE_T2_1070_TIE_SAD_XX__AUDIO_1070_TIE_ANG_XX_wav2lip.mp4,1,done,wav2lip,1070,TIE,sad,angry,yes
FAKE_T2_1070_TSI_DIS_XX__AUDIO_1070_TSI_FEA_XX_wav2lip,data\synthetic\track2_fakes\videos\FAKE_T2_1070_TSI_DIS_XX__AUDIO_1070_TSI_FEA_XX_wav2lip.mp4,1,done,wav2lip,1070,TSI,disgust,fear,yes
FAKE_T2_1070_TSI_HAP_XX__AUDIO_1070_TSI_NEU_XX_wav2lip,data\synthetic\track2_fakes\videos\FAKE_T2_1070_TSI_HAP_XX__AUDIO_1070_TSI_NEU_XX_wav2lip.mp4,1,done,wav2lip,1070,TSI,happy,neutral,yes
FAKE_T2_1070_TSI_SAD_XX__AUDIO_1070_TSI_ANG_XX_wav2lip,data\synthetic\track2_fakes\videos\FAKE_T2_1070_TSI_SAD_XX__AUDIO_1070_TSI_ANG_XX_wav2lip.mp4,1,done,wav2lip,1070,TSI,sad,angry,yes
FAKE_T2_1070_WSI_FEA_XX__AUDIO_1070_WSI_HAP_XX_wav2lip,data\synthetic\track2_fakes\videos\FAKE_T2_1070_WSI_FEA_XX__AUDIO_1070_WSI_HAP_XX_wav2lip.mp4,1,done,wav2lip,1070,WSI,fear,happy,yes
FAKE_T2_1071_IEO_DIS_LO__AUDIO_1071_IEO_FEA_LO_wav2lip,data\synthetic\track2_fakes\videos\FAKE_T2_1071_IEO_DIS_LO__AUDIO_1071_IEO_FEA_LO_wav2lip.mp4,1,done,wav2lip,1071,IEO,disgust,fear,yes
FAKE_T2_1071_IEO_FEA_MD__AUDIO_1071_IEO_HAP_MD_wav2lip,data\synthetic\track2_fakes\videos\FAKE_T2_1071_IEO_FEA_MD__AUDIO_1071_IEO_HAP_MD_wav2lip.mp4,1,done,wav2lip,1071,IEO,fear,happy,yes
FAKE_T2_1071_IEO_HAP_MD__AUDIO_1071_IEO_NEU_XX_wav2lip,data\synthetic\track2_fakes\videos\FAKE_T2_1071_IEO_HAP_MD__AUDIO_1071_IEO_NEU_XX_wav2lip.mp4,1,done,wav2lip,1071,IEO,happy,neutral,yes
FAKE_T2_1071_IEO_SAD_LO__AUDIO_1071_IEO_ANG_LO_wav2lip,data\synthetic\track2_fakes\videos\FAKE_T2_1071_IEO_SAD_LO__AUDIO_1071_IEO_ANG_LO_wav2lip.mp4,1,done,wav2lip,1071,IEO,sad,angry,yes
FAKE_T2_1071_IOM_DIS_XX__AUDIO_1071_IOM_FEA_XX_wav2lip,data\synthetic\track2_fakes\videos\FAKE_T2_1071_IOM_DIS_XX__AUDIO_1071_IOM_FEA_XX_wav2lip.mp4,1,done,wav2lip,1071,IOM,disgust,fear,yes
FAKE_T2_1071_ITH_ANG_XX__AUDIO_1071_ITH_DIS_XX_wav2lip,data\synthetic\track2_fakes\videos\FAKE_T2_1071_ITH_ANG_XX__AUDIO_1071_ITH_DIS_XX_wav2lip.mp4,1,done,wav2lip,1071,ITH,angry,disgust,yes
FAKE_T2_1071_ITH_NEU_XX__AUDIO_1071_ITH_SAD_XX_wav2lip,data\synthetic\track2_fakes\videos\FAKE_T2_1071_ITH_NEU_XX__AUDIO_1071_ITH_SAD_XX_wav2lip.mp4,1,done,wav2lip,1071,ITH,neutral,sad,yes
FAKE_T2_1071_ITS_HAP_XX__AUDIO_1071_ITS_NEU_XX_wav2lip,data\synthetic\track2_fakes\videos\FAKE_T2_1071_ITS_HAP_XX__AUDIO_1071_ITS_NEU_XX_wav2lip.mp4,1,done,wav2lip,1071,ITS,happy,neutral,yes
FAKE_T2_1071_IWL_ANG_XX__AUDIO_1071_IWL_DIS_XX_wav2lip,data\synthetic\track2_fakes\videos\FAKE_T2_1071_IWL_ANG_XX__AUDIO_1071_IWL_DIS_XX_wav2lip.mp4,1,done,wav2lip,1071,IWL,angry,disgust,yes
FAKE_T2_1071_IWW_DIS_XX__AUDIO_1071_IWW_FEA_XX_wav2lip,data\synthetic\track2_fakes\videos\FAKE_T2_1071_IWW_DIS_XX__AUDIO_1071_IWW_FEA_XX_wav2lip.mp4,1,done,wav2lip,1071,IWW,disgust,fear,yes
FAKE_T2_1071_IWW_HAP_XX__AUDIO_1071_IWW_NEU_XX_wav2lip,data\synthetic\track2_fakes\videos\FAKE_T2_1071_IWW_HAP_XX__AUDIO_1071_IWW_NEU_XX_wav2lip.mp4,1,done,wav2lip,1071,IWW,happy,neutral,yes
FAKE_T2_1071_MTI_DIS_XX__AUDIO_1071_MTI_FEA_XX_wav2lip,data\synthetic\track2_fakes\videos\FAKE_T2_1071_MTI_DIS_XX__AUDIO_1071_MTI_FEA_XX_wav2lip.mp4,1,done,wav2lip,1071,MTI,disgust,fear,yes
FAKE_T2_1071_TAI_FEA_XX__AUDIO_1071_TAI_HAP_XX_wav2lip,data\synthetic\track2_fakes\videos\FAKE_T2_1071_TAI_FEA_XX__AUDIO_1071_TAI_HAP_XX_wav2lip.mp4,1,done,wav2lip,1071,TAI,fear,happy,yes
FAKE_T2_1071_TAI_NEU_XX__AUDIO_1071_TAI_SAD_XX_wav2lip,data\synthetic\track2_fakes\videos\FAKE_T2_1071_TAI_NEU_XX__AUDIO_1071_TAI_SAD_XX_wav2lip.mp4,1,done,wav2lip,1071,TAI,neutral,sad,yes
FAKE_T2_1071_TAI_SAD_XX__AUDIO_1071_TAI_ANG_XX_wav2lip,data\synthetic\track2_fakes\videos\FAKE_T2_1071_TAI_SAD_XX__AUDIO_1071_TAI_ANG_XX_wav2lip.mp4,1,done,wav2lip,1071,TAI,sad,angry,yes
FAKE_T2_1071_TIE_ANG_XX__AUDIO_1071_TIE_DIS_XX_wav2lip,data\synthetic\track2_fakes\videos\FAKE_T2_1071_TIE_ANG_XX__AUDIO_1071_TIE_DIS_XX_wav2lip.mp4,1,done,wav2lip,1071,TIE,angry,disgust,yes
FAKE_T2_1071_TIE_DIS_XX__AUDIO_1071_TIE_FEA_XX_wav2lip,data\synthetic\track2_fakes\videos\FAKE_T2_1071_TIE_DIS_XX__AUDIO_1071_TIE_FEA_XX_wav2lip.mp4,1,done,wav2lip,1071,TIE,disgust,fear,yes
FAKE_T2_1071_TIE_HAP_XX__AUDIO_1071_TIE_NEU_XX_wav2lip,data\synthetic\track2_fakes\videos\FAKE_T2_1071_TIE_HAP_XX__AUDIO_1071_TIE_NEU_XX_wav2lip.mp4,1,done,wav2lip,1071,TIE,happy,neutral,yes
FAKE_T2_1071_TIE_NEU_XX__AUDIO_1071_TIE_SAD_XX_wav2lip,data\synthetic\track2_fakes\videos\FAKE_T2_1071_TIE_NEU_XX__AUDIO_1071_TIE_SAD_XX_wav2lip.mp4,1,done,wav2lip,1071,TIE,neutral,sad,yes
FAKE_T2_1071_TIE_SAD_XX__AUDIO_1071_TIE_ANG_XX_wav2lip,data\synthetic\track2_fakes\videos\FAKE_T2_1071_TIE_SAD_XX__AUDIO_1071_TIE_ANG_XX_wav2lip.mp4,1,done,wav2lip,1071,TIE,sad,angry,yes
FAKE_T2_1071_TSI_ANG_XX__AUDIO_1071_TSI_DIS_XX_wav2lip,data\synthetic\track2_fakes\videos\FAKE_T2_1071_TSI_ANG_XX__AUDIO_1071_TSI_DIS_XX_wav2lip.mp4,1,done,wav2lip,1071,TSI,angry,disgust,yes
FAKE_T2_1071_TSI_SAD_XX__AUDIO_1071_TSI_ANG_XX_wav2lip,data\synthetic\track2_fakes\videos\FAKE_T2_1071_TSI_SAD_XX__AUDIO_1071_TSI_ANG_XX_wav2lip.mp4,1,done,wav2lip,1071,TSI,sad,angry,yes
FAKE_T2_1071_WSI_HAP_XX__AUDIO_1071_WSI_NEU_XX_wav2lip,data\synthetic\track2_fakes\videos\FAKE_T2_1071_WSI_HAP_XX__AUDIO_1071_WSI_NEU_XX_wav2lip.mp4,1,done,wav2lip,1071,WSI,happy,neutral,yes
FAKE_T2_1071_WSI_NEU_XX__AUDIO_1071_WSI_SAD_XX_wav2lip,data\synthetic\track2_fakes\videos\FAKE_T2_1071_WSI_NEU_XX__AUDIO_1071_WSI_SAD_XX_wav2lip.mp4,1,done,wav2lip,1071,WSI,neutral,sad,yes
FAKE_T2_1071_WSI_SAD_XX__AUDIO_1071_WSI_ANG_XX_wav2lip,data\synthetic\track2_fakes\videos\FAKE_T2_1071_WSI_SAD_XX__AUDIO_1071_WSI_ANG_XX_wav2lip.mp4,1,done,wav2lip,1071,WSI,sad,angry,yes
FAKE_T2_1072_DFA_FEA_XX__AUDIO_1072_DFA_HAP_XX_wav2lip,data\synthetic\track2_fakes\videos\FAKE_T2_1072_DFA_FEA_XX__AUDIO_1072_DFA_HAP_XX_wav2lip.mp4,1,done,wav2lip,1072,DFA,fear,happy,yes
FAKE_T2_1072_DFA_HAP_XX__AUDIO_1072_DFA_NEU_XX_wav2lip,data\synthetic\track2_fakes\videos\FAKE_T2_1072_DFA_HAP_XX__AUDIO_1072_DFA_NEU_XX_wav2lip.mp4,1,done,wav2lip,1072,DFA,happy,neutral,yes
FAKE_T2_1072_IEO_ANG_LO__AUDIO_1072_IEO_DIS_LO_wav2lip,data\synthetic\track2_fakes\videos\FAKE_T2_1072_IEO_ANG_LO__AUDIO_1072_IEO_DIS_LO_wav2lip.mp4,1,done,wav2lip,1072,IEO,angry,disgust,yes
FAKE_T2_1072_IEO_DIS_MD__AUDIO_1072_IEO_FEA_MD_wav2lip,data\synthetic\track2_fakes\videos\FAKE_T2_1072_IEO_DIS_MD__AUDIO_1072_IEO_FEA_MD_wav2lip.mp4,1,done,wav2lip,1072,IEO,disgust,fear,yes
FAKE_T2_1072_IEO_FEA_HI__AUDIO_1072_IEO_HAP_HI_wav2lip,data\synthetic\track2_fakes\videos\FAKE_T2_1072_IEO_FEA_HI__AUDIO_1072_IEO_HAP_HI_wav2lip.mp4,1,done,wav2lip,1072,IEO,fear,happy,yes
FAKE_T2_1072_IEO_FEA_MD__AUDIO_1072_IEO_HAP_MD_wav2lip,data\synthetic\track2_fakes\videos\FAKE_T2_1072_IEO_FEA_MD__AUDIO_1072_IEO_HAP_MD_wav2lip.mp4,1,done,wav2lip,1072,IEO,fear,happy,yes
FAKE_T2_1072_IEO_HAP_HI__AUDIO_1072_IEO_NEU_XX_wav2lip,data\synthetic\track2_fakes\videos\FAKE_T2_1072_IEO_HAP_HI__AUDIO_1072_IEO_NEU_XX_wav2lip.mp4,1,done,wav2lip,1072,IEO,happy,neutral,yes
FAKE_T2_1072_IEO_SAD_HI__AUDIO_1072_IEO_ANG_HI_wav2lip,data\synthetic\track2_fakes\videos\FAKE_T2_1072_IEO_SAD_HI__AUDIO_1072_IEO_ANG_HI_wav2lip.mp4,1,done,wav2lip,1072,IEO,sad,angry,yes
FAKE_T2_1072_IOM_DIS_XX__AUDIO_1072_IOM_FEA_XX_wav2lip,data\synthetic\track2_fakes\videos\FAKE_T2_1072_IOM_DIS_XX__AUDIO_1072_IOM_FEA_XX_wav2lip.mp4,1,done,wav2lip,1072,IOM,disgust,fear,yes
FAKE_T2_1072_ITH_ANG_XX__AUDIO_1072_ITH_DIS_XX_wav2lip,data\synthetic\track2_fakes\videos\FAKE_T2_1072_ITH_ANG_XX__AUDIO_1072_ITH_DIS_XX_wav2lip.mp4,1,done,wav2lip,1072,ITH,angry,disgust,yes
FAKE_T2_1072_ITH_FEA_XX__AUDIO_1072_ITH_HAP_XX_wav2lip,data\synthetic\track2_fakes\videos\FAKE_T2_1072_ITH_FEA_XX__AUDIO_1072_ITH_HAP_XX_wav2lip.mp4,1,done,wav2lip,1072,ITH,fear,happy,yes
FAKE_T2_1072_ITH_SAD_XX__AUDIO_1072_ITH_ANG_XX_wav2lip,data\synthetic\track2_fakes\videos\FAKE_T2_1072_ITH_SAD_XX__AUDIO_1072_ITH_ANG_XX_wav2lip.mp4,1,done,wav2lip,1072,ITH,sad,angry,yes
FAKE_T2_1072_ITS_DIS_XX__AUDIO_1072_ITS_FEA_XX_wav2lip,data\synthetic\track2_fakes\videos\FAKE_T2_1072_ITS_DIS_XX__AUDIO_1072_ITS_FEA_XX_wav2lip.mp4,1,done,wav2lip,1072,ITS,disgust,fear,yes
FAKE_T2_1072_IWL_FEA_XX__AUDIO_1072_IWL_HAP_XX_wav2lip,data\synthetic\track2_fakes\videos\FAKE_T2_1072_IWL_FEA_XX__AUDIO_1072_IWL_HAP_XX_wav2lip.mp4,1,done,wav2lip,1072,IWL,fear,happy,yes
FAKE_T2_1072_IWW_DIS_XX__AUDIO_1072_IWW_FEA_XX_wav2lip,data\synthetic\track2_fakes\videos\FAKE_T2_1072_IWW_DIS_XX__AUDIO_1072_IWW_FEA_XX_wav2lip.mp4,1,done,wav2lip,1072,IWW,disgust,fear,yes
FAKE_T2_1072_IWW_FEA_XX__AUDIO_1072_IWW_HAP_XX_wav2lip,data\synthetic\track2_fakes\videos\FAKE_T2_1072_IWW_FEA_XX__AUDIO_1072_IWW_HAP_XX_wav2lip.mp4,1,done,wav2lip,1072,IWW,fear,happy,yes
FAKE_T2_1072_IWW_NEU_XX__AUDIO_1072_IWW_SAD_XX_wav2lip,data\synthetic\track2_fakes\videos\FAKE_T2_1072_IWW_NEU_XX__AUDIO_1072_IWW_SAD_XX_wav2lip.mp4,1,done,wav2lip,1072,IWW,neutral,sad,yes
FAKE_T2_1072_MTI_DIS_XX__AUDIO_1072_MTI_FEA_XX_wav2lip,data\synthetic\track2_fakes\videos\FAKE_T2_1072_MTI_DIS_XX__AUDIO_1072_MTI_FEA_XX_wav2lip.mp4,1,done,wav2lip,1072,MTI,disgust,fear,yes
FAKE_T2_1072_TAI_ANG_XX__AUDIO_1072_TAI_DIS_XX_wav2lip,data\synthetic\track2_fakes\videos\FAKE_T2_1072_TAI_ANG_XX__AUDIO_1072_TAI_DIS_XX_wav2lip.mp4,1,done,wav2lip,1072,TAI,angry,disgust,yes
FAKE_T2_1072_TAI_SAD_XX__AUDIO_1072_TAI_ANG_XX_wav2lip,data\synthetic\track2_fakes\videos\FAKE_T2_1072_TAI_SAD_XX__AUDIO_1072_TAI_ANG_XX_wav2lip.mp4,1,done,wav2lip,1072,TAI,sad,angry,yes
FAKE_T2_1072_TIE_HAP_XX__AUDIO_1072_TIE_NEU_XX_wav2lip,data\synthetic\track2_fakes\videos\FAKE_T2_1072_TIE_HAP_XX__AUDIO_1072_TIE_NEU_XX_wav2lip.mp4,1,done,wav2lip,1072,TIE,happy,neutral,yes
FAKE_T2_1072_TSI_HAP_XX__AUDIO_1072_TSI_NEU_XX_wav2lip,data\synthetic\track2_fakes\videos\FAKE_T2_1072_TSI_HAP_XX__AUDIO_1072_TSI_NEU_XX_wav2lip.mp4,1,done,wav2lip,1072,TSI,happy,neutral,yes
FAKE_T2_1072_WSI_ANG_XX__AUDIO_1072_WSI_DIS_XX_wav2lip,data\synthetic\track2_fakes\videos\FAKE_T2_1072_WSI_ANG_XX__AUDIO_1072_WSI_DIS_XX_wav2lip.mp4,1,done,wav2lip,1072,WSI,angry,disgust,yes
FAKE_T2_1072_WSI_DIS_XX__AUDIO_1072_WSI_FEA_XX_wav2lip,data\synthetic\track2_fakes\videos\FAKE_T2_1072_WSI_DIS_XX__AUDIO_1072_WSI_FEA_XX_wav2lip.mp4,1,done,wav2lip,1072,WSI,disgust,fear,yes
FAKE_T2_1072_WSI_SAD_XX__AUDIO_1072_WSI_ANG_XX_wav2lip,data\synthetic\track2_fakes\videos\FAKE_T2_1072_WSI_SAD_XX__AUDIO_1072_WSI_ANG_XX_wav2lip.mp4,1,done,wav2lip,1072,WSI,sad,angry,yes
FAKE_T2_1073_DFA_ANG_XX__AUDIO_1073_DFA_DIS_XX_wav2lip,data\synthetic\track2_fakes\videos\FAKE_T2_1073_DFA_ANG_XX__AUDIO_1073_DFA_DIS_XX_wav2lip.mp4,1,done,wav2lip,1073,DFA,angry,disgust,yes
FAKE_T2_1073_DFA_DIS_XX__AUDIO_1073_DFA_FEA_XX_wav2lip,data\synthetic\track2_fakes\videos\FAKE_T2_1073_DFA_DIS_XX__AUDIO_1073_DFA_FEA_XX_wav2lip.mp4,1,done,wav2lip,1073,DFA,disgust,fear,yes
FAKE_T2_1073_DFA_NEU_XX__AUDIO_1073_DFA_SAD_XX_wav2lip,data\synthetic\track2_fakes\videos\FAKE_T2_1073_DFA_NEU_XX__AUDIO_1073_DFA_SAD_XX_wav2lip.mp4,1,done,wav2lip,1073,DFA,neutral,sad,yes
FAKE_T2_1073_DFA_SAD_XX__AUDIO_1073_DFA_ANG_XX_wav2lip,data\synthetic\track2_fakes\videos\FAKE_T2_1073_DFA_SAD_XX__AUDIO_1073_DFA_ANG_XX_wav2lip.mp4,1,done,wav2lip,1073,DFA,sad,angry,yes
FAKE_T2_1073_IEO_ANG_MD__AUDIO_1073_IEO_DIS_MD_wav2lip,data\synthetic\track2_fakes\videos\FAKE_T2_1073_IEO_ANG_MD__AUDIO_1073_IEO_DIS_MD_wav2lip.mp4,1,done,wav2lip,1073,IEO,angry,disgust,yes
FAKE_T2_1073_IEO_HAP_HI__AUDIO_1073_IEO_NEU_XX_wav2lip,data\synthetic\track2_fakes\videos\FAKE_T2_1073_IEO_HAP_HI__AUDIO_1073_IEO_NEU_XX_wav2lip.mp4,1,done,wav2lip,1073,IEO,happy,neutral,yes
FAKE_T2_1073_IEO_NEU_XX__AUDIO_1073_IEO_SAD_HI_wav2lip,data\synthetic\track2_fakes\videos\FAKE_T2_1073_IEO_NEU_XX__AUDIO_1073_IEO_SAD_HI_wav2lip.mp4,1,done,wav2lip,1073,IEO,neutral,sad,yes
FAKE_T2_1073_IEO_SAD_HI__AUDIO_1073_IEO_ANG_HI_wav2lip,data\synthetic\track2_fakes\videos\FAKE_T2_1073_IEO_SAD_HI__AUDIO_1073_IEO_ANG_HI_wav2lip.mp4,1,done,wav2lip,1073,IEO,sad,angry,yes
FAKE_T2_1073_IEO_SAD_MD__AUDIO_1073_IEO_ANG_MD_wav2lip,data\synthetic\track2_fakes\videos\FAKE_T2_1073_IEO_SAD_MD__AUDIO_1073_IEO_ANG_MD_wav2lip.mp4,1,done,wav2lip,1073,IEO,sad,angry,yes
FAKE_T2_1073_ITH_DIS_XX__AUDIO_1073_ITH_FEA_XX_wav2lip,data\synthetic\track2_fakes\videos\FAKE_T2_1073_ITH_DIS_XX__AUDIO_1073_ITH_FEA_XX_wav2lip.mp4,1,done,wav2lip,1073,ITH,disgust,fear,yes
FAKE_T2_1073_IWL_ANG_XX__AUDIO_1073_IWL_DIS_XX_wav2lip,data\synthetic\track2_fakes\videos\FAKE_T2_1073_IWL_ANG_XX__AUDIO_1073_IWL_DIS_XX_wav2lip.mp4,1,done,wav2lip,1073,IWL,angry,disgust,yes
FAKE_T2_1073_IWL_FEA_XX__AUDIO_1073_IWL_HAP_XX_wav2lip,data\synthetic\track2_fakes\videos\FAKE_T2_1073_IWL_FEA_XX__AUDIO_1073_IWL_HAP_XX_wav2lip.mp4,1,done,wav2lip,1073,IWL,fear,happy,yes
FAKE_T2_1073_IWL_NEU_XX__AUDIO_1073_IWL_SAD_XX_wav2lip,data\synthetic\track2_fakes\videos\FAKE_T2_1073_IWL_NEU_XX__AUDIO_1073_IWL_SAD_XX_wav2lip.mp4,1,done,wav2lip,1073,IWL,neutral,sad,yes
FAKE_T2_1073_IWW_FEA_XX__AUDIO_1073_IWW_HAP_XX_wav2lip,data\synthetic\track2_fakes\videos\FAKE_T2_1073_IWW_FEA_XX__AUDIO_1073_IWW_HAP_XX_wav2lip.mp4,1,done,wav2lip,1073,IWW,fear,happy,yes
FAKE_T2_1073_IWW_NEU_XX__AUDIO_1073_IWW_SAD_XX_wav2lip,data\synthetic\track2_fakes\videos\FAKE_T2_1073_IWW_NEU_XX__AUDIO_1073_IWW_SAD_XX_wav2lip.mp4,1,done,wav2lip,1073,IWW,neutral,sad,yes
FAKE_T2_1073_IWW_SAD_XX__AUDIO_1073_IWW_ANG_XX_wav2lip,data\synthetic\track2_fakes\videos\FAKE_T2_1073_IWW_SAD_XX__AUDIO_1073_IWW_ANG_XX_wav2lip.mp4,1,done,wav2lip,1073,IWW,sad,angry,yes
FAKE_T2_1073_MTI_ANG_XX__AUDIO_1073_MTI_DIS_XX_wav2lip,data\synthetic\track2_fakes\videos\FAKE_T2_1073_MTI_ANG_XX__AUDIO_1073_MTI_DIS_XX_wav2lip.mp4,1,done,wav2lip,1073,MTI,angry,disgust,yes
FAKE_T2_1073_MTI_NEU_XX__AUDIO_1073_MTI_SAD_XX_wav2lip,data\synthetic\track2_fakes\videos\FAKE_T2_1073_MTI_NEU_XX__AUDIO_1073_MTI_SAD_XX_wav2lip.mp4,1,done,wav2lip,1073,MTI,neutral,sad,yes
FAKE_T2_1073_MTI_SAD_XX__AUDIO_1073_MTI_ANG_XX_wav2lip,data\synthetic\track2_fakes\videos\FAKE_T2_1073_MTI_SAD_XX__AUDIO_1073_MTI_ANG_XX_wav2lip.mp4,1,done,wav2lip,1073,MTI,sad,angry,yes
FAKE_T2_1073_TIE_ANG_XX__AUDIO_1073_TIE_DIS_XX_wav2lip,data\synthetic\track2_fakes\videos\FAKE_T2_1073_TIE_ANG_XX__AUDIO_1073_TIE_DIS_XX_wav2lip.mp4,1,done,wav2lip,1073,TIE,angry,disgust,yes
FAKE_T2_1073_TIE_HAP_XX__AUDIO_1073_TIE_NEU_XX_wav2lip,data\synthetic\track2_fakes\videos\FAKE_T2_1073_TIE_HAP_XX__AUDIO_1073_TIE_NEU_XX_wav2lip.mp4,1,done,wav2lip,1073,TIE,happy,neutral,yes
FAKE_T2_1073_TSI_DIS_XX__AUDIO_1073_TSI_FEA_XX_wav2lip,data\synthetic\track2_fakes\videos\FAKE_T2_1073_TSI_DIS_XX__AUDIO_1073_TSI_FEA_XX_wav2lip.mp4,1,done,wav2lip,1073,TSI,disgust,fear,yes
FAKE_T2_1073_TSI_NEU_XX__AUDIO_1073_TSI_SAD_XX_wav2lip,data\synthetic\track2_fakes\videos\FAKE_T2_1073_TSI_NEU_XX__AUDIO_1073_TSI_SAD_XX_wav2lip.mp4,1,done,wav2lip,1073,TSI,neutral,sad,yes
FAKE_T2_1073_TSI_SAD_XX__AUDIO_1073_TSI_ANG_XX_wav2lip,data\synthetic\track2_fakes\videos\FAKE_T2_1073_TSI_SAD_XX__AUDIO_1073_TSI_ANG_XX_wav2lip.mp4,1,done,wav2lip,1073,TSI,sad,angry,yes
FAKE_T2_1073_WSI_FEA_XX__AUDIO_1073_WSI_HAP_XX_wav2lip,data\synthetic\track2_fakes\videos\FAKE_T2_1073_WSI_FEA_XX__AUDIO_1073_WSI_HAP_XX_wav2lip.mp4,1,done,wav2lip,1073,WSI,fear,happy,yes
FAKE_T2_1074_DFA_DIS_XX__AUDIO_1074_DFA_FEA_XX_wav2lip,data\synthetic\track2_fakes\videos\FAKE_T2_1074_DFA_DIS_XX__AUDIO_1074_DFA_FEA_XX_wav2lip.mp4,1,done,wav2lip,1074,DFA,disgust,fear,yes
FAKE_T2_1074_DFA_FEA_XX__AUDIO_1074_DFA_HAP_XX_wav2lip,data\synthetic\track2_fakes\videos\FAKE_T2_1074_DFA_FEA_XX__AUDIO_1074_DFA_HAP_XX_wav2lip.mp4,1,done,wav2lip,1074,DFA,fear,happy,yes
FAKE_T2_1074_DFA_HAP_XX__AUDIO_1074_DFA_NEU_XX_wav2lip,data\synthetic\track2_fakes\videos\FAKE_T2_1074_DFA_HAP_XX__AUDIO_1074_DFA_NEU_XX_wav2lip.mp4,1,done,wav2lip,1074,DFA,happy,neutral,yes
FAKE_T2_1074_DFA_NEU_XX__AUDIO_1074_DFA_SAD_XX_wav2lip,data\synthetic\track2_fakes\videos\FAKE_T2_1074_DFA_NEU_XX__AUDIO_1074_DFA_SAD_XX_wav2lip.mp4,1,done,wav2lip,1074,DFA,neutral,sad,yes
FAKE_T2_1074_DFA_SAD_XX__AUDIO_1074_DFA_ANG_XX_wav2lip,data\synthetic\track2_fakes\videos\FAKE_T2_1074_DFA_SAD_XX__AUDIO_1074_DFA_ANG_XX_wav2lip.mp4,1,done,wav2lip,1074,DFA,sad,angry,yes
FAKE_T2_1074_IEO_DIS_HI__AUDIO_1074_IEO_FEA_HI_wav2lip,data\synthetic\track2_fakes\videos\FAKE_T2_1074_IEO_DIS_HI__AUDIO_1074_IEO_FEA_HI_wav2lip.mp4,1,done,wav2lip,1074,IEO,disgust,fear,yes
FAKE_T2_1074_IEO_SAD_HI__AUDIO_1074_IEO_ANG_HI_wav2lip,data\synthetic\track2_fakes\videos\FAKE_T2_1074_IEO_SAD_HI__AUDIO_1074_IEO_ANG_HI_wav2lip.mp4,1,done,wav2lip,1074,IEO,sad,angry,yes
FAKE_T2_1074_IEO_SAD_LO__AUDIO_1074_IEO_ANG_LO_wav2lip,data\synthetic\track2_fakes\videos\FAKE_T2_1074_IEO_SAD_LO__AUDIO_1074_IEO_ANG_LO_wav2lip.mp4,1,done,wav2lip,1074,IEO,sad,angry,yes
FAKE_T2_1074_ITH_ANG_XX__AUDIO_1074_ITH_DIS_XX_wav2lip,data\synthetic\track2_fakes\videos\FAKE_T2_1074_ITH_ANG_XX__AUDIO_1074_ITH_DIS_XX_wav2lip.mp4,1,done,wav2lip,1074,ITH,angry,disgust,yes
FAKE_T2_1074_ITH_DIS_XX__AUDIO_1074_ITH_FEA_XX_wav2lip,data\synthetic\track2_fakes\videos\FAKE_T2_1074_ITH_DIS_XX__AUDIO_1074_ITH_FEA_XX_wav2lip.mp4,1,done,wav2lip,1074,ITH,disgust,fear,yes
FAKE_T2_1074_ITH_HAP_XX__AUDIO_1074_ITH_NEU_XX_wav2lip,data\synthetic\track2_fakes\videos\FAKE_T2_1074_ITH_HAP_XX__AUDIO_1074_ITH_NEU_XX_wav2lip.mp4,1,done,wav2lip,1074,ITH,happy,neutral,yes
FAKE_T2_1074_ITH_SAD_XX__AUDIO_1074_ITH_ANG_XX_wav2lip,data\synthetic\track2_fakes\videos\FAKE_T2_1074_ITH_SAD_XX__AUDIO_1074_ITH_ANG_XX_wav2lip.mp4,1,done,wav2lip,1074,ITH,sad,angry,yes
FAKE_T2_1074_ITS_DIS_XX__AUDIO_1074_ITS_FEA_XX_wav2lip,data\synthetic\track2_fakes\videos\FAKE_T2_1074_ITS_DIS_XX__AUDIO_1074_ITS_FEA_XX_wav2lip.mp4,1,done,wav2lip,1074,ITS,disgust,fear,yes
FAKE_T2_1074_ITS_HAP_XX__AUDIO_1074_ITS_NEU_XX_wav2lip,data\synthetic\track2_fakes\videos\FAKE_T2_1074_ITS_HAP_XX__AUDIO_1074_ITS_NEU_XX_wav2lip.mp4,1,done,wav2lip,1074,ITS,happy,neutral,yes
FAKE_T2_1074_IWW_FEA_XX__AUDIO_1074_IWW_HAP_XX_wav2lip,data\synthetic\track2_fakes\videos\FAKE_T2_1074_IWW_FEA_XX__AUDIO_1074_IWW_HAP_XX_wav2lip.mp4,1,done,wav2lip,1074,IWW,fear,happy,yes
FAKE_T2_1074_IWW_NEU_XX__AUDIO_1074_IWW_SAD_XX_wav2lip,data\synthetic\track2_fakes\videos\FAKE_T2_1074_IWW_NEU_XX__AUDIO_1074_IWW_SAD_XX_wav2lip.mp4,1,done,wav2lip,1074,IWW,neutral,sad,yes
FAKE_T2_1074_MTI_DIS_XX__AUDIO_1074_MTI_FEA_XX_wav2lip,data\synthetic\track2_fakes\videos\FAKE_T2_1074_MTI_DIS_XX__AUDIO_1074_MTI_FEA_XX_wav2lip.mp4,1,done,wav2lip,1074,MTI,disgust,fear,yes
FAKE_T2_1074_MTI_NEU_XX__AUDIO_1074_MTI_SAD_XX_wav2lip,data\synthetic\track2_fakes\videos\FAKE_T2_1074_MTI_NEU_XX__AUDIO_1074_MTI_SAD_XX_wav2lip.mp4,1,done,wav2lip,1074,MTI,neutral,sad,yes
FAKE_T2_1074_TAI_DIS_XX__AUDIO_1074_TAI_FEA_XX_wav2lip,data\synthetic\track2_fakes\videos\FAKE_T2_1074_TAI_DIS_XX__AUDIO_1074_TAI_FEA_XX_wav2lip.mp4,1,done,wav2lip,1074,TAI,disgust,fear,yes
FAKE_T2_1074_TAI_NEU_XX__AUDIO_1074_TAI_SAD_XX_wav2lip,data\synthetic\track2_fakes\videos\FAKE_T2_1074_TAI_NEU_XX__AUDIO_1074_TAI_SAD_XX_wav2lip.mp4,1,done,wav2lip,1074,TAI,neutral,sad,yes
FAKE_T2_1074_TAI_SAD_XX__AUDIO_1074_TAI_ANG_XX_wav2lip,data\synthetic\track2_fakes\videos\FAKE_T2_1074_TAI_SAD_XX__AUDIO_1074_TAI_ANG_XX_wav2lip.mp4,1,done,wav2lip,1074,TAI,sad,angry,yes
FAKE_T2_1074_TIE_HAP_XX__AUDIO_1074_TIE_NEU_XX_wav2lip,data\synthetic\track2_fakes\videos\FAKE_T2_1074_TIE_HAP_XX__AUDIO_1074_TIE_NEU_XX_wav2lip.mp4,1,done,wav2lip,1074,TIE,happy,neutral,yes
FAKE_T2_1074_TSI_ANG_XX__AUDIO_1074_TSI_DIS_XX_wav2lip,data\synthetic\track2_fakes\videos\FAKE_T2_1074_TSI_ANG_XX__AUDIO_1074_TSI_DIS_XX_wav2lip.mp4,1,done,wav2lip,1074,TSI,angry,disgust,yes
FAKE_T2_1074_TSI_FEA_XX__AUDIO_1074_TSI_HAP_XX_wav2lip,data\synthetic\track2_fakes\videos\FAKE_T2_1074_TSI_FEA_XX__AUDIO_1074_TSI_HAP_XX_wav2lip.mp4,1,done,wav2lip,1074,TSI,fear,happy,yes
FAKE_T2_1074_WSI_NEU_XX__AUDIO_1074_WSI_SAD_XX_wav2lip,data\synthetic\track2_fakes\videos\FAKE_T2_1074_WSI_NEU_XX__AUDIO_1074_WSI_SAD_XX_wav2lip.mp4,1,done,wav2lip,1074,WSI,neutral,sad,yes
FAKE_T2_1075_DFA_ANG_XX__AUDIO_1075_DFA_DIS_XX_wav2lip,data\synthetic\track2_fakes\videos\FAKE_T2_1075_DFA_ANG_XX__AUDIO_1075_DFA_DIS_XX_wav2lip.mp4,1,done,wav2lip,1075,DFA,angry,disgust,yes
FAKE_T2_1075_DFA_FEA_XX__AUDIO_1075_DFA_HAP_XX_wav2lip,data\synthetic\track2_fakes\videos\FAKE_T2_1075_DFA_FEA_XX__AUDIO_1075_DFA_HAP_XX_wav2lip.mp4,1,done,wav2lip,1075,DFA,fear,happy,yes
FAKE_T2_1075_DFA_NEU_XX__AUDIO_1075_DFA_SAD_XX_wav2lip,data\synthetic\track2_fakes\videos\FAKE_T2_1075_DFA_NEU_XX__AUDIO_1075_DFA_SAD_XX_wav2lip.mp4,1,done,wav2lip,1075,DFA,neutral,sad,yes
FAKE_T2_1075_IEO_ANG_MD__AUDIO_1075_IEO_DIS_MD_wav2lip,data\synthetic\track2_fakes\videos\FAKE_T2_1075_IEO_ANG_MD__AUDIO_1075_IEO_DIS_MD_wav2lip.mp4,1,done,wav2lip,1075,IEO,angry,disgust,yes
FAKE_T2_1075_IEO_DIS_LO__AUDIO_1075_IEO_FEA_LO_wav2lip,data\synthetic\track2_fakes\videos\FAKE_T2_1075_IEO_DIS_LO__AUDIO_1075_IEO_FEA_LO_wav2lip.mp4,1,done,wav2lip,1075,IEO,disgust,fear,yes
FAKE_T2_1075_IEO_DIS_MD__AUDIO_1075_IEO_FEA_MD_wav2lip,data\synthetic\track2_fakes\videos\FAKE_T2_1075_IEO_DIS_MD__AUDIO_1075_IEO_FEA_MD_wav2lip.mp4,1,done,wav2lip,1075,IEO,disgust,fear,yes
FAKE_T2_1075_IEO_FEA_MD__AUDIO_1075_IEO_HAP_MD_wav2lip,data\synthetic\track2_fakes\videos\FAKE_T2_1075_IEO_FEA_MD__AUDIO_1075_IEO_HAP_MD_wav2lip.mp4,1,done,wav2lip,1075,IEO,fear,happy,yes
FAKE_T2_1075_IEO_HAP_HI__AUDIO_1075_IEO_NEU_XX_wav2lip,data\synthetic\track2_fakes\videos\FAKE_T2_1075_IEO_HAP_HI__AUDIO_1075_IEO_NEU_XX_wav2lip.mp4,1,done,wav2lip,1075,IEO,happy,neutral,yes
FAKE_T2_1075_IEO_HAP_MD__AUDIO_1075_IEO_NEU_XX_wav2lip,data\synthetic\track2_fakes\videos\FAKE_T2_1075_IEO_HAP_MD__AUDIO_1075_IEO_NEU_XX_wav2lip.mp4,1,done,wav2lip,1075,IEO,happy,neutral,yes
FAKE_T2_1075_IEO_SAD_MD__AUDIO_1075_IEO_ANG_MD_wav2lip,data\synthetic\track2_fakes\videos\FAKE_T2_1075_IEO_SAD_MD__AUDIO_1075_IEO_ANG_MD_wav2lip.mp4,1,done,wav2lip,1075,IEO,sad,angry,yes
FAKE_T2_1075_ITH_ANG_XX__AUDIO_1075_ITH_DIS_XX_wav2lip,data\synthetic\track2_fakes\videos\FAKE_T2_1075_ITH_ANG_XX__AUDIO_1075_ITH_DIS_XX_wav2lip.mp4,1,done,wav2lip,1075,ITH,angry,disgust,yes
FAKE_T2_1075_ITS_FEA_XX__AUDIO_1075_ITS_HAP_XX_wav2lip,data\synthetic\track2_fakes\videos\FAKE_T2_1075_ITS_FEA_XX__AUDIO_1075_ITS_HAP_XX_wav2lip.mp4,1,done,wav2lip,1075,ITS,fear,happy,yes
FAKE_T2_1075_IWL_SAD_XX__AUDIO_1075_IWL_ANG_XX_wav2lip,data\synthetic\track2_fakes\videos\FAKE_T2_1075_IWL_SAD_XX__AUDIO_1075_IWL_ANG_XX_wav2lip.mp4,1,done,wav2lip,1075,IWL,sad,angry,yes
FAKE_T2_1075_IWW_ANG_XX__AUDIO_1075_IWW_DIS_XX_wav2lip,data\synthetic\track2_fakes\videos\FAKE_T2_1075_IWW_ANG_XX__AUDIO_1075_IWW_DIS_XX_wav2lip.mp4,1,done,wav2lip,1075,IWW,angry,disgust,yes
FAKE_T2_1075_IWW_DIS_XX__AUDIO_1075_IWW_FEA_XX_wav2lip,data\synthetic\track2_fakes\videos\FAKE_T2_1075_IWW_DIS_XX__AUDIO_1075_IWW_FEA_XX_wav2lip.mp4,1,done,wav2lip,1075,IWW,disgust,fear,yes
FAKE_T2_1075_IWW_SAD_XX__AUDIO_1075_IWW_ANG_XX_wav2lip,data\synthetic\track2_fakes\videos\FAKE_T2_1075_IWW_SAD_XX__AUDIO_1075_IWW_ANG_XX_wav2lip.mp4,1,done,wav2lip,1075,IWW,sad,angry,yes
FAKE_T2_1075_MTI_ANG_XX__AUDIO_1075_MTI_DIS_XX_wav2lip,data\synthetic\track2_fakes\videos\FAKE_T2_1075_MTI_ANG_XX__AUDIO_1075_MTI_DIS_XX_wav2lip.mp4,1,done,wav2lip,1075,MTI,angry,disgust,yes
FAKE_T2_1075_MTI_NEU_XX__AUDIO_1075_MTI_SAD_XX_wav2lip,data\synthetic\track2_fakes\videos\FAKE_T2_1075_MTI_NEU_XX__AUDIO_1075_MTI_SAD_XX_wav2lip.mp4,1,done,wav2lip,1075,MTI,neutral,sad,yes
FAKE_T2_1075_MTI_SAD_XX__AUDIO_1075_MTI_ANG_XX_wav2lip,data\synthetic\track2_fakes\videos\FAKE_T2_1075_MTI_SAD_XX__AUDIO_1075_MTI_ANG_XX_wav2lip.mp4,1,done,wav2lip,1075,MTI,sad,angry,yes
FAKE_T2_1075_TIE_ANG_XX__AUDIO_1075_TIE_DIS_XX_wav2lip,data\synthetic\track2_fakes\videos\FAKE_T2_1075_TIE_ANG_XX__AUDIO_1075_TIE_DIS_XX_wav2lip.mp4,1,done,wav2lip,1075,TIE,angry,disgust,yes
FAKE_T2_1075_TIE_FEA_XX__AUDIO_1075_TIE_HAP_XX_wav2lip,data\synthetic\track2_fakes\videos\FAKE_T2_1075_TIE_FEA_XX__AUDIO_1075_TIE_HAP_XX_wav2lip.mp4,1,done,wav2lip,1075,TIE,fear,happy,yes
FAKE_T2_1075_TIE_NEU_XX__AUDIO_1075_TIE_SAD_XX_wav2lip,data\synthetic\track2_fakes\videos\FAKE_T2_1075_TIE_NEU_XX__AUDIO_1075_TIE_SAD_XX_wav2lip.mp4,1,done,wav2lip,1075,TIE,neutral,sad,yes
FAKE_T2_1075_TSI_FEA_XX__AUDIO_1075_TSI_HAP_XX_wav2lip,data\synthetic\track2_fakes\videos\FAKE_T2_1075_TSI_FEA_XX__AUDIO_1075_TSI_HAP_XX_wav2lip.mp4,1,done,wav2lip,1075,TSI,fear,happy,yes
FAKE_T2_1075_TSI_NEU_XX__AUDIO_1075_TSI_SAD_XX_wav2lip,data\synthetic\track2_fakes\videos\FAKE_T2_1075_TSI_NEU_XX__AUDIO_1075_TSI_SAD_XX_wav2lip.mp4,1,done,wav2lip,1075,TSI,neutral,sad,yes
FAKE_T2_1075_WSI_ANG_XX__AUDIO_1075_WSI_DIS_XX_wav2lip,data\synthetic\track2_fakes\videos\FAKE_T2_1075_WSI_ANG_XX__AUDIO_1075_WSI_DIS_XX_wav2lip.mp4,1,done,wav2lip,1075,WSI,angry,disgust,yes
FAKE_T2_1076_DFA_DIS_XX__AUDIO_1076_DFA_FEA_XX_wav2lip,data\synthetic\track2_fakes\videos\FAKE_T2_1076_DFA_DIS_XX__AUDIO_1076_DFA_FEA_XX_wav2lip.mp4,1,done,wav2lip,1076,DFA,disgust,fear,yes
FAKE_T2_1076_DFA_FEA_XX__AUDIO_1076_DFA_HAP_XX_wav2lip,data\synthetic\track2_fakes\videos\FAKE_T2_1076_DFA_FEA_XX__AUDIO_1076_DFA_HAP_XX_wav2lip.mp4,1,done,wav2lip,1076,DFA,fear,happy,yes
FAKE_T2_1076_DFA_HAP_XX__AUDIO_1076_DFA_NEU_XX_wav2lip,data\synthetic\track2_fakes\videos\FAKE_T2_1076_DFA_HAP_XX__AUDIO_1076_DFA_NEU_XX_wav2lip.mp4,1,done,wav2lip,1076,DFA,happy,neutral,yes
FAKE_T2_1076_IEO_ANG_HI__AUDIO_1076_IEO_DIS_HI_wav2lip,data\synthetic\track2_fakes\videos\FAKE_T2_1076_IEO_ANG_HI__AUDIO_1076_IEO_DIS_HI_wav2lip.mp4,1,done,wav2lip,1076,IEO,angry,disgust,yes
FAKE_T2_1076_IEO_DIS_LO__AUDIO_1076_IEO_FEA_LO_wav2lip,data\synthetic\track2_fakes\videos\FAKE_T2_1076_IEO_DIS_LO__AUDIO_1076_IEO_FEA_LO_wav2lip.mp4,1,done,wav2lip,1076,IEO,disgust,fear,yes
FAKE_T2_1076_IEO_DIS_MD__AUDIO_1076_IEO_FEA_MD_wav2lip,data\synthetic\track2_fakes\videos\FAKE_T2_1076_IEO_DIS_MD__AUDIO_1076_IEO_FEA_MD_wav2lip.mp4,1,done,wav2lip,1076,IEO,disgust,fear,yes
FAKE_T2_1076_IEO_FEA_LO__AUDIO_1076_IEO_HAP_LO_wav2lip,data\synthetic\track2_fakes\videos\FAKE_T2_1076_IEO_FEA_LO__AUDIO_1076_IEO_HAP_LO_wav2lip.mp4,1,done,wav2lip,1076,IEO,fear,happy,yes
FAKE_T2_1076_IEO_NEU_XX__AUDIO_1076_IEO_SAD_HI_wav2lip,data\synthetic\track2_fakes\videos\FAKE_T2_1076_IEO_NEU_XX__AUDIO_1076_IEO_SAD_HI_wav2lip.mp4,1,done,wav2lip,1076,IEO,neutral,sad,yes
FAKE_T2_1076_IEO_SAD_LO__AUDIO_1076_IEO_ANG_LO_wav2lip,data\synthetic\track2_fakes\videos\FAKE_T2_1076_IEO_SAD_LO__AUDIO_1076_IEO_ANG_LO_wav2lip.mp4,1,done,wav2lip,1076,IEO,sad,angry,yes
FAKE_T2_1076_IOM_FEA_XX__AUDIO_1076_IOM_HAP_XX_wav2lip,data\synthetic\track2_fakes\videos\FAKE_T2_1076_IOM_FEA_XX__AUDIO_1076_IOM_HAP_XX_wav2lip.mp4,1,done,wav2lip,1076,IOM,fear,happy,yes
FAKE_T2_1076_ITS_ANG_XX__AUDIO_1076_ITS_DIS_XX_wav2lip,data\synthetic\track2_fakes\videos\FAKE_T2_1076_ITS_ANG_XX__AUDIO_1076_ITS_DIS_XX_wav2lip.mp4,1,done,wav2lip,1076,ITS,angry,disgust,yes
FAKE_T2_1076_IWL_NEU_XX__AUDIO_1076_IWL_SAD_XX_wav2lip,data\synthetic\track2_fakes\videos\FAKE_T2_1076_IWL_NEU_XX__AUDIO_1076_IWL_SAD_XX_wav2lip.mp4,1,done,wav2lip,1076,IWL,neutral,sad,yes
FAKE_T2_1076_IWL_SAD_XX__AUDIO_1076_IWL_ANG_XX_wav2lip,data\synthetic\track2_fakes\videos\FAKE_T2_1076_IWL_SAD_XX__AUDIO_1076_IWL_ANG_XX_wav2lip.mp4,1,done,wav2lip,1076,IWL,sad,angry,yes
FAKE_T2_1076_IWW_ANG_XX__AUDIO_1076_IWW_DIS_XX_wav2lip,data\synthetic\track2_fakes\videos\FAKE_T2_1076_IWW_ANG_XX__AUDIO_1076_IWW_DIS_XX_wav2lip.mp4,1,done,wav2lip,1076,IWW,angry,disgust,yes
FAKE_T2_1076_IWW_FEA_XX__AUDIO_1076_IWW_HAP_XX_wav2lip,data\synthetic\track2_fakes\videos\FAKE_T2_1076_IWW_FEA_XX__AUDIO_1076_IWW_HAP_XX_wav2lip.mp4,1,done,wav2lip,1076,IWW,fear,happy,yes
FAKE_T2_1076_IWW_HAP_XX__AUDIO_1076_IWW_NEU_XX_wav2lip,data\synthetic\track2_fakes\videos\FAKE_T2_1076_IWW_HAP_XX__AUDIO_1076_IWW_NEU_XX_wav2lip.mp4,1,done,wav2lip,1076,IWW,happy,neutral,yes
FAKE_T2_1076_MTI_DIS_XX__AUDIO_1076_MTI_FEA_XX_wav2lip,data\synthetic\track2_fakes\videos\FAKE_T2_1076_MTI_DIS_XX__AUDIO_1076_MTI_FEA_XX_wav2lip.mp4,1,done,wav2lip,1076,MTI,disgust,fear,yes
FAKE_T2_1076_MTI_FEA_XX__AUDIO_1076_MTI_HAP_XX_wav2lip,data\synthetic\track2_fakes\videos\FAKE_T2_1076_MTI_FEA_XX__AUDIO_1076_MTI_HAP_XX_wav2lip.mp4,1,done,wav2lip,1076,MTI,fear,happy,yes
FAKE_T2_1076_TAI_NEU_XX__AUDIO_1076_TAI_SAD_XX_wav2lip,data\synthetic\track2_fakes\videos\FAKE_T2_1076_TAI_NEU_XX__AUDIO_1076_TAI_SAD_XX_wav2lip.mp4,1,done,wav2lip,1076,TAI,neutral,sad,yes
FAKE_T2_1076_TIE_SAD_XX__AUDIO_1076_TIE_ANG_XX_wav2lip,data\synthetic\track2_fakes\videos\FAKE_T2_1076_TIE_SAD_XX__AUDIO_1076_TIE_ANG_XX_wav2lip.mp4,1,done,wav2lip,1076,TIE,sad,angry,yes
FAKE_T2_1076_TSI_ANG_XX__AUDIO_1076_TSI_DIS_XX_wav2lip,data\synthetic\track2_fakes\videos\FAKE_T2_1076_TSI_ANG_XX__AUDIO_1076_TSI_DIS_XX_wav2lip.mp4,1,done,wav2lip,1076,TSI,angry,disgust,yes
FAKE_T2_1076_TSI_SAD_XX__AUDIO_1076_TSI_ANG_XX_wav2lip,data\synthetic\track2_fakes\videos\FAKE_T2_1076_TSI_SAD_XX__AUDIO_1076_TSI_ANG_XX_wav2lip.mp4,1,done,wav2lip,1076,TSI,sad,angry,yes
FAKE_T2_1076_WSI_ANG_XX__AUDIO_1076_WSI_DIS_XX_wav2lip,data\synthetic\track2_fakes\videos\FAKE_T2_1076_WSI_ANG_XX__AUDIO_1076_WSI_DIS_XX_wav2lip.mp4,1,done,wav2lip,1076,WSI,angry,disgust,yes
FAKE_T2_1076_WSI_NEU_XX__AUDIO_1076_WSI_SAD_XX_wav2lip,data\synthetic\track2_fakes\videos\FAKE_T2_1076_WSI_NEU_XX__AUDIO_1076_WSI_SAD_XX_wav2lip.mp4,1,done,wav2lip,1076,WSI,neutral,sad,yes
FAKE_T2_1077_DFA_ANG_XX__AUDIO_1077_DFA_DIS_XX_wav2lip,data\synthetic\track2_fakes\videos\FAKE_T2_1077_DFA_ANG_XX__AUDIO_1077_DFA_DIS_XX_wav2lip.mp4,1,done,wav2lip,1077,DFA,angry,disgust,yes
FAKE_T2_1077_DFA_DIS_XX__AUDIO_1077_DFA_FEA_XX_wav2lip,data\synthetic\track2_fakes\videos\FAKE_T2_1077_DFA_DIS_XX__AUDIO_1077_DFA_FEA_XX_wav2lip.mp4,1,done,wav2lip,1077,DFA,disgust,fear,yes
FAKE_T2_1077_DFA_FEA_XX__AUDIO_1077_DFA_HAP_XX_wav2lip,data\synthetic\track2_fakes\videos\FAKE_T2_1077_DFA_FEA_XX__AUDIO_1077_DFA_HAP_XX_wav2lip.mp4,1,done,wav2lip,1077,DFA,fear,happy,yes
FAKE_T2_1077_IEO_ANG_MD__AUDIO_1077_IEO_DIS_MD_wav2lip,data\synthetic\track2_fakes\videos\FAKE_T2_1077_IEO_ANG_MD__AUDIO_1077_IEO_DIS_MD_wav2lip.mp4,1,done,wav2lip,1077,IEO,angry,disgust,yes
FAKE_T2_1077_IEO_DIS_MD__AUDIO_1077_IEO_FEA_MD_wav2lip,data\synthetic\track2_fakes\videos\FAKE_T2_1077_IEO_DIS_MD__AUDIO_1077_IEO_FEA_MD_wav2lip.mp4,1,done,wav2lip,1077,IEO,disgust,fear,yes
FAKE_T2_1077_IEO_HAP_MD__AUDIO_1077_IEO_NEU_XX_wav2lip,data\synthetic\track2_fakes\videos\FAKE_T2_1077_IEO_HAP_MD__AUDIO_1077_IEO_NEU_XX_wav2lip.mp4,1,done,wav2lip,1077,IEO,happy,neutral,yes
FAKE_T2_1077_IEO_SAD_HI__AUDIO_1077_IEO_ANG_HI_wav2lip,data\synthetic\track2_fakes\videos\FAKE_T2_1077_IEO_SAD_HI__AUDIO_1077_IEO_ANG_HI_wav2lip.mp4,1,done,wav2lip,1077,IEO,sad,angry,yes
FAKE_T2_1077_IEO_SAD_MD__AUDIO_1077_IEO_ANG_MD_wav2lip,data\synthetic\track2_fakes\videos\FAKE_T2_1077_IEO_SAD_MD__AUDIO_1077_IEO_ANG_MD_wav2lip.mp4,1,done,wav2lip,1077,IEO,sad,angry,yes
FAKE_T2_1077_ITH_DIS_XX__AUDIO_1077_ITH_FEA_XX_wav2lip,data\synthetic\track2_fakes\videos\FAKE_T2_1077_ITH_DIS_XX__AUDIO_1077_ITH_FEA_XX_wav2lip.mp4,1,done,wav2lip,1077,ITH,disgust,fear,yes
FAKE_T2_1077_ITH_HAP_XX__AUDIO_1077_ITH_NEU_XX_wav2lip,data\synthetic\track2_fakes\videos\FAKE_T2_1077_ITH_HAP_XX__AUDIO_1077_ITH_NEU_XX_wav2lip.mp4,1,done,wav2lip,1077,ITH,happy,neutral,yes
FAKE_T2_1077_ITS_DIS_XX__AUDIO_1077_ITS_FEA_XX_wav2lip,data\synthetic\track2_fakes\videos\FAKE_T2_1077_ITS_DIS_XX__AUDIO_1077_ITS_FEA_XX_wav2lip.mp4,1,done,wav2lip,1077,ITS,disgust,fear,yes
FAKE_T2_1077_IWL_ANG_XX__AUDIO_1077_IWL_DIS_XX_wav2lip,data\synthetic\track2_fakes\videos\FAKE_T2_1077_IWL_ANG_XX__AUDIO_1077_IWL_DIS_XX_wav2lip.mp4,1,done,wav2lip,1077,IWL,angry,disgust,yes
FAKE_T2_1077_IWL_HAP_XX__AUDIO_1077_IWL_NEU_XX_wav2lip,data\synthetic\track2_fakes\videos\FAKE_T2_1077_IWL_HAP_XX__AUDIO_1077_IWL_NEU_XX_wav2lip.mp4,1,done,wav2lip,1077,IWL,happy,neutral,yes
FAKE_T2_1077_IWL_SAD_XX__AUDIO_1077_IWL_ANG_XX_wav2lip,data\synthetic\track2_fakes\videos\FAKE_T2_1077_IWL_SAD_XX__AUDIO_1077_IWL_ANG_XX_wav2lip.mp4,1,done,wav2lip,1077,IWL,sad,angry,yes
FAKE_T2_1077_IWW_NEU_XX__AUDIO_1077_IWW_SAD_XX_wav2lip,data\synthetic\track2_fakes\videos\FAKE_T2_1077_IWW_NEU_XX__AUDIO_1077_IWW_SAD_XX_wav2lip.mp4,1,done,wav2lip,1077,IWW,neutral,sad,yes
FAKE_T2_1077_MTI_FEA_XX__AUDIO_1077_MTI_HAP_XX_wav2lip,data\synthetic\track2_fakes\videos\FAKE_T2_1077_MTI_FEA_XX__AUDIO_1077_MTI_HAP_XX_wav2lip.mp4,1,done,wav2lip,1077,MTI,fear,happy,yes
FAKE_T2_1077_MTI_NEU_XX__AUDIO_1077_MTI_SAD_XX_wav2lip,data\synthetic\track2_fakes\videos\FAKE_T2_1077_MTI_NEU_XX__AUDIO_1077_MTI_SAD_XX_wav2lip.mp4,1,done,wav2lip,1077,MTI,neutral,sad,yes
FAKE_T2_1077_TAI_FEA_XX__AUDIO_1077_TAI_HAP_XX_wav2lip,data\synthetic\track2_fakes\videos\FAKE_T2_1077_TAI_FEA_XX__AUDIO_1077_TAI_HAP_XX_wav2lip.mp4,1,done,wav2lip,1077,TAI,fear,happy,yes
FAKE_T2_1077_TAI_HAP_XX__AUDIO_1077_TAI_NEU_XX_wav2lip,data\synthetic\track2_fakes\videos\FAKE_T2_1077_TAI_HAP_XX__AUDIO_1077_TAI_NEU_XX_wav2lip.mp4,1,done,wav2lip,1077,TAI,happy,neutral,yes
FAKE_T2_1077_TIE_HAP_XX__AUDIO_1077_TIE_NEU_XX_wav2lip,data\synthetic\track2_fakes\videos\FAKE_T2_1077_TIE_HAP_XX__AUDIO_1077_TIE_NEU_XX_wav2lip.mp4,1,done,wav2lip,1077,TIE,happy,neutral,yes
FAKE_T2_1077_TSI_HAP_XX__AUDIO_1077_TSI_NEU_XX_wav2lip,data\synthetic\track2_fakes\videos\FAKE_T2_1077_TSI_HAP_XX__AUDIO_1077_TSI_NEU_XX_wav2lip.mp4,1,done,wav2lip,1077,TSI,happy,neutral,yes
FAKE_T2_1077_TSI_SAD_XX__AUDIO_1077_TSI_ANG_XX_wav2lip,data\synthetic\track2_fakes\videos\FAKE_T2_1077_TSI_SAD_XX__AUDIO_1077_TSI_ANG_XX_wav2lip.mp4,1,done,wav2lip,1077,TSI,sad,angry,yes
FAKE_T2_1077_WSI_FEA_XX__AUDIO_1077_WSI_HAP_XX_wav2lip,data\synthetic\track2_fakes\videos\FAKE_T2_1077_WSI_FEA_XX__AUDIO_1077_WSI_HAP_XX_wav2lip.mp4,1,done,wav2lip,1077,WSI,fear,happy,yes
FAKE_T2_1077_WSI_HAP_XX__AUDIO_1077_WSI_NEU_XX_wav2lip,data\synthetic\track2_fakes\videos\FAKE_T2_1077_WSI_HAP_XX__AUDIO_1077_WSI_NEU_XX_wav2lip.mp4,1,done,wav2lip,1077,WSI,happy,neutral,yes
FAKE_T2_1077_WSI_NEU_XX__AUDIO_1077_WSI_SAD_XX_wav2lip,data\synthetic\track2_fakes\videos\FAKE_T2_1077_WSI_NEU_XX__AUDIO_1077_WSI_SAD_XX_wav2lip.mp4,1,done,wav2lip,1077,WSI,neutral,sad,yes
FAKE_T2_1078_DFA_DIS_XX__AUDIO_1078_DFA_FEA_XX_wav2lip,data\synthetic\track2_fakes\videos\FAKE_T2_1078_DFA_DIS_XX__AUDIO_1078_DFA_FEA_XX_wav2lip.mp4,1,done,wav2lip,1078,DFA,disgust,fear,yes
FAKE_T2_1078_DFA_SAD_XX__AUDIO_1078_DFA_ANG_XX_wav2lip,data\synthetic\track2_fakes\videos\FAKE_T2_1078_DFA_SAD_XX__AUDIO_1078_DFA_ANG_XX_wav2lip.mp4,1,done,wav2lip,1078,DFA,sad,angry,yes
FAKE_T2_1078_IEO_ANG_LO__AUDIO_1078_IEO_DIS_LO_wav2lip,data\synthetic\track2_fakes\videos\FAKE_T2_1078_IEO_ANG_LO__AUDIO_1078_IEO_DIS_LO_wav2lip.mp4,1,done,wav2lip,1078,IEO,angry,disgust,yes
FAKE_T2_1078_IEO_ANG_MD__AUDIO_1078_IEO_DIS_MD_wav2lip,data\synthetic\track2_fakes\videos\FAKE_T2_1078_IEO_ANG_MD__AUDIO_1078_IEO_DIS_MD_wav2lip.mp4,1,done,wav2lip,1078,IEO,angry,disgust,yes
FAKE_T2_1078_IEO_DIS_HI__AUDIO_1078_IEO_FEA_HI_wav2lip,data\synthetic\track2_fakes\videos\FAKE_T2_1078_IEO_DIS_HI__AUDIO_1078_IEO_FEA_HI_wav2lip.mp4,1,done,wav2lip,1078,IEO,disgust,fear,yes
FAKE_T2_1078_IEO_DIS_MD__AUDIO_1078_IEO_FEA_MD_wav2lip,data\synthetic\track2_fakes\videos\FAKE_T2_1078_IEO_DIS_MD__AUDIO_1078_IEO_FEA_MD_wav2lip.mp4,1,done,wav2lip,1078,IEO,disgust,fear,yes
FAKE_T2_1078_IEO_HAP_HI__AUDIO_1078_IEO_NEU_XX_wav2lip,data\synthetic\track2_fakes\videos\FAKE_T2_1078_IEO_HAP_HI__AUDIO_1078_IEO_NEU_XX_wav2lip.mp4,1,done,wav2lip,1078,IEO,happy,neutral,yes
FAKE_T2_1078_IEO_HAP_MD__AUDIO_1078_IEO_NEU_XX_wav2lip,data\synthetic\track2_fakes\videos\FAKE_T2_1078_IEO_HAP_MD__AUDIO_1078_IEO_NEU_XX_wav2lip.mp4,1,done,wav2lip,1078,IEO,happy,neutral,yes
FAKE_T2_1078_IOM_ANG_XX__AUDIO_1078_IOM_DIS_XX_wav2lip,data\synthetic\track2_fakes\videos\FAKE_T2_1078_IOM_ANG_XX__AUDIO_1078_IOM_DIS_XX_wav2lip.mp4,1,done,wav2lip,1078,IOM,angry,disgust,yes
FAKE_T2_1078_IOM_FEA_XX__AUDIO_1078_IOM_HAP_XX_wav2lip,data\synthetic\track2_fakes\videos\FAKE_T2_1078_IOM_FEA_XX__AUDIO_1078_IOM_HAP_XX_wav2lip.mp4,1,done,wav2lip,1078,IOM,fear,happy,yes
FAKE_T2_1078_IOM_SAD_XX__AUDIO_1078_IOM_ANG_XX_wav2lip,data\synthetic\track2_fakes\videos\FAKE_T2_1078_IOM_SAD_XX__AUDIO_1078_IOM_ANG_XX_wav2lip.mp4,1,done,wav2lip,1078,IOM,sad,angry,yes
FAKE_T2_1078_ITH_FEA_XX__AUDIO_1078_ITH_HAP_XX_wav2lip,data\synthetic\track2_fakes\videos\FAKE_T2_1078_ITH_FEA_XX__AUDIO_1078_ITH_HAP_XX_wav2lip.mp4,1,done,wav2lip,1078,ITH,fear,happy,yes
FAKE_T2_1078_ITH_HAP_XX__AUDIO_1078_ITH_NEU_XX_wav2lip,data\synthetic\track2_fakes\videos\FAKE_T2_1078_ITH_HAP_XX__AUDIO_1078_ITH_NEU_XX_wav2lip.mp4,1,done,wav2lip,1078,ITH,happy,neutral,yes
FAKE_T2_1078_ITH_NEU_XX__AUDIO_1078_ITH_SAD_XX_wav2lip,data\synthetic\track2_fakes\videos\FAKE_T2_1078_ITH_NEU_XX__AUDIO_1078_ITH_SAD_XX_wav2lip.mp4,1,done,wav2lip,1078,ITH,neutral,sad,yes
FAKE_T2_1078_ITS_NEU_XX__AUDIO_1078_ITS_SAD_XX_wav2lip,data\synthetic\track2_fakes\videos\FAKE_T2_1078_ITS_NEU_XX__AUDIO_1078_ITS_SAD_XX_wav2lip.mp4,1,done,wav2lip,1078,ITS,neutral,sad,yes
FAKE_T2_1078_IWL_ANG_XX__AUDIO_1078_IWL_DIS_XX_wav2lip,data\synthetic\track2_fakes\videos\FAKE_T2_1078_IWL_ANG_XX__AUDIO_1078_IWL_DIS_XX_wav2lip.mp4,1,done,wav2lip,1078,IWL,angry,disgust,yes
FAKE_T2_1078_IWW_SAD_XX__AUDIO_1078_IWW_ANG_XX_wav2lip,data\synthetic\track2_fakes\videos\FAKE_T2_1078_IWW_SAD_XX__AUDIO_1078_IWW_ANG_XX_wav2lip.mp4,1,done,wav2lip,1078,IWW,sad,angry,yes
FAKE_T2_1078_MTI_ANG_XX__AUDIO_1078_MTI_DIS_XX_wav2lip,data\synthetic\track2_fakes\videos\FAKE_T2_1078_MTI_ANG_XX__AUDIO_1078_MTI_DIS_XX_wav2lip.mp4,1,done,wav2lip,1078,MTI,angry,disgust,yes
FAKE_T2_1078_TAI_SAD_XX__AUDIO_1078_TAI_ANG_XX_wav2lip,data\synthetic\track2_fakes\videos\FAKE_T2_1078_TAI_SAD_XX__AUDIO_1078_TAI_ANG_XX_wav2lip.mp4,1,done,wav2lip,1078,TAI,sad,angry,yes
FAKE_T2_1078_TIE_DIS_XX__AUDIO_1078_TIE_FEA_XX_wav2lip,data\synthetic\track2_fakes\videos\FAKE_T2_1078_TIE_DIS_XX__AUDIO_1078_TIE_FEA_XX_wav2lip.mp4,1,done,wav2lip,1078,TIE,disgust,fear,yes
FAKE_T2_1078_TIE_FEA_XX__AUDIO_1078_TIE_HAP_XX_wav2lip,data\synthetic\track2_fakes\videos\FAKE_T2_1078_TIE_FEA_XX__AUDIO_1078_TIE_HAP_XX_wav2lip.mp4,1,done,wav2lip,1078,TIE,fear,happy,yes
FAKE_T2_1078_TIE_NEU_XX__AUDIO_1078_TIE_SAD_XX_wav2lip,data\synthetic\track2_fakes\videos\FAKE_T2_1078_TIE_NEU_XX__AUDIO_1078_TIE_SAD_XX_wav2lip.mp4,1,done,wav2lip,1078,TIE,neutral,sad,yes
FAKE_T2_1078_TSI_ANG_XX__AUDIO_1078_TSI_DIS_XX_wav2lip,data\synthetic\track2_fakes\videos\FAKE_T2_1078_TSI_ANG_XX__AUDIO_1078_TSI_DIS_XX_wav2lip.mp4,1,done,wav2lip,1078,TSI,angry,disgust,yes
FAKE_T2_1078_TSI_FEA_XX__AUDIO_1078_TSI_HAP_XX_wav2lip,data\synthetic\track2_fakes\videos\FAKE_T2_1078_TSI_FEA_XX__AUDIO_1078_TSI_HAP_XX_wav2lip.mp4,1,done,wav2lip,1078,TSI,fear,happy,yes
FAKE_T2_1078_WSI_DIS_XX__AUDIO_1078_WSI_FEA_XX_wav2lip,data\synthetic\track2_fakes\videos\FAKE_T2_1078_WSI_DIS_XX__AUDIO_1078_WSI_FEA_XX_wav2lip.mp4,1,done,wav2lip,1078,WSI,disgust,fear,yes
FAKE_T2_1079_DFA_ANG_XX__AUDIO_1079_DFA_DIS_XX_wav2lip,data\synthetic\track2_fakes\videos\FAKE_T2_1079_DFA_ANG_XX__AUDIO_1079_DFA_DIS_XX_wav2lip.mp4,1,done,wav2lip,1079,DFA,angry,disgust,yes
FAKE_T2_1079_DFA_SAD_XX__AUDIO_1079_DFA_ANG_XX_wav2lip,data\synthetic\track2_fakes\videos\FAKE_T2_1079_DFA_SAD_XX__AUDIO_1079_DFA_ANG_XX_wav2lip.mp4,1,done,wav2lip,1079,DFA,sad,angry,yes
FAKE_T2_1079_IEO_ANG_HI__AUDIO_1079_IEO_DIS_HI_wav2lip,data\synthetic\track2_fakes\videos\FAKE_T2_1079_IEO_ANG_HI__AUDIO_1079_IEO_DIS_HI_wav2lip.mp4,1,done,wav2lip,1079,IEO,angry,disgust,yes
FAKE_T2_1079_IEO_ANG_LO__AUDIO_1079_IEO_DIS_LO_wav2lip,data\synthetic\track2_fakes\videos\FAKE_T2_1079_IEO_ANG_LO__AUDIO_1079_IEO_DIS_LO_wav2lip.mp4,1,done,wav2lip,1079,IEO,angry,disgust,yes
FAKE_T2_1079_IEO_DIS_LO__AUDIO_1079_IEO_FEA_LO_wav2lip,data\synthetic\track2_fakes\videos\FAKE_T2_1079_IEO_DIS_LO__AUDIO_1079_IEO_FEA_LO_wav2lip.mp4,1,done,wav2lip,1079,IEO,disgust,fear,yes
FAKE_T2_1079_IEO_DIS_MD__AUDIO_1079_IEO_FEA_MD_wav2lip,data\synthetic\track2_fakes\videos\FAKE_T2_1079_IEO_DIS_MD__AUDIO_1079_IEO_FEA_MD_wav2lip.mp4,1,done,wav2lip,1079,IEO,disgust,fear,yes
FAKE_T2_1079_IEO_HAP_LO__AUDIO_1079_IEO_NEU_XX_wav2lip,data\synthetic\track2_fakes\videos\FAKE_T2_1079_IEO_HAP_LO__AUDIO_1079_IEO_NEU_XX_wav2lip.mp4,1,done,wav2lip,1079,IEO,happy,neutral,yes
FAKE_T2_1079_IEO_HAP_MD__AUDIO_1079_IEO_NEU_XX_wav2lip,data\synthetic\track2_fakes\videos\FAKE_T2_1079_IEO_HAP_MD__AUDIO_1079_IEO_NEU_XX_wav2lip.mp4,1,done,wav2lip,1079,IEO,happy,neutral,yes
FAKE_T2_1079_IEO_SAD_LO__AUDIO_1079_IEO_ANG_LO_wav2lip,data\synthetic\track2_fakes\videos\FAKE_T2_1079_IEO_SAD_LO__AUDIO_1079_IEO_ANG_LO_wav2lip.mp4,1,done,wav2lip,1079,IEO,sad,angry,yes
FAKE_T2_1079_IOM_ANG_XX__AUDIO_1079_IOM_DIS_XX_wav2lip,data\synthetic\track2_fakes\videos\FAKE_T2_1079_IOM_ANG_XX__AUDIO_1079_IOM_DIS_XX_wav2lip.mp4,1,done,wav2lip,1079,IOM,angry,disgust,yes
FAKE_T2_1079_ITS_ANG_XX__AUDIO_1079_ITS_DIS_XX_wav2lip,data\synthetic\track2_fakes\videos\FAKE_T2_1079_ITS_ANG_XX__AUDIO_1079_ITS_DIS_XX_wav2lip.mp4,1,done,wav2lip,1079,ITS,angry,disgust,yes
FAKE_T2_1079_ITS_HAP_XX__AUDIO_1079_ITS_NEU_XX_wav2lip,data\synthetic\track2_fakes\videos\FAKE_T2_1079_ITS_HAP_XX__AUDIO_1079_ITS_NEU_XX_wav2lip.mp4,1,done,wav2lip,1079,ITS,happy,neutral,yes
FAKE_T2_1079_IWL_HAP_XX__AUDIO_1079_IWL_NEU_XX_wav2lip,data\synthetic\track2_fakes\videos\FAKE_T2_1079_IWL_HAP_XX__AUDIO_1079_IWL_NEU_XX_wav2lip.mp4,1,done,wav2lip,1079,IWL,happy,neutral,yes
FAKE_T2_1079_IWL_SAD_XX__AUDIO_1079_IWL_ANG_XX_wav2lip,data\synthetic\track2_fakes\videos\FAKE_T2_1079_IWL_SAD_XX__AUDIO_1079_IWL_ANG_XX_wav2lip.mp4,1,done,wav2lip,1079,IWL,sad,angry,yes
FAKE_T2_1079_MTI_DIS_XX__AUDIO_1079_MTI_FEA_XX_wav2lip,data\synthetic\track2_fakes\videos\FAKE_T2_1079_MTI_DIS_XX__AUDIO_1079_MTI_FEA_XX_wav2lip.mp4,1,done,wav2lip,1079,MTI,disgust,fear,yes
FAKE_T2_1079_TAI_DIS_XX__AUDIO_1079_TAI_FEA_XX_wav2lip,data\synthetic\track2_fakes\videos\FAKE_T2_1079_TAI_DIS_XX__AUDIO_1079_TAI_FEA_XX_wav2lip.mp4,1,done,wav2lip,1079,TAI,disgust,fear,yes
FAKE_T2_1079_TAI_FEA_XX__AUDIO_1079_TAI_HAP_XX_wav2lip,data\synthetic\track2_fakes\videos\FAKE_T2_1079_TAI_FEA_XX__AUDIO_1079_TAI_HAP_XX_wav2lip.mp4,1,done,wav2lip,1079,TAI,fear,happy,yes
FAKE_T2_1079_TAI_NEU_XX__AUDIO_1079_TAI_SAD_XX_wav2lip,data\synthetic\track2_fakes\videos\FAKE_T2_1079_TAI_NEU_XX__AUDIO_1079_TAI_SAD_XX_wav2lip.mp4,1,done,wav2lip,1079,TAI,neutral,sad,yes
FAKE_T2_1079_TAI_SAD_XX__AUDIO_1079_TAI_ANG_XX_wav2lip,data\synthetic\track2_fakes\videos\FAKE_T2_1079_TAI_SAD_XX__AUDIO_1079_TAI_ANG_XX_wav2lip.mp4,1,done,wav2lip,1079,TAI,sad,angry,yes
FAKE_T2_1079_TIE_DIS_XX__AUDIO_1079_TIE_FEA_XX_wav2lip,data\synthetic\track2_fakes\videos\FAKE_T2_1079_TIE_DIS_XX__AUDIO_1079_TIE_FEA_XX_wav2lip.mp4,1,done,wav2lip,1079,TIE,disgust,fear,yes
FAKE_T2_1079_TIE_FEA_XX__AUDIO_1079_TIE_HAP_XX_wav2lip,data\synthetic\track2_fakes\videos\FAKE_T2_1079_TIE_FEA_XX__AUDIO_1079_TIE_HAP_XX_wav2lip.mp4,1,done,wav2lip,1079,TIE,fear,happy,yes
FAKE_T2_1079_TIE_NEU_XX__AUDIO_1079_TIE_SAD_XX_wav2lip,data\synthetic\track2_fakes\videos\FAKE_T2_1079_TIE_NEU_XX__AUDIO_1079_TIE_SAD_XX_wav2lip.mp4,1,done,wav2lip,1079,TIE,neutral,sad,yes
FAKE_T2_1079_TSI_HAP_XX__AUDIO_1079_TSI_NEU_XX_wav2lip,data\synthetic\track2_fakes\videos\FAKE_T2_1079_TSI_HAP_XX__AUDIO_1079_TSI_NEU_XX_wav2lip.mp4,1,done,wav2lip,1079,TSI,happy,neutral,yes
FAKE_T2_1079_WSI_DIS_XX__AUDIO_1079_WSI_FEA_XX_wav2lip,data\synthetic\track2_fakes\videos\FAKE_T2_1079_WSI_DIS_XX__AUDIO_1079_WSI_FEA_XX_wav2lip.mp4,1,done,wav2lip,1079,WSI,disgust,fear,yes
FAKE_T2_1079_WSI_FEA_XX__AUDIO_1079_WSI_HAP_XX_wav2lip,data\synthetic\track2_fakes\videos\FAKE_T2_1079_WSI_FEA_XX__AUDIO_1079_WSI_HAP_XX_wav2lip.mp4,1,done,wav2lip,1079,WSI,fear,happy,yes
FAKE_T2_1080_DFA_DIS_XX__AUDIO_1080_DFA_FEA_XX_wav2lip,data\synthetic\track2_fakes\videos\FAKE_T2_1080_DFA_DIS_XX__AUDIO_1080_DFA_FEA_XX_wav2lip.mp4,1,done,wav2lip,1080,DFA,disgust,fear,yes
FAKE_T2_1080_DFA_HAP_XX__AUDIO_1080_DFA_NEU_XX_wav2lip,data\synthetic\track2_fakes\videos\FAKE_T2_1080_DFA_HAP_XX__AUDIO_1080_DFA_NEU_XX_wav2lip.mp4,1,done,wav2lip,1080,DFA,happy,neutral,yes
FAKE_T2_1080_IEO_ANG_HI__AUDIO_1080_IEO_DIS_HI_wav2lip,data\synthetic\track2_fakes\videos\FAKE_T2_1080_IEO_ANG_HI__AUDIO_1080_IEO_DIS_HI_wav2lip.mp4,1,done,wav2lip,1080,IEO,angry,disgust,yes
FAKE_T2_1080_IEO_DIS_HI__AUDIO_1080_IEO_FEA_HI_wav2lip,data\synthetic\track2_fakes\videos\FAKE_T2_1080_IEO_DIS_HI__AUDIO_1080_IEO_FEA_HI_wav2lip.mp4,1,done,wav2lip,1080,IEO,disgust,fear,yes
FAKE_T2_1080_IEO_DIS_MD__AUDIO_1080_IEO_FEA_MD_wav2lip,data\synthetic\track2_fakes\videos\FAKE_T2_1080_IEO_DIS_MD__AUDIO_1080_IEO_FEA_MD_wav2lip.mp4,1,done,wav2lip,1080,IEO,disgust,fear,yes
FAKE_T2_1080_IEO_HAP_HI__AUDIO_1080_IEO_NEU_XX_wav2lip,data\synthetic\track2_fakes\videos\FAKE_T2_1080_IEO_HAP_HI__AUDIO_1080_IEO_NEU_XX_wav2lip.mp4,1,done,wav2lip,1080,IEO,happy,neutral,yes
FAKE_T2_1080_IEO_HAP_LO__AUDIO_1080_IEO_NEU_XX_wav2lip,data\synthetic\track2_fakes\videos\FAKE_T2_1080_IEO_HAP_LO__AUDIO_1080_IEO_NEU_XX_wav2lip.mp4,1,done,wav2lip,1080,IEO,happy,neutral,yes
FAKE_T2_1080_IEO_HAP_MD__AUDIO_1080_IEO_NEU_XX_wav2lip,data\synthetic\track2_fakes\videos\FAKE_T2_1080_IEO_HAP_MD__AUDIO_1080_IEO_NEU_XX_wav2lip.mp4,1,done,wav2lip,1080,IEO,happy,neutral,yes
FAKE_T2_1080_IEO_SAD_LO__AUDIO_1080_IEO_ANG_LO_wav2lip,data\synthetic\track2_fakes\videos\FAKE_T2_1080_IEO_SAD_LO__AUDIO_1080_IEO_ANG_LO_wav2lip.mp4,1,done,wav2lip,1080,IEO,sad,angry,yes
FAKE_T2_1080_IEO_SAD_MD__AUDIO_1080_IEO_ANG_MD_wav2lip,data\synthetic\track2_fakes\videos\FAKE_T2_1080_IEO_SAD_MD__AUDIO_1080_IEO_ANG_MD_wav2lip.mp4,1,done,wav2lip,1080,IEO,sad,angry,yes
FAKE_T2_1080_IOM_DIS_XX__AUDIO_1080_IOM_FEA_XX_wav2lip,data\synthetic\track2_fakes\videos\FAKE_T2_1080_IOM_DIS_XX__AUDIO_1080_IOM_FEA_XX_wav2lip.mp4,1,done,wav2lip,1080,IOM,disgust,fear,yes
FAKE_T2_1080_IOM_NEU_XX__AUDIO_1080_IOM_SAD_XX_wav2lip,data\synthetic\track2_fakes\videos\FAKE_T2_1080_IOM_NEU_XX__AUDIO_1080_IOM_SAD_XX_wav2lip.mp4,1,done,wav2lip,1080,IOM,neutral,sad,yes
FAKE_T2_1080_IWL_DIS_XX__AUDIO_1080_IWL_FEA_XX_wav2lip,data\synthetic\track2_fakes\videos\FAKE_T2_1080_IWL_DIS_XX__AUDIO_1080_IWL_FEA_XX_wav2lip.mp4,1,done,wav2lip,1080,IWL,disgust,fear,yes
FAKE_T2_1080_IWL_HAP_XX__AUDIO_1080_IWL_NEU_XX_wav2lip,data\synthetic\track2_fakes\videos\FAKE_T2_1080_IWL_HAP_XX__AUDIO_1080_IWL_NEU_XX_wav2lip.mp4,1,done,wav2lip,1080,IWL,happy,neutral,yes
FAKE_T2_1080_IWW_ANG_XX__AUDIO_1080_IWW_DIS_XX_wav2lip,data\synthetic\track2_fakes\videos\FAKE_T2_1080_IWW_ANG_XX__AUDIO_1080_IWW_DIS_XX_wav2lip.mp4,1,done,wav2lip,1080,IWW,angry,disgust,yes
FAKE_T2_1080_IWW_SAD_XX__AUDIO_1080_IWW_ANG_XX_wav2lip,data\synthetic\track2_fakes\videos\FAKE_T2_1080_IWW_SAD_XX__AUDIO_1080_IWW_ANG_XX_wav2lip.mp4,1,done,wav2lip,1080,IWW,sad,angry,yes
FAKE_T2_1080_TAI_ANG_XX__AUDIO_1080_TAI_DIS_XX_wav2lip,data\synthetic\track2_fakes\videos\FAKE_T2_1080_TAI_ANG_XX__AUDIO_1080_TAI_DIS_XX_wav2lip.mp4,1,done,wav2lip,1080,TAI,angry,disgust,yes
FAKE_T2_1080_TIE_DIS_XX__AUDIO_1080_TIE_FEA_XX_wav2lip,data\synthetic\track2_fakes\videos\FAKE_T2_1080_TIE_DIS_XX__AUDIO_1080_TIE_FEA_XX_wav2lip.mp4,1,done,wav2lip,1080,TIE,disgust,fear,yes
FAKE_T2_1080_TIE_FEA_XX__AUDIO_1080_TIE_HAP_XX_wav2lip,data\synthetic\track2_fakes\videos\FAKE_T2_1080_TIE_FEA_XX__AUDIO_1080_TIE_HAP_XX_wav2lip.mp4,1,done,wav2lip,1080,TIE,fear,happy,yes
FAKE_T2_1080_TIE_HAP_XX__AUDIO_1080_TIE_NEU_XX_wav2lip,data\synthetic\track2_fakes\videos\FAKE_T2_1080_TIE_HAP_XX__AUDIO_1080_TIE_NEU_XX_wav2lip.mp4,1,done,wav2lip,1080,TIE,happy,neutral,yes
FAKE_T2_1080_TIE_NEU_XX__AUDIO_1080_TIE_SAD_XX_wav2lip,data\synthetic\track2_fakes\videos\FAKE_T2_1080_TIE_NEU_XX__AUDIO_1080_TIE_SAD_XX_wav2lip.mp4,1,done,wav2lip,1080,TIE,neutral,sad,yes
FAKE_T2_1080_TSI_DIS_XX__AUDIO_1080_TSI_FEA_XX_wav2lip,data\synthetic\track2_fakes\videos\FAKE_T2_1080_TSI_DIS_XX__AUDIO_1080_TSI_FEA_XX_wav2lip.mp4,1,done,wav2lip,1080,TSI,disgust,fear,yes
FAKE_T2_1080_TSI_FEA_XX__AUDIO_1080_TSI_HAP_XX_wav2lip,data\synthetic\track2_fakes\videos\FAKE_T2_1080_TSI_FEA_XX__AUDIO_1080_TSI_HAP_XX_wav2lip.mp4,1,done,wav2lip,1080,TSI,fear,happy,yes
FAKE_T2_1080_WSI_ANG_XX__AUDIO_1080_WSI_DIS_XX_wav2lip,data\synthetic\track2_fakes\videos\FAKE_T2_1080_WSI_ANG_XX__AUDIO_1080_WSI_DIS_XX_wav2lip.mp4,1,done,wav2lip,1080,WSI,angry,disgust,yes
FAKE_T2_1080_WSI_DIS_XX__AUDIO_1080_WSI_FEA_XX_wav2lip,data\synthetic\track2_fakes\videos\FAKE_T2_1080_WSI_DIS_XX__AUDIO_1080_WSI_FEA_XX_wav2lip.mp4,1,done,wav2lip,1080,WSI,disgust,fear,yes
FAKE_T2_1081_DFA_FEA_XX__AUDIO_1081_DFA_HAP_XX_wav2lip,data\synthetic\track2_fakes\videos\FAKE_T2_1081_DFA_FEA_XX__AUDIO_1081_DFA_HAP_XX_wav2lip.mp4,1,done,wav2lip,1081,DFA,fear,happy,yes
FAKE_T2_1081_DFA_HAP_XX__AUDIO_1081_DFA_NEU_XX_wav2lip,data\synthetic\track2_fakes\videos\FAKE_T2_1081_DFA_HAP_XX__AUDIO_1081_DFA_NEU_XX_wav2lip.mp4,1,done,wav2lip,1081,DFA,happy,neutral,yes
FAKE_T2_1081_IEO_ANG_LO__AUDIO_1081_IEO_DIS_LO_wav2lip,data\synthetic\track2_fakes\videos\FAKE_T2_1081_IEO_ANG_LO__AUDIO_1081_IEO_DIS_LO_wav2lip.mp4,1,done,wav2lip,1081,IEO,angry,disgust,yes
FAKE_T2_1081_IEO_ANG_MD__AUDIO_1081_IEO_DIS_MD_wav2lip,data\synthetic\track2_fakes\videos\FAKE_T2_1081_IEO_ANG_MD__AUDIO_1081_IEO_DIS_MD_wav2lip.mp4,1,done,wav2lip,1081,IEO,angry,disgust,yes
FAKE_T2_1081_IEO_HAP_HI__AUDIO_1081_IEO_NEU_XX_wav2lip,data\synthetic\track2_fakes\videos\FAKE_T2_1081_IEO_HAP_HI__AUDIO_1081_IEO_NEU_XX_wav2lip.mp4,1,done,wav2lip,1081,IEO,happy,neutral,yes
FAKE_T2_1081_IEO_HAP_LO__AUDIO_1081_IEO_NEU_XX_wav2lip,data\synthetic\track2_fakes\videos\FAKE_T2_1081_IEO_HAP_LO__AUDIO_1081_IEO_NEU_XX_wav2lip.mp4,1,done,wav2lip,1081,IEO,happy,neutral,yes
FAKE_T2_1081_IEO_SAD_HI__AUDIO_1081_IEO_ANG_HI_wav2lip,data\synthetic\track2_fakes\videos\FAKE_T2_1081_IEO_SAD_HI__AUDIO_1081_IEO_ANG_HI_wav2lip.mp4,1,done,wav2lip,1081,IEO,sad,angry,yes
FAKE_T2_1081_IOM_DIS_XX__AUDIO_1081_IOM_FEA_XX_wav2lip,data\synthetic\track2_fakes\videos\FAKE_T2_1081_IOM_DIS_XX__AUDIO_1081_IOM_FEA_XX_wav2lip.mp4,1,done,wav2lip,1081,IOM,disgust,fear,yes
FAKE_T2_1081_ITH_HAP_XX__AUDIO_1081_ITH_NEU_XX_wav2lip,data\synthetic\track2_fakes\videos\FAKE_T2_1081_ITH_HAP_XX__AUDIO_1081_ITH_NEU_XX_wav2lip.mp4,1,done,wav2lip,1081,ITH,happy,neutral,yes
FAKE_T2_1081_ITS_ANG_XX__AUDIO_1081_ITS_DIS_XX_wav2lip,data\synthetic\track2_fakes\videos\FAKE_T2_1081_ITS_ANG_XX__AUDIO_1081_ITS_DIS_XX_wav2lip.mp4,1,done,wav2lip,1081,ITS,angry,disgust,yes
FAKE_T2_1081_ITS_NEU_XX__AUDIO_1081_ITS_SAD_XX_wav2lip,data\synthetic\track2_fakes\videos\FAKE_T2_1081_ITS_NEU_XX__AUDIO_1081_ITS_SAD_XX_wav2lip.mp4,1,done,wav2lip,1081,ITS,neutral,sad,yes
FAKE_T2_1081_IWL_ANG_XX__AUDIO_1081_IWL_DIS_XX_wav2lip,data\synthetic\track2_fakes\videos\FAKE_T2_1081_IWL_ANG_XX__AUDIO_1081_IWL_DIS_XX_wav2lip.mp4,1,done,wav2lip,1081,IWL,angry,disgust,yes
FAKE_T2_1081_IWL_NEU_XX__AUDIO_1081_IWL_SAD_XX_wav2lip,data\synthetic\track2_fakes\videos\FAKE_T2_1081_IWL_NEU_XX__AUDIO_1081_IWL_SAD_XX_wav2lip.mp4,1,done,wav2lip,1081,IWL,neutral,sad,yes
FAKE_T2_1081_IWL_SAD_XX__AUDIO_1081_IWL_ANG_XX_wav2lip,data\synthetic\track2_fakes\videos\FAKE_T2_1081_IWL_SAD_XX__AUDIO_1081_IWL_ANG_XX_wav2lip.mp4,1,done,wav2lip,1081,IWL,sad,angry,yes
FAKE_T2_1081_IWW_ANG_XX__AUDIO_1081_IWW_DIS_XX_wav2lip,data\synthetic\track2_fakes\videos\FAKE_T2_1081_IWW_ANG_XX__AUDIO_1081_IWW_DIS_XX_wav2lip.mp4,1,done,wav2lip,1081,IWW,angry,disgust,yes
FAKE_T2_1081_IWW_HAP_XX__AUDIO_1081_IWW_NEU_XX_wav2lip,data\synthetic\track2_fakes\videos\FAKE_T2_1081_IWW_HAP_XX__AUDIO_1081_IWW_NEU_XX_wav2lip.mp4,1,done,wav2lip,1081,IWW,happy,neutral,yes
FAKE_T2_1081_MTI_HAP_XX__AUDIO_1081_MTI_NEU_XX_wav2lip,data\synthetic\track2_fakes\videos\FAKE_T2_1081_MTI_HAP_XX__AUDIO_1081_MTI_NEU_XX_wav2lip.mp4,1,done,wav2lip,1081,MTI,happy,neutral,yes
FAKE_T2_1081_TAI_DIS_XX__AUDIO_1081_TAI_FEA_XX_wav2lip,data\synthetic\track2_fakes\videos\FAKE_T2_1081_TAI_DIS_XX__AUDIO_1081_TAI_FEA_XX_wav2lip.mp4,1,done,wav2lip,1081,TAI,disgust,fear,yes
FAKE_T2_1081_TAI_HAP_XX__AUDIO_1081_TAI_NEU_XX_wav2lip,data\synthetic\track2_fakes\videos\FAKE_T2_1081_TAI_HAP_XX__AUDIO_1081_TAI_NEU_XX_wav2lip.mp4,1,done,wav2lip,1081,TAI,happy,neutral,yes
FAKE_T2_1081_TAI_NEU_XX__AUDIO_1081_TAI_SAD_XX_wav2lip,data\synthetic\track2_fakes\videos\FAKE_T2_1081_TAI_NEU_XX__AUDIO_1081_TAI_SAD_XX_wav2lip.mp4,1,done,wav2lip,1081,TAI,neutral,sad,yes
FAKE_T2_1081_TIE_ANG_XX__AUDIO_1081_TIE_DIS_XX_wav2lip,data\synthetic\track2_fakes\videos\FAKE_T2_1081_TIE_ANG_XX__AUDIO_1081_TIE_DIS_XX_wav2lip.mp4,1,done,wav2lip,1081,TIE,angry,disgust,yes
FAKE_T2_1081_TIE_DIS_XX__AUDIO_1081_TIE_FEA_XX_wav2lip,data\synthetic\track2_fakes\videos\FAKE_T2_1081_TIE_DIS_XX__AUDIO_1081_TIE_FEA_XX_wav2lip.mp4,1,done,wav2lip,1081,TIE,disgust,fear,yes
FAKE_T2_1081_TIE_FEA_XX__AUDIO_1081_TIE_HAP_XX_wav2lip,data\synthetic\track2_fakes\videos\FAKE_T2_1081_TIE_FEA_XX__AUDIO_1081_TIE_HAP_XX_wav2lip.mp4,1,done,wav2lip,1081,TIE,fear,happy,yes
FAKE_T2_1081_TSI_FEA_XX__AUDIO_1081_TSI_HAP_XX_wav2lip,data\synthetic\track2_fakes\videos\FAKE_T2_1081_TSI_FEA_XX__AUDIO_1081_TSI_HAP_XX_wav2lip.mp4,1,done,wav2lip,1081,TSI,fear,happy,yes
FAKE_T2_1081_WSI_FEA_XX__AUDIO_1081_WSI_HAP_XX_wav2lip,data\synthetic\track2_fakes\videos\FAKE_T2_1081_WSI_FEA_XX__AUDIO_1081_WSI_HAP_XX_wav2lip.mp4,1,done,wav2lip,1081,WSI,fear,happy,yes
FAKE_T2_1082_DFA_DIS_XX__AUDIO_1082_DFA_FEA_XX_wav2lip,data\synthetic\track2_fakes\videos\FAKE_T2_1082_DFA_DIS_XX__AUDIO_1082_DFA_FEA_XX_wav2lip.mp4,1,done,wav2lip,1082,DFA,disgust,fear,yes
FAKE_T2_1082_DFA_SAD_XX__AUDIO_1082_DFA_ANG_XX_wav2lip,data\synthetic\track2_fakes\videos\FAKE_T2_1082_DFA_SAD_XX__AUDIO_1082_DFA_ANG_XX_wav2lip.mp4,1,done,wav2lip,1082,DFA,sad,angry,yes
FAKE_T2_1082_IEO_ANG_LO__AUDIO_1082_IEO_DIS_LO_wav2lip,data\synthetic\track2_fakes\videos\FAKE_T2_1082_IEO_ANG_LO__AUDIO_1082_IEO_DIS_LO_wav2lip.mp4,1,done,wav2lip,1082,IEO,angry,disgust,yes
FAKE_T2_1082_IEO_ANG_MD__AUDIO_1082_IEO_DIS_MD_wav2lip,data\synthetic\track2_fakes\videos\FAKE_T2_1082_IEO_ANG_MD__AUDIO_1082_IEO_DIS_MD_wav2lip.mp4,1,done,wav2lip,1082,IEO,angry,disgust,yes
FAKE_T2_1082_IEO_DIS_HI__AUDIO_1082_IEO_FEA_HI_wav2lip,data\synthetic\track2_fakes\videos\FAKE_T2_1082_IEO_DIS_HI__AUDIO_1082_IEO_FEA_HI_wav2lip.mp4,1,done,wav2lip,1082,IEO,disgust,fear,yes
FAKE_T2_1082_IEO_DIS_LO__AUDIO_1082_IEO_FEA_LO_wav2lip,data\synthetic\track2_fakes\videos\FAKE_T2_1082_IEO_DIS_LO__AUDIO_1082_IEO_FEA_LO_wav2lip.mp4,1,done,wav2lip,1082,IEO,disgust,fear,yes
FAKE_T2_1082_IEO_DIS_MD__AUDIO_1082_IEO_FEA_MD_wav2lip,data\synthetic\track2_fakes\videos\FAKE_T2_1082_IEO_DIS_MD__AUDIO_1082_IEO_FEA_MD_wav2lip.mp4,1,done,wav2lip,1082,IEO,disgust,fear,yes
FAKE_T2_1082_IEO_FEA_HI__AUDIO_1082_IEO_HAP_HI_wav2lip,data\synthetic\track2_fakes\videos\FAKE_T2_1082_IEO_FEA_HI__AUDIO_1082_IEO_HAP_HI_wav2lip.mp4,1,done,wav2lip,1082,IEO,fear,happy,yes
FAKE_T2_1082_IEO_FEA_LO__AUDIO_1082_IEO_HAP_LO_wav2lip,data\synthetic\track2_fakes\videos\FAKE_T2_1082_IEO_FEA_LO__AUDIO_1082_IEO_HAP_LO_wav2lip.mp4,1,done,wav2lip,1082,IEO,fear,happy,yes
FAKE_T2_1082_IOM_HAP_XX__AUDIO_1082_IOM_NEU_XX_wav2lip,data\synthetic\track2_fakes\videos\FAKE_T2_1082_IOM_HAP_XX__AUDIO_1082_IOM_NEU_XX_wav2lip.mp4,1,done,wav2lip,1082,IOM,happy,neutral,yes
FAKE_T2_1082_IOM_NEU_XX__AUDIO_1082_IOM_SAD_XX_wav2lip,data\synthetic\track2_fakes\videos\FAKE_T2_1082_IOM_NEU_XX__AUDIO_1082_IOM_SAD_XX_wav2lip.mp4,1,done,wav2lip,1082,IOM,neutral,sad,yes
FAKE_T2_1082_IOM_SAD_XX__AUDIO_1082_IOM_ANG_XX_wav2lip,data\synthetic\track2_fakes\videos\FAKE_T2_1082_IOM_SAD_XX__AUDIO_1082_IOM_ANG_XX_wav2lip.mp4,1,done,wav2lip,1082,IOM,sad,angry,yes
FAKE_T2_1082_ITH_HAP_XX__AUDIO_1082_ITH_NEU_XX_wav2lip,data\synthetic\track2_fakes\videos\FAKE_T2_1082_ITH_HAP_XX__AUDIO_1082_ITH_NEU_XX_wav2lip.mp4,1,done,wav2lip,1082,ITH,happy,neutral,yes
FAKE_T2_1082_IWL_DIS_XX__AUDIO_1082_IWL_FEA_XX_wav2lip,data\synthetic\track2_fakes\videos\FAKE_T2_1082_IWL_DIS_XX__AUDIO_1082_IWL_FEA_XX_wav2lip.mp4,1,done,wav2lip,1082,IWL,disgust,fear,yes
FAKE_T2_1082_IWL_HAP_XX__AUDIO_1082_IWL_NEU_XX_wav2lip,data\synthetic\track2_fakes\videos\FAKE_T2_1082_IWL_HAP_XX__AUDIO_1082_IWL_NEU_XX_wav2lip.mp4,1,done,wav2lip,1082,IWL,happy,neutral,yes
FAKE_T2_1082_IWL_SAD_XX__AUDIO_1082_IWL_ANG_XX_wav2lip,data\synthetic\track2_fakes\videos\FAKE_T2_1082_IWL_SAD_XX__AUDIO_1082_IWL_ANG_XX_wav2lip.mp4,1,done,wav2lip,1082,IWL,sad,angry,yes
FAKE_T2_1082_IWW_ANG_XX__AUDIO_1082_IWW_DIS_XX_wav2lip,data\synthetic\track2_fakes\videos\FAKE_T2_1082_IWW_ANG_XX__AUDIO_1082_IWW_DIS_XX_wav2lip.mp4,1,done,wav2lip,1082,IWW,angry,disgust,yes
FAKE_T2_1082_IWW_FEA_XX__AUDIO_1082_IWW_HAP_XX_wav2lip,data\synthetic\track2_fakes\videos\FAKE_T2_1082_IWW_FEA_XX__AUDIO_1082_IWW_HAP_XX_wav2lip.mp4,1,done,wav2lip,1082,IWW,fear,happy,yes
FAKE_T2_1082_MTI_DIS_XX__AUDIO_1082_MTI_FEA_XX_wav2lip,data\synthetic\track2_fakes\videos\FAKE_T2_1082_MTI_DIS_XX__AUDIO_1082_MTI_FEA_XX_wav2lip.mp4,1,done,wav2lip,1082,MTI,disgust,fear,yes
FAKE_T2_1082_TAI_SAD_XX__AUDIO_1082_TAI_ANG_XX_wav2lip,data\synthetic\track2_fakes\videos\FAKE_T2_1082_TAI_SAD_XX__AUDIO_1082_TAI_ANG_XX_wav2lip.mp4,1,done,wav2lip,1082,TAI,sad,angry,yes
FAKE_T2_1082_TIE_ANG_XX__AUDIO_1082_TIE_DIS_XX_wav2lip,data\synthetic\track2_fakes\videos\FAKE_T2_1082_TIE_ANG_XX__AUDIO_1082_TIE_DIS_XX_wav2lip.mp4,1,done,wav2lip,1082,TIE,angry,disgust,yes
FAKE_T2_1082_TIE_DIS_XX__AUDIO_1082_TIE_FEA_XX_wav2lip,data\synthetic\track2_fakes\videos\FAKE_T2_1082_TIE_DIS_XX__AUDIO_1082_TIE_FEA_XX_wav2lip.mp4,1,done,wav2lip,1082,TIE,disgust,fear,yes
FAKE_T2_1082_TIE_FEA_XX__AUDIO_1082_TIE_HAP_XX_wav2lip,data\synthetic\track2_fakes\videos\FAKE_T2_1082_TIE_FEA_XX__AUDIO_1082_TIE_HAP_XX_wav2lip.mp4,1,done,wav2lip,1082,TIE,fear,happy,yes
FAKE_T2_1082_TSI_ANG_XX__AUDIO_1082_TSI_DIS_XX_wav2lip,data\synthetic\track2_fakes\videos\FAKE_T2_1082_TSI_ANG_XX__AUDIO_1082_TSI_DIS_XX_wav2lip.mp4,1,done,wav2lip,1082,TSI,angry,disgust,yes
FAKE_T2_1082_WSI_ANG_XX__AUDIO_1082_WSI_DIS_XX_wav2lip,data\synthetic\track2_fakes\videos\FAKE_T2_1082_WSI_ANG_XX__AUDIO_1082_WSI_DIS_XX_wav2lip.mp4,1,done,wav2lip,1082,WSI,angry,disgust,yes
FAKE_T2_1083_DFA_NEU_XX__AUDIO_1083_DFA_SAD_XX_wav2lip,data\synthetic\track2_fakes\videos\FAKE_T2_1083_DFA_NEU_XX__AUDIO_1083_DFA_SAD_XX_wav2lip.mp4,1,done,wav2lip,1083,DFA,neutral,sad,yes
FAKE_T2_1083_DFA_SAD_XX__AUDIO_1083_DFA_ANG_XX_wav2lip,data\synthetic\track2_fakes\videos\FAKE_T2_1083_DFA_SAD_XX__AUDIO_1083_DFA_ANG_XX_wav2lip.mp4,1,done,wav2lip,1083,DFA,sad,angry,yes
FAKE_T2_1083_IEO_ANG_MD__AUDIO_1083_IEO_DIS_MD_wav2lip,data\synthetic\track2_fakes\videos\FAKE_T2_1083_IEO_ANG_MD__AUDIO_1083_IEO_DIS_MD_wav2lip.mp4,1,done,wav2lip,1083,IEO,angry,disgust,yes
FAKE_T2_1083_IEO_DIS_HI__AUDIO_1083_IEO_FEA_HI_wav2lip,data\synthetic\track2_fakes\videos\FAKE_T2_1083_IEO_DIS_HI__AUDIO_1083_IEO_FEA_HI_wav2lip.mp4,1,done,wav2lip,1083,IEO,disgust,fear,yes
FAKE_T2_1083_IEO_DIS_LO__AUDIO_1083_IEO_FEA_LO_wav2lip,data\synthetic\track2_fakes\videos\FAKE_T2_1083_IEO_DIS_LO__AUDIO_1083_IEO_FEA_LO_wav2lip.mp4,1,done,wav2lip,1083,IEO,disgust,fear,yes
FAKE_T2_1083_IEO_HAP_LO__AUDIO_1083_IEO_NEU_XX_wav2lip,data\synthetic\track2_fakes\videos\FAKE_T2_1083_IEO_HAP_LO__AUDIO_1083_IEO_NEU_XX_wav2lip.mp4,1,done,wav2lip,1083,IEO,happy,neutral,yes
FAKE_T2_1083_IEO_SAD_HI__AUDIO_1083_IEO_ANG_HI_wav2lip,data\synthetic\track2_fakes\videos\FAKE_T2_1083_IEO_SAD_HI__AUDIO_1083_IEO_ANG_HI_wav2lip.mp4,1,done,wav2lip,1083,IEO,sad,angry,yes
FAKE_T2_1083_IEO_SAD_LO__AUDIO_1083_IEO_ANG_LO_wav2lip,data\synthetic\track2_fakes\videos\FAKE_T2_1083_IEO_SAD_LO__AUDIO_1083_IEO_ANG_LO_wav2lip.mp4,1,done,wav2lip,1083,IEO,sad,angry,yes
FAKE_T2_1083_IOM_FEA_XX__AUDIO_1083_IOM_HAP_XX_wav2lip,data\synthetic\track2_fakes\videos\FAKE_T2_1083_IOM_FEA_XX__AUDIO_1083_IOM_HAP_XX_wav2lip.mp4,1,done,wav2lip,1083,IOM,fear,happy,yes
FAKE_T2_1083_IOM_SAD_XX__AUDIO_1083_IOM_ANG_XX_wav2lip,data\synthetic\track2_fakes\videos\FAKE_T2_1083_IOM_SAD_XX__AUDIO_1083_IOM_ANG_XX_wav2lip.mp4,1,done,wav2lip,1083,IOM,sad,angry,yes
FAKE_T2_1083_ITH_FEA_XX__AUDIO_1083_ITH_HAP_XX_wav2lip,data\synthetic\track2_fakes\videos\FAKE_T2_1083_ITH_FEA_XX__AUDIO_1083_ITH_HAP_XX_wav2lip.mp4,1,done,wav2lip,1083,ITH,fear,happy,yes
FAKE_T2_1083_ITS_NEU_XX__AUDIO_1083_ITS_SAD_XX_wav2lip,data\synthetic\track2_fakes\videos\FAKE_T2_1083_ITS_NEU_XX__AUDIO_1083_ITS_SAD_XX_wav2lip.mp4,1,done,wav2lip,1083,ITS,neutral,sad,yes
FAKE_T2_1083_IWL_DIS_XX__AUDIO_1083_IWL_FEA_XX_wav2lip,data\synthetic\track2_fakes\videos\FAKE_T2_1083_IWL_DIS_XX__AUDIO_1083_IWL_FEA_XX_wav2lip.mp4,1,done,wav2lip,1083,IWL,disgust,fear,yes
FAKE_T2_1083_IWL_SAD_XX__AUDIO_1083_IWL_ANG_XX_wav2lip,data\synthetic\track2_fakes\videos\FAKE_T2_1083_IWL_SAD_XX__AUDIO_1083_IWL_ANG_XX_wav2lip.mp4,1,done,wav2lip,1083,IWL,sad,angry,yes
FAKE_T2_1083_IWW_ANG_XX__AUDIO_1083_IWW_DIS_XX_wav2lip,data\synthetic\track2_fakes\videos\FAKE_T2_1083_IWW_ANG_XX__AUDIO_1083_IWW_DIS_XX_wav2lip.mp4,1,done,wav2lip,1083,IWW,angry,disgust,yes
FAKE_T2_1083_IWW_FEA_XX__AUDIO_1083_IWW_HAP_XX_wav2lip,data\synthetic\track2_fakes\videos\FAKE_T2_1083_IWW_FEA_XX__AUDIO_1083_IWW_HAP_XX_wav2lip.mp4,1,done,wav2lip,1083,IWW,fear,happy,yes
FAKE_T2_1083_MTI_ANG_XX__AUDIO_1083_MTI_DIS_XX_wav2lip,data\synthetic\track2_fakes\videos\FAKE_T2_1083_MTI_ANG_XX__AUDIO_1083_MTI_DIS_XX_wav2lip.mp4,1,done,wav2lip,1083,MTI,angry,disgust,yes
FAKE_T2_1083_TAI_ANG_XX__AUDIO_1083_TAI_DIS_XX_wav2lip,data\synthetic\track2_fakes\videos\FAKE_T2_1083_TAI_ANG_XX__AUDIO_1083_TAI_DIS_XX_wav2lip.mp4,1,done,wav2lip,1083,TAI,angry,disgust,yes
FAKE_T2_1083_TAI_FEA_XX__AUDIO_1083_TAI_HAP_XX_wav2lip,data\synthetic\track2_fakes\videos\FAKE_T2_1083_TAI_FEA_XX__AUDIO_1083_TAI_HAP_XX_wav2lip.mp4,1,done,wav2lip,1083,TAI,fear,happy,yes
FAKE_T2_1083_TIE_DIS_XX__AUDIO_1083_TIE_FEA_XX_wav2lip,data\synthetic\track2_fakes\videos\FAKE_T2_1083_TIE_DIS_XX__AUDIO_1083_TIE_FEA_XX_wav2lip.mp4,1,done,wav2lip,1083,TIE,disgust,fear,yes
FAKE_T2_1083_TSI_HAP_XX__AUDIO_1083_TSI_NEU_XX_wav2lip,data\synthetic\track2_fakes\videos\FAKE_T2_1083_TSI_HAP_XX__AUDIO_1083_TSI_NEU_XX_wav2lip.mp4,1,done,wav2lip,1083,TSI,happy,neutral,yes
FAKE_T2_1083_TSI_SAD_XX__AUDIO_1083_TSI_ANG_XX_wav2lip,data\synthetic\track2_fakes\videos\FAKE_T2_1083_TSI_SAD_XX__AUDIO_1083_TSI_ANG_XX_wav2lip.mp4,1,done,wav2lip,1083,TSI,sad,angry,yes
FAKE_T2_1083_WSI_ANG_XX__AUDIO_1083_WSI_DIS_XX_wav2lip,data\synthetic\track2_fakes\videos\FAKE_T2_1083_WSI_ANG_XX__AUDIO_1083_WSI_DIS_XX_wav2lip.mp4,1,done,wav2lip,1083,WSI,angry,disgust,yes
FAKE_T2_1083_WSI_DIS_XX__AUDIO_1083_WSI_FEA_XX_wav2lip,data\synthetic\track2_fakes\videos\FAKE_T2_1083_WSI_DIS_XX__AUDIO_1083_WSI_FEA_XX_wav2lip.mp4,1,done,wav2lip,1083,WSI,disgust,fear,yes
FAKE_T2_1083_WSI_HAP_XX__AUDIO_1083_WSI_NEU_XX_wav2lip,data\synthetic\track2_fakes\videos\FAKE_T2_1083_WSI_HAP_XX__AUDIO_1083_WSI_NEU_XX_wav2lip.mp4,1,done,wav2lip,1083,WSI,happy,neutral,yes
FAKE_T2_1084_DFA_FEA_XX__AUDIO_1084_DFA_HAP_XX_wav2lip,data\synthetic\track2_fakes\videos\FAKE_T2_1084_DFA_FEA_XX__AUDIO_1084_DFA_HAP_XX_wav2lip.mp4,1,done,wav2lip,1084,DFA,fear,happy,yes
FAKE_T2_1084_IEO_DIS_LO__AUDIO_1084_IEO_FEA_LO_wav2lip,data\synthetic\track2_fakes\videos\FAKE_T2_1084_IEO_DIS_LO__AUDIO_1084_IEO_FEA_LO_wav2lip.mp4,1,done,wav2lip,1084,IEO,disgust,fear,yes
FAKE_T2_1084_IEO_HAP_HI__AUDIO_1084_IEO_NEU_XX_wav2lip,data\synthetic\track2_fakes\videos\FAKE_T2_1084_IEO_HAP_HI__AUDIO_1084_IEO_NEU_XX_wav2lip.mp4,1,done,wav2lip,1084,IEO,happy,neutral,yes
FAKE_T2_1084_IEO_SAD_HI__AUDIO_1084_IEO_ANG_HI_wav2lip,data\synthetic\track2_fakes\videos\FAKE_T2_1084_IEO_SAD_HI__AUDIO_1084_IEO_ANG_HI_wav2lip.mp4,1,done,wav2lip,1084,IEO,sad,angry,yes
FAKE_T2_1084_IOM_DIS_XX__AUDIO_1084_IOM_FEA_XX_wav2lip,data\synthetic\track2_fakes\videos\FAKE_T2_1084_IOM_DIS_XX__AUDIO_1084_IOM_FEA_XX_wav2lip.mp4,1,done,wav2lip,1084,IOM,disgust,fear,yes
FAKE_T2_1084_IOM_FEA_XX__AUDIO_1084_IOM_HAP_XX_wav2lip,data\synthetic\track2_fakes\videos\FAKE_T2_1084_IOM_FEA_XX__AUDIO_1084_IOM_HAP_XX_wav2lip.mp4,1,done,wav2lip,1084,IOM,fear,happy,yes
FAKE_T2_1084_IOM_HAP_XX__AUDIO_1084_IOM_NEU_XX_wav2lip,data\synthetic\track2_fakes\videos\FAKE_T2_1084_IOM_HAP_XX__AUDIO_1084_IOM_NEU_XX_wav2lip.mp4,1,done,wav2lip,1084,IOM,happy,neutral,yes
FAKE_T2_1084_IOM_SAD_XX__AUDIO_1084_IOM_ANG_XX_wav2lip,data\synthetic\track2_fakes\videos\FAKE_T2_1084_IOM_SAD_XX__AUDIO_1084_IOM_ANG_XX_wav2lip.mp4,1,done,wav2lip,1084,IOM,sad,angry,yes
FAKE_T2_1084_ITH_ANG_XX__AUDIO_1084_ITH_DIS_XX_wav2lip,data\synthetic\track2_fakes\videos\FAKE_T2_1084_ITH_ANG_XX__AUDIO_1084_ITH_DIS_XX_wav2lip.mp4,1,done,wav2lip,1084,ITH,angry,disgust,yes
FAKE_T2_1084_ITH_HAP_XX__AUDIO_1084_ITH_NEU_XX_wav2lip,data\synthetic\track2_fakes\videos\FAKE_T2_1084_ITH_HAP_XX__AUDIO_1084_ITH_NEU_XX_wav2lip.mp4,1,done,wav2lip,1084,ITH,happy,neutral,yes
FAKE_T2_1084_ITS_FEA_XX__AUDIO_1084_ITS_HAP_XX_wav2lip,data\synthetic\track2_fakes\videos\FAKE_T2_1084_ITS_FEA_XX__AUDIO_1084_ITS_HAP_XX_wav2lip.mp4,1,done,wav2lip,1084,ITS,fear,happy,yes
FAKE_T2_1084_IWL_DIS_XX__AUDIO_1084_IWL_FEA_XX_wav2lip,data\synthetic\track2_fakes\videos\FAKE_T2_1084_IWL_DIS_XX__AUDIO_1084_IWL_FEA_XX_wav2lip.mp4,1,done,wav2lip,1084,IWL,disgust,fear,yes
FAKE_T2_1084_IWL_HAP_XX__AUDIO_1084_IWL_NEU_XX_wav2lip,data\synthetic\track2_fakes\videos\FAKE_T2_1084_IWL_HAP_XX__AUDIO_1084_IWL_NEU_XX_wav2lip.mp4,1,done,wav2lip,1084,IWL,happy,neutral,yes
FAKE_T2_1084_IWL_NEU_XX__AUDIO_1084_IWL_SAD_XX_wav2lip,data\synthetic\track2_fakes\videos\FAKE_T2_1084_IWL_NEU_XX__AUDIO_1084_IWL_SAD_XX_wav2lip.mp4,1,done,wav2lip,1084,IWL,neutral,sad,yes
FAKE_T2_1084_IWW_DIS_XX__AUDIO_1084_IWW_FEA_XX_wav2lip,data\synthetic\track2_fakes\videos\FAKE_T2_1084_IWW_DIS_XX__AUDIO_1084_IWW_FEA_XX_wav2lip.mp4,1,done,wav2lip,1084,IWW,disgust,fear,yes
FAKE_T2_1084_IWW_FEA_XX__AUDIO_1084_IWW_HAP_XX_wav2lip,data\synthetic\track2_fakes\videos\FAKE_T2_1084_IWW_FEA_XX__AUDIO_1084_IWW_HAP_XX_wav2lip.mp4,1,done,wav2lip,1084,IWW,fear,happy,yes
FAKE_T2_1084_IWW_SAD_XX__AUDIO_1084_IWW_ANG_XX_wav2lip,data\synthetic\track2_fakes\videos\FAKE_T2_1084_IWW_SAD_XX__AUDIO_1084_IWW_ANG_XX_wav2lip.mp4,1,done,wav2lip,1084,IWW,sad,angry,yes
FAKE_T2_1084_MTI_HAP_XX__AUDIO_1084_MTI_NEU_XX_wav2lip,data\synthetic\track2_fakes\videos\FAKE_T2_1084_MTI_HAP_XX__AUDIO_1084_MTI_NEU_XX_wav2lip.mp4,1,done,wav2lip,1084,MTI,happy,neutral,yes
FAKE_T2_1084_MTI_NEU_XX__AUDIO_1084_MTI_SAD_XX_wav2lip,data\synthetic\track2_fakes\videos\FAKE_T2_1084_MTI_NEU_XX__AUDIO_1084_MTI_SAD_XX_wav2lip.mp4,1,done,wav2lip,1084,MTI,neutral,sad,yes
FAKE_T2_1084_MTI_SAD_XX__AUDIO_1084_MTI_ANG_XX_wav2lip,data\synthetic\track2_fakes\videos\FAKE_T2_1084_MTI_SAD_XX__AUDIO_1084_MTI_ANG_XX_wav2lip.mp4,1,done,wav2lip,1084,MTI,sad,angry,yes
FAKE_T2_1084_TIE_DIS_XX__AUDIO_1084_TIE_FEA_XX_wav2lip,data\synthetic\track2_fakes\videos\FAKE_T2_1084_TIE_DIS_XX__AUDIO_1084_TIE_FEA_XX_wav2lip.mp4,1,done,wav2lip,1084,TIE,disgust,fear,yes
FAKE_T2_1084_TIE_FEA_XX__AUDIO_1084_TIE_HAP_XX_wav2lip,data\synthetic\track2_fakes\videos\FAKE_T2_1084_TIE_FEA_XX__AUDIO_1084_TIE_HAP_XX_wav2lip.mp4,1,done,wav2lip,1084,TIE,fear,happy,yes
FAKE_T2_1084_TIE_NEU_XX__AUDIO_1084_TIE_SAD_XX_wav2lip,data\synthetic\track2_fakes\videos\FAKE_T2_1084_TIE_NEU_XX__AUDIO_1084_TIE_SAD_XX_wav2lip.mp4,1,done,wav2lip,1084,TIE,neutral,sad,yes
FAKE_T2_1084_TSI_ANG_XX__AUDIO_1084_TSI_DIS_XX_wav2lip,data\synthetic\track2_fakes\videos\FAKE_T2_1084_TSI_ANG_XX__AUDIO_1084_TSI_DIS_XX_wav2lip.mp4,1,done,wav2lip,1084,TSI,angry,disgust,yes
FAKE_T2_1084_WSI_FEA_XX__AUDIO_1084_WSI_HAP_XX_wav2lip,data\synthetic\track2_fakes\videos\FAKE_T2_1084_WSI_FEA_XX__AUDIO_1084_WSI_HAP_XX_wav2lip.mp4,1,done,wav2lip,1084,WSI,fear,happy,yes
FAKE_T2_1085_DFA_ANG_XX__AUDIO_1085_DFA_DIS_XX_wav2lip,data\synthetic\track2_fakes\videos\FAKE_T2_1085_DFA_ANG_XX__AUDIO_1085_DFA_DIS_XX_wav2lip.mp4,1,done,wav2lip,1085,DFA,angry,disgust,yes
FAKE_T2_1085_DFA_NEU_XX__AUDIO_1085_DFA_SAD_XX_wav2lip,data\synthetic\track2_fakes\videos\FAKE_T2_1085_DFA_NEU_XX__AUDIO_1085_DFA_SAD_XX_wav2lip.mp4,1,done,wav2lip,1085,DFA,neutral,sad,yes
FAKE_T2_1085_IEO_DIS_HI__AUDIO_1085_IEO_FEA_HI_wav2lip,data\synthetic\track2_fakes\videos\FAKE_T2_1085_IEO_DIS_HI__AUDIO_1085_IEO_FEA_HI_wav2lip.mp4,1,done,wav2lip,1085,IEO,disgust,fear,yes
FAKE_T2_1085_IEO_HAP_LO__AUDIO_1085_IEO_NEU_XX_wav2lip,data\synthetic\track2_fakes\videos\FAKE_T2_1085_IEO_HAP_LO__AUDIO_1085_IEO_NEU_XX_wav2lip.mp4,1,done,wav2lip,1085,IEO,happy,neutral,yes
FAKE_T2_1085_IEO_HAP_MD__AUDIO_1085_IEO_NEU_XX_wav2lip,data\synthetic\track2_fakes\videos\FAKE_T2_1085_IEO_HAP_MD__AUDIO_1085_IEO_NEU_XX_wav2lip.mp4,1,done,wav2lip,1085,IEO,happy,neutral,yes
FAKE_T2_1085_IOM_HAP_XX__AUDIO_1085_IOM_NEU_XX_wav2lip,data\synthetic\track2_fakes\videos\FAKE_T2_1085_IOM_HAP_XX__AUDIO_1085_IOM_NEU_XX_wav2lip.mp4,1,done,wav2lip,1085,IOM,happy,neutral,yes
FAKE_T2_1085_IOM_NEU_XX__AUDIO_1085_IOM_SAD_XX_wav2lip,data\synthetic\track2_fakes\videos\FAKE_T2_1085_IOM_NEU_XX__AUDIO_1085_IOM_SAD_XX_wav2lip.mp4,1,done,wav2lip,1085,IOM,neutral,sad,yes
FAKE_T2_1085_ITH_FEA_XX__AUDIO_1085_ITH_HAP_XX_wav2lip,data\synthetic\track2_fakes\videos\FAKE_T2_1085_ITH_FEA_XX__AUDIO_1085_ITH_HAP_XX_wav2lip.mp4,1,done,wav2lip,1085,ITH,fear,happy,yes
FAKE_T2_1085_ITH_NEU_XX__AUDIO_1085_ITH_SAD_XX_wav2lip,data\synthetic\track2_fakes\videos\FAKE_T2_1085_ITH_NEU_XX__AUDIO_1085_ITH_SAD_XX_wav2lip.mp4,1,done,wav2lip,1085,ITH,neutral,sad,yes
FAKE_T2_1085_ITS_ANG_XX__AUDIO_1085_ITS_DIS_XX_wav2lip,data\synthetic\track2_fakes\videos\FAKE_T2_1085_ITS_ANG_XX__AUDIO_1085_ITS_DIS_XX_wav2lip.mp4,1,done,wav2lip,1085,ITS,angry,disgust,yes
FAKE_T2_1085_ITS_HAP_XX__AUDIO_1085_ITS_NEU_XX_wav2lip,data\synthetic\track2_fakes\videos\FAKE_T2_1085_ITS_HAP_XX__AUDIO_1085_ITS_NEU_XX_wav2lip.mp4,1,done,wav2lip,1085,ITS,happy,neutral,yes
FAKE_T2_1085_IWL_DIS_XX__AUDIO_1085_IWL_FEA_XX_wav2lip,data\synthetic\track2_fakes\videos\FAKE_T2_1085_IWL_DIS_XX__AUDIO_1085_IWL_FEA_XX_wav2lip.mp4,1,done,wav2lip,1085,IWL,disgust,fear,yes
FAKE_T2_1085_IWL_NEU_XX__AUDIO_1085_IWL_SAD_XX_wav2lip,data\synthetic\track2_fakes\videos\FAKE_T2_1085_IWL_NEU_XX__AUDIO_1085_IWL_SAD_XX_wav2lip.mp4,1,done,wav2lip,1085,IWL,neutral,sad,yes
FAKE_T2_1085_IWW_ANG_XX__AUDIO_1085_IWW_DIS_XX_wav2lip,data\synthetic\track2_fakes\videos\FAKE_T2_1085_IWW_ANG_XX__AUDIO_1085_IWW_DIS_XX_wav2lip.mp4,1,done,wav2lip,1085,IWW,angry,disgust,yes
FAKE_T2_1085_IWW_HAP_XX__AUDIO_1085_IWW_NEU_XX_wav2lip,data\synthetic\track2_fakes\videos\FAKE_T2_1085_IWW_HAP_XX__AUDIO_1085_IWW_NEU_XX_wav2lip.mp4,1,done,wav2lip,1085,IWW,happy,neutral,yes
FAKE_T2_1085_MTI_NEU_XX__AUDIO_1085_MTI_SAD_XX_wav2lip,data\synthetic\track2_fakes\videos\FAKE_T2_1085_MTI_NEU_XX__AUDIO_1085_MTI_SAD_XX_wav2lip.mp4,1,done,wav2lip,1085,MTI,neutral,sad,yes
FAKE_T2_1085_MTI_SAD_XX__AUDIO_1085_MTI_ANG_XX_wav2lip,data\synthetic\track2_fakes\videos\FAKE_T2_1085_MTI_SAD_XX__AUDIO_1085_MTI_ANG_XX_wav2lip.mp4,1,done,wav2lip,1085,MTI,sad,angry,yes
FAKE_T2_1085_TAI_DIS_XX__AUDIO_1085_TAI_FEA_XX_wav2lip,data\synthetic\track2_fakes\videos\FAKE_T2_1085_TAI_DIS_XX__AUDIO_1085_TAI_FEA_XX_wav2lip.mp4,1,done,wav2lip,1085,TAI,disgust,fear,yes
FAKE_T2_1085_TAI_NEU_XX__AUDIO_1085_TAI_SAD_XX_wav2lip,data\synthetic\track2_fakes\videos\FAKE_T2_1085_TAI_NEU_XX__AUDIO_1085_TAI_SAD_XX_wav2lip.mp4,1,done,wav2lip,1085,TAI,neutral,sad,yes
FAKE_T2_1085_TIE_SAD_XX__AUDIO_1085_TIE_ANG_XX_wav2lip,data\synthetic\track2_fakes\videos\FAKE_T2_1085_TIE_SAD_XX__AUDIO_1085_TIE_ANG_XX_wav2lip.mp4,1,done,wav2lip,1085,TIE,sad,angry,yes
FAKE_T2_1085_TSI_NEU_XX__AUDIO_1085_TSI_SAD_XX_wav2lip,data\synthetic\track2_fakes\videos\FAKE_T2_1085_TSI_NEU_XX__AUDIO_1085_TSI_SAD_XX_wav2lip.mp4,1,done,wav2lip,1085,TSI,neutral,sad,yes
FAKE_T2_1085_WSI_ANG_XX__AUDIO_1085_WSI_DIS_XX_wav2lip,data\synthetic\track2_fakes\videos\FAKE_T2_1085_WSI_ANG_XX__AUDIO_1085_WSI_DIS_XX_wav2lip.mp4,1,done,wav2lip,1085,WSI,angry,disgust,yes
FAKE_T2_1085_WSI_DIS_XX__AUDIO_1085_WSI_FEA_XX_wav2lip,data\synthetic\track2_fakes\videos\FAKE_T2_1085_WSI_DIS_XX__AUDIO_1085_WSI_FEA_XX_wav2lip.mp4,1,done,wav2lip,1085,WSI,disgust,fear,yes
FAKE_T2_1085_WSI_HAP_XX__AUDIO_1085_WSI_NEU_XX_wav2lip,data\synthetic\track2_fakes\videos\FAKE_T2_1085_WSI_HAP_XX__AUDIO_1085_WSI_NEU_XX_wav2lip.mp4,1,done,wav2lip,1085,WSI,happy,neutral,yes
FAKE_T2_1085_WSI_SAD_XX__AUDIO_1085_WSI_ANG_XX_wav2lip,data\synthetic\track2_fakes\videos\FAKE_T2_1085_WSI_SAD_XX__AUDIO_1085_WSI_ANG_XX_wav2lip.mp4,1,done,wav2lip,1085,WSI,sad,angry,yes
FAKE_T2_1086_DFA_ANG_XX__AUDIO_1086_DFA_DIS_XX_wav2lip,data\synthetic\track2_fakes\videos\FAKE_T2_1086_DFA_ANG_XX__AUDIO_1086_DFA_DIS_XX_wav2lip.mp4,1,done,wav2lip,1086,DFA,angry,disgust,yes
FAKE_T2_1086_DFA_FEA_XX__AUDIO_1086_DFA_HAP_XX_wav2lip,data\synthetic\track2_fakes\videos\FAKE_T2_1086_DFA_FEA_XX__AUDIO_1086_DFA_HAP_XX_wav2lip.mp4,1,done,wav2lip,1086,DFA,fear,happy,yes
FAKE_T2_1086_IEO_ANG_HI__AUDIO_1086_IEO_DIS_HI_wav2lip,data\synthetic\track2_fakes\videos\FAKE_T2_1086_IEO_ANG_HI__AUDIO_1086_IEO_DIS_HI_wav2lip.mp4,1,done,wav2lip,1086,IEO,angry,disgust,yes
FAKE_T2_1086_IEO_DIS_LO__AUDIO_1086_IEO_FEA_LO_wav2lip,data\synthetic\track2_fakes\videos\FAKE_T2_1086_IEO_DIS_LO__AUDIO_1086_IEO_FEA_LO_wav2lip.mp4,1,done,wav2lip,1086,IEO,disgust,fear,yes
FAKE_T2_1086_IEO_NEU_XX__AUDIO_1086_IEO_SAD_HI_wav2lip,data\synthetic\track2_fakes\videos\FAKE_T2_1086_IEO_NEU_XX__AUDIO_1086_IEO_SAD_HI_wav2lip.mp4,1,done,wav2lip,1086,IEO,neutral,sad,yes
FAKE_T2_1086_IEO_SAD_HI__AUDIO_1086_IEO_ANG_HI_wav2lip,data\synthetic\track2_fakes\videos\FAKE_T2_1086_IEO_SAD_HI__AUDIO_1086_IEO_ANG_HI_wav2lip.mp4,1,done,wav2lip,1086,IEO,sad,angry,yes
FAKE_T2_1086_IOM_ANG_XX__AUDIO_1086_IOM_DIS_XX_wav2lip,data\synthetic\track2_fakes\videos\FAKE_T2_1086_IOM_ANG_XX__AUDIO_1086_IOM_DIS_XX_wav2lip.mp4,1,done,wav2lip,1086,IOM,angry,disgust,yes
FAKE_T2_1086_IOM_DIS_XX__AUDIO_1086_IOM_FEA_XX_wav2lip,data\synthetic\track2_fakes\videos\FAKE_T2_1086_IOM_DIS_XX__AUDIO_1086_IOM_FEA_XX_wav2lip.mp4,1,done,wav2lip,1086,IOM,disgust,fear,yes
FAKE_T2_1086_IOM_HAP_XX__AUDIO_1086_IOM_NEU_XX_wav2lip,data\synthetic\track2_fakes\videos\FAKE_T2_1086_IOM_HAP_XX__AUDIO_1086_IOM_NEU_XX_wav2lip.mp4,1,done,wav2lip,1086,IOM,happy,neutral,yes
FAKE_T2_1086_IOM_SAD_XX__AUDIO_1086_IOM_ANG_XX_wav2lip,data\synthetic\track2_fakes\videos\FAKE_T2_1086_IOM_SAD_XX__AUDIO_1086_IOM_ANG_XX_wav2lip.mp4,1,done,wav2lip,1086,IOM,sad,angry,yes
FAKE_T2_1086_ITH_ANG_XX__AUDIO_1086_ITH_DIS_XX_wav2lip,data\synthetic\track2_fakes\videos\FAKE_T2_1086_ITH_ANG_XX__AUDIO_1086_ITH_DIS_XX_wav2lip.mp4,1,done,wav2lip,1086,ITH,angry,disgust,yes
FAKE_T2_1086_ITH_FEA_XX__AUDIO_1086_ITH_HAP_XX_wav2lip,data\synthetic\track2_fakes\videos\FAKE_T2_1086_ITH_FEA_XX__AUDIO_1086_ITH_HAP_XX_wav2lip.mp4,1,done,wav2lip,1086,ITH,fear,happy,yes
FAKE_T2_1086_ITH_SAD_XX__AUDIO_1086_ITH_ANG_XX_wav2lip,data\synthetic\track2_fakes\videos\FAKE_T2_1086_ITH_SAD_XX__AUDIO_1086_ITH_ANG_XX_wav2lip.mp4,1,done,wav2lip,1086,ITH,sad,angry,yes
FAKE_T2_1086_ITS_HAP_XX__AUDIO_1086_ITS_NEU_XX_wav2lip,data\synthetic\track2_fakes\videos\FAKE_T2_1086_ITS_HAP_XX__AUDIO_1086_ITS_NEU_XX_wav2lip.mp4,1,done,wav2lip,1086,ITS,happy,neutral,yes
FAKE_T2_1086_ITS_SAD_XX__AUDIO_1086_ITS_ANG_XX_wav2lip,data\synthetic\track2_fakes\videos\FAKE_T2_1086_ITS_SAD_XX__AUDIO_1086_ITS_ANG_XX_wav2lip.mp4,1,done,wav2lip,1086,ITS,sad,angry,yes
FAKE_T2_1086_IWL_DIS_XX__AUDIO_1086_IWL_FEA_XX_wav2lip,data\synthetic\track2_fakes\videos\FAKE_T2_1086_IWL_DIS_XX__AUDIO_1086_IWL_FEA_XX_wav2lip.mp4,1,done,wav2lip,1086,IWL,disgust,fear,yes
FAKE_T2_1086_IWL_FEA_XX__AUDIO_1086_IWL_HAP_XX_wav2lip,data\synthetic\track2_fakes\videos\FAKE_T2_1086_IWL_FEA_XX__AUDIO_1086_IWL_HAP_XX_wav2lip.mp4,1,done,wav2lip,1086,IWL,fear,happy,yes
FAKE_T2_1086_MTI_DIS_XX__AUDIO_1086_MTI_FEA_XX_wav2lip,data\synthetic\track2_fakes\videos\FAKE_T2_1086_MTI_DIS_XX__AUDIO_1086_MTI_FEA_XX_wav2lip.mp4,1,done,wav2lip,1086,MTI,disgust,fear,yes
FAKE_T2_1086_TAI_ANG_XX__AUDIO_1086_TAI_DIS_XX_wav2lip,data\synthetic\track2_fakes\videos\FAKE_T2_1086_TAI_ANG_XX__AUDIO_1086_TAI_DIS_XX_wav2lip.mp4,1,done,wav2lip,1086,TAI,angry,disgust,yes
FAKE_T2_1086_TAI_FEA_XX__AUDIO_1086_TAI_HAP_XX_wav2lip,data\synthetic\track2_fakes\videos\FAKE_T2_1086_TAI_FEA_XX__AUDIO_1086_TAI_HAP_XX_wav2lip.mp4,1,done,wav2lip,1086,TAI,fear,happy,yes
FAKE_T2_1086_TIE_NEU_XX__AUDIO_1086_TIE_SAD_XX_wav2lip,data\synthetic\track2_fakes\videos\FAKE_T2_1086_TIE_NEU_XX__AUDIO_1086_TIE_SAD_XX_wav2lip.mp4,1,done,wav2lip,1086,TIE,neutral,sad,yes
FAKE_T2_1086_TIE_SAD_XX__AUDIO_1086_TIE_ANG_XX_wav2lip,data\synthetic\track2_fakes\videos\FAKE_T2_1086_TIE_SAD_XX__AUDIO_1086_TIE_ANG_XX_wav2lip.mp4,1,done,wav2lip,1086,TIE,sad,angry,yes
FAKE_T2_1086_TSI_FEA_XX__AUDIO_1086_TSI_HAP_XX_wav2lip,data\synthetic\track2_fakes\videos\FAKE_T2_1086_TSI_FEA_XX__AUDIO_1086_TSI_HAP_XX_wav2lip.mp4,1,done,wav2lip,1086,TSI,fear,happy,yes
FAKE_T2_1086_WSI_FEA_XX__AUDIO_1086_WSI_HAP_XX_wav2lip,data\synthetic\track2_fakes\videos\FAKE_T2_1086_WSI_FEA_XX__AUDIO_1086_WSI_HAP_XX_wav2lip.mp4,1,done,wav2lip,1086,WSI,fear,happy,yes
FAKE_T2_1086_WSI_NEU_XX__AUDIO_1086_WSI_SAD_XX_wav2lip,data\synthetic\track2_fakes\videos\FAKE_T2_1086_WSI_NEU_XX__AUDIO_1086_WSI_SAD_XX_wav2lip.mp4,1,done,wav2lip,1086,WSI,neutral,sad,yes
FAKE_T2_1087_DFA_ANG_XX__AUDIO_1087_DFA_DIS_XX_wav2lip,data\synthetic\track2_fakes\videos\FAKE_T2_1087_DFA_ANG_XX__AUDIO_1087_DFA_DIS_XX_wav2lip.mp4,1,done,wav2lip,1087,DFA,angry,disgust,yes
FAKE_T2_1087_IEO_ANG_HI__AUDIO_1087_IEO_DIS_HI_wav2lip,data\synthetic\track2_fakes\videos\FAKE_T2_1087_IEO_ANG_HI__AUDIO_1087_IEO_DIS_HI_wav2lip.mp4,1,done,wav2lip,1087,IEO,angry,disgust,yes
FAKE_T2_1087_IEO_DIS_HI__AUDIO_1087_IEO_FEA_HI_wav2lip,data\synthetic\track2_fakes\videos\FAKE_T2_1087_IEO_DIS_HI__AUDIO_1087_IEO_FEA_HI_wav2lip.mp4,1,done,wav2lip,1087,IEO,disgust,fear,yes
FAKE_T2_1087_IEO_NEU_XX__AUDIO_1087_IEO_SAD_HI_wav2lip,data\synthetic\track2_fakes\videos\FAKE_T2_1087_IEO_NEU_XX__AUDIO_1087_IEO_SAD_HI_wav2lip.mp4,1,done,wav2lip,1087,IEO,neutral,sad,yes
FAKE_T2_1087_IEO_SAD_HI__AUDIO_1087_IEO_ANG_HI_wav2lip,data\synthetic\track2_fakes\videos\FAKE_T2_1087_IEO_SAD_HI__AUDIO_1087_IEO_ANG_HI_wav2lip.mp4,1,done,wav2lip,1087,IEO,sad,angry,yes
FAKE_T2_1087_IOM_DIS_XX__AUDIO_1087_IOM_FEA_XX_wav2lip,data\synthetic\track2_fakes\videos\FAKE_T2_1087_IOM_DIS_XX__AUDIO_1087_IOM_FEA_XX_wav2lip.mp4,1,done,wav2lip,1087,IOM,disgust,fear,yes
FAKE_T2_1087_IOM_HAP_XX__AUDIO_1087_IOM_NEU_XX_wav2lip,data\synthetic\track2_fakes\videos\FAKE_T2_1087_IOM_HAP_XX__AUDIO_1087_IOM_NEU_XX_wav2lip.mp4,1,done,wav2lip,1087,IOM,happy,neutral,yes
FAKE_T2_1087_IOM_NEU_XX__AUDIO_1087_IOM_SAD_XX_wav2lip,data\synthetic\track2_fakes\videos\FAKE_T2_1087_IOM_NEU_XX__AUDIO_1087_IOM_SAD_XX_wav2lip.mp4,1,done,wav2lip,1087,IOM,neutral,sad,yes
FAKE_T2_1087_IWL_FEA_XX__AUDIO_1087_IWL_HAP_XX_wav2lip,data\synthetic\track2_fakes\videos\FAKE_T2_1087_IWL_FEA_XX__AUDIO_1087_IWL_HAP_XX_wav2lip.mp4,1,done,wav2lip,1087,IWL,fear,happy,yes
FAKE_T2_1087_IWL_SAD_XX__AUDIO_1087_IWL_ANG_XX_wav2lip,data\synthetic\track2_fakes\videos\FAKE_T2_1087_IWL_SAD_XX__AUDIO_1087_IWL_ANG_XX_wav2lip.mp4,1,done,wav2lip,1087,IWL,sad,angry,yes
FAKE_T2_1087_IWW_DIS_XX__AUDIO_1087_IWW_FEA_XX_wav2lip,data\synthetic\track2_fakes\videos\FAKE_T2_1087_IWW_DIS_XX__AUDIO_1087_IWW_FEA_XX_wav2lip.mp4,1,done,wav2lip,1087,IWW,disgust,fear,yes
FAKE_T2_1087_IWW_FEA_XX__AUDIO_1087_IWW_HAP_XX_wav2lip,data\synthetic\track2_fakes\videos\FAKE_T2_1087_IWW_FEA_XX__AUDIO_1087_IWW_HAP_XX_wav2lip.mp4,1,done,wav2lip,1087,IWW,fear,happy,yes
FAKE_T2_1087_MTI_ANG_XX__AUDIO_1087_MTI_DIS_XX_wav2lip,data\synthetic\track2_fakes\videos\FAKE_T2_1087_MTI_ANG_XX__AUDIO_1087_MTI_DIS_XX_wav2lip.mp4,1,done,wav2lip,1087,MTI,angry,disgust,yes
FAKE_T2_1087_MTI_NEU_XX__AUDIO_1087_MTI_SAD_XX_wav2lip,data\synthetic\track2_fakes\videos\FAKE_T2_1087_MTI_NEU_XX__AUDIO_1087_MTI_SAD_XX_wav2lip.mp4,1,done,wav2lip,1087,MTI,neutral,sad,yes
FAKE_T2_1087_TAI_DIS_XX__AUDIO_1087_TAI_FEA_XX_wav2lip,data\synthetic\track2_fakes\videos\FAKE_T2_1087_TAI_DIS_XX__AUDIO_1087_TAI_FEA_XX_wav2lip.mp4,1,done,wav2lip,1087,TAI,disgust,fear,yes
FAKE_T2_1087_TAI_FEA_XX__AUDIO_1087_TAI_HAP_XX_wav2lip,data\synthetic\track2_fakes\videos\FAKE_T2_1087_TAI_FEA_XX__AUDIO_1087_TAI_HAP_XX_wav2lip.mp4,1,done,wav2lip,1087,TAI,fear,happy,yes
FAKE_T2_1087_TIE_DIS_XX__AUDIO_1087_TIE_FEA_XX_wav2lip,data\synthetic\track2_fakes\videos\FAKE_T2_1087_TIE_DIS_XX__AUDIO_1087_TIE_FEA_XX_wav2lip.mp4,1,done,wav2lip,1087,TIE,disgust,fear,yes
FAKE_T2_1087_TIE_FEA_XX__AUDIO_1087_TIE_HAP_XX_wav2lip,data\synthetic\track2_fakes\videos\FAKE_T2_1087_TIE_FEA_XX__AUDIO_1087_TIE_HAP_XX_wav2lip.mp4,1,done,wav2lip,1087,TIE,fear,happy,yes
FAKE_T2_1087_TIE_NEU_XX__AUDIO_1087_TIE_SAD_XX_wav2lip,data\synthetic\track2_fakes\videos\FAKE_T2_1087_TIE_NEU_XX__AUDIO_1087_TIE_SAD_XX_wav2lip.mp4,1,done,wav2lip,1087,TIE,neutral,sad,yes
FAKE_T2_1087_TIE_SAD_XX__AUDIO_1087_TIE_ANG_XX_wav2lip,data\synthetic\track2_fakes\videos\FAKE_T2_1087_TIE_SAD_XX__AUDIO_1087_TIE_ANG_XX_wav2lip.mp4,1,done,wav2lip,1087,TIE,sad,angry,yes
FAKE_T2_1087_TSI_HAP_XX__AUDIO_1087_TSI_NEU_XX_wav2lip,data\synthetic\track2_fakes\videos\FAKE_T2_1087_TSI_HAP_XX__AUDIO_1087_TSI_NEU_XX_wav2lip.mp4,1,done,wav2lip,1087,TSI,happy,neutral,yes
FAKE_T2_1087_WSI_DIS_XX__AUDIO_1087_WSI_FEA_XX_wav2lip,data\synthetic\track2_fakes\videos\FAKE_T2_1087_WSI_DIS_XX__AUDIO_1087_WSI_FEA_XX_wav2lip.mp4,1,done,wav2lip,1087,WSI,disgust,fear,yes
FAKE_T2_1087_WSI_FEA_XX__AUDIO_1087_WSI_HAP_XX_wav2lip,data\synthetic\track2_fakes\videos\FAKE_T2_1087_WSI_FEA_XX__AUDIO_1087_WSI_HAP_XX_wav2lip.mp4,1,done,wav2lip,1087,WSI,fear,happy,yes
FAKE_T2_1087_WSI_HAP_XX__AUDIO_1087_WSI_NEU_XX_wav2lip,data\synthetic\track2_fakes\videos\FAKE_T2_1087_WSI_HAP_XX__AUDIO_1087_WSI_NEU_XX_wav2lip.mp4,1,done,wav2lip,1087,WSI,happy,neutral,yes
FAKE_T2_1087_WSI_SAD_XX__AUDIO_1087_WSI_ANG_XX_wav2lip,data\synthetic\track2_fakes\videos\FAKE_T2_1087_WSI_SAD_XX__AUDIO_1087_WSI_ANG_XX_wav2lip.mp4,1,done,wav2lip,1087,WSI,sad,angry,yes
FAKE_T2_1088_DFA_ANG_XX__AUDIO_1088_DFA_DIS_XX_wav2lip,data\synthetic\track2_fakes\videos\FAKE_T2_1088_DFA_ANG_XX__AUDIO_1088_DFA_DIS_XX_wav2lip.mp4,1,done,wav2lip,1088,DFA,angry,disgust,yes
FAKE_T2_1088_DFA_FEA_XX__AUDIO_1088_DFA_HAP_XX_wav2lip,data\synthetic\track2_fakes\videos\FAKE_T2_1088_DFA_FEA_XX__AUDIO_1088_DFA_HAP_XX_wav2lip.mp4,1,done,wav2lip,1088,DFA,fear,happy,yes
FAKE_T2_1088_DFA_NEU_XX__AUDIO_1088_DFA_SAD_XX_wav2lip,data\synthetic\track2_fakes\videos\FAKE_T2_1088_DFA_NEU_XX__AUDIO_1088_DFA_SAD_XX_wav2lip.mp4,1,done,wav2lip,1088,DFA,neutral,sad,yes
FAKE_T2_1088_IEO_DIS_LO__AUDIO_1088_IEO_FEA_LO_wav2lip,data\synthetic\track2_fakes\videos\FAKE_T2_1088_IEO_DIS_LO__AUDIO_1088_IEO_FEA_LO_wav2lip.mp4,1,done,wav2lip,1088,IEO,disgust,fear,yes
FAKE_T2_1088_IEO_FEA_LO__AUDIO_1088_IEO_HAP_LO_wav2lip,data\synthetic\track2_fakes\videos\FAKE_T2_1088_IEO_FEA_LO__AUDIO_1088_IEO_HAP_LO_wav2lip.mp4,1,done,wav2lip,1088,IEO,fear,happy,yes
FAKE_T2_1088_IEO_HAP_LO__AUDIO_1088_IEO_NEU_XX_wav2lip,data\synthetic\track2_fakes\videos\FAKE_T2_1088_IEO_HAP_LO__AUDIO_1088_IEO_NEU_XX_wav2lip.mp4,1,done,wav2lip,1088,IEO,happy,neutral,yes
FAKE_T2_1088_IEO_SAD_MD__AUDIO_1088_IEO_ANG_MD_wav2lip,data\synthetic\track2_fakes\videos\FAKE_T2_1088_IEO_SAD_MD__AUDIO_1088_IEO_ANG_MD_wav2lip.mp4,1,done,wav2lip,1088,IEO,sad,angry,yes
FAKE_T2_1088_IOM_DIS_XX__AUDIO_1088_IOM_FEA_XX_wav2lip,data\synthetic\track2_fakes\videos\FAKE_T2_1088_IOM_DIS_XX__AUDIO_1088_IOM_FEA_XX_wav2lip.mp4,1,done,wav2lip,1088,IOM,disgust,fear,yes
FAKE_T2_1088_IOM_HAP_XX__AUDIO_1088_IOM_NEU_XX_wav2lip,data\synthetic\track2_fakes\videos\FAKE_T2_1088_IOM_HAP_XX__AUDIO_1088_IOM_NEU_XX_wav2lip.mp4,1,done,wav2lip,1088,IOM,happy,neutral,yes
FAKE_T2_1088_ITH_SAD_XX__AUDIO_1088_ITH_ANG_XX_wav2lip,data\synthetic\track2_fakes\videos\FAKE_T2_1088_ITH_SAD_XX__AUDIO_1088_ITH_ANG_XX_wav2lip.mp4,1,done,wav2lip,1088,ITH,sad,angry,yes
FAKE_T2_1088_ITS_DIS_XX__AUDIO_1088_ITS_FEA_XX_wav2lip,data\synthetic\track2_fakes\videos\FAKE_T2_1088_ITS_DIS_XX__AUDIO_1088_ITS_FEA_XX_wav2lip.mp4,1,done,wav2lip,1088,ITS,disgust,fear,yes
FAKE_T2_1088_ITS_HAP_XX__AUDIO_1088_ITS_NEU_XX_wav2lip,data\synthetic\track2_fakes\videos\FAKE_T2_1088_ITS_HAP_XX__AUDIO_1088_ITS_NEU_XX_wav2lip.mp4,1,done,wav2lip,1088,ITS,happy,neutral,yes
FAKE_T2_1088_ITS_NEU_XX__AUDIO_1088_ITS_SAD_XX_wav2lip,data\synthetic\track2_fakes\videos\FAKE_T2_1088_ITS_NEU_XX__AUDIO_1088_ITS_SAD_XX_wav2lip.mp4,1,done,wav2lip,1088,ITS,neutral,sad,yes
FAKE_T2_1088_ITS_SAD_XX__AUDIO_1088_ITS_ANG_XX_wav2lip,data\synthetic\track2_fakes\videos\FAKE_T2_1088_ITS_SAD_XX__AUDIO_1088_ITS_ANG_XX_wav2lip.mp4,1,done,wav2lip,1088,ITS,sad,angry,yes
FAKE_T2_1088_IWL_FEA_XX__AUDIO_1088_IWL_HAP_XX_wav2lip,data\synthetic\track2_fakes\videos\FAKE_T2_1088_IWL_FEA_XX__AUDIO_1088_IWL_HAP_XX_wav2lip.mp4,1,done,wav2lip,1088,IWL,fear,happy,yes
FAKE_T2_1088_IWL_NEU_XX__AUDIO_1088_IWL_SAD_XX_wav2lip,data\synthetic\track2_fakes\videos\FAKE_T2_1088_IWL_NEU_XX__AUDIO_1088_IWL_SAD_XX_wav2lip.mp4,1,done,wav2lip,1088,IWL,neutral,sad,yes
FAKE_T2_1088_MTI_ANG_XX__AUDIO_1088_MTI_DIS_XX_wav2lip,data\synthetic\track2_fakes\videos\FAKE_T2_1088_MTI_ANG_XX__AUDIO_1088_MTI_DIS_XX_wav2lip.mp4,1,done,wav2lip,1088,MTI,angry,disgust,yes
FAKE_T2_1088_TAI_DIS_XX__AUDIO_1088_TAI_FEA_XX_wav2lip,data\synthetic\track2_fakes\videos\FAKE_T2_1088_TAI_DIS_XX__AUDIO_1088_TAI_FEA_XX_wav2lip.mp4,1,done,wav2lip,1088,TAI,disgust,fear,yes
FAKE_T2_1088_TAI_FEA_XX__AUDIO_1088_TAI_HAP_XX_wav2lip,data\synthetic\track2_fakes\videos\FAKE_T2_1088_TAI_FEA_XX__AUDIO_1088_TAI_HAP_XX_wav2lip.mp4,1,done,wav2lip,1088,TAI,fear,happy,yes
FAKE_T2_1088_TAI_HAP_XX__AUDIO_1088_TAI_NEU_XX_wav2lip,data\synthetic\track2_fakes\videos\FAKE_T2_1088_TAI_HAP_XX__AUDIO_1088_TAI_NEU_XX_wav2lip.mp4,1,done,wav2lip,1088,TAI,happy,neutral,yes
FAKE_T2_1088_TAI_NEU_XX__AUDIO_1088_TAI_SAD_XX_wav2lip,data\synthetic\track2_fakes\videos\FAKE_T2_1088_TAI_NEU_XX__AUDIO_1088_TAI_SAD_XX_wav2lip.mp4,1,done,wav2lip,1088,TAI,neutral,sad,yes
FAKE_T2_1088_TIE_SAD_XX__AUDIO_1088_TIE_ANG_XX_wav2lip,data\synthetic\track2_fakes\videos\FAKE_T2_1088_TIE_SAD_XX__AUDIO_1088_TIE_ANG_XX_wav2lip.mp4,1,done,wav2lip,1088,TIE,sad,angry,yes
FAKE_T2_1088_TSI_NEU_XX__AUDIO_1088_TSI_SAD_XX_wav2lip,data\synthetic\track2_fakes\videos\FAKE_T2_1088_TSI_NEU_XX__AUDIO_1088_TSI_SAD_XX_wav2lip.mp4,1,done,wav2lip,1088,TSI,neutral,sad,yes
FAKE_T2_1088_WSI_ANG_XX__AUDIO_1088_WSI_DIS_XX_wav2lip,data\synthetic\track2_fakes\videos\FAKE_T2_1088_WSI_ANG_XX__AUDIO_1088_WSI_DIS_XX_wav2lip.mp4,1,done,wav2lip,1088,WSI,angry,disgust,yes
FAKE_T2_1088_WSI_NEU_XX__AUDIO_1088_WSI_SAD_XX_wav2lip,data\synthetic\track2_fakes\videos\FAKE_T2_1088_WSI_NEU_XX__AUDIO_1088_WSI_SAD_XX_wav2lip.mp4,1,done,wav2lip,1088,WSI,neutral,sad,yes
FAKE_T2_1089_DFA_DIS_XX__AUDIO_1089_DFA_FEA_XX_wav2lip,data\synthetic\track2_fakes\videos\FAKE_T2_1089_DFA_DIS_XX__AUDIO_1089_DFA_FEA_XX_wav2lip.mp4,1,done,wav2lip,1089,DFA,disgust,fear,yes
FAKE_T2_1089_IEO_HAP_HI__AUDIO_1089_IEO_NEU_XX_wav2lip,data\synthetic\track2_fakes\videos\FAKE_T2_1089_IEO_HAP_HI__AUDIO_1089_IEO_NEU_XX_wav2lip.mp4,1,done,wav2lip,1089,IEO,happy,neutral,yes
FAKE_T2_1089_IEO_HAP_LO__AUDIO_1089_IEO_NEU_XX_wav2lip,data\synthetic\track2_fakes\videos\FAKE_T2_1089_IEO_HAP_LO__AUDIO_1089_IEO_NEU_XX_wav2lip.mp4,1,done,wav2lip,1089,IEO,happy,neutral,yes
FAKE_T2_1089_IOM_ANG_XX__AUDIO_1089_IOM_DIS_XX_wav2lip,data\synthetic\track2_fakes\videos\FAKE_T2_1089_IOM_ANG_XX__AUDIO_1089_IOM_DIS_XX_wav2lip.mp4,1,done,wav2lip,1089,IOM,angry,disgust,yes
FAKE_T2_1089_IOM_HAP_XX__AUDIO_1089_IOM_NEU_XX_wav2lip,data\synthetic\track2_fakes\videos\FAKE_T2_1089_IOM_HAP_XX__AUDIO_1089_IOM_NEU_XX_wav2lip.mp4,1,done,wav2lip,1089,IOM,happy,neutral,yes
FAKE_T2_1089_ITH_ANG_XX__AUDIO_1089_ITH_DIS_XX_wav2lip,data\synthetic\track2_fakes\videos\FAKE_T2_1089_ITH_ANG_XX__AUDIO_1089_ITH_DIS_XX_wav2lip.mp4,1,done,wav2lip,1089,ITH,angry,disgust,yes
FAKE_T2_1089_ITH_SAD_XX__AUDIO_1089_ITH_ANG_XX_wav2lip,data\synthetic\track2_fakes\videos\FAKE_T2_1089_ITH_SAD_XX__AUDIO_1089_ITH_ANG_XX_wav2lip.mp4,1,done,wav2lip,1089,ITH,sad,angry,yes
FAKE_T2_1089_ITS_FEA_XX__AUDIO_1089_ITS_HAP_XX_wav2lip,data\synthetic\track2_fakes\videos\FAKE_T2_1089_ITS_FEA_XX__AUDIO_1089_ITS_HAP_XX_wav2lip.mp4,1,done,wav2lip,1089,ITS,fear,happy,yes
FAKE_T2_1089_ITS_NEU_XX__AUDIO_1089_ITS_SAD_XX_wav2lip,data\synthetic\track2_fakes\videos\FAKE_T2_1089_ITS_NEU_XX__AUDIO_1089_ITS_SAD_XX_wav2lip.mp4,1,done,wav2lip,1089,ITS,neutral,sad,yes
FAKE_T2_1089_IWL_ANG_XX__AUDIO_1089_IWL_DIS_XX_wav2lip,data\synthetic\track2_fakes\videos\FAKE_T2_1089_IWL_ANG_XX__AUDIO_1089_IWL_DIS_XX_wav2lip.mp4,1,done,wav2lip,1089,IWL,angry,disgust,yes
FAKE_T2_1089_IWL_FEA_XX__AUDIO_1089_IWL_HAP_XX_wav2lip,data\synthetic\track2_fakes\videos\FAKE_T2_1089_IWL_FEA_XX__AUDIO_1089_IWL_HAP_XX_wav2lip.mp4,1,done,wav2lip,1089,IWL,fear,happy,yes
FAKE_T2_1089_IWL_HAP_XX__AUDIO_1089_IWL_NEU_XX_wav2lip,data\synthetic\track2_fakes\videos\FAKE_T2_1089_IWL_HAP_XX__AUDIO_1089_IWL_NEU_XX_wav2lip.mp4,1,done,wav2lip,1089,IWL,happy,neutral,yes
FAKE_T2_1089_IWL_NEU_XX__AUDIO_1089_IWL_SAD_XX_wav2lip,data\synthetic\track2_fakes\videos\FAKE_T2_1089_IWL_NEU_XX__AUDIO_1089_IWL_SAD_XX_wav2lip.mp4,1,done,wav2lip,1089,IWL,neutral,sad,yes
FAKE_T2_1089_IWL_SAD_XX__AUDIO_1089_IWL_ANG_XX_wav2lip,data\synthetic\track2_fakes\videos\FAKE_T2_1089_IWL_SAD_XX__AUDIO_1089_IWL_ANG_XX_wav2lip.mp4,1,done,wav2lip,1089,IWL,sad,angry,yes
FAKE_T2_1089_IWW_DIS_XX__AUDIO_1089_IWW_FEA_XX_wav2lip,data\synthetic\track2_fakes\videos\FAKE_T2_1089_IWW_DIS_XX__AUDIO_1089_IWW_FEA_XX_wav2lip.mp4,1,done,wav2lip,1089,IWW,disgust,fear,yes
FAKE_T2_1089_IWW_FEA_XX__AUDIO_1089_IWW_HAP_XX_wav2lip,data\synthetic\track2_fakes\videos\FAKE_T2_1089_IWW_FEA_XX__AUDIO_1089_IWW_HAP_XX_wav2lip.mp4,1,done,wav2lip,1089,IWW,fear,happy,yes
FAKE_T2_1089_IWW_HAP_XX__AUDIO_1089_IWW_NEU_XX_wav2lip,data\synthetic\track2_fakes\videos\FAKE_T2_1089_IWW_HAP_XX__AUDIO_1089_IWW_NEU_XX_wav2lip.mp4,1,done,wav2lip,1089,IWW,happy,neutral,yes
FAKE_T2_1089_TAI_DIS_XX__AUDIO_1089_TAI_FEA_XX_wav2lip,data\synthetic\track2_fakes\videos\FAKE_T2_1089_TAI_DIS_XX__AUDIO_1089_TAI_FEA_XX_wav2lip.mp4,1,done,wav2lip,1089,TAI,disgust,fear,yes
FAKE_T2_1089_TSI_FEA_XX__AUDIO_1089_TSI_HAP_XX_wav2lip,data\synthetic\track2_fakes\videos\FAKE_T2_1089_TSI_FEA_XX__AUDIO_1089_TSI_HAP_XX_wav2lip.mp4,1,done,wav2lip,1089,TSI,fear,happy,yes
FAKE_T2_1089_TSI_NEU_XX__AUDIO_1089_TSI_SAD_XX_wav2lip,data\synthetic\track2_fakes\videos\FAKE_T2_1089_TSI_NEU_XX__AUDIO_1089_TSI_SAD_XX_wav2lip.mp4,1,done,wav2lip,1089,TSI,neutral,sad,yes
FAKE_T2_1089_WSI_ANG_XX__AUDIO_1089_WSI_DIS_XX_wav2lip,data\synthetic\track2_fakes\videos\FAKE_T2_1089_WSI_ANG_XX__AUDIO_1089_WSI_DIS_XX_wav2lip.mp4,1,done,wav2lip,1089,WSI,angry,disgust,yes
FAKE_T2_1089_WSI_DIS_XX__AUDIO_1089_WSI_FEA_XX_wav2lip,data\synthetic\track2_fakes\videos\FAKE_T2_1089_WSI_DIS_XX__AUDIO_1089_WSI_FEA_XX_wav2lip.mp4,1,done,wav2lip,1089,WSI,disgust,fear,yes
FAKE_T2_1089_WSI_FEA_XX__AUDIO_1089_WSI_HAP_XX_wav2lip,data\synthetic\track2_fakes\videos\FAKE_T2_1089_WSI_FEA_XX__AUDIO_1089_WSI_HAP_XX_wav2lip.mp4,1,done,wav2lip,1089,WSI,fear,happy,yes
FAKE_T2_1089_WSI_HAP_XX__AUDIO_1089_WSI_NEU_XX_wav2lip,data\synthetic\track2_fakes\videos\FAKE_T2_1089_WSI_HAP_XX__AUDIO_1089_WSI_NEU_XX_wav2lip.mp4,1,done,wav2lip,1089,WSI,happy,neutral,yes
FAKE_T2_1089_WSI_NEU_XX__AUDIO_1089_WSI_SAD_XX_wav2lip,data\synthetic\track2_fakes\videos\FAKE_T2_1089_WSI_NEU_XX__AUDIO_1089_WSI_SAD_XX_wav2lip.mp4,1,done,wav2lip,1089,WSI,neutral,sad,yes
FAKE_T2_1090_DFA_ANG_XX__AUDIO_1090_DFA_DIS_XX_wav2lip,data\synthetic\track2_fakes\videos\FAKE_T2_1090_DFA_ANG_XX__AUDIO_1090_DFA_DIS_XX_wav2lip.mp4,1,done,wav2lip,1090,DFA,angry,disgust,yes
FAKE_T2_1090_IEO_ANG_MD__AUDIO_1090_IEO_DIS_MD_wav2lip,data\synthetic\track2_fakes\videos\FAKE_T2_1090_IEO_ANG_MD__AUDIO_1090_IEO_DIS_MD_wav2lip.mp4,1,done,wav2lip,1090,IEO,angry,disgust,yes
FAKE_T2_1090_IEO_FEA_HI__AUDIO_1090_IEO_HAP_HI_wav2lip,data\synthetic\track2_fakes\videos\FAKE_T2_1090_IEO_FEA_HI__AUDIO_1090_IEO_HAP_HI_wav2lip.mp4,1,done,wav2lip,1090,IEO,fear,happy,yes
FAKE_T2_1090_IEO_FEA_LO__AUDIO_1090_IEO_HAP_LO_wav2lip,data\synthetic\track2_fakes\videos\FAKE_T2_1090_IEO_FEA_LO__AUDIO_1090_IEO_HAP_LO_wav2lip.mp4,1,done,wav2lip,1090,IEO,fear,happy,yes
FAKE_T2_1090_IEO_SAD_HI__AUDIO_1090_IEO_ANG_HI_wav2lip,data\synthetic\track2_fakes\videos\FAKE_T2_1090_IEO_SAD_HI__AUDIO_1090_IEO_ANG_HI_wav2lip.mp4,1,done,wav2lip,1090,IEO,sad,angry,yes
FAKE_T2_1090_IOM_ANG_XX__AUDIO_1090_IOM_DIS_XX_wav2lip,data\synthetic\track2_fakes\videos\FAKE_T2_1090_IOM_ANG_XX__AUDIO_1090_IOM_DIS_XX_wav2lip.mp4,1,done,wav2lip,1090,IOM,angry,disgust,yes
FAKE_T2_1090_IOM_HAP_XX__AUDIO_1090_IOM_NEU_XX_wav2lip,data\synthetic\track2_fakes\videos\FAKE_T2_1090_IOM_HAP_XX__AUDIO_1090_IOM_NEU_XX_wav2lip.mp4,1,done,wav2lip,1090,IOM,happy,neutral,yes
FAKE_T2_1090_IOM_SAD_XX__AUDIO_1090_IOM_ANG_XX_wav2lip,data\synthetic\track2_fakes\videos\FAKE_T2_1090_IOM_SAD_XX__AUDIO_1090_IOM_ANG_XX_wav2lip.mp4,1,done,wav2lip,1090,IOM,sad,angry,yes
FAKE_T2_1090_ITH_NEU_XX__AUDIO_1090_ITH_SAD_XX_wav2lip,data\synthetic\track2_fakes\videos\FAKE_T2_1090_ITH_NEU_XX__AUDIO_1090_ITH_SAD_XX_wav2lip.mp4,1,done,wav2lip,1090,ITH,neutral,sad,yes
FAKE_T2_1090_ITS_HAP_XX__AUDIO_1090_ITS_NEU_XX_wav2lip,data\synthetic\track2_fakes\videos\FAKE_T2_1090_ITS_HAP_XX__AUDIO_1090_ITS_NEU_XX_wav2lip.mp4,1,done,wav2lip,1090,ITS,happy,neutral,yes
FAKE_T2_1090_ITS_SAD_XX__AUDIO_1090_ITS_ANG_XX_wav2lip,data\synthetic\track2_fakes\videos\FAKE_T2_1090_ITS_SAD_XX__AUDIO_1090_ITS_ANG_XX_wav2lip.mp4,1,done,wav2lip,1090,ITS,sad,angry,yes
FAKE_T2_1090_IWW_DIS_XX__AUDIO_1090_IWW_FEA_XX_wav2lip,data\synthetic\track2_fakes\videos\FAKE_T2_1090_IWW_DIS_XX__AUDIO_1090_IWW_FEA_XX_wav2lip.mp4,1,done,wav2lip,1090,IWW,disgust,fear,yes
FAKE_T2_1090_IWW_HAP_XX__AUDIO_1090_IWW_NEU_XX_wav2lip,data\synthetic\track2_fakes\videos\FAKE_T2_1090_IWW_HAP_XX__AUDIO_1090_IWW_NEU_XX_wav2lip.mp4,1,done,wav2lip,1090,IWW,happy,neutral,yes
FAKE_T2_1090_IWW_NEU_XX__AUDIO_1090_IWW_SAD_XX_wav2lip,data\synthetic\track2_fakes\videos\FAKE_T2_1090_IWW_NEU_XX__AUDIO_1090_IWW_SAD_XX_wav2lip.mp4,1,done,wav2lip,1090,IWW,neutral,sad,yes
FAKE_T2_1090_MTI_DIS_XX__AUDIO_1090_MTI_FEA_XX_wav2lip,data\synthetic\track2_fakes\videos\FAKE_T2_1090_MTI_DIS_XX__AUDIO_1090_MTI_FEA_XX_wav2lip.mp4,1,done,wav2lip,1090,MTI,disgust,fear,yes
FAKE_T2_1090_MTI_NEU_XX__AUDIO_1090_MTI_SAD_XX_wav2lip,data\synthetic\track2_fakes\videos\FAKE_T2_1090_MTI_NEU_XX__AUDIO_1090_MTI_SAD_XX_wav2lip.mp4,1,done,wav2lip,1090,MTI,neutral,sad,yes
FAKE_T2_1090_TAI_FEA_XX__AUDIO_1090_TAI_HAP_XX_wav2lip,data\synthetic\track2_fakes\videos\FAKE_T2_1090_TAI_FEA_XX__AUDIO_1090_TAI_HAP_XX_wav2lip.mp4,1,done,wav2lip,1090,TAI,fear,happy,yes
FAKE_T2_1090_TAI_HAP_XX__AUDIO_1090_TAI_NEU_XX_wav2lip,data\synthetic\track2_fakes\videos\FAKE_T2_1090_TAI_HAP_XX__AUDIO_1090_TAI_NEU_XX_wav2lip.mp4,1,done,wav2lip,1090,TAI,happy,neutral,yes
FAKE_T2_1090_TIE_FEA_XX__AUDIO_1090_TIE_HAP_XX_wav2lip,data\synthetic\track2_fakes\videos\FAKE_T2_1090_TIE_FEA_XX__AUDIO_1090_TIE_HAP_XX_wav2lip.mp4,1,done,wav2lip,1090,TIE,fear,happy,yes
FAKE_T2_1090_TIE_NEU_XX__AUDIO_1090_TIE_SAD_XX_wav2lip,data\synthetic\track2_fakes\videos\FAKE_T2_1090_TIE_NEU_XX__AUDIO_1090_TIE_SAD_XX_wav2lip.mp4,1,done,wav2lip,1090,TIE,neutral,sad,yes
FAKE_T2_1090_TSI_FEA_XX__AUDIO_1090_TSI_HAP_XX_wav2lip,data\synthetic\track2_fakes\videos\FAKE_T2_1090_TSI_FEA_XX__AUDIO_1090_TSI_HAP_XX_wav2lip.mp4,1,done,wav2lip,1090,TSI,fear,happy,yes
FAKE_T2_1090_TSI_SAD_XX__AUDIO_1090_TSI_ANG_XX_wav2lip,data\synthetic\track2_fakes\videos\FAKE_T2_1090_TSI_SAD_XX__AUDIO_1090_TSI_ANG_XX_wav2lip.mp4,1,done,wav2lip,1090,TSI,sad,angry,yes
FAKE_T2_1090_WSI_ANG_XX__AUDIO_1090_WSI_DIS_XX_wav2lip,data\synthetic\track2_fakes\videos\FAKE_T2_1090_WSI_ANG_XX__AUDIO_1090_WSI_DIS_XX_wav2lip.mp4,1,done,wav2lip,1090,WSI,angry,disgust,yes
FAKE_T2_1090_WSI_FEA_XX__AUDIO_1090_WSI_HAP_XX_wav2lip,data\synthetic\track2_fakes\videos\FAKE_T2_1090_WSI_FEA_XX__AUDIO_1090_WSI_HAP_XX_wav2lip.mp4,1,done,wav2lip,1090,WSI,fear,happy,yes
FAKE_T2_1090_WSI_HAP_XX__AUDIO_1090_WSI_NEU_XX_wav2lip,data\synthetic\track2_fakes\videos\FAKE_T2_1090_WSI_HAP_XX__AUDIO_1090_WSI_NEU_XX_wav2lip.mp4,1,done,wav2lip,1090,WSI,happy,neutral,yes
FAKE_T2_1091_IEO_ANG_HI__AUDIO_1091_IEO_DIS_HI_wav2lip,data\synthetic\track2_fakes\videos\FAKE_T2_1091_IEO_ANG_HI__AUDIO_1091_IEO_DIS_HI_wav2lip.mp4,1,done,wav2lip,1091,IEO,angry,disgust,yes
FAKE_T2_1091_IEO_ANG_MD__AUDIO_1091_IEO_DIS_MD_wav2lip,data\synthetic\track2_fakes\videos\FAKE_T2_1091_IEO_ANG_MD__AUDIO_1091_IEO_DIS_MD_wav2lip.mp4,1,done,wav2lip,1091,IEO,angry,disgust,yes
FAKE_T2_1091_IEO_DIS_MD__AUDIO_1091_IEO_FEA_MD_wav2lip,data\synthetic\track2_fakes\videos\FAKE_T2_1091_IEO_DIS_MD__AUDIO_1091_IEO_FEA_MD_wav2lip.mp4,1,done,wav2lip,1091,IEO,disgust,fear,yes
FAKE_T2_1091_IEO_FEA_HI__AUDIO_1091_IEO_HAP_HI_wav2lip,data\synthetic\track2_fakes\videos\FAKE_T2_1091_IEO_FEA_HI__AUDIO_1091_IEO_HAP_HI_wav2lip.mp4,1,done,wav2lip,1091,IEO,fear,happy,yes
FAKE_T2_1091_IEO_HAP_MD__AUDIO_1091_IEO_NEU_XX_wav2lip,data\synthetic\track2_fakes\videos\FAKE_T2_1091_IEO_HAP_MD__AUDIO_1091_IEO_NEU_XX_wav2lip.mp4,1,done,wav2lip,1091,IEO,happy,neutral,yes
FAKE_T2_1091_IOM_DIS_XX__AUDIO_1091_IOM_FEA_XX_wav2lip,data\synthetic\track2_fakes\videos\FAKE_T2_1091_IOM_DIS_XX__AUDIO_1091_IOM_FEA_XX_wav2lip.mp4,1,done,wav2lip,1091,IOM,disgust,fear,yes
FAKE_T2_1091_IOM_HAP_XX__AUDIO_1091_IOM_NEU_XX_wav2lip,data\synthetic\track2_fakes\videos\FAKE_T2_1091_IOM_HAP_XX__AUDIO_1091_IOM_NEU_XX_wav2lip.mp4,1,done,wav2lip,1091,IOM,happy,neutral,yes
FAKE_T2_1091_IOM_NEU_XX__AUDIO_1091_IOM_SAD_XX_wav2lip,data\synthetic\track2_fakes\videos\FAKE_T2_1091_IOM_NEU_XX__AUDIO_1091_IOM_SAD_XX_wav2lip.mp4,1,done,wav2lip,1091,IOM,neutral,sad,yes
FAKE_T2_1091_ITS_DIS_XX__AUDIO_1091_ITS_FEA_XX_wav2lip,data\synthetic\track2_fakes\videos\FAKE_T2_1091_ITS_DIS_XX__AUDIO_1091_ITS_FEA_XX_wav2lip.mp4,1,done,wav2lip,1091,ITS,disgust,fear,yes
FAKE_T2_1091_ITS_NEU_XX__AUDIO_1091_ITS_SAD_XX_wav2lip,data\synthetic\track2_fakes\videos\FAKE_T2_1091_ITS_NEU_XX__AUDIO_1091_ITS_SAD_XX_wav2lip.mp4,1,done,wav2lip,1091,ITS,neutral,sad,yes
FAKE_T2_1091_IWL_DIS_XX__AUDIO_1091_IWL_FEA_XX_wav2lip,data\synthetic\track2_fakes\videos\FAKE_T2_1091_IWL_DIS_XX__AUDIO_1091_IWL_FEA_XX_wav2lip.mp4,1,done,wav2lip,1091,IWL,disgust,fear,yes
FAKE_T2_1091_IWL_HAP_XX__AUDIO_1091_IWL_NEU_XX_wav2lip,data\synthetic\track2_fakes\videos\FAKE_T2_1091_IWL_HAP_XX__AUDIO_1091_IWL_NEU_XX_wav2lip.mp4,1,done,wav2lip,1091,IWL,happy,neutral,yes
FAKE_T2_1091_IWL_NEU_XX__AUDIO_1091_IWL_SAD_XX_wav2lip,data\synthetic\track2_fakes\videos\FAKE_T2_1091_IWL_NEU_XX__AUDIO_1091_IWL_SAD_XX_wav2lip.mp4,1,done,wav2lip,1091,IWL,neutral,sad,yes
FAKE_T2_1091_IWW_FEA_XX__AUDIO_1091_IWW_HAP_XX_wav2lip,data\synthetic\track2_fakes\videos\FAKE_T2_1091_IWW_FEA_XX__AUDIO_1091_IWW_HAP_XX_wav2lip.mp4,1,done,wav2lip,1091,IWW,fear,happy,yes
FAKE_T2_1091_IWW_NEU_XX__AUDIO_1091_IWW_SAD_XX_wav2lip,data\synthetic\track2_fakes\videos\FAKE_T2_1091_IWW_NEU_XX__AUDIO_1091_IWW_SAD_XX_wav2lip.mp4,1,done,wav2lip,1091,IWW,neutral,sad,yes
FAKE_T2_1091_MTI_SAD_XX__AUDIO_1091_MTI_ANG_XX_wav2lip,data\synthetic\track2_fakes\videos\FAKE_T2_1091_MTI_SAD_XX__AUDIO_1091_MTI_ANG_XX_wav2lip.mp4,1,done,wav2lip,1091,MTI,sad,angry,yes
FAKE_T2_1091_TAI_SAD_XX__AUDIO_1091_TAI_ANG_XX_wav2lip,data\synthetic\track2_fakes\videos\FAKE_T2_1091_TAI_SAD_XX__AUDIO_1091_TAI_ANG_XX_wav2lip.mp4,1,done,wav2lip,1091,TAI,sad,angry,yes
FAKE_T2_1091_TIE_HAP_XX__AUDIO_1091_TIE_NEU_XX_wav2lip,data\synthetic\track2_fakes\videos\FAKE_T2_1091_TIE_HAP_XX__AUDIO_1091_TIE_NEU_XX_wav2lip.mp4,1,done,wav2lip,1091,TIE,happy,neutral,yes
FAKE_T2_1091_TIE_SAD_XX__AUDIO_1091_TIE_ANG_XX_wav2lip,data\synthetic\track2_fakes\videos\FAKE_T2_1091_TIE_SAD_XX__AUDIO_1091_TIE_ANG_XX_wav2lip.mp4,1,done,wav2lip,1091,TIE,sad,angry,yes
FAKE_T2_1091_TSI_ANG_XX__AUDIO_1091_TSI_DIS_XX_wav2lip,data\synthetic\track2_fakes\videos\FAKE_T2_1091_TSI_ANG_XX__AUDIO_1091_TSI_DIS_XX_wav2lip.mp4,1,done,wav2lip,1091,TSI,angry,disgust,yes
FAKE_T2_1091_TSI_DIS_XX__AUDIO_1091_TSI_FEA_XX_wav2lip,data\synthetic\track2_fakes\videos\FAKE_T2_1091_TSI_DIS_XX__AUDIO_1091_TSI_FEA_XX_wav2lip.mp4,1,done,wav2lip,1091,TSI,disgust,fear,yes
FAKE_T2_1091_TSI_FEA_XX__AUDIO_1091_TSI_HAP_XX_wav2lip,data\synthetic\track2_fakes\videos\FAKE_T2_1091_TSI_FEA_XX__AUDIO_1091_TSI_HAP_XX_wav2lip.mp4,1,done,wav2lip,1091,TSI,fear,happy,yes
FAKE_T2_1091_TSI_SAD_XX__AUDIO_1091_TSI_ANG_XX_wav2lip,data\synthetic\track2_fakes\videos\FAKE_T2_1091_TSI_SAD_XX__AUDIO_1091_TSI_ANG_XX_wav2lip.mp4,1,done,wav2lip,1091,TSI,sad,angry,yes
FAKE_T2_1091_WSI_HAP_XX__AUDIO_1091_WSI_NEU_XX_wav2lip,data\synthetic\track2_fakes\videos\FAKE_T2_1091_WSI_HAP_XX__AUDIO_1091_WSI_NEU_XX_wav2lip.mp4,1,done,wav2lip,1091,WSI,happy,neutral,yes
FAKE_T2_1091_WSI_NEU_XX__AUDIO_1091_WSI_SAD_XX_wav2lip,data\synthetic\track2_fakes\videos\FAKE_T2_1091_WSI_NEU_XX__AUDIO_1091_WSI_SAD_XX_wav2lip.mp4,1,done,wav2lip,1091,WSI,neutral,sad,yes
